par_cz,kid_race,par_pctile,shrunk_income_resid_2020,cz_name
100,Black,25,.1819050261780105,Johnson City
100,AIAN,75,-.047025,Johnson City
100,AIAN,25,.098975,Johnson City
100,Pooled,-9,.0155709206902443,Johnson City
100,Black,-9,.155646198630137,Johnson City
100,Pooled,75,-.0590403102086858,Johnson City
100,White,25,.0763739195478724,Johnson City
100,White,75,-.0625574147501983,Johnson City
100,Asian,75,-.1113950769230769,Johnson City
100,Black,50,.1439467210097973,Johnson City
100,Hispanic,25,.0738843191919192,Johnson City
100,Hispanic,50,.0304499015314435,Johnson City
100,Asian,25,-.1045984615384615,Johnson City
100,AIAN,50,.025975,Johnson City
100,Hispanic,75,-.0129845161290323,Johnson City
100,White,50,.0069082523988371,Johnson City
100,Pooled,50,.009332875081973,Johnson City
100,White,-9,.013013191681736,Johnson City
100,Asian,50,-.1079967692307692,Johnson City
100,Asian,-9,-.1079967692307692,Johnson City
100,Pooled,25,.0777060603726319,Johnson City
100,Black,75,.1059884158415841,Johnson City
100,Hispanic,-9,.0318072270833333,Johnson City
100,AIAN,-9,.025975,Johnson City
200,AIAN,50,.1158,Morristown
200,Hispanic,75,-.0645869565217391,Morristown
200,White,25,.0718929328621908,Morristown
200,Pooled,25,.0747692852852853,Morristown
200,AIAN,25,.1697,Morristown
200,Pooled,-9,.0306662061164642,Morristown
200,Asian,-9,.019796,Morristown
200,Black,75,.1831265306122449,Morristown
200,Asian,25,.0274953333333333,Morristown
200,Black,50,.1756072412097369,Morristown
200,White,50,.0103492543098833,Morristown
200,Hispanic,50,.0124926755852843,Morristown
200,Asian,75,.0120966666666667,Morristown
200,Black,-9,.1736704545454545,Morristown
200,White,75,-.0511944242424242,Morristown
200,Pooled,75,-.0437158581879572,Morristown
200,AIAN,-9,.1158,Morristown
200,Pooled,50,.015526713548664,Morristown
200,Asian,50,.019796,Morristown
200,White,-9,.0265594196428571,Morristown
200,Hispanic,25,.0895723076923077,Morristown
200,AIAN,75,.0619,Morristown
200,Hispanic,-9,.0172118367346939,Morristown
200,Black,25,.1680879518072289,Morristown
301,Pooled,25,.0631247877358491,Middlesborough
301,Hispanic,25,.12385,Middlesborough
301,Asian,25,-.07503,Middlesborough
301,Asian,50,-.096635,Middlesborough
301,Hispanic,75,-.054825,Middlesborough
301,Black,-9,.1426255,Middlesborough
301,White,25,.062691875,Middlesborough
301,Hispanic,-9,.0345125,Middlesborough
301,Pooled,75,-.0313535974842767,Middlesborough
301,Black,25,.1622,Middlesborough
301,White,50,.0143640486111111,Middlesborough
301,Black,75,.123051,Middlesborough
301,Pooled,-9,.0373579554030875,Middlesborough
301,Pooled,50,.0158855951257862,Middlesborough
301,Black,50,.1426255,Middlesborough
301,White,-9,.0383021308411215,Middlesborough
301,Asian,75,-.11824,Middlesborough
301,Hispanic,50,.0345125,Middlesborough
301,White,75,-.0339637777777778,Middlesborough
301,Asian,-9,-.096635,Middlesborough
302,Black,-9,.1810333818181818,Knoxville
302,Black,25,.1928380051150895,Knoxville
302,Asian,50,-.1230293666169896,Knoxville
302,AIAN,50,.055434125,Knoxville
302,Asian,75,-.1196032786885246,Knoxville
302,Black,50,.1724212038154064,Knoxville
302,Hispanic,25,.0830614556962025,Knoxville
302,Black,75,.1520044025157233,Knoxville
302,Pooled,-9,.0167257950729256,Knoxville
302,AIAN,-9,.055434125,Knoxville
302,White,75,-.0605065414110429,Knoxville
302,Pooled,25,.0899370557667934,Knoxville
302,Asian,25,-.1264554545454545,Knoxville
302,Hispanic,-9,.0598875172413793,Knoxville
302,White,-9,.005363676811792,Knoxville
302,Hispanic,50,.0576052354238588,Knoxville
302,White,50,.0101568683867186,Knoxville
302,AIAN,75,-.03931675,Knoxville
302,AIAN,25,.150185,Knoxville
302,Pooled,50,.0190625094923193,Knoxville
302,Hispanic,75,.0321490151515152,Knoxville
302,Asian,-9,-.1224746666666667,Knoxville
302,Pooled,75,-.0518120367821547,Knoxville
302,White,25,.0808202781844802,Knoxville
401,Hispanic,25,.0522034061135371,Winston-Salem
401,Hispanic,50,.0403926782633801,Winston-Salem
401,White,25,.071336228956229,Winston-Salem
401,Black,75,.1410107364341086,Winston-Salem
401,Asian,-9,-.1174818421052632,Winston-Salem
401,Black,25,.2100401106500691,Winston-Salem
401,AIAN,75,.0159008,Winston-Salem
401,Pooled,50,.0335246311503763,Winston-Salem
401,Hispanic,-9,.0440371314285714,Winston-Salem
401,Black,50,.1755254235420888,Winston-Salem
401,White,50,.0038970782608107,Winston-Salem
401,Hispanic,75,.0285819504132231,Winston-Salem
401,AIAN,25,.1839296,Winston-Salem
401,Pooled,25,.1105910299704517,Winston-Salem
401,AIAN,-9,.0999152,Winston-Salem
401,White,-9,-.0130901133501259,Winston-Salem
401,Pooled,-9,.0263148609144825,Winston-Salem
401,Black,-9,.1918855963302752,Winston-Salem
401,Pooled,75,-.0435417676696991,Winston-Salem
401,Asian,50,-.1177204341736695,Winston-Salem
401,White,75,-.0635420724346076,Winston-Salem
401,Asian,25,-.1199870588235294,Winston-Salem
401,AIAN,50,.0999152,Winston-Salem
401,Asian,75,-.1154538095238095,Winston-Salem
402,Black,-9,.1967860696517413,Martinsville
402,Hispanic,75,-.07218,Martinsville
402,White,-9,.0043965462598425,Martinsville
402,White,75,-.0607625571725572,Martinsville
402,Black,50,.1677058879392213,Martinsville
402,Hispanic,-9,-.0183383333333333,Martinsville
402,Black,25,.2152271604938272,Martinsville
402,Asian,25,-.05792,Martinsville
402,Black,75,.1201846153846154,Martinsville
402,Hispanic,25,.0355033333333333,Martinsville
402,White,50,.0011081429090485,Martinsville
402,Hispanic,50,-.0183383333333333,Martinsville
402,White,25,.0629788429906542,Martinsville
402,Asian,75,-.10628,Martinsville
402,Asian,50,-.0821,Martinsville
402,Asian,-9,-.0821,Martinsville
402,Pooled,25,.1149640055617352,Martinsville
402,Pooled,50,.0380452832483134,Martinsville
402,Pooled,-9,.0534495667556742,Martinsville
402,Pooled,75,-.0388734390651085,Martinsville
500,AIAN,50,.1085055333333333,Greensboro
500,Pooled,25,.1122168618250819,Greensboro
500,Asian,75,-.10304065,Greensboro
500,White,75,-.0624183371631502,Greensboro
500,Black,25,.2000001955034213,Greensboro
500,AIAN,75,.0598844,Greensboro
500,Pooled,-9,.0374186031634446,Greensboro
500,Pooled,75,-.0402467211176787,Greensboro
500,White,50,.0042508597259338,Greensboro
500,White,-9,-.0074651688566867,Greensboro
500,Asian,-9,-.1121686634615385,Greensboro
500,Asian,50,-.1104571609375,Greensboro
500,Hispanic,75,-.0132724666666667,Greensboro
500,AIAN,25,.1571266666666667,Greensboro
500,Hispanic,25,.0577513417721519,Greensboro
500,Black,-9,.1855837551945599,Greensboro
500,Black,75,.1365054908485857,Greensboro
500,AIAN,-9,.1129256363636364,Greensboro
500,White,25,.0709200566150179,Greensboro
500,Pooled,50,.0359850703537016,Greensboro
500,Asian,25,-.117873671875,Greensboro
500,Hispanic,-9,.038203504587156,Greensboro
500,Black,50,.1682528431760035,Greensboro
500,Hispanic,50,.0222394375527426,Greensboro
601,Asian,25,-.07047,North Wilkesboro
601,Hispanic,25,.0231461176470588,North Wilkesboro
601,Black,75,.1523,North Wilkesboro
601,White,75,-.0711710526315789,North Wilkesboro
601,Hispanic,75,-.0883352941176471,North Wilkesboro
601,Pooled,75,-.0643858219895288,North Wilkesboro
601,Black,50,.17235,North Wilkesboro
601,Hispanic,-9,-.0325945882352941,North Wilkesboro
601,Black,-9,.1813379310344827,North Wilkesboro
601,Asian,-9,-.0330585,North Wilkesboro
601,Black,25,.1924,North Wilkesboro
601,Asian,50,-.0330585,North Wilkesboro
601,White,-9,-.0152008258258258,North Wilkesboro
601,Hispanic,50,-.0325945882352941,North Wilkesboro
601,Pooled,-9,-.0078937861111111,North Wilkesboro
601,Asian,75,.004353,North Wilkesboro
601,Pooled,25,.0294417808535179,North Wilkesboro
601,White,25,.022019375,North Wilkesboro
601,Pooled,50,-.0174720205680055,North Wilkesboro
601,White,50,-.0245758388157895,North Wilkesboro
602,White,75,-.0855049685534591,Galax
602,Pooled,50,-.0054353533128724,Galax
602,Black,50,.1157175,Galax
602,Pooled,25,.0461984137931034,Galax
602,Black,25,.105325,Galax
602,Hispanic,-9,.036014,Galax
602,Hispanic,50,.036014,Galax
602,Hispanic,75,.042333,Galax
602,White,50,-.0209749261371947,Galax
602,Pooled,-9,.0051919708939709,Galax
602,White,-9,-.0056548441247002,Galax
602,White,25,.0435551162790698,Galax
602,Black,75,.12611,Galax
602,Pooled,75,-.0570691204188482,Galax
602,Black,-9,.1157175,Galax
602,Hispanic,25,.029695,Galax
700,Asian,25,-.0010284838709677,Spartanburg
700,AIAN,25,.3105,Spartanburg
700,AIAN,-9,.20357,Spartanburg
700,Black,75,.1781685185185185,Spartanburg
700,Black,50,.2123167178227952,Spartanburg
700,Black,25,.2464649171270718,Spartanburg
700,Hispanic,25,.1382789380530974,Spartanburg
700,White,50,.0768013354239569,Spartanburg
700,Asian,75,-.0008683333333333,Spartanburg
700,White,25,.15309008,Spartanburg
700,Asian,-9,-.0009497213114754,Spartanburg
700,AIAN,50,.20357,Spartanburg
700,Hispanic,-9,.1069436629213483,Spartanburg
700,White,75,.0005125908479139,Spartanburg
700,Hispanic,75,.0524684923076923,Spartanburg
700,White,-9,.0702208735380117,Spartanburg
700,Pooled,50,.100945217201608,Spartanburg
700,Pooled,25,.1834064763979666,Spartanburg
700,Pooled,-9,.1086023341269841,Spartanburg
700,Asian,50,-.0009484086021505,Spartanburg
700,AIAN,75,.09664,Spartanburg
700,Pooled,75,.0184839580052493,Spartanburg
700,Hispanic,50,.0953737151803948,Spartanburg
700,Black,-9,.2339773137697517,Spartanburg
800,AIAN,75,.0480066666666667,Gastonia
800,Pooled,25,.1656313682647433,Gastonia
800,Pooled,75,.0116295923913043,Gastonia
800,Asian,25,-.0910315254237288,Gastonia
800,Black,-9,.2414513249651325,Gastonia
800,Black,75,.1963457142857143,Gastonia
800,Pooled,50,.0886304803280238,Gastonia
800,Hispanic,-9,.091176935483871,Gastonia
800,AIAN,50,.0848783333333333,Gastonia
800,White,-9,.0670129985693848,Gastonia
800,Asian,75,-.054698,Gastonia
800,Hispanic,75,.031948813559322,Gastonia
800,AIAN,-9,.0848783333333333,Gastonia
800,White,75,-.0023285549450549,Gastonia
800,Hispanic,50,.0753205878820232,Gastonia
800,Pooled,-9,.0944833211595526,Gastonia
800,Black,25,.2523954939341421,Gastonia
800,Asian,-9,-.0753102884615385,Gastonia
800,Asian,50,-.0728647627118644,Gastonia
800,AIAN,25,.12175,Gastonia
800,White,50,.0700143493931442,Gastonia
800,Hispanic,25,.1186923622047244,Gastonia
800,Black,50,.2243706041099282,Gastonia
800,White,25,.1423572537313433,Gastonia
900,Hispanic,50,.0440835381725727,Charlotte
900,Asian,-9,-.1048901181102362,Charlotte
900,Black,25,.2233709575142676,Charlotte
900,Hispanic,25,.0822956181533646,Charlotte
900,White,50,.0242176153921997,Charlotte
900,Asian,75,-.1038594751381216,Charlotte
900,AIAN,50,.1233506825396826,Charlotte
900,White,75,-.0398843058951372,Charlotte
900,Black,75,.1579971962616823,Charlotte
900,Hispanic,75,.0058714581917808,Charlotte
900,Black,-9,.2094158603491272,Charlotte
900,Pooled,75,-.020042861240643,Charlotte
900,Asian,25,-.10582285,Charlotte
900,Black,50,.1906840768879749,Charlotte
900,Pooled,50,.0596490553400915,Charlotte
900,Hispanic,-9,.054511934501992,Charlotte
900,AIAN,75,.0974391428571429,Charlotte
900,Pooled,-9,.0546719954451295,Charlotte
900,White,-9,.0044005637058771,Charlotte
900,Pooled,25,.1393409719208259,Charlotte
900,AIAN,25,.1492622222222222,Charlotte
900,AIAN,-9,.126589625,Charlotte
900,White,25,.0883195366795367,Charlotte
900,Asian,50,-.1048411625690608,Charlotte
1001,White,75,-.1213954385964912,Boone
1001,White,50,-.0594630200501253,Boone
1001,Black,-9,.06163525,Boone
1001,Hispanic,25,.0316533333333333,Boone
1001,White,-9,-.0459994508009153,Boone
1001,Black,75,.035205,Boone
1001,Asian,25,-.1767,Boone
1001,Pooled,25,.0035669793103448,Boone
1001,Pooled,75,-.109315241025641,Boone
1001,Pooled,-9,-.0418186556701031,Boone
1001,Asian,75,-.1621,Boone
1001,Pooled,50,-.0528741308576481,Boone
1001,Black,50,.06163525,Boone
1001,Hispanic,-9,.0078645,Boone
1001,Hispanic,75,-.0159243333333333,Boone
1001,Black,25,.0880655,Boone
1001,Asian,-9,-.1694,Boone
1001,Hispanic,50,.0078645,Boone
1001,Asian,50,-.1694,Boone
1001,White,25,.0024693984962406,Boone
1002,Hispanic,75,-.0022643243243243,Morganton
1002,Hispanic,50,.0367686221515633,Morganton
1002,Hispanic,25,.075801568627451,Morganton
1002,Pooled,50,.012494536019103,Morganton
1002,Asian,25,-.0563041176470588,Morganton
1002,White,-9,.0145834889240506,Morganton
1002,Pooled,25,.0712798550724638,Morganton
1002,Black,75,.100347027027027,Morganton
1002,Asian,75,-.0343,Morganton
1002,AIAN,50,.044145,Morganton
1002,White,75,-.0529208303249097,Morganton
1002,AIAN,-9,.044145,Morganton
1002,Black,-9,.1711982191780822,Morganton
1002,AIAN,25,.1521,Morganton
1002,Pooled,-9,.0212654198473282,Morganton
1002,Black,50,.147797825440119,Morganton
1002,AIAN,75,-.06381,Morganton
1002,White,50,.0071675214572634,Morganton
1002,Asian,-9,-.0486873076923077,Morganton
1002,Pooled,75,-.0462907830342577,Morganton
1002,Black,25,.195248623853211,Morganton
1002,Asian,50,-.0453020588235294,Morganton
1002,White,25,.0672558732394366,Morganton
1002,Hispanic,-9,.0429784090909091,Morganton
1100,White,75,-.0508466666666667,Hickory
1100,Black,50,.1763188263590311,Hickory
1100,Asian,25,-.0887609523809524,Hickory
1100,AIAN,50,.0630816666666667,Hickory
1100,White,25,.08061581232493,Hickory
1100,White,50,.0148845728291316,Hickory
1100,AIAN,25,.1503666666666667,Hickory
1100,White,-9,.0092648991354467,Hickory
1100,Asian,75,-.0800825,Hickory
1100,AIAN,-9,.0630816666666667,Hickory
1100,Pooled,25,.0979739517384536,Hickory
1100,Black,75,.141808875739645,Hickory
1100,Hispanic,75,.0275677966101695,Hickory
1100,Hispanic,50,.0412411858867841,Hickory
1100,Hispanic,-9,.0473039150943396,Hickory
1100,Asian,-9,-.0858376842105263,Hickory
1100,Pooled,-9,.0297761177248677,Hickory
1100,Hispanic,25,.0549145751633987,Hickory
1100,Pooled,75,-.0411452131678359,Hickory
1100,Black,-9,.1973283564814815,Hickory
1100,Pooled,50,.0284143692853088,Hickory
1100,AIAN,75,-.0242033333333333,Hickory
1100,Black,25,.2108287769784173,Hickory
1100,Asian,50,-.0844217261904762,Hickory
1201,AIAN,25,-.0137,Franklin
1201,Asian,50,-.20575,Franklin
1201,Asian,25,-.2194,Franklin
1201,Pooled,-9,-.0742262142857143,Franklin
1201,White,75,-.1115859829059829,Franklin
1201,Hispanic,25,.006715,Franklin
1201,AIAN,-9,-.1221,Franklin
1201,Black,25,.009493,Franklin
1201,Pooled,25,-.0388665728643216,Franklin
1201,AIAN,50,-.1221,Franklin
1201,AIAN,75,-.2305,Franklin
1201,Pooled,75,-.1255880291970803,Franklin
1201,Asian,75,-.1921,Franklin
1201,White,-9,-.0673962837837838,Franklin
1201,Black,75,-.02703,Franklin
1201,Black,50,-.0087685,Franklin
1201,Hispanic,50,-.14361,Franklin
1201,Pooled,50,-.0822273010307009,Franklin
1201,Hispanic,75,-.293935,Franklin
1201,White,25,-.0385125139664804,Franklin
1201,Hispanic,-9,-.14361,Franklin
1201,Asian,-9,-.20575,Franklin
1201,Black,-9,-.0087685,Franklin
1201,White,50,-.0750492484362317,Franklin
1202,Pooled,-9,-.0189838706828479,Sylva
1202,Black,50,.04413,Sylva
1202,Pooled,25,.0197081458891688,Sylva
1202,Black,-9,.04413,Sylva
1202,Black,75,.0145,Sylva
1202,Black,25,.07376,Sylva
1202,White,50,-.0538652828317812,Sylva
1202,White,25,.0079520925642857,Sylva
1202,Hispanic,75,-.014081,Sylva
1202,AIAN,-9,.0256385606060606,Sylva
1202,White,-9,-.036646744479452,Sylva
1202,Hispanic,25,.0283855,Sylva
1202,White,75,-.1156826582278481,Sylva
1202,AIAN,25,.0489602150537634,Sylva
1202,AIAN,50,.009492799834574,Sylva
1202,Pooled,75,-.0884894389140271,Sylva
1202,Pooled,50,-.0343906465124292,Sylva
1202,Hispanic,-9,.00715225,Sylva
1202,AIAN,75,-.0299746153846154,Sylva
1202,Hispanic,50,.00715225,Sylva
1203,Pooled,50,-.023369148718266,Asheville
1203,White,25,.0171789518229167,Asheville
1203,AIAN,25,.1201433333333333,Asheville
1203,Asian,50,-.104905,Asheville
1203,Hispanic,-9,-.0072360952380952,Asheville
1203,Asian,25,-.1167537931034483,Asheville
1203,Pooled,25,.0343203868471954,Asheville
1203,AIAN,-9,.1049583333333333,Asheville
1203,Black,50,.1634483712793219,Asheville
1203,Pooled,-9,-.0231772234543942,Asheville
1203,AIAN,75,.0897733333333333,Asheville
1203,Asian,75,-.0930562068965517,Asheville
1203,White,-9,-.0388471873055383,Asheville
1203,Black,25,.1975581460674157,Asheville
1203,Hispanic,50,-.0158781400966184,Asheville
1203,Pooled,75,-.0810586842837274,Asheville
1203,Black,-9,.1810112765957447,Asheville
1203,Asian,-9,-.104905,Asheville
1203,White,50,-.0364765938144058,Asheville
1203,Hispanic,25,.0116192753623188,Asheville
1203,Hispanic,75,-.0433755555555556,Asheville
1203,AIAN,50,.1049583333333333,Asheville
1203,White,75,-.0901321394517283,Asheville
1203,Black,75,.1293385964912281,Asheville
1204,Black,75,-.2043,Andrews
1204,White,75,-.1051757272727273,Andrews
1204,Hispanic,25,.007015,Andrews
1204,AIAN,25,.06059,Andrews
1204,Pooled,75,-.0937480769230769,Andrews
1204,Black,-9,-.0153,Andrews
1204,Hispanic,50,.0137775,Andrews
1204,Black,25,.1737,Andrews
1204,Pooled,50,-.0452804732441472,Andrews
1204,AIAN,50,.024395,Andrews
1204,Hispanic,-9,.0137775,Andrews
1204,Pooled,25,.0031871304347826,Andrews
1204,Hispanic,75,.02054,Andrews
1204,AIAN,-9,.024395,Andrews
1204,White,25,-.0013728571428571,Andrews
1204,AIAN,75,-.0118,Andrews
1204,Pooled,-9,-.03181725,Andrews
1204,White,50,-.0532742922077922,Andrews
1204,Black,50,-.0153,Andrews
1204,White,-9,-.03705509375,Andrews
1301,Hispanic,50,.07979,Bennettsville
1301,White,25,.1310252100840336,Bennettsville
1301,Black,75,.1611655172413793,Bennettsville
1301,Black,25,.2270343283582089,Bennettsville
1301,AIAN,75,.0426072727272727,Bennettsville
1301,Pooled,75,.0236964069264069,Bennettsville
1301,Asian,75,.02579,Bennettsville
1301,Pooled,25,.1864270234113712,Bennettsville
1301,AIAN,-9,.1571658333333333,Bennettsville
1301,Asian,50,.030345,Bennettsville
1301,Hispanic,-9,.07979,Bennettsville
1301,Hispanic,25,.099995,Bennettsville
1301,AIAN,25,.2541,Bennettsville
1301,Asian,-9,.030345,Bennettsville
1301,Asian,25,.0349,Bennettsville
1301,AIAN,50,.1483536363636364,Bennettsville
1301,Pooled,50,.1050617151688891,Bennettsville
1301,White,50,.064818610628609,Bennettsville
1301,White,-9,.0741859712230216,Bennettsville
1301,Pooled,-9,.1410823039806997,Bennettsville
1301,Hispanic,75,.059585,Bennettsville
1301,Black,-9,.2217865384615384,Bennettsville
1301,Black,50,.1940999227997941,Bennettsville
1301,White,75,-.0013879888268156,Bennettsville
1302,White,25,.0867472764949674,Florence
1302,AIAN,25,.22012,Florence
1302,Black,75,.1731705263157895,Florence
1302,Black,-9,.2149613389121338,Florence
1302,AIAN,75,.173594,Florence
1302,Hispanic,25,.1434287878787879,Florence
1302,Pooled,-9,.1071770166778636,Florence
1302,Pooled,50,.0834062134364175,Florence
1302,Asian,50,-.0617510188679245,Florence
1302,Pooled,75,.0072731513064713,Florence
1302,Asian,-9,-.0617510188679245,Florence
1302,White,-9,.0318032343527316,Florence
1302,White,50,.0316396130241365,Florence
1302,White,75,-.0234680504466945,Florence
1302,Hispanic,75,.0863050810810811,Florence
1302,Asian,25,-.0584403773584906,Florence
1302,Hispanic,-9,.1229086213592233,Florence
1302,Asian,75,-.0650616603773585,Florence
1302,Pooled,25,.1595392755663637,Florence
1302,Hispanic,50,.1148669344799345,Florence
1302,AIAN,50,.196857,Florence
1302,Black,50,.1968950018752344,Florence
1302,AIAN,-9,.196857,Florence
1302,Black,25,.2206194774346793,Florence
1400,Asian,25,-.1002581333333333,Fayetteville
1400,Pooled,25,.120281617903706,Fayetteville
1400,AIAN,75,.0532060727272727,Fayetteville
1400,White,-9,-.0074782983629237,Fayetteville
1400,Pooled,75,-.0188432976102123,Fayetteville
1400,AIAN,25,.1372777337110481,Fayetteville
1400,Asian,-9,-.1016766153846154,Fayetteville
1400,AIAN,-9,.1173039049676026,Fayetteville
1400,Pooled,50,.0507191601467469,Fayetteville
1400,Black,75,.1313101874490628,Fayetteville
1400,Asian,75,-.1032411176470588,Fayetteville
1400,Black,-9,.1793502390584774,Fayetteville
1400,Hispanic,75,-.0012173755656109,Fayetteville
1400,White,75,-.0605244821731749,Fayetteville
1400,AIAN,50,.0952419032191604,Fayetteville
1400,Pooled,-9,.0634006520208763,Fayetteville
1400,Black,50,.1623291616418907,Fayetteville
1400,Hispanic,50,.0382047110935991,Fayetteville
1400,Black,25,.1933481358347186,Fayetteville
1400,Hispanic,-9,.0474282495667244,Fayetteville
1400,White,25,.0556094396769308,Fayetteville
1400,Asian,50,-.1017496254901961,Fayetteville
1400,Hispanic,25,.077626797752809,Fayetteville
1400,White,50,-.002457521248122,Fayetteville
1500,AIAN,50,.1276408108108108,Wilmington
1500,Hispanic,75,-.0157719103448276,Wilmington
1500,Black,-9,.2056443069306931,Wilmington
1500,AIAN,75,.0666032432432432,Wilmington
1500,Hispanic,50,.040177093608074,Wilmington
1500,AIAN,-9,.1276408108108108,Wilmington
1500,Pooled,25,.1327534117900404,Wilmington
1500,AIAN,25,.1886783783783784,Wilmington
1500,Asian,75,-.0433711111111111,Wilmington
1500,Black,75,.1574755244755245,Wilmington
1500,Hispanic,-9,.0497683514285714,Wilmington
1500,Pooled,75,-.0238139097408987,Wilmington
1500,Asian,25,-.0901837555555556,Wilmington
1500,White,-9,.0157639037433155,Wilmington
1500,White,75,-.0446940729483283,Wilmington
1500,Pooled,-9,.0621777519219397,Wilmington
1500,Black,25,.2160024060150376,Wilmington
1500,Asian,50,-.0667774333333333,Wilmington
1500,Asian,-9,-.0667774333333333,Wilmington
1500,White,25,.0871205829596413,Wilmington
1500,Hispanic,25,.0961260975609756,Wilmington
1500,White,50,.0212132550056565,Wilmington
1500,Pooled,50,.0544697510245709,Wilmington
1500,Black,50,.1867389652452811,Wilmington
1600,AIAN,25,.1477666666666667,Wilson
1600,Pooled,75,-.0094525610465116,Wilson
1600,Pooled,-9,.0852165433163465,Wilson
1600,Asian,-9,-.0422253333333333,Wilson
1600,AIAN,-9,.1021833333333333,Wilson
1600,White,75,-.05552925,Wilson
1600,Black,50,.1857559005618284,Wilson
1600,Hispanic,50,.0926259298245614,Wilson
1600,AIAN,75,.0566,Wilson
1600,Black,75,.1721978835978836,Wilson
1600,Asian,25,-.04677,Wilson
1600,Pooled,50,.0700408178967573,Wilson
1600,Hispanic,25,.0854663333333333,Wilson
1600,Asian,75,-.0376806666666667,Wilson
1600,Hispanic,75,.0997855263157895,Wilson
1600,Black,-9,.1948920621225194,Wilson
1600,Hispanic,-9,.08971734375,Wilson
1600,White,25,.0598958333333333,Wilson
1600,Pooled,25,.1495341968400263,Wilson
1600,Black,25,.1993139175257732,Wilson
1600,White,50,.0021832916666667,Wilson
1600,AIAN,50,.1021833333333333,Wilson
1600,Asian,50,-.0422253333333333,Wilson
1600,White,-9,-.01224484375,Wilson
1701,AIAN,50,.1156103896103896,Raleigh
1701,Hispanic,25,.043805139275766,Raleigh
1701,Pooled,25,.0951019102087975,Raleigh
1701,Hispanic,75,-.0288628260869565,Raleigh
1701,Pooled,-9,.0015509348956528,Raleigh
1701,Black,75,.128737903930131,Raleigh
1701,Asian,25,-.1447961764705882,Raleigh
1701,Asian,75,-.1389217251184834,Raleigh
1701,White,50,-.0345265361679715,Raleigh
1701,Black,25,.1953866205305651,Raleigh
1701,Pooled,75,-.0662090727479228,Raleigh
1701,AIAN,25,.1773979220779221,Raleigh
1701,Asian,50,-.1418589507945358,Raleigh
1701,Hispanic,-9,.0172286925795053,Raleigh
1701,Black,-9,.1780280125106625,Raleigh
1701,White,75,-.091320766590389,Raleigh
1701,White,25,.022267694254446,Raleigh
1701,Asian,-9,-.1412241037463977,Raleigh
1701,White,-9,-.0578261458249294,Raleigh
1701,AIAN,75,.0538228571428571,Raleigh
1701,Hispanic,50,.0074711565944047,Raleigh
1701,Black,50,.1620622622303481,Raleigh
1701,AIAN,-9,.1156103896103896,Raleigh
1701,Pooled,50,.0144464187304374,Raleigh
1702,AIAN,25,.01751,Henderson
1702,Asian,75,-.1767,Henderson
1702,White,75,-.073128064516129,Henderson
1702,Hispanic,25,.095985,Henderson
1702,Asian,50,-.1462,Henderson
1702,Black,75,.1338857142857143,Henderson
1702,Hispanic,-9,.008405,Henderson
1702,White,25,.0355735877862595,Henderson
1702,Asian,-9,-.1462,Henderson
1702,Pooled,-9,.0822350572831424,Henderson
1702,AIAN,75,.07976,Henderson
1702,Hispanic,75,-.079175,Henderson
1702,Pooled,75,-.0308745142857143,Henderson
1702,Black,50,.1545092931290163,Henderson
1702,Pooled,25,.1276345412844037,Henderson
1702,Asian,25,-.1157,Henderson
1702,White,-9,-.0172852549019608,Henderson
1702,AIAN,50,.048635,Henderson
1702,Black,25,.1751328719723183,Henderson
1702,Black,-9,.1706771604938271,Henderson
1702,Pooled,50,.0483800134993447,Henderson
1702,White,50,-.0187772383649347,Henderson
1702,Hispanic,50,.008405,Henderson
1702,AIAN,-9,.048635,Henderson
1800,Black,75,.1546907142857143,Goldsboro
1800,Pooled,-9,.0781012845360825,Goldsboro
1800,Asian,50,-.0389678869565217,Goldsboro
1800,AIAN,75,.2131256,Goldsboro
1800,Asian,25,-.0536336,Goldsboro
1800,Pooled,50,.0633998772352555,Goldsboro
1800,Hispanic,50,.01317801224646,Goldsboro
1800,White,75,-.0456687067861716,Goldsboro
1800,Hispanic,-9,.0324002290076336,Goldsboro
1800,White,50,.0153909020813668,Goldsboro
1800,AIAN,-9,.1988056,Goldsboro
1800,Pooled,75,-.0127772866632601,Goldsboro
1800,AIAN,25,.1844856,Goldsboro
1800,Asian,75,-.0243021739130435,Goldsboro
1800,Black,-9,.2110777920410783,Goldsboro
1800,White,25,.0764505109489051,Goldsboro
1800,White,-9,.0113924556616644,Goldsboro
1800,Pooled,25,.1395770411337712,Goldsboro
1800,Hispanic,25,.0525234871794872,Goldsboro
1800,AIAN,50,.1988056,Goldsboro
1800,Asian,-9,-.0395789583333333,Goldsboro
1800,Black,25,.2234317683881064,Goldsboro
1800,Black,50,.1890612413369104,Goldsboro
1800,Hispanic,75,-.0261674626865672,Goldsboro
1900,Hispanic,-9,.0617257788732394,Jacksonville
1900,Asian,25,-.0952232608695652,Jacksonville
1900,Asian,50,-.0877535054347826,Jacksonville
1900,Black,50,.1725798075177947,Jacksonville
1900,Pooled,-9,.0511123063042827,Jacksonville
1900,Hispanic,25,.0907006009615385,Jacksonville
1900,White,75,-.0585112565869477,Jacksonville
1900,Black,-9,.1936881376297105,Jacksonville
1900,White,-9,-.0073776692589204,Jacksonville
1900,AIAN,75,.0880964705882353,Jacksonville
1900,Pooled,25,.1192460756174969,Jacksonville
1900,Hispanic,50,.0557139960590005,Jacksonville
1900,AIAN,-9,.1358570588235294,Jacksonville
1900,Asian,75,-.08028375,Jacksonville
1900,Hispanic,75,.0207273911564626,Jacksonville
1900,Black,75,.1362552281616689,Jacksonville
1900,Pooled,50,.044766240706113,Jacksonville
1900,AIAN,25,.1836176470588236,Jacksonville
1900,White,25,.0588409973753281,Jacksonville
1900,Asian,-9,-.0882746511627907,Jacksonville
1900,White,50,.0001648703941902,Jacksonville
1900,Black,25,.2089043868739205,Jacksonville
1900,Pooled,75,-.0297135942052709,Jacksonville
1900,AIAN,50,.1358570588235294,Jacksonville
2000,Black,25,.2370299027552674,Virginia Beach
2000,Pooled,-9,.0712710821619656,Virginia Beach
2000,Black,75,.1768489138888889,Virginia Beach
2000,Black,50,.2069394083220781,Virginia Beach
2000,Hispanic,-9,.072407247873633,Virginia Beach
2000,AIAN,25,.1872380952380952,Virginia Beach
2000,Pooled,25,.144779184972285,Virginia Beach
2000,Hispanic,50,.0650200700543642,Virginia Beach
2000,White,75,-.0375892789078498,Virginia Beach
2000,AIAN,50,.1116912547619048,Virginia Beach
2000,Pooled,50,.0703704938795592,Virginia Beach
2000,White,-9,.0056189037964122,Virginia Beach
2000,Black,-9,.2219820430630318,Virginia Beach
2000,Pooled,75,-.0040381972131665,Virginia Beach
2000,Hispanic,75,.0155920428571429,Virginia Beach
2000,Asian,25,-.0724810887096774,Virginia Beach
2000,AIAN,75,.0361444142857143,Virginia Beach
2000,Asian,75,-.0680848323119777,Virginia Beach
2000,White,50,.0179740332928562,Virginia Beach
2000,AIAN,-9,.1185591493506493,Virginia Beach
2000,Asian,50,-.0702829605108276,Virginia Beach
2000,Asian,-9,-.0698809963756178,Virginia Beach
2000,White,25,.0735373454935622,Virginia Beach
2000,Hispanic,25,.1144480972515856,Virginia Beach
2100,Black,-9,.2044329705882353,Washington
2100,White,25,.0557112703583062,Washington
2100,White,75,-.0749397633136095,Washington
2100,Pooled,-9,.057851689059501,Washington
2100,Hispanic,75,-.076960487804878,Washington
2100,Hispanic,50,.0131592682926829,Washington
2100,Black,25,.2180717770034843,Washington
2100,White,50,-.0096142464776516,Washington
2100,Black,50,.1743246620866478,Washington
2100,Black,75,.1305775471698113,Washington
2100,Pooled,75,-.048548557806913,Washington
2100,Asian,-9,-.0961875,Washington
2100,Hispanic,-9,.0131592682926829,Washington
2100,Pooled,25,.1295543453815261,Washington
2100,Pooled,50,.0405028937873066,Washington
2100,Asian,50,-.0961875,Washington
2100,Hispanic,25,.1032790243902439,Washington
2100,White,-9,-.0127539224806202,Washington
2100,Asian,25,-.14495,Washington
2100,Asian,75,-.047425,Washington
2200,Pooled,50,.0399658025000059,South Boston
2200,Pooled,25,.1191661653272101,South Boston
2200,Black,50,.1646245493190632,South Boston
2200,Black,75,.1257792432432432,South Boston
2200,Pooled,75,-.0392345603271984,South Boston
2200,Hispanic,75,-.07737625,South Boston
2200,White,75,-.0795988779803646,South Boston
2200,Black,-9,.1902108487084871,South Boston
2200,Black,25,.2034698553948832,South Boston
2200,Asian,-9,-.00863,South Boston
2200,Pooled,-9,.0622117867647059,South Boston
2200,Hispanic,50,-.0004475,South Boston
2200,Asian,25,-.021355,South Boston
2200,White,-9,-.0248232113821138,South Boston
2200,Hispanic,-9,-.0004475,South Boston
2200,Asian,50,-.00863,South Boston
2200,White,25,.0263629619921363,South Boston
2200,White,50,-.0266179579941142,South Boston
2200,Asian,75,.004095,South Boston
2200,Hispanic,25,.07648125,South Boston
2300,Black,50,.1319802559300874,Lynchburg
2300,Asian,25,-.0477533333333333,Lynchburg
2300,White,75,-.0999203313508921,Lynchburg
2300,White,50,-.0493310753528654,Lynchburg
2300,Hispanic,75,-.0322718367346939,Lynchburg
2300,Hispanic,50,.0224090816326531,Lynchburg
2300,Pooled,25,.0562733403716216,Lynchburg
2300,Hispanic,25,.07709,Lynchburg
2300,Pooled,-9,-.0161696056670602,Lynchburg
2300,Black,-9,.1500967219917012,Lynchburg
2300,AIAN,-9,.10851,Lynchburg
2300,White,-9,-.0597495594262295,Lynchburg
2300,Asian,75,-.0482261481481482,Lynchburg
2300,Pooled,75,-.0793770103168755,Lynchburg
2300,AIAN,75,-.03203,Lynchburg
2300,Black,75,.0940144444444444,Lynchburg
2300,AIAN,50,.10851,Lynchburg
2300,Hispanic,-9,.0212698958333333,Lynchburg
2300,Black,25,.1699460674157303,Lynchburg
2300,White,25,.0012581806451613,Lynchburg
2300,Asian,50,-.0479897407407407,Lynchburg
2300,AIAN,25,.24905,Lynchburg
2300,Pooled,50,-.0115518349726269,Lynchburg
2300,Asian,-9,-.0479897407407407,Lynchburg
2400,Pooled,25,.1169662592159613,Richmond
2400,Black,-9,.1781958428631936,Richmond
2400,AIAN,50,.0492286105263158,Richmond
2400,Hispanic,75,.0117113238341969,Richmond
2400,Black,75,.1368861745919091,Richmond
2400,Black,25,.1957646091156052,Richmond
2400,AIAN,-9,.0492286105263158,Richmond
2400,White,25,.0354585780929278,Richmond
2400,AIAN,75,.018877747368421,Richmond
2400,Asian,-9,-.1086447491856677,Richmond
2400,Asian,25,-.1098859455782313,Richmond
2400,Hispanic,50,.0477607879675186,Richmond
2400,Hispanic,25,.0838102521008404,Richmond
2400,Asian,75,-.1075044,Richmond
2400,Pooled,75,-.0343544556497347,Richmond
2400,Black,50,.1663253918537572,Richmond
2400,AIAN,25,.0795794736842105,Richmond
2400,Pooled,50,.0413059017831133,Richmond
2400,White,75,-.0719335752793187,Richmond
2400,Pooled,-9,.0320703165856996,Richmond
2400,Hispanic,-9,.0515246531322506,Richmond
2400,Asian,50,-.1086951727891156,Richmond
2400,White,50,-.0182374985931954,Richmond
2400,White,-9,-.0402387548188126,Richmond
2500,Pooled,-9,.0626023150027278,Newport News
2500,Hispanic,-9,.0500549174757281,Newport News
2500,AIAN,50,.1174312195121951,Newport News
2500,Black,50,.1921639028721791,Newport News
2500,Asian,25,-.1011414444444444,Newport News
2500,Pooled,50,.0666045089046797,Newport News
2500,White,50,.0164008324469011,Newport News
2500,Black,25,.228915528073213,Newport News
2500,Black,75,.1554122776711452,Newport News
2500,Hispanic,25,.0909986842105263,Newport News
2500,Pooled,75,-.0134830612075236,Newport News
2500,White,75,-.0476514607645875,Newport News
2500,AIAN,75,.0474014634146341,Newport News
2500,Asian,75,-.0974926530612245,Newport News
2500,Hispanic,50,.0451594671052631,Newport News
2500,Hispanic,75,-.00067975,Newport News
2500,AIAN,-9,.1174312195121951,Newport News
2500,White,25,.0804531256583898,Newport News
2500,Pooled,25,.146692079016883,Newport News
2500,Asian,50,-.0993170487528345,Newport News
2500,White,-9,-.0030130246460409,Newport News
2500,Asian,-9,-.099239414893617,Newport News
2500,AIAN,25,.1874609756097561,Newport News
2500,Black,-9,.2084222029967892,Newport News
2600,Black,75,.1518978723404255,Roanoke Rapids
2600,Asian,25,-.057748,Roanoke Rapids
2600,Hispanic,75,-.0400133333333333,Roanoke Rapids
2600,Hispanic,25,.1292133333333333,Roanoke Rapids
2600,AIAN,75,.1760962962962963,Roanoke Rapids
2600,AIAN,25,.1526758620689655,Roanoke Rapids
2600,White,75,-.0409349647887324,Roanoke Rapids
2600,AIAN,50,.1643860791826309,Roanoke Rapids
2600,White,25,.1137790322580645,Roanoke Rapids
2600,Pooled,50,.0972126220069157,Roanoke Rapids
2600,Black,-9,.2088335887611749,Roanoke Rapids
2600,White,50,.0364220337346661,Roanoke Rapids
2600,Asian,50,-.043479,Roanoke Rapids
2600,Hispanic,50,.0446,Roanoke Rapids
2600,White,-9,.0311873496240602,Roanoke Rapids
2600,Pooled,-9,.1322989381663113,Roanoke Rapids
2600,Hispanic,-9,.0446,Roanoke Rapids
2600,AIAN,-9,.1639678571428571,Roanoke Rapids
2600,Asian,-9,-.043479,Roanoke Rapids
2600,Black,50,.1842495892906772,Roanoke Rapids
2600,Asian,75,-.02921,Roanoke Rapids
2600,Black,25,.2166013062409288,Roanoke Rapids
2600,Pooled,25,.185366991357397,Roanoke Rapids
2600,Pooled,75,.0090582526564345,Roanoke Rapids
2700,Pooled,-9,.0412492715210867,Gulfport
2700,Hispanic,75,.02021625,Gulfport
2700,Black,25,.1655382178217822,Gulfport
2700,Asian,-9,-.1331968794326241,Gulfport
2700,AIAN,25,.1095058823529412,Gulfport
2700,AIAN,75,.0764670588235294,Gulfport
2700,Pooled,25,.0847671705006766,Gulfport
2700,Asian,25,-.1376226086956522,Gulfport
2700,Asian,50,-.1312549778172138,Gulfport
2700,AIAN,-9,.0929864705882353,Gulfport
2700,White,75,-.034104658918194,Gulfport
2700,Hispanic,-9,.0551935265700483,Gulfport
2700,Black,75,.1098310843373494,Gulfport
2700,Black,50,.1376846510795658,Gulfport
2700,Hispanic,50,.0496483485772358,Gulfport
2700,Hispanic,25,.0790804471544715,Gulfport
2700,Pooled,50,.0325077208724931,Gulfport
2700,AIAN,50,.0929864705882353,Gulfport
2700,Black,-9,.1545206830818109,Gulfport
2700,White,25,.0599648919690175,Gulfport
2700,Pooled,75,-.0197517287556904,Gulfport
2700,White,50,.0129301165254118,Gulfport
2700,Asian,75,-.1248873469387755,Gulfport
2700,White,-9,.0150963236673774,Gulfport
2800,Black,50,.1499169232918821,Laurel
2800,Asian,25,-.03683,Laurel
2800,Asian,50,-.043445,Laurel
2800,AIAN,25,.16915,Laurel
2800,Hispanic,75,.03008,Laurel
2800,White,75,-.0662347093023256,Laurel
2800,Pooled,50,.0303432496082544,Laurel
2800,Asian,75,-.05006,Laurel
2800,AIAN,50,.04484475,Laurel
2800,Black,25,.1794961995249406,Laurel
2800,Black,-9,.1731040677966102,Laurel
2800,White,25,.0259639237668161,Laurel
2800,Pooled,25,.1015516161616162,Laurel
2800,AIAN,75,-.0794605,Laurel
2800,AIAN,-9,.04484475,Laurel
2800,Hispanic,-9,.10374,Laurel
2800,Hispanic,50,.10374,Laurel
2800,Black,75,.1203376470588235,Laurel
2800,White,50,-.0201353927677547,Laurel
2800,White,-9,-.0141833291139241,Laurel
2800,Pooled,75,-.0408651169451074,Laurel
2800,Pooled,-9,.0560000045801527,Laurel
2800,Hispanic,25,.1774,Laurel
2800,Asian,-9,-.043445,Laurel
2900,Black,-9,.1829628432956381,Hattiesburg
2900,Hispanic,50,.0754479940711462,Hattiesburg
2900,Asian,50,-.04431,Hattiesburg
2900,Hispanic,-9,.076584,Hattiesburg
2900,Black,50,.1658853849721707,Hattiesburg
2900,Pooled,25,.1112685041322314,Hattiesburg
2900,Hispanic,75,.0243277272727273,Hattiesburg
2900,Pooled,75,-.0362484137362637,Hattiesburg
2900,Black,75,.142855,Hattiesburg
2900,Asian,-9,-.04431,Hattiesburg
2900,White,50,-.0071083127123786,Hattiesburg
2900,Pooled,-9,.0558545122807017,Hattiesburg
2900,White,-9,-.0061568165341812,Hattiesburg
2900,Black,25,.1889157699443414,Hattiesburg
2900,Asian,25,-.04672,Hattiesburg
2900,Pooled,50,.0375100451979838,Hattiesburg
2900,White,25,.04729996875,Hattiesburg
2900,Hispanic,25,.1265682608695652,Hattiesburg
2900,White,75,-.0615165941747573,Hattiesburg
2900,Asian,75,-.0419,Hattiesburg
3001,Pooled,50,.0962418527799537,Kosciusko
3001,Hispanic,25,.08661615,Kosciusko
3001,Black,75,.1406,Kosciusko
3001,Hispanic,75,.4510999999999999,Kosciusko
3001,Pooled,25,.1537716385208012,Kosciusko
3001,Black,25,.1947965065502184,Kosciusko
3001,Pooled,-9,.1288976490338164,Kosciusko
3001,White,50,.0079995242093784,Kosciusko
3001,Hispanic,-9,.2688580749999999,Kosciusko
3001,Black,50,.1676982532751092,Kosciusko
3001,Black,-9,.1912571428571428,Kosciusko
3001,Pooled,75,.0387120670391061,Kosciusko
3001,White,25,.0525436285714286,Kosciusko
3001,White,-9,.0144045588235294,Kosciusko
3001,Hispanic,50,.268858075,Kosciusko
3001,White,75,-.0365445801526718,Kosciusko
3002,Black,25,.2060307692307692,Yazoo City
3002,Hispanic,25,.1562,Yazoo City
3002,Hispanic,50,.12599,Yazoo City
3002,White,75,-.0359574358974359,Yazoo City
3002,Pooled,25,.1759199534883721,Yazoo City
3002,Pooled,-9,.1416535064935065,Yazoo City
3002,White,50,.020351075865715,Yazoo City
3002,Black,50,.1626697324414716,Yazoo City
3002,White,-9,.0264645714285714,Yazoo City
3002,Black,-9,.2002991379310345,Yazoo City
3002,White,25,.076659587628866,Yazoo City
3002,Black,75,.1193086956521739,Yazoo City
3002,Pooled,75,.0064739449541284,Yazoo City
3002,Hispanic,75,.09578,Yazoo City
3002,Hispanic,-9,.12599,Yazoo City
3002,Pooled,50,.0911969492212503,Yazoo City
3003,Pooled,25,.1413938634023567,Jackson
3003,AIAN,75,.0060248484848485,Jackson
3003,White,-9,-.0197313019587891,Jackson
3003,White,25,.0480920655737705,Jackson
3003,Black,25,.1952747353048558,Jackson
3003,Hispanic,25,.1401586567164179,Jackson
3003,White,75,-.0627199285120532,Jackson
3003,Pooled,-9,.0744436076085495,Jackson
3003,Pooled,75,-.0209144151865732,Jackson
3003,Asian,50,-.1370041536050157,Jackson
3003,Black,75,.1523847487001733,Jackson
3003,Asian,75,-.1424810344827586,Jackson
3003,AIAN,25,.1866828571428572,Jackson
3003,Asian,25,-.1315272727272727,Jackson
3003,Hispanic,50,.1055143908582089,Jackson
3003,AIAN,50,.0963538528138528,Jackson
3003,Black,-9,.1878116706875754,Jackson
3003,Black,50,.1738297420025146,Jackson
3003,Hispanic,75,.070870125,Jackson
3003,Asian,-9,-.1377558823529412,Jackson
3003,AIAN,-9,.0990105882352941,Jackson
3003,White,50,-.0073139314691414,Jackson
3003,Hispanic,-9,.1142564018691588,Jackson
3003,Pooled,50,.0602397241078917,Jackson
3101,Hispanic,-9,-.00789,McComb
3101,White,75,-.051349253438114,McComb
3101,Black,50,.1662506550597025,McComb
3101,Pooled,-9,.0972006179775281,McComb
3101,Asian,25,-.160315,McComb
3101,White,50,.0083375781656106,McComb
3101,Black,75,.134120701754386,McComb
3101,Hispanic,75,-.07626,McComb
3101,Asian,75,-.17598,McComb
3101,Black,25,.198380608365019,McComb
3101,Pooled,50,.0587689849558026,McComb
3101,Asian,-9,-.1681475,McComb
3101,Pooled,25,.1409058884636413,McComb
3101,Black,-9,.1920979073756433,McComb
3101,White,25,.0680244097693351,McComb
3101,Hispanic,50,-.00789,McComb
3101,White,-9,.0192594060995185,McComb
3101,Asian,50,-.1681475,McComb
3101,Pooled,75,-.0233679185520362,McComb
3101,Hispanic,25,.06048,McComb
3102,Hispanic,50,.10814,Brookhaven
3102,White,25,.0731436464088398,Brookhaven
3102,Pooled,-9,.0797701572212066,Brookhaven
3102,Black,25,.186825,Brookhaven
3102,Hispanic,75,.09168,Brookhaven
3102,Pooled,25,.1264406876790831,Brookhaven
3102,Black,50,.1826211206896551,Brookhaven
3102,Pooled,75,-.0024925454545455,Brookhaven
3102,Black,75,.1784172413793103,Brookhaven
3102,Hispanic,-9,.10814,Brookhaven
3102,White,-9,.0199939649122807,Brookhaven
3102,White,75,-.0397581614906832,Brookhaven
3102,White,50,.0166927424590783,Brookhaven
3102,Black,-9,.1855349206349206,Brookhaven
3102,Pooled,50,.0619740711122688,Brookhaven
3102,Hispanic,25,.1246,Brookhaven
3201,Hispanic,50,.100763,Jena
3201,Pooled,75,.072033505882353,Jena
3201,AIAN,50,.18065,Jena
3201,Black,50,.2624971153846154,Jena
3201,White,50,.0746540226537217,Jena
3201,Black,75,.2965692307692308,Jena
3201,Pooled,25,.1572922580645161,Jena
3201,Black,25,.228425,Jena
3201,Hispanic,75,.030876,Jena
3201,Pooled,50,.1146628819734345,Jena
3201,White,-9,.0886707975460123,Jena
3201,AIAN,75,.1823,Jena
3201,Black,-9,.2451396226415095,Jena
3201,AIAN,25,.179,Jena
3201,White,75,.0215206666666667,Jena
3201,White,25,.1277873786407767,Jena
3201,Hispanic,25,.17065,Jena
3201,Pooled,-9,.12709645,Jena
3201,Hispanic,-9,.100763,Jena
3201,AIAN,-9,.18065,Jena
3202,Hispanic,50,.1373975,Natchez
3202,Pooled,25,.1580059072416599,Natchez
3202,White,25,.0796515203426124,Natchez
3202,White,50,.0328278793766042,Natchez
3202,Black,75,.2075090909090909,Natchez
3202,Pooled,50,.0973714265272339,Natchez
3202,Asian,-9,-.076815,Natchez
3202,Asian,75,-.08208,Natchez
3202,Black,-9,.2098128735632184,Natchez
3202,Hispanic,-9,.1373975,Natchez
3202,Pooled,75,.0367369458128079,Natchez
3202,Pooled,-9,.1178248422198041,Natchez
3202,Black,50,.2088670115792067,Natchez
3202,Hispanic,75,.123645,Natchez
3202,Hispanic,25,.15115,Natchez
3202,Asian,50,-.076815,Natchez
3202,Black,25,.2102249322493225,Natchez
3202,Asian,25,-.07155,Natchez
3202,White,-9,.0335404130434783,Natchez
3202,White,75,-.013995761589404,Natchez
3203,Hispanic,50,.1782461764705882,Vicksburg
3203,Asian,25,-.06845,Vicksburg
3203,White,75,-.0527557236842105,Vicksburg
3203,Black,-9,.2158770700636943,Vicksburg
3203,Hispanic,25,.1650176470588235,Vicksburg
3203,White,25,.0815107070707071,Vicksburg
3203,Asian,75,-.09421,Vicksburg
3203,Black,75,.1962246753246754,Vicksburg
3203,Pooled,-9,.119525303030303,Vicksburg
3203,Pooled,75,.0008189453621347,Vicksburg
3203,Hispanic,-9,.1782461764705882,Vicksburg
3203,Pooled,50,.0908424799036543,Vicksburg
3203,White,-9,.0002019521912351,Vicksburg
3203,Asian,-9,-.08133,Vicksburg
3203,Hispanic,75,.1914747058823529,Vicksburg
3203,White,50,.0143774916932483,Vicksburg
3203,Black,25,.2186234119782214,Vicksburg
3203,Asian,50,-.08133,Vicksburg
3203,Pooled,25,.180866014445174,Vicksburg
3203,Black,50,.2074240436514484,Vicksburg
3300,AIAN,25,.146228785046729,New Orleans
3300,Asian,25,-.1479110656934307,New Orleans
3300,Hispanic,75,.0070818639798489,New Orleans
3300,Hispanic,25,.0877504564315353,New Orleans
3300,White,50,-.0026331263793853,New Orleans
3300,Pooled,-9,.0685301513752551,New Orleans
3300,Asian,50,-.1488356937662556,New Orleans
3300,Pooled,25,.1348185897105557,New Orleans
3300,White,25,.0440049407390193,New Orleans
3300,Black,25,.2185713390130204,New Orleans
3300,White,-9,-.0138021933545422,New Orleans
3300,Hispanic,50,.0474161602056921,New Orleans
3300,Black,50,.1923188584828882,New Orleans
3300,AIAN,-9,.1399978571428571,New Orleans
3300,Hispanic,-9,.0591563214285714,New Orleans
3300,Asian,75,-.1497603218390805,New Orleans
3300,Pooled,75,-.0178488399552322,New Orleans
3300,Pooled,50,.0584848748776617,New Orleans
3300,Black,75,.1660663779527559,New Orleans
3300,AIAN,75,.1311084,New Orleans
3300,White,75,-.0492711934977898,New Orleans
3300,Black,-9,.20966981711387,New Orleans
3300,Asian,-9,-.1486293035714286,New Orleans
3300,AIAN,50,.1386685925233645,New Orleans
3400,Black,-9,.2333682352941177,Houma
3400,White,75,-.0188513411016949,Houma
3400,Hispanic,-9,.0644035616438356,Houma
3400,AIAN,25,.2002341772151899,Houma
3400,Pooled,-9,.0801517199670872,Houma
3400,Hispanic,25,.0844313636363636,Houma
3400,Black,25,.2406757575757576,Houma
3400,Black,75,.1874352380952381,Houma
3400,Black,50,.2140554978354978,Houma
3400,Hispanic,50,.0592239576802508,Houma
3400,White,25,.0985075684380032,Houma
3400,AIAN,-9,.1761196363636364,Houma
3400,Asian,25,-.1387,Houma
3400,Asian,-9,-.15052625,Houma
3400,AIAN,75,.1146664516129032,Houma
3400,White,-9,.0359867949586155,Houma
3400,Pooled,25,.145281142578125,Houma
3400,Hispanic,75,.0340165517241379,Houma
3400,Asian,50,-.1526132352941176,Houma
3400,AIAN,50,.1574503144140466,Houma
3400,Pooled,50,.0709814320525168,Houma
3400,Asian,75,-.1665264705882353,Houma
3400,Pooled,75,-.0033182784730914,Houma
3400,White,50,.0398281136681542,Houma
3500,White,50,.0268115980498375,Baton Rouge
3500,Black,25,.2457015148846222,Baton Rouge
3500,Black,50,.2211792562695198,Baton Rouge
3500,Pooled,75,.004185953433999,Baton Rouge
3500,White,-9,.0140599832018697,Baton Rouge
3500,White,25,.0771562089201878,Baton Rouge
3500,Pooled,25,.1605735502537168,Baton Rouge
3500,AIAN,50,.1486622352941176,Baton Rouge
3500,AIAN,-9,.1486622352941176,Baton Rouge
3500,Pooled,50,.0823797518438579,Baton Rouge
3500,Hispanic,75,.0260170588235294,Baton Rouge
3500,AIAN,25,.2039,Baton Rouge
3500,Hispanic,25,.1005162448979592,Baton Rouge
3500,Asian,50,-.1033887924944812,Baton Rouge
3500,Black,-9,.2366836975273146,Baton Rouge
3500,AIAN,75,.0934244705882353,Baton Rouge
3500,Asian,75,-.1031022516556291,Baton Rouge
3500,Asian,25,-.1036753333333333,Baton Rouge
3500,Pooled,-9,.085900618755233,Baton Rouge
3500,Asian,-9,-.1034014873417722,Baton Rouge
3500,White,75,-.0235330128205128,Baton Rouge
3500,Black,75,.1966569976544175,Baton Rouge
3500,Hispanic,-9,.0651850858369099,Baton Rouge
3500,Hispanic,50,.0632666518607443,Baton Rouge
3600,AIAN,75,.0876633333333333,Alexandria
3600,Asian,25,-.0362493333333333,Alexandria
3600,Hispanic,25,.1488121212121212,Alexandria
3600,AIAN,25,.1302666666666667,Alexandria
3600,Black,75,.1947381818181818,Alexandria
3600,Hispanic,75,.0223173333333333,Alexandria
3600,Pooled,25,.1494042857142857,Alexandria
3600,AIAN,50,.108965,Alexandria
3600,Hispanic,-9,.0885765079365079,Alexandria
3600,Black,50,.2117271756814614,Alexandria
3600,Black,25,.2287161695447409,Alexandria
3600,White,-9,.0413763647270546,Alexandria
3600,Pooled,75,.0116566652977413,Alexandria
3600,White,75,-.0142930864197531,Alexandria
3600,White,50,.0398498395205785,Alexandria
3600,Pooled,-9,.0963322199367088,Alexandria
3600,Asian,-9,-.0279788148148148,Alexandria
3600,AIAN,-9,.108965,Alexandria
3600,Pooled,50,.0805304755060135,Alexandria
3600,Black,-9,.2237127175368139,Alexandria
3600,Hispanic,50,.0855647272727273,Alexandria
3600,Asian,75,-.0176406666666667,Alexandria
3600,White,25,.0939927654609101,Alexandria
3600,Asian,50,-.026945,Alexandria
3700,Hispanic,25,.1092988085106383,Lake Charles
3700,Asian,25,-.0469514042553191,Lake Charles
3700,White,75,.0123592341842397,Lake Charles
3700,Asian,75,-.0279008888888889,Lake Charles
3700,AIAN,75,.1971497560975609,Lake Charles
3700,Hispanic,50,.0721196103159252,Lake Charles
3700,Black,75,.1747014035087719,Lake Charles
3700,White,-9,.0658715421115065,Lake Charles
3700,White,50,.0698253177290625,Lake Charles
3700,AIAN,-9,.2080846341463414,Lake Charles
3700,Pooled,-9,.1041675754932503,Lake Charles
3700,Black,50,.2062557534191391,Lake Charles
3700,AIAN,50,.2080846341463414,Lake Charles
3700,Black,25,.2378101033295063,Lake Charles
3700,Asian,-9,-.0376332173913043,Lake Charles
3700,Pooled,75,.0354158752542373,Lake Charles
3700,Hispanic,75,.0349404121212121,Lake Charles
3700,Asian,50,-.037426146572104,Lake Charles
3700,Pooled,25,.1626164272814601,Lake Charles
3700,Black,-9,.2222512975778547,Lake Charles
3700,White,25,.1272914012738854,Lake Charles
3700,Pooled,50,.0990161512678487,Lake Charles
3700,AIAN,25,.2190195121951219,Lake Charles
3700,Hispanic,-9,.07862597,Lake Charles
3800,AIAN,75,.140099512195122,Lafayette
3800,White,75,-.0493106283510834,Lafayette
3800,Hispanic,25,.1080307246376812,Lafayette
3800,White,25,.0559718666089216,Lafayette
3800,Asian,75,-.0994448780487805,Lafayette
3800,Hispanic,75,.0114270483870968,Lafayette
3800,White,-9,-.00100035790938,Lafayette
3800,Black,25,.2318703431372549,Lafayette
3800,Pooled,25,.125230252778117,Lafayette
3800,Hispanic,-9,.0623099007633588,Lafayette
3800,Asian,-9,-.0950843809523809,Lafayette
3800,Black,75,.1728817164179104,Lafayette
3800,Black,50,.2023760297775827,Lafayette
3800,Black,-9,.2235498421052632,Lafayette
3800,AIAN,25,.1734795121951219,Lafayette
3800,Pooled,-9,.0588594820363435,Lafayette
3800,Asian,25,-.0922909375,Lafayette
3800,Asian,50,-.0958679077743902,Lafayette
3800,AIAN,-9,.1567895121951219,Lafayette
3800,Pooled,75,-.028395332798202,Lafayette
3800,AIAN,50,.1567895121951219,Lafayette
3800,Hispanic,50,.059728886512389,Lafayette
3800,White,50,.0033306191289191,Lafayette
3800,Pooled,50,.0484174599899575,Lafayette
3901,Hispanic,75,.0575286206896552,Monroe
3901,Pooled,75,.0274583752093802,Monroe
3901,AIAN,75,.09883,Monroe
3901,AIAN,-9,.183715,Monroe
3901,Black,50,.2111997676729028,Monroe
3901,AIAN,25,.2686,Monroe
3901,Hispanic,50,.0756673336006415,Monroe
3901,White,50,.0569089342706444,Monroe
3901,Hispanic,25,.0938060465116279,Monroe
3901,White,25,.1150051652892562,Monroe
3901,Black,25,.2340006947660954,Monroe
3901,Black,-9,.2277176916932907,Monroe
3901,Pooled,25,.1755514101953311,Monroe
3901,Asian,-9,-.12925,Monroe
3901,Asian,25,-.1232,Monroe
3901,Hispanic,-9,.0791943055555556,Monroe
3901,White,-9,.0564327356557377,Monroe
3901,Black,75,.1883988405797102,Monroe
3901,Asian,75,-.1353,Monroe
3901,Pooled,50,.1015048927023557,Monroe
3901,White,75,-.0011872967479675,Monroe
3901,Pooled,-9,.1218547555420589,Monroe
3901,Asian,50,-.12925,Monroe
3901,AIAN,50,.183715,Monroe
3902,Black,75,.2458588,Lake Providence
3902,Pooled,50,.1068009564968829,Lake Providence
3902,White,-9,.0797647222222222,Lake Providence
3902,Hispanic,-9,-.061875,Lake Providence
3902,White,50,.0620982631160572,Lake Providence
3902,White,75,.0143988235294118,Lake Providence
3902,Pooled,75,.0234714678899083,Lake Providence
3902,Pooled,25,.1901304451038576,Lake Providence
3902,Pooled,-9,.1493998878923767,Lake Providence
3902,Hispanic,75,-.28545,Lake Providence
3902,Hispanic,50,-.061875,Lake Providence
3902,Black,25,.2614838150289017,Lake Providence
3902,White,25,.1097977027027027,Lake Providence
3902,Black,50,.2536713075144508,Lake Providence
3902,Hispanic,25,.1617,Lake Providence
3902,Black,-9,.2595109595959596,Lake Providence
4001,Pooled,25,.1657709278350515,Magnolia
4001,White,-9,.03900256,Magnolia
4001,Black,25,.2335516483516483,Magnolia
4001,Hispanic,50,.0673875,Magnolia
4001,White,75,-.0169433142857143,Magnolia
4001,Hispanic,75,-.031075,Magnolia
4001,Hispanic,25,.16585,Magnolia
4001,Pooled,-9,.098250773006135,Magnolia
4001,White,25,.1008374736842105,Magnolia
4001,Black,50,.166718982070561,Magnolia
4001,Black,-9,.210464,Magnolia
4001,Hispanic,-9,.0673875,Magnolia
4001,Pooled,75,-.0009833939393939,Magnolia
4001,Black,75,.0998863157894737,Magnolia
4001,Pooled,50,.0823937669478288,Magnolia
4001,White,50,.0419470796992481,Magnolia
4002,Hispanic,50,.1112574222222222,Shreveport
4002,Pooled,50,.1043624967223573,Shreveport
4002,Asian,75,-.0576237234042553,Shreveport
4002,Pooled,25,.1818203941956124,Shreveport
4002,AIAN,75,.1184645853658537,Shreveport
4002,Pooled,75,.0269045992491022,Shreveport
4002,Hispanic,75,.0672148444444444,Shreveport
4002,Black,25,.2431507796038769,Shreveport
4002,Black,-9,.2363634971509971,Shreveport
4002,Asian,-9,-.0584002604166667,Shreveport
4002,Hispanic,25,.1553,Shreveport
4002,White,25,.1080199239130435,Shreveport
4002,Black,75,.1993377011494253,Shreveport
4002,Hispanic,-9,.1171862307692308,Shreveport
4002,White,-9,.0432233144900785,Shreveport
4002,Pooled,-9,.1180339874311063,Shreveport
4002,Asian,50,-.0583844127225358,Shreveport
4002,Asian,25,-.0591451020408163,Shreveport
4002,Black,50,.2212442403766511,Shreveport
4002,White,75,-.0045817221331195,Shreveport
4002,AIAN,-9,.1327991219512195,Shreveport
4002,White,50,.051719100889962,Shreveport
4002,AIAN,25,.1471336585365854,Shreveport
4002,AIAN,50,.1327991219512195,Shreveport
4003,Black,75,.1933947368421053,Ruston
4003,White,75,-.0344204683098592,Ruston
4003,Asian,75,-.103,Ruston
4003,Hispanic,-9,.1113516666666667,Ruston
4003,Hispanic,75,.0916266666666667,Ruston
4003,Pooled,-9,.097238822064057,Ruston
4003,White,-9,.026256819391635,Ruston
4003,Black,50,.2162483805668017,Ruston
4003,Asian,25,-.1266,Ruston
4003,White,50,.0315222038615993,Ruston
4003,Pooled,50,.080310069116527,Ruston
4003,Black,-9,.2330077192982457,Ruston
4003,Hispanic,25,.1310766666666667,Ruston
4003,Pooled,25,.1657647920792079,Ruston
4003,Asian,-9,-.1148,Ruston
4003,Asian,50,-.1148,Ruston
4003,Black,25,.239102024291498,Ruston
4003,Pooled,75,-.0051446538461538,Ruston
4003,Hispanic,50,.1113516666666667,Ruston
4003,White,25,.0974648760330579,Ruston
4004,AIAN,50,.12977,Many
4004,Hispanic,25,.1556,Many
4004,Black,75,.189,Many
4004,Pooled,75,.0773603680981595,Many
4004,White,50,.106425,Many
4004,AIAN,75,.1774,Many
4004,Black,50,.2264,Many
4004,Hispanic,-9,.121715,Many
4004,White,-9,.1148208333333333,Many
4004,White,75,.05605,Many
4004,White,25,.1568,Many
4004,Pooled,50,.1291187878226647,Many
4004,AIAN,-9,.12977,Many
4004,Pooled,-9,.141453738317757,Many
4004,Pooled,25,.1808772075471698,Many
4004,Black,25,.2638,Many
4004,Hispanic,50,.121715,Many
4004,AIAN,25,.08214,Many
4004,Hispanic,75,.08783,Many
4004,Black,-9,.2492048780487805,Many
4101,Black,75,.1424,Crossett
4101,Pooled,-9,.1154070508474576,Crossett
4101,Hispanic,75,-.005279,Crossett
4101,Pooled,50,.1047391258571113,Crossett
4101,Black,25,.2381,Crossett
4101,Hispanic,25,.01882,Crossett
4101,Black,-9,.22215,Crossett
4101,Pooled,75,.038485696969697,Crossett
4101,White,75,.02832,Crossett
4101,White,-9,.0824577380952381,Crossett
4101,Hispanic,50,.0067705,Crossett
4101,White,50,.08311,Crossett
4101,Hispanic,-9,.0067705,Crossett
4101,Pooled,25,.1709925547445255,Crossett
4101,White,25,.1379,Crossett
4101,Black,50,.19025,Crossett
4102,Pooled,50,.1062375043657602,Pine Bluff
4102,Pooled,75,.0361283096686951,Pine Bluff
4102,AIAN,25,.1626,Pine Bluff
4102,Black,75,.179088284789644,Pine Bluff
4102,Black,-9,.2231102883625129,Pine Bluff
4102,Pooled,-9,.1287817912844037,Pine Bluff
4102,Pooled,25,.1763466990628254,Pine Bluff
4102,AIAN,-9,-.0109,Pine Bluff
4102,Hispanic,-9,.0252330357142857,Pine Bluff
4102,White,-9,.0555253518029903,Pine Bluff
4102,AIAN,50,-.0109,Pine Bluff
4102,Asian,-9,-.044245,Pine Bluff
4102,White,75,.0019865,Pine Bluff
4102,Hispanic,50,.0227766347381865,Pine Bluff
4102,Asian,50,-.044245,Pine Bluff
4102,White,25,.1056895229982964,Pine Bluff
4102,Black,25,.2314402327005511,Pine Bluff
4102,AIAN,75,-.1844,Pine Bluff
4102,White,50,.0538380114991482,Pine Bluff
4102,Hispanic,25,.0915558620689655,Pine Bluff
4102,Asian,75,-.01629,Pine Bluff
4102,Hispanic,75,-.0460025925925926,Pine Bluff
4102,Asian,25,-.0722,Pine Bluff
4102,Black,50,.2052642587450976,Pine Bluff
4103,AIAN,75,-.04149,El Dorado
4103,Asian,50,-.101515,El Dorado
4103,AIAN,50,.069605,El Dorado
4103,Asian,25,-.12239,El Dorado
4103,Hispanic,75,.11128,El Dorado
4103,AIAN,25,.1807,El Dorado
4103,Asian,-9,-.101515,El Dorado
4103,White,50,.0435826220617389,El Dorado
4103,Pooled,-9,.1015918873483536,El Dorado
4103,White,-9,.0396631050359712,El Dorado
4103,Pooled,75,.0174663642172524,El Dorado
4103,Black,50,.1897660904123199,El Dorado
4103,Black,75,.1504266666666667,El Dorado
4103,Black,25,.2291055141579732,El Dorado
4103,Asian,75,-.08064,El Dorado
4103,Hispanic,25,.1212125,El Dorado
4103,Hispanic,50,.11624625,El Dorado
4103,Pooled,25,.1592937618699781,El Dorado
4103,AIAN,-9,.069605,El Dorado
4103,Black,-9,.2159272952853598,El Dorado
4103,Pooled,50,.0883800630436152,El Dorado
4103,Hispanic,-9,.11624625,El Dorado
4103,White,25,.094980062305296,El Dorado
4103,White,75,-.0078148181818182,El Dorado
4200,White,25,.0741824298724954,Little Rock
4200,AIAN,75,-.0218482926829268,Little Rock
4200,Black,25,.2137837846655791,Little Rock
4200,White,75,-.0402886710780259,Little Rock
4200,Asian,25,-.0896907906976744,Little Rock
4200,Black,75,.1713122721749696,Little Rock
4200,AIAN,25,.1091584615384616,Little Rock
4200,Asian,50,-.0925527286821705,Little Rock
4200,Pooled,50,.0512277850279565,Little Rock
4200,White,50,.0169468793972348,Little Rock
4200,AIAN,50,.0436550844277674,Little Rock
4200,White,-9,.0090244444444444,Little Rock
4200,Asian,75,-.0954146666666667,Little Rock
4200,Hispanic,-9,.0657644666666667,Little Rock
4200,Pooled,75,-.0185377586576223,Little Rock
4200,Black,50,.1925480284202744,Little Rock
4200,Black,-9,.2047935442386831,Little Rock
4200,Pooled,-9,.0534152464553314,Little Rock
4200,AIAN,-9,.0420175,Little Rock
4200,Asian,-9,-.0927962978723404,Little Rock
4200,Hispanic,50,.0606795385890588,Little Rock
4200,Hispanic,75,.0334388524590164,Little Rock
4200,Hispanic,25,.0879202247191011,Little Rock
4200,Pooled,25,.1209933287135353,Little Rock
4301,Hispanic,25,.0571066666666667,Stuttgart
4301,Black,75,.13278,Stuttgart
4301,Black,25,.2214476923076923,Stuttgart
4301,Pooled,25,.1303405572755418,Stuttgart
4301,Hispanic,50,.0887316666666667,Stuttgart
4301,Black,-9,.2096253333333333,Stuttgart
4301,Hispanic,75,.1203566666666667,Stuttgart
4301,White,-9,.0228845882352941,Stuttgart
4301,Hispanic,-9,.0887316666666667,Stuttgart
4301,Pooled,-9,.084533425,Stuttgart
4301,Pooled,75,-.0097067261146497,Stuttgart
4301,White,25,.0697597790055249,Stuttgart
4301,White,75,-.044990688,Stuttgart
4301,White,50,.0123845455027624,Stuttgart
4301,Pooled,50,.0603169155804461,Stuttgart
4301,Black,50,.1771138461538462,Stuttgart
4302,White,25,.0712400398406375,Searcy
4302,White,75,-.0301888157099698,Searcy
4302,Hispanic,-9,.120025,Searcy
4302,AIAN,25,.1511,Searcy
4302,Asian,50,-.02626,Searcy
4302,AIAN,50,.1264,Searcy
4302,Asian,25,-.03395,Searcy
4302,Pooled,-9,.0498476683725691,Searcy
4302,Black,75,.1040531914893617,Searcy
4302,AIAN,-9,.1264,Searcy
4302,Hispanic,25,.1460095238095238,Searcy
4302,Pooled,75,-.0170627096774194,Searcy
4302,White,50,.0205256120653338,Searcy
4302,Asian,75,-.01857,Searcy
4302,Pooled,50,.0369632732604639,Searcy
4302,Pooled,25,.0909892561983471,Searcy
4302,AIAN,75,.1017,Searcy
4302,Black,25,.2045479289940828,Searcy
4302,Black,50,.1543005602417223,Searcy
4302,Black,-9,.1826810185185185,Searcy
4302,Hispanic,50,.1186573934837093,Searcy
4302,Asian,-9,-.02626,Searcy
4302,Hispanic,75,.0913052631578947,Searcy
4302,White,-9,.0309363769507803,Searcy
4401,Pooled,75,-.0252726652078775,London
4401,White,50,.0164275125437028,London
4401,White,-9,.0345839588100687,London
4401,Hispanic,25,.13141,London
4401,Black,25,.1508425,London
4401,Hispanic,75,.019451,London
4401,Asian,-9,.014395,London
4401,Asian,50,.014395,London
4401,Pooled,25,.0688778293736501,London
4401,White,25,.067180393258427,London
4401,Black,50,.151595,London
4401,White,75,-.0343253681710214,London
4401,Pooled,-9,.0377666391901663,London
4401,Hispanic,50,.0754305,London
4401,Asian,75,.0288,London
4401,Pooled,50,.0218025820828863,London
4401,Asian,25,-1.00000000000e-05,London
4401,Black,-9,.151595,London
4401,Hispanic,-9,.0754305,London
4401,Black,75,.1523475,London
4402,Black,-9,.138280606060606,Richmond
4402,Black,25,.1727,Richmond
4402,Pooled,-9,.0253602201834862,Richmond
4402,AIAN,50,.09298,Richmond
4402,Black,50,.10171,Richmond
4402,Hispanic,-9,.03589,Richmond
4402,White,-9,.0223442594385286,Richmond
4402,Asian,25,-.1385,Richmond
4402,Hispanic,75,-.03832,Richmond
4402,Pooled,25,.0742040030674847,Richmond
4402,Hispanic,25,.1101,Richmond
4402,White,50,.0107101896565138,Richmond
4402,Asian,-9,-.12915,Richmond
4402,Pooled,50,.0134280631775779,Richmond
4402,Pooled,75,-.0473478767123288,Richmond
4402,White,75,-.0502948564593301,Richmond
4402,AIAN,-9,.09298,Richmond
4402,Asian,75,-.1198,Richmond
4402,Hispanic,50,.03589,Richmond
4402,White,25,.0717152357723577,Richmond
4402,Black,75,.03072,Richmond
4402,AIAN,75,.1679,Richmond
4402,Asian,50,-.12915,Richmond
4402,AIAN,25,.01806,Richmond
4501,White,50,.0216746078571428,West Liberty
4501,White,75,-.0214254642857143,West Liberty
4501,Pooled,50,.0216746078571428,West Liberty
4501,White,25,.06477468,West Liberty
4501,Pooled,-9,.0430956017964072,West Liberty
4501,Pooled,75,-.0214254642857143,West Liberty
4501,White,-9,.0430956017964072,West Liberty
4501,Pooled,25,.06477468,West Liberty
4502,Black,75,.1744175,Hazard
4502,Asian,25,-.07477,Hazard
4502,Pooled,25,.0998232057416268,Hazard
4502,White,25,.0982515544041451,Hazard
4502,Pooled,50,.0611947986154942,Hazard
4502,Black,50,.166705,Hazard
4502,Hispanic,25,.1296833333333333,Hazard
4502,White,50,.0550433683350775,Hazard
4502,Black,25,.1589925,Hazard
4502,White,75,.0118351822660099,Hazard
4502,Hispanic,-9,.0838416666666666,Hazard
4502,Pooled,75,.0225663914893617,Hazard
4502,Asian,-9,-.08065,Hazard
4502,Black,-9,.166705,Hazard
4502,Hispanic,50,.0838416666666666,Hazard
4502,Pooled,-9,.0720202174578867,Hazard
4502,White,-9,.0684679830220713,Hazard
4502,Asian,50,-.08065,Hazard
4502,Hispanic,75,.038,Hazard
4502,Asian,75,-.08653,Hazard
4601,Black,-9,.1684827142857143,Campbellsville
4601,Hispanic,75,-.05861,Campbellsville
4601,White,25,.0036769137931034,Campbellsville
4601,Hispanic,25,.09269,Campbellsville
4601,Black,50,.1684827142857143,Campbellsville
4601,Black,25,.121824,Campbellsville
4601,Pooled,25,.0080264797794118,Campbellsville
4601,White,-9,-.0199680624169987,Campbellsville
4601,Hispanic,50,.01704,Campbellsville
4601,Pooled,50,-.0244693688059463,Campbellsville
4601,Pooled,-9,-.0126045106649937,Campbellsville
4601,Black,75,.2151414285714286,Campbellsville
4601,White,50,-.0348613266532318,Campbellsville
4601,White,75,-.0733995670995671,Campbellsville
4601,Pooled,75,-.0569652173913044,Campbellsville
4601,Hispanic,-9,.01704,Campbellsville
4602,Black,25,.16035,Somerset
4602,Asian,50,-.10995,Somerset
4602,Asian,75,-.1116,Somerset
4602,White,25,.0391487150684931,Somerset
4602,Black,50,.12079,Somerset
4602,Pooled,75,-.0671875919732441,Somerset
4602,White,-9,.0091108344895937,Somerset
4602,Asian,-9,-.10995,Somerset
4602,Hispanic,75,-.11335,Somerset
4602,Pooled,25,.0400780293333333,Somerset
4602,Hispanic,-9,-.0172775,Somerset
4602,White,50,-.0151670940786566,Somerset
4602,Asian,25,-.1083,Somerset
4602,Black,75,.08123,Somerset
4602,Pooled,50,-.0135547813199554,Somerset
4602,Hispanic,50,-.0172775,Somerset
4602,Pooled,-9,.0095037483317445,Somerset
4602,Hispanic,25,.078795,Somerset
4602,Black,-9,.12079,Somerset
4602,White,75,-.0694829032258064,Somerset
4701,White,75,-.0764542914979757,Greenwood
4701,Black,75,.17328,Greenwood
4701,Black,50,.1798333636363637,Greenwood
4701,Pooled,75,-.0194479816513762,Greenwood
4701,Hispanic,75,.1708566666666667,Greenwood
4701,White,25,.037235,Greenwood
4701,Asian,25,-.00542,Greenwood
4701,Hispanic,50,.1996616666666667,Greenwood
4701,Black,-9,.1850975409836066,Greenwood
4701,White,-9,-.0209042443064182,Greenwood
4701,Hispanic,-9,.1996616666666667,Greenwood
4701,Pooled,25,.1414372208436724,Greenwood
4701,Black,25,.1863867272727273,Greenwood
4701,Hispanic,25,.2284666666666667,Greenwood
4701,Asian,75,.009705,Greenwood
4701,White,50,-.0196096457489879,Greenwood
4701,Asian,-9,.0021425,Greenwood
4701,Pooled,-9,.0950034510150044,Greenwood
4701,Pooled,50,.0609946195961481,Greenwood
4701,Asian,50,.0021425,Greenwood
4702,Asian,25,-.04575,Clarksdale
4702,Black,-9,.1870102791878173,Clarksdale
4702,Pooled,50,.0695114125068194,Clarksdale
4702,Black,50,.1629300820015062,Clarksdale
4702,White,-9,.0051202455573506,Clarksdale
4702,Hispanic,50,.083739,Clarksdale
4702,Hispanic,75,.030036,Clarksdale
4702,Black,25,.1936342816500711,Clarksdale
4702,Pooled,25,.1528547115384615,Clarksdale
4702,Asian,75,-.049885,Clarksdale
4702,Asian,50,-.0478175,Clarksdale
4702,Asian,-9,-.0478175,Clarksdale
4702,Pooled,75,-.0138318865248227,Clarksdale
4702,White,50,.0052187892681908,Clarksdale
4702,White,75,-.0557797677419355,Clarksdale
4702,Hispanic,25,.137442,Clarksdale
4702,White,25,.0662173462783172,Clarksdale
4702,Hispanic,-9,.083739,Clarksdale
4702,Pooled,-9,.1046602952836637,Clarksdale
4702,Black,75,.1322258823529412,Clarksdale
4800,Asian,50,-.1048325,Greenville
4800,Pooled,-9,.1333388175110674,Greenville
4800,AIAN,75,.0611,Greenville
4800,Black,-9,.200396788648245,Greenville
4800,Hispanic,-9,.1016866666666667,Greenville
4800,Black,50,.1906655349330052,Greenville
4800,AIAN,25,.2468,Greenville
4800,Hispanic,25,.1544333333333333,Greenville
4800,Pooled,75,.0016725971370143,Greenville
4800,Asian,-9,-.1048325,Greenville
4800,AIAN,50,.15395,Greenville
4800,Hispanic,50,.1016866666666667,Greenville
4800,Black,25,.2025219031993437,Greenville
4800,Asian,75,-.113065,Greenville
4800,White,25,.0708243056478405,Greenville
4800,White,-9,.0011637089783282,Greenville
4800,Hispanic,75,.04894,Greenville
4800,White,50,.0056058339833406,Greenville
4800,Asian,25,-.0966,Greenville
4800,Pooled,50,.0883557014182481,Greenville
4800,Black,75,.1788091666666667,Greenville
4800,Pooled,25,.1750388056994819,Greenville
4800,White,75,-.0596126376811594,Greenville
4800,AIAN,-9,.15395,Greenville
4901,Black,25,.2288552721088435,Jackson
4901,Pooled,75,-.0290821739130435,Jackson
4901,White,75,-.0546324315068493,Jackson
4901,Pooled,-9,.0674643150228881,Jackson
4901,White,25,.0710856020942408,Jackson
4901,Pooled,25,.1390955810076115,Jackson
4901,Black,-9,.2150008462623413,Jackson
4901,White,50,.0082265852936958,Jackson
4901,Hispanic,50,.0859629716312057,Jackson
4901,Hispanic,-9,.0872591086956522,Jackson
4901,Hispanic,75,.0263406666666667,Jackson
4901,White,-9,.0039337743902439,Jackson
4901,Black,75,.1476752066115702,Jackson
4901,Asian,75,-.09224,Jackson
4901,Black,50,.1882652393602069,Jackson
4901,Asian,-9,-.09802,Jackson
4901,Hispanic,25,.1455852765957447,Jackson
4901,Asian,50,-.09802,Jackson
4901,Pooled,50,.055006703547284,Jackson
4901,Asian,25,-.1038,Jackson
4902,AIAN,50,.073595,Dyersburg
4902,Black,25,.242894472361809,Dyersburg
4902,White,25,.1186671497584541,Dyersburg
4902,Hispanic,75,.0346966666666667,Dyersburg
4902,Hispanic,25,.1188233333333333,Dyersburg
4902,Black,75,.1394826666666667,Dyersburg
4902,Asian,25,-.04376,Dyersburg
4902,White,50,.0596664522377176,Dyersburg
4902,Asian,50,-.07169,Dyersburg
4902,AIAN,-9,.073595,Dyersburg
4902,Asian,75,-.09962,Dyersburg
4902,Black,-9,.2313529761904762,Dyersburg
4902,White,-9,.0674042486338798,Dyersburg
4902,Pooled,75,.0142597869507324,Dyersburg
4902,AIAN,75,-.02641,Dyersburg
4902,AIAN,25,.1736,Dyersburg
4902,White,75,.0006657547169811,Dyersburg
4902,Hispanic,-9,.07676,Dyersburg
4902,Pooled,50,.0914830948405539,Dyersburg
4902,Hispanic,50,.07676,Dyersburg
4902,Black,50,.1911885695142378,Dyersburg
4902,Pooled,25,.1687064027303754,Dyersburg
4902,Pooled,-9,.1163646119133574,Dyersburg
4902,Asian,-9,-.07169,Dyersburg
4903,Pooled,-9,.0276384623655914,Lexington
4903,White,25,.046879008097166,Lexington
4903,Pooled,75,-.0387671978021978,Lexington
4903,Hispanic,50,.1391625,Lexington
4903,Black,25,.2246285714285714,Lexington
4903,Hispanic,75,.023475,Lexington
4903,White,50,-.0078138820273664,Lexington
4903,Pooled,25,.0703445759717315,Lexington
4903,Black,75,.16454,Lexington
4903,White,-9,.004205049382716,Lexington
4903,Hispanic,25,.25485,Lexington
4903,Pooled,50,.0157886890847668,Lexington
4903,Hispanic,-9,.1391625,Lexington
4903,Black,-9,.2027781818181818,Lexington
4903,White,75,-.0625067721518987,Lexington
4903,Black,50,.1945842857142857,Lexington
5000,AIAN,50,.15475,Tupelo
5000,Black,25,.225220531154239,Tupelo
5000,AIAN,25,.1416,Tupelo
5000,Hispanic,75,-.00205376,Tupelo
5000,Black,-9,.2156481958762887,Tupelo
5000,Asian,75,-.1587,Tupelo
5000,AIAN,75,.1679,Tupelo
5000,White,25,.0923799616858238,Tupelo
5000,Asian,-9,-.1602,Tupelo
5000,Hispanic,-9,.05083092,Tupelo
5000,Pooled,50,.0666116234859482,Tupelo
5000,White,50,.0306567049808429,Tupelo
5000,White,75,-.0310665517241379,Tupelo
5000,Hispanic,50,.05083092,Tupelo
5000,White,-9,.0330306763925729,Tupelo
5000,Pooled,-9,.0824747012987013,Tupelo
5000,Black,75,.1649924324324324,Tupelo
5000,Hispanic,25,.1037156,Tupelo
5000,AIAN,-9,.15475,Tupelo
5000,Asian,25,-.1617,Tupelo
5000,Black,50,.1951064817933357,Tupelo
5000,Pooled,75,-.0085549606114051,Tupelo
5000,Asian,50,-.1602,Tupelo
5000,Pooled,25,.1417782075833014,Tupelo
5100,Black,25,.1886255319148936,Corinth
5100,White,75,-.0604635853658537,Corinth
5100,White,-9,.0153946298031865,Corinth
5100,Hispanic,75,.047748,Corinth
5100,Hispanic,25,.086984,Corinth
5100,White,25,.0627338508371385,Corinth
5100,Pooled,75,-.043291388286334,Corinth
5100,Pooled,-9,.0330594886363636,Corinth
5100,White,50,.0011351327356424,Corinth
5100,Hispanic,50,.067366,Corinth
5100,Black,-9,.17286864,Corinth
5100,Black,50,.1568576046671242,Corinth
5100,Black,75,.1250896774193548,Corinth
5100,Pooled,25,.0787115693904021,Corinth
5100,Hispanic,-9,.067366,Corinth
5100,Pooled,50,.017710090552034,Corinth
5201,Hispanic,-9,.0490325,New Albany
5201,Black,25,.2009716814159292,New Albany
5201,Black,50,.1726325073746313,New Albany
5201,White,50,.027827942512138,New Albany
5201,Pooled,75,-.0112167605633803,New Albany
5201,Pooled,25,.1213225194805195,New Albany
5201,Pooled,50,.0550528794585696,New Albany
5201,White,75,-.0321624861878453,New Albany
5201,Black,-9,.1910426277372262,New Albany
5201,Black,75,.1442933333333333,New Albany
5201,Hispanic,25,.101915,New Albany
5201,Hispanic,75,-.00385,New Albany
5201,Hispanic,50,.0490325,New Albany
5201,Pooled,-9,.0741137123745819,New Albany
5201,White,25,.0878183712121212,New Albany
5201,White,-9,.0390171685393258,New Albany
5202,AIAN,25,.17254,Memphis
5202,White,75,-.0483303220682961,Memphis
5202,Hispanic,25,.0711369711538462,Memphis
5202,Pooled,50,.0656922234170653,Memphis
5202,Hispanic,75,.0206178623188406,Memphis
5202,AIAN,50,.0837245,Memphis
5202,Pooled,75,-.0125374762204065,Memphis
5202,White,-9,-.0132442408622306,Memphis
5202,Hispanic,-9,.0509877312138728,Memphis
5202,Black,75,.1557199194198227,Memphis
5202,Asian,25,-.1297269090909091,Memphis
5202,Asian,-9,-.1258676923076923,Memphis
5202,AIAN,-9,.0996657435897436,Memphis
5202,Asian,75,-.121535918367347,Memphis
5202,Black,-9,.1909536051955898,Memphis
5202,Pooled,25,.143921923054537,Memphis
5202,Black,50,.1774004243939262,Memphis
5202,Black,25,.1990809293680297,Memphis
5202,Pooled,-9,.0727999504126984,Memphis
5202,White,50,.0038555620883471,Memphis
5202,White,25,.0560414462449904,Memphis
5202,AIAN,75,-.005091,Memphis
5202,Asian,50,-.125631413729128,Memphis
5202,Hispanic,50,.0458774167363434,Memphis
5300,Pooled,75,.0308142690405539,West Memphis
5300,Black,25,.2268695538057743,West Memphis
5300,Hispanic,75,-.05089,West Memphis
5300,White,25,.1183340563991323,West Memphis
5300,Pooled,-9,.1401041641113004,West Memphis
5300,Black,50,.1990477256208358,West Memphis
5300,Asian,75,-.101155,West Memphis
5300,White,-9,.0680432686915888,West Memphis
5300,Hispanic,50,.0529915853658537,West Memphis
5300,White,75,.0093494632911392,West Memphis
5300,AIAN,50,.174105,West Memphis
5300,AIAN,25,.2531,West Memphis
5300,Hispanic,-9,.0529915853658537,West Memphis
5300,Black,75,.1712258974358974,West Memphis
5300,Hispanic,25,.1568731707317073,West Memphis
5300,Pooled,50,.1074608262765494,West Memphis
5300,Asian,-9,-.0823325,West Memphis
5300,Asian,25,-.06351,West Memphis
5300,AIAN,-9,.174105,West Memphis
5300,Pooled,25,.1841073835125448,West Memphis
5300,AIAN,75,.09511,West Memphis
5300,White,50,.0638417598451358,West Memphis
5300,Black,-9,.2217026428571429,West Memphis
5300,Asian,50,-.0823325,West Memphis
5401,AIAN,75,-.03644,Bowling Green
5401,AIAN,25,-.04569,Bowling Green
5401,Black,25,.2087619469026549,Bowling Green
5401,Pooled,25,.0675856797671033,Bowling Green
5401,Asian,50,-.08483,Bowling Green
5401,White,25,.0514574773755656,Bowling Green
5401,Hispanic,25,.0563446956521739,Bowling Green
5401,Pooled,50,.0078318189699578,Bowling Green
5401,Asian,25,-.08379,Bowling Green
5401,Pooled,75,-.0519220418271877,Bowling Green
5401,Hispanic,75,-.0461621052631579,Bowling Green
5401,Hispanic,50,.005091295194508,Bowling Green
5401,Black,50,.1934059734513274,Bowling Green
5401,Pooled,-9,.0115914739556472,Bowling Green
5401,White,75,-.0651463056558363,Bowling Green
5401,Asian,-9,-.08483,Bowling Green
5401,Black,-9,.1996055900621118,Bowling Green
5401,Black,75,.17805,Bowling Green
5401,Hispanic,-9,.0099725714285714,Bowling Green
5401,AIAN,50,-.041065,Bowling Green
5401,AIAN,-9,-.041065,Bowling Green
5401,Asian,75,-.08587,Bowling Green
5401,White,50,-.0068444141401354,Bowling Green
5401,White,-9,-.0050426647230321,Bowling Green
5402,Pooled,25,.0460284882780922,Glasgow
5402,Black,25,.1807765957446809,Glasgow
5402,Asian,25,-.03619,Glasgow
5402,Pooled,75,-.0639498236173393,Glasgow
5402,Hispanic,25,.1521333333333333,Glasgow
5402,Asian,-9,-.065885,Glasgow
5402,Hispanic,-9,.1045016666666667,Glasgow
5402,Asian,50,-.065885,Glasgow
5402,Pooled,50,-.0089606676696236,Glasgow
5402,Pooled,-9,.0074264470094439,Glasgow
5402,Hispanic,50,.1045016666666667,Glasgow
5402,Black,75,.0589015111111111,Glasgow
5402,White,75,-.0777588513513514,Glasgow
5402,White,50,-.0194152374200626,Glasgow
5402,White,25,.0389283765112263,Glasgow
5402,White,-9,-.0005452457142857,Glasgow
5402,Black,-9,.1211637826086956,Glasgow
5402,Asian,75,-.09558,Glasgow
5402,Black,50,.119839053427896,Glasgow
5402,Hispanic,75,.05687,Glasgow
5500,Black,50,.1785695375563115,Columbia
5500,AIAN,50,.16352,Columbia
5500,Asian,50,-.022039,Columbia
5500,White,75,-.0526756952169077,Columbia
5500,Asian,-9,-.022039,Columbia
5500,White,50,.0085539878345841,Columbia
5500,Asian,75,-.04091,Columbia
5500,Hispanic,75,.0290131111111111,Columbia
5500,Black,-9,.1919147747747748,Columbia
5500,Asian,25,-.003168,Columbia
5500,Pooled,50,.0289488002008925,Columbia
5500,AIAN,-9,.16352,Columbia
5500,Pooled,75,-.035343875984252,Columbia
5500,Pooled,-9,.0275918693467337,Columbia
5500,Pooled,25,.093241476386037,Columbia
5500,Black,75,.139587397260274,Columbia
5500,AIAN,75,.09384,Columbia
5500,White,-9,.0046025162818236,Columbia
5500,Black,25,.217551677852349,Columbia
5500,Hispanic,25,.0871396296296296,Columbia
5500,Hispanic,50,.0580763703703704,Columbia
5500,White,25,.069783670886076,Columbia
5500,Hispanic,-9,.0539244761904762,Columbia
5500,AIAN,25,.2332,Columbia
5600,Asian,75,-.088465064935065,Nashville
5600,White,25,.05813950999608,Nashville
5600,Black,75,.1379953275862069,Nashville
5600,AIAN,50,.0756812040294212,Nashville
5600,AIAN,-9,.0785238392857143,Nashville
5600,Hispanic,25,.0608121620469083,Nashville
5600,White,75,-.0666621964083888,Nashville
5600,Pooled,25,.0948806918480873,Nashville
5600,Black,50,.1785437267852294,Nashville
5600,Asian,-9,-.0939317857142857,Nashville
5600,White,-9,-.0179260076540375,Nashville
5600,Black,25,.219092125984252,Nashville
5600,Pooled,75,-.0499669760509127,Nashville
5600,Hispanic,-9,.0285535205128205,Nashville
5600,Hispanic,75,-.0200937556270096,Nashville
5600,Black,-9,.1962775052546483,Nashville
5600,Asian,50,-.0935112687312687,Nashville
5600,Hispanic,50,.0203592032099493,Nashville
5600,AIAN,75,.022618679245283,Nashville
5600,Pooled,50,.0224568578985873,Nashville
5600,Asian,25,-.0985574725274725,Nashville
5600,AIAN,25,.1287437288135593,Nashville
5600,Pooled,-9,.0149811945556445,Nashville
5600,White,50,-.0042613432061544,Nashville
5700,Black,75,.1403485714285714,Tullahoma
5700,Asian,-9,-.042585,Tullahoma
5700,Hispanic,25,.047458125,Tullahoma
5700,Asian,50,-.042585,Tullahoma
5700,Pooled,50,.0178062573338883,Tullahoma
5700,White,50,.0072180286536537,Tullahoma
5700,Pooled,25,.0962757582938389,Tullahoma
5700,Hispanic,-9,.042597,Tullahoma
5700,Pooled,-9,.0247925741935484,Tullahoma
5700,Black,25,.2199555555555555,Tullahoma
5700,White,25,.0871927702702703,Tullahoma
5700,Asian,25,-.0438366666666667,Tullahoma
5700,AIAN,25,.166,Tullahoma
5700,Black,-9,.1976656,Tullahoma
5700,AIAN,75,.09144,Tullahoma
5700,Black,50,.1801520634920635,Tullahoma
5700,AIAN,-9,.12872,Tullahoma
5700,White,-9,.0125189481268012,Tullahoma
5700,Asian,75,-.0413333333333333,Tullahoma
5700,White,75,-.072756712962963,Tullahoma
5700,Hispanic,75,.0370414285714286,Tullahoma
5700,AIAN,50,.12872,Tullahoma
5700,Pooled,75,-.0606632436260623,Tullahoma
5700,Hispanic,50,.0422497767857143,Tullahoma
5800,Asian,-9,-.027618,Dickson
5800,Hispanic,25,.0905587804878049,Dickson
5800,Hispanic,75,-.0181830975609756,Dickson
5800,Asian,25,-.06201,Dickson
5800,White,50,.0022996661092531,Dickson
5800,Pooled,25,.0793283266932271,Dickson
5800,Black,-9,.1788540495867769,Dickson
5800,Pooled,-9,.0238478196347032,Dickson
5800,Hispanic,-9,.0361878414634146,Dickson
5800,Pooled,75,-.0506206684491979,Dickson
5800,Black,25,.2037202247191011,Dickson
5800,White,-9,.0100180557593544,Dickson
5800,Black,50,.1567076123595506,Dickson
5800,Pooled,50,.0143538291220146,Dickson
5800,Hispanic,50,.0361878414634146,Dickson
5800,Asian,50,-.027618,Dickson
5800,Asian,75,.006774,Dickson
5800,White,25,.0652946666666667,Dickson
5800,Black,75,.109695,Dickson
5800,White,75,-.0606953344481605,Dickson
5900,Hispanic,50,.0583872874902875,Clarksville
5900,White,25,.0618939815590947,Clarksville
5900,White,75,-.0668600354924579,Clarksville
5900,Hispanic,75,.0123917777777778,Clarksville
5900,Pooled,-9,.0441112701966717,Clarksville
5900,Asian,25,-.0910069230769231,Clarksville
5900,Black,-9,.1861168994413408,Clarksville
5900,White,-9,-.0006516120689655,Clarksville
5900,Black,25,.212319944598338,Clarksville
5900,Pooled,75,-.0410785192857143,Clarksville
5900,Asian,50,-.0919435966735967,Clarksville
5900,Asian,75,-.0928802702702703,Clarksville
5900,AIAN,75,.04737,Clarksville
5900,Hispanic,25,.1043827972027972,Clarksville
5900,Pooled,50,.0328197101734158,Clarksville
5900,AIAN,-9,.10711,Clarksville
5900,Hispanic,-9,.0735765023255814,Clarksville
5900,Asian,-9,-.0919189473684211,Clarksville
5900,Black,75,.1048048710601719,Clarksville
5900,AIAN,50,.10711,Clarksville
5900,Black,50,.158562407829255,Clarksville
5900,Pooled,25,.1067179396325459,Clarksville
5900,White,50,-.0024830269666816,Clarksville
5900,AIAN,25,.16685,Clarksville
6000,Pooled,75,-.0383073959160196,Huntsville
6000,Hispanic,75,-.0102545473684211,Huntsville
6000,Black,-9,.1822231379025599,Huntsville
6000,Asian,-9,-.1219160784313725,Huntsville
6000,White,25,.0745457793889177,Huntsville
6000,AIAN,25,.0690506060606061,Huntsville
6000,Hispanic,25,.0717597826086957,Huntsville
6000,White,75,-.0600914280833618,Huntsville
6000,Pooled,-9,.0286301143568982,Huntsville
6000,Hispanic,-9,.0346580619047619,Huntsville
6000,Asian,25,-.1234322222222222,Huntsville
6000,Black,25,.1977403282532239,Huntsville
6000,Asian,75,-.1210890909090909,Huntsville
6000,AIAN,75,-.010714,Huntsville
6000,White,50,.0072271756527779,Huntsville
6000,AIAN,-9,.0209996385542169,Huntsville
6000,Asian,50,-.1222606565656566,Huntsville
6000,Pooled,50,.0346760830267101,Huntsville
6000,White,-9,-.0065746624125154,Huntsville
6000,Black,75,.1452506145251397,Huntsville
6000,Black,50,.1714954713891818,Huntsville
6000,Hispanic,50,.0307526176201373,Huntsville
6000,Pooled,25,.1076595619694397,Huntsville
6000,AIAN,50,.029168303030303,Huntsville
6100,AIAN,25,.05483,Gadsden
6100,Asian,25,-.07102,Gadsden
6100,Asian,75,-.06812,Gadsden
6100,Black,-9,.1828819444444444,Gadsden
6100,Hispanic,25,.022973829787234,Gadsden
6100,Pooled,75,-.0421053655613264,Gadsden
6100,Pooled,50,.0219492426685189,Gadsden
6100,Pooled,25,.0860038508983642,Gadsden
6100,Black,75,.1325610619469027,Gadsden
6100,White,75,-.0507911403508772,Gadsden
6100,Hispanic,-9,-.0047442142857143,Gadsden
6100,Asian,-9,-.06957,Gadsden
6100,Black,25,.1974248081841432,Gadsden
6100,Hispanic,50,-.0192058024976873,Gadsden
6100,AIAN,75,.013695,Gadsden
6100,White,50,.0126349015226746,Gadsden
6100,Pooled,-9,.0345504862002567,Gadsden
6100,White,-9,.0230897435897436,Gadsden
6100,Black,50,.164992935065523,Gadsden
6100,Asian,50,-.06957,Gadsden
6100,Hispanic,75,-.0613854347826087,Gadsden
6100,AIAN,-9,.0342625,Gadsden
6100,AIAN,50,.0342625,Gadsden
6100,White,25,.0760609433962264,Gadsden
6200,Pooled,50,.0278525414328776,Florence
6200,AIAN,75,.0493153333333333,Florence
6200,Hispanic,25,.0602904545454545,Florence
6200,Hispanic,75,.1194459090909091,Florence
6200,Hispanic,-9,.0898681818181818,Florence
6200,White,-9,.0168663299232737,Florence
6200,White,75,-.0544055513513514,Florence
6200,Pooled,-9,.0342695255411255,Florence
6200,Asian,75,-.1429325,Florence
6200,Asian,25,-.146,Florence
6200,Black,-9,.177632568627451,Florence
6200,Black,75,.1269747101449275,Florence
6200,Black,25,.196425,Florence
6200,AIAN,25,.0807966666666667,Florence
6200,Pooled,75,-.0389187796934866,Florence
6200,Hispanic,50,.0898681818181818,Florence
6200,Asian,-9,-.14446625,Florence
6200,Black,50,.1616998550724638,Florence
6200,AIAN,50,.065056,Florence
6200,Pooled,25,.0946238625592417,Florence
6200,Asian,50,-.14446625,Florence
6200,AIAN,-9,.065056,Florence
6200,White,50,.0132335398583049,Florence
6200,White,25,.0808726310679612,Florence
6301,Asian,25,-.1486,McMinnville
6301,Hispanic,75,-.0327366666666667,McMinnville
6301,Black,25,.1896032258064516,McMinnville
6301,Pooled,75,-.064039165329053,McMinnville
6301,Hispanic,25,.10643,McMinnville
6301,Black,75,.1141148148148148,McMinnville
6301,Pooled,25,.0600285851780558,McMinnville
6301,White,75,-.0722663475177305,McMinnville
6301,Asian,50,-.1639,McMinnville
6301,Pooled,50,-.0020052900754986,McMinnville
6301,Asian,75,-.1792,McMinnville
6301,Hispanic,50,.0368466666666667,McMinnville
6301,White,25,.0564820491803279,McMinnville
6301,Hispanic,-9,.0368466666666667,McMinnville
6301,Asian,-9,-.1639,McMinnville
6301,Black,-9,.1544620689655172,McMinnville
6301,White,50,-.0078921491687013,McMinnville
6301,Black,50,.1518590203106332,McMinnville
6301,White,-9,.009330038961039,McMinnville
6301,Pooled,-9,.0135218411552347,McMinnville
6302,Asian,50,-.095535,Cookeville
6302,AIAN,-9,-.02705,Cookeville
6302,White,75,-.1115376974564926,Cookeville
6302,Black,-9,.1913,Cookeville
6302,Pooled,-9,-.0297498440643863,Cookeville
6302,Hispanic,25,-.03661,Cookeville
6302,Asian,25,-.1147,Cookeville
6302,AIAN,25,.1065,Cookeville
6302,White,25,.0190038607050731,Cookeville
6302,White,50,-.0462669183757098,Cookeville
6302,Hispanic,75,.07956,Cookeville
6302,AIAN,50,-.02705,Cookeville
6302,Pooled,75,-.1057801021711366,Cookeville
6302,Pooled,25,.0196540497925311,Cookeville
6302,AIAN,75,-.1606,Cookeville
6302,White,-9,-.0320508743455497,Cookeville
6302,Asian,-9,-.095535,Cookeville
6302,Hispanic,-9,.0080707692307692,Cookeville
6302,Asian,75,-.07637,Cookeville
6302,Black,75,.1593,Cookeville
6302,Hispanic,50,.021475,Cookeville
6302,Pooled,50,-.0430630261893028,Cookeville
6302,Black,50,.1913,Cookeville
6302,Black,25,.2233,Cookeville
6401,Pooled,-9,.0430203125623131,Chattanooga
6401,Pooled,75,-.030413639200561,Chattanooga
6401,Hispanic,25,.0530014925373134,Chattanooga
6401,Pooled,25,.1091711749842072,Chattanooga
6401,Asian,75,-.0798754545454545,Chattanooga
6401,Black,25,.2098393274853801,Chattanooga
6401,AIAN,75,.0752888,Chattanooga
6401,Hispanic,75,.0257172727272727,Chattanooga
6401,AIAN,25,.1224352,Chattanooga
6401,Black,75,.1478954010695187,Chattanooga
6401,Asian,-9,-.0843466666666667,Chattanooga
6401,AIAN,50,.098862,Chattanooga
6401,White,25,.08469324032974,Chattanooga
6401,White,75,-.0443458699823771,Chattanooga
6401,AIAN,-9,.098862,Chattanooga
6401,Asian,25,-.0896637837837838,Chattanooga
6401,Hispanic,-9,.0407012295081967,Chattanooga
6401,White,-9,.0177078026021549,Chattanooga
6401,White,50,.0201736851736814,Chattanooga
6401,Black,-9,.1965402296211251,Chattanooga
6401,Hispanic,50,.0393593826322931,Chattanooga
6401,Pooled,50,.0393787678918231,Chattanooga
6401,Asian,50,-.0847696191646192,Chattanooga
6401,Black,50,.1788673642774494,Chattanooga
6402,Asian,75,-.00375,Crossville
6402,Black,-9,.224725,Crossville
6402,Pooled,25,.0584370907457323,Crossville
6402,Black,50,.224725,Crossville
6402,White,25,.053705414084507,Crossville
6402,White,75,-.0592571709233792,Crossville
6402,Asian,50,.0004985,Crossville
6402,Pooled,75,-.0510734290843806,Crossville
6402,White,50,-.0027758784194361,Crossville
6402,Black,25,.30715,Crossville
6402,Pooled,50,.0036818308306758,Crossville
6402,Hispanic,-9,.0491466666666667,Crossville
6402,Hispanic,50,.0491466666666667,Crossville
6402,Hispanic,25,.1204933333333333,Crossville
6402,Hispanic,75,-.0222,Crossville
6402,Pooled,-9,.021911725748503,Crossville
6402,Asian,-9,.0004985,Crossville
6402,Black,75,.1423,Crossville
6402,Asian,25,.004747,Crossville
6402,White,-9,.017175581956798,Crossville
6501,Pooled,-9,-.027160788530466,Ellijay
6501,Hispanic,75,-.117965,Ellijay
6501,Black,25,.3168,Ellijay
6501,Hispanic,25,-.059945,Ellijay
6501,Black,-9,.24845,Ellijay
6501,Pooled,75,-.0950170297029703,Ellijay
6501,Pooled,50,-.0418375597953054,Ellijay
6501,Black,75,.1801,Ellijay
6501,Hispanic,-9,-.088955,Ellijay
6501,Pooled,25,.0113419101123595,Ellijay
6501,White,-9,-.0319301176470588,Ellijay
6501,Black,50,.24845,Ellijay
6501,Hispanic,50,-.088955,Ellijay
6501,White,75,-.1053191011235955,Ellijay
6501,White,25,.0074169879518072,Ellijay
6501,White,50,-.0489510565858941,Ellijay
6502,White,75,-.0431422277227723,Cleveland
6502,AIAN,75,.06892,Cleveland
6502,White,50,.0204071762220244,Cleveland
6502,Hispanic,75,.1118671698113207,Cleveland
6502,Asian,75,-.0822563333333333,Cleveland
6502,AIAN,25,.3412,Cleveland
6502,Black,25,.2073772357723577,Cleveland
6502,Asian,50,-.0937181666666667,Cleveland
6502,Pooled,25,.0904925607711651,Cleveland
6502,Black,50,.1840331094116026,Cleveland
6502,Pooled,75,-.0316653534090909,Cleveland
6502,AIAN,-9,.20506,Cleveland
6502,Hispanic,25,.1236201369863014,Cleveland
6502,Asian,-9,-.0937181666666667,Cleveland
6502,White,25,.0839565801668211,Cleveland
6502,Asian,25,-.10518,Cleveland
6502,Black,-9,.192242032967033,Cleveland
6502,White,-9,.0295337731849497,Cleveland
6502,Hispanic,-9,.1186764285714286,Cleveland
6502,Pooled,-9,.0386358485287024,Cleveland
6502,Pooled,50,.0294136036810371,Cleveland
6502,Hispanic,50,.1177436533988111,Cleveland
6502,Black,75,.1606889830508474,Cleveland
6502,AIAN,50,.20506,Cleveland
6600,Black,25,.2057821637426901,Rome
6600,Hispanic,-9,.0263054255319149,Rome
6600,Pooled,75,-.0035663851777162,Rome
6600,AIAN,25,.13433,Rome
6600,Asian,-9,-.0958201923076923,Rome
6600,Hispanic,50,.0293627118067123,Rome
6600,Hispanic,25,.0242826755218216,Rome
6600,White,25,.1185578826643141,Rome
6600,AIAN,-9,.084435,Rome
6600,Pooled,25,.1184729301767027,Rome
6600,Asian,25,-.0925626923076923,Rome
6600,AIAN,75,.03454,Rome
6600,Asian,50,-.0958201923076923,Rome
6600,White,75,-.0124918294051627,Rome
6600,White,-9,.0608817683378612,Rome
6600,Black,50,.1824330765521961,Rome
6600,Pooled,-9,.069051741527154,Rome
6600,White,50,.0530330266295757,Rome
6600,AIAN,50,.084435,Rome
6600,Asian,75,-.0990776923076923,Rome
6600,Pooled,50,.0574532724994933,Rome
6600,Hispanic,75,.0344427480916031,Rome
6600,Black,-9,.1957142087155964,Rome
6600,Black,75,.1590839893617021,Rome
6700,Asian,25,-.0973441264559068,Tampa
6700,Asian,-9,-.0965134296296296,Tampa
6700,Black,-9,.2033930516717325,Tampa
6700,AIAN,-9,.0951690140845071,Tampa
6700,AIAN,50,.0810181196581197,Tampa
6700,Pooled,25,.0993251797495149,Tampa
6700,White,75,-.0340230637007078,Tampa
6700,Hispanic,-9,.064585700792393,Tampa
6700,Pooled,-9,.0444772829215732,Tampa
6700,Black,75,.1491728928046989,Tampa
6700,Hispanic,75,.0052565670419652,Tampa
6700,Black,50,.1833592329105902,Tampa
6700,Pooled,75,-.0213230148558852,Tampa
6700,White,50,.0197530699195576,Tampa
6700,Asian,50,-.0964076415160536,Tampa
6700,Black,25,.2175455730164814,Tampa
6700,White,25,.073529203539823,Tampa
6700,Asian,75,-.0954711565762004,Tampa
6700,AIAN,75,.0281384615384615,Tampa
6700,White,-9,.0173383993660856,Tampa
6700,Hispanic,50,.0482279667165749,Tampa
6700,Pooled,50,.0390010824468148,Tampa
6700,Hispanic,25,.0911993663911846,Tampa
6700,AIAN,25,.1338977777777778,Tampa
6800,White,50,.0629028256375706,Lakeland
6800,White,75,-.0031996640037594,Lakeland
6800,Asian,50,-.0624535449843474,Lakeland
6800,Hispanic,25,.106619497161395,Lakeland
6800,AIAN,75,.1406304347826087,Lakeland
6800,Hispanic,50,.0752894233211819,Lakeland
6800,Pooled,25,.1457099495818987,Lakeland
6800,Pooled,75,.0124979995990377,Lakeland
6800,Hispanic,-9,.0947214796320631,Lakeland
6800,Black,50,.2081967762596277,Lakeland
6800,White,-9,.067872721642764,Lakeland
6800,Black,75,.1890055131964809,Lakeland
6800,AIAN,-9,.168386,Lakeland
6800,AIAN,25,.1920296296296296,Lakeland
6800,Pooled,50,.0791039745904682,Lakeland
6800,White,25,.1290053152789006,Lakeland
6800,Asian,-9,-.0629707558139535,Lakeland
6800,Black,-9,.2213620534069981,Lakeland
6800,AIAN,50,.1663300322061192,Lakeland
6800,Asian,75,-.0560992405063291,Lakeland
6800,Asian,25,-.0688078494623656,Lakeland
6800,Pooled,-9,.0950650405487805,Lakeland
6800,Black,25,.2273880393227744,Lakeland
6800,Hispanic,75,.0439593494809689,Lakeland
6900,White,-9,-.0011649896085902,Sarasota
6900,Asian,75,-.0927466666666667,Sarasota
6900,Pooled,-9,.0232660403135498,Sarasota
6900,White,25,.0482435357991177,Sarasota
6900,Hispanic,25,.080791662763466,Sarasota
6900,Asian,25,-.1060132608695652,Sarasota
6900,Hispanic,-9,.0611725337954939,Sarasota
6900,Pooled,75,-.0421267359389895,Sarasota
6900,Pooled,50,.0163128429386864,Sarasota
6900,AIAN,25,.1501,Sarasota
6900,AIAN,-9,.0902016666666667,Sarasota
6900,White,75,-.052670799434029,Sarasota
6900,AIAN,75,.0303033333333333,Sarasota
6900,Black,75,.145808,Sarasota
6900,Black,25,.2215736283185841,Sarasota
6900,White,50,-.0022136318174556,Sarasota
6900,Pooled,25,.0747524218163623,Sarasota
6900,Asian,50,-.0993799637681159,Sarasota
6900,AIAN,50,.0902016666666667,Sarasota
6900,Black,-9,.2078479710144928,Sarasota
6900,Hispanic,75,.0053234133333333,Sarasota
6900,Asian,-9,-.1004715189873418,Sarasota
6900,Black,50,.183690814159292,Sarasota
6900,Hispanic,50,.0430575380483997,Sarasota
7000,Hispanic,25,.0466811191154297,Miami
7000,Asian,25,-.0974162637362637,Miami
7000,AIAN,75,.0622407692307692,Miami
7000,Pooled,25,.0834884444323025,Miami
7000,White,75,-.0541599398578458,Miami
7000,Black,25,.1814485347382285,Miami
7000,White,25,.0201009779474131,Miami
7000,Hispanic,-9,.0327211064083458,Miami
7000,Asian,-9,-.097867732079906,Miami
7000,Pooled,75,-.0133643019207683,Miami
7000,Pooled,-9,.0469104117833745,Miami
7000,Black,75,.1411209219858156,Miami
7000,Black,50,.161284728362022,Miami
7000,Asian,50,-.0979013641913642,Miami
7000,Asian,75,-.0983864646464647,Miami
7000,Black,-9,.1734447435559074,Miami
7000,White,-9,-.0250530176196808,Miami
7000,AIAN,-9,.11248575,Miami
7000,AIAN,25,.1366777777777778,Miami
7000,White,50,-.0170294809552164,Miami
7000,Hispanic,75,-.001733024602026,Miami
7000,AIAN,50,.0994592735042735,Miami
7000,Hispanic,50,.0224740472567018,Miami
7000,Pooled,50,.0350620712557671,Miami
7100,Asian,-9,-.0951147368421053,Port St. Lucie
7100,Hispanic,-9,.0585877845454545,Port St. Lucie
7100,Hispanic,75,.0171794731707317,Port St. Lucie
7100,AIAN,25,.2945612903225806,Port St. Lucie
7100,Black,50,.1822722597567675,Port St. Lucie
7100,Asian,25,-.0965255474452555,Port St. Lucie
7100,Pooled,25,.1017323615330685,Port St. Lucie
7100,AIAN,50,.236344930875576,Port St. Lucie
7100,Pooled,50,.0394538505628653,Port St. Lucie
7100,Black,25,.2112204862495018,Port St. Lucie
7100,White,-9,-.0008832269717038,Port St. Lucie
7100,Pooled,-9,.0460312916478264,Port St. Lucie
7100,White,75,-.0414886137566138,Port St. Lucie
7100,White,50,.0056102322278384,Port St. Lucie
7100,Black,-9,.2019067090301003,Port St. Lucie
7100,AIAN,75,.1781285714285714,Port St. Lucie
7100,White,25,.0527090782122905,Port St. Lucie
7100,Hispanic,50,.0459171025159652,Port St. Lucie
7100,Black,75,.1533240332640333,Port St. Lucie
7100,Asian,75,-.0936164341085271,Port St. Lucie
7100,AIAN,-9,.2393050847457627,Port St. Lucie
7100,Asian,50,-.0950709907768913,Port St. Lucie
7100,Pooled,75,-.0228246604073379,Port St. Lucie
7100,Hispanic,25,.0746547318611987,Port St. Lucie
7200,Hispanic,75,.0351425,Cape Coral
7200,White,75,-.039506835443038,Cape Coral
7200,Asian,50,-.0717092403486924,Cape Coral
7200,Hispanic,25,.0988189677419355,Cape Coral
7200,White,25,.0561245315904139,Cape Coral
7200,Black,75,.1231363636363637,Cape Coral
7200,Hispanic,50,.0669807338709677,Cape Coral
7200,Black,25,.1909019230769231,Cape Coral
7200,Black,-9,.18109375,Cape Coral
7200,Pooled,-9,.0359136258697027,Cape Coral
7200,Pooled,50,.0274546069615878,Cape Coral
7200,Hispanic,-9,.0861758634953464,Cape Coral
7200,Pooled,75,-.0289150827906977,Cape Coral
7200,Asian,25,-.0739957534246575,Cape Coral
7200,AIAN,-9,.155804,Cape Coral
7200,Asian,75,-.0694227272727273,Cape Coral
7200,White,50,.008308848073688,Cape Coral
7200,Pooled,25,.0838242967138732,Cape Coral
7200,AIAN,50,.155804,Cape Coral
7200,White,-9,.0075401071811361,Cape Coral
7200,Asian,-9,-.07203078125,Cape Coral
7200,Black,50,.1570191433566434,Cape Coral
7200,AIAN,75,.024768,Cape Coral
7200,AIAN,25,.28684,Cape Coral
7300,Hispanic,-9,.043774024742268,Palm Bay
7300,Asian,25,-.0737657943925234,Palm Bay
7300,Asian,50,-.0679033396741378,Palm Bay
7300,White,50,.0126778076774101,Palm Bay
7300,Hispanic,50,.0384090242174281,Palm Bay
7300,Pooled,-9,.0299180600414079,Palm Bay
7300,White,75,-.0364645854483926,Palm Bay
7300,AIAN,75,.0487521739130435,Palm Bay
7300,Asian,75,-.0620408849557522,Palm Bay
7300,Pooled,75,-.0253195295508274,Palm Bay
7300,Pooled,25,.0852537625814091,Palm Bay
7300,Black,25,.2193710280373832,Palm Bay
7300,Hispanic,75,.0098153401015228,Palm Bay
7300,White,-9,.0084810743801653,Palm Bay
7300,White,25,.0618202008032128,Palm Bay
7300,Hispanic,25,.0670027083333333,Palm Bay
7300,Black,75,.1407475609756098,Palm Bay
7300,Black,-9,.2009243204577968,Palm Bay
7300,AIAN,50,.0826847826086956,Palm Bay
7300,Black,50,.1800592945064965,Palm Bay
7300,Asian,-9,-.0677434545454545,Palm Bay
7300,Pooled,50,.0299671165152908,Palm Bay
7300,AIAN,-9,.0826847826086956,Palm Bay
7300,AIAN,25,.1166173913043478,Palm Bay
7400,Black,-9,.1909485013623978,Orlando
7400,Pooled,-9,.0441131938530946,Orlando
7400,White,25,.0629066115702479,Orlando
7400,Hispanic,75,.0195909448818898,Orlando
7400,AIAN,50,.0917420265339967,Orlando
7400,AIAN,75,.0453168888888889,Orlando
7400,White,-9,.0073510440541747,Orlando
7400,Black,50,.1733956635367579,Orlando
7400,Hispanic,-9,.0683066939192642,Orlando
7400,Asian,75,-.1095664276985743,Orlando
7400,Asian,-9,-.1123278309859155,Orlando
7400,Hispanic,50,.0524883640903583,Orlando
7400,Pooled,50,.0376148028638124,Orlando
7400,Pooled,75,-.0198339972445952,Orlando
7400,Asian,25,-.1144299224806202,Orlando
7400,Hispanic,25,.0853857832988268,Orlando
7400,AIAN,25,.1381671641791045,Orlando
7400,Pooled,25,.0950636029722199,Orlando
7400,Black,75,.1446514774494557,Orlando
7400,Black,25,.2021398496240602,Orlando
7400,White,75,-.0365148448528433,Orlando
7400,Asian,50,-.1119981750895973,Orlando
7400,White,50,.0131958833587023,Orlando
7400,AIAN,-9,.10086125,Orlando
7500,Pooled,50,.0401788903404176,Deltona
7500,Black,50,.1853427014873746,Deltona
7500,Asian,75,-.05316,Deltona
7500,Black,-9,.2103413597733711,Deltona
7500,Hispanic,75,.018849873015873,Deltona
7500,White,25,.0649775847457627,Deltona
7500,Black,75,.1477915254237288,Deltona
7500,Black,25,.2228938775510204,Deltona
7500,White,-9,.0232984217812644,Deltona
7500,Asian,50,-.0573686046511628,Deltona
7500,Pooled,-9,.0508237161704404,Deltona
7500,Pooled,75,-.0147997727172231,Deltona
7500,White,50,.0192234073678155,Deltona
7500,AIAN,75,.0505459259259259,Deltona
7500,Hispanic,50,.0600584350502106,Deltona
7500,Asian,25,-.0615772093023256,Deltona
7500,AIAN,50,.1009933333333334,Deltona
7500,Hispanic,25,.1012669970845481,Deltona
7500,White,75,-.0265307700101317,Deltona
7500,Hispanic,-9,.0791250831556503,Deltona
7500,AIAN,25,.1514407407407408,Deltona
7500,Asian,-9,-.0581180821917808,Deltona
7500,Pooled,25,.0951575533980582,Deltona
7500,AIAN,-9,.1009933333333334,Deltona
7600,Black,25,.2330626073963392,Jacksonville
7600,Black,-9,.2197970243204578,Jacksonville
7600,White,-9,.0338360347163421,Jacksonville
7600,White,75,-.0168788219702548,Jacksonville
7600,Hispanic,75,.0231508128654971,Jacksonville
7600,Asian,75,-.0492435813953488,Jacksonville
7600,Asian,25,-.0660091875,Jacksonville
7600,Hispanic,25,.0974293686354379,Jacksonville
7600,White,50,.042788687241611,Jacksonville
7600,Pooled,-9,.0729275481030219,Jacksonville
7600,Pooled,75,.0032332153320312,Jacksonville
7600,Asian,-9,-.0563969066666667,Jacksonville
7600,Hispanic,-9,.0669332509003601,Jacksonville
7600,AIAN,25,.179168,Jacksonville
7600,Black,75,.1763838630806846,Jacksonville
7600,Asian,50,-.0576263844476744,Jacksonville
7600,AIAN,-9,.1009862424242425,Jacksonville
7600,White,25,.1024561964534768,Jacksonville
7600,Hispanic,50,.0602900907504675,Jacksonville
7600,AIAN,50,.0799373076923077,Jacksonville
7600,Pooled,50,.0721173421360287,Jacksonville
7600,Black,50,.2047232352385119,Jacksonville
7600,Pooled,25,.1410014689400262,Jacksonville
7600,AIAN,75,-.0192933846153846,Jacksonville
7700,Asian,75,-.0057793333333333,Lake City
7700,Pooled,-9,.1068207886120996,Lake City
7700,Asian,50,-.0189713333333333,Lake City
7700,Asian,25,-.0321633333333333,Lake City
7700,Hispanic,25,.11391,Lake City
7700,AIAN,75,.06815,Lake City
7700,Black,50,.2055128480565371,Lake City
7700,Black,25,.2304416961130742,Lake City
7700,Pooled,50,.0833585163731507,Lake City
7700,AIAN,25,.1698,Lake City
7700,White,-9,.0725701530612245,Lake City
7700,Pooled,75,.0152500608034745,Lake City
7700,White,25,.1204734747145187,Lake City
7700,Black,-9,.2229555555555555,Lake City
7700,Hispanic,-9,.0703961666666667,Lake City
7700,Hispanic,75,.0189707272727273,Lake City
7700,Pooled,25,.1514669719428269,Lake City
7700,AIAN,50,.118975,Lake City
7700,Hispanic,50,.0664403636363636,Lake City
7700,White,75,-.0074427520435967,Lake City
7700,AIAN,-9,.118975,Lake City
7700,Black,75,.180584,Lake City
7700,White,50,.056515361335461,Lake City
7700,Asian,-9,-.0189713333333333,Lake City
7800,Hispanic,25,.0860197435897436,Ocala
7800,AIAN,50,.1287125,Ocala
7800,Black,25,.2386620689655172,Ocala
7800,Black,50,.2106031656302996,Ocala
7800,AIAN,-9,.1287125,Ocala
7800,White,75,-.0156869162995595,Ocala
7800,Asian,25,-.0976151515151515,Ocala
7800,White,-9,.0498744173913044,Ocala
7800,Hispanic,-9,.0724435877862595,Ocala
7800,Pooled,25,.1129905092091008,Ocala
7800,Asian,-9,-.10056,Ocala
7800,Pooled,-9,.0711585105790646,Ocala
7800,Asian,50,-.1008872053872054,Ocala
7800,Hispanic,75,.0329308955223881,Ocala
7800,Black,75,.182544262295082,Ocala
7800,Black,-9,.2302924205378973,Ocala
7800,AIAN,25,.1643,Ocala
7800,White,50,.0384765418502203,Ocala
7800,Pooled,50,.0545006146668314,Ocala
7800,White,25,.09264,Ocala
7800,AIAN,75,.093125,Ocala
7800,Asian,75,-.1041592592592593,Ocala
7800,Pooled,75,-.0039892798754379,Ocala
7800,Hispanic,50,.0594753195560658,Ocala
7900,Hispanic,25,.038827134502924,Gainesville
7900,Pooled,75,-.0499178717589348,Gainesville
7900,Asian,-9,-.093208,Gainesville
7900,Hispanic,50,-.0048081198651024,Gainesville
7900,White,-9,-.0061088999547306,Gainesville
7900,Black,75,.1326411059907834,Gainesville
7900,AIAN,-9,.1106025,Gainesville
7900,White,75,-.0657693265993266,Gainesville
7900,Hispanic,75,-.0484433742331288,Gainesville
7900,Black,50,.1741122117179846,Gainesville
7900,White,25,.0633098922624878,Gainesville
7900,AIAN,75,.067405,Gainesville
7900,Hispanic,-9,-.0037629640718563,Gainesville
7900,AIAN,25,.1538,Gainesville
7900,Asian,75,-.0995489756097561,Gainesville
7900,Pooled,50,.0289439172380386,Gainesville
7900,Pooled,-9,.035084689822294,Gainesville
7900,Asian,25,-.0842431724137931,Gainesville
7900,AIAN,50,.1106025,Gainesville
7900,Pooled,25,.107805706235012,Gainesville
7900,Asian,50,-.0918960740117746,Gainesville
7900,Black,-9,.2013665244865719,Gainesville
7900,Black,25,.2155833174451859,Gainesville
7900,White,50,-.0012297171684194,Gainesville
8000,Pooled,75,.0074272197106691,Sumter
8000,Hispanic,25,.1330808988764045,Sumter
8000,Black,-9,.2222360999194198,Sumter
8000,Pooled,25,.1793928765633497,Sumter
8000,AIAN,-9,.179825,Sumter
8000,Black,50,.1934246629549533,Sumter
8000,Hispanic,50,.0658432186689715,Sumter
8000,Asian,25,-.0662057142857143,Sumter
8000,AIAN,50,.179825,Sumter
8000,Asian,75,-.1032725806451613,Sumter
8000,White,75,-.0276939809296782,Sumter
8000,White,25,.1076638700947226,Sumter
8000,AIAN,25,.1728,Sumter
8000,White,-9,.0356960392902408,Sumter
8000,Asian,50,-.0847391474654378,Sumter
8000,Asian,-9,-.0836159090909091,Sumter
8000,AIAN,75,.18685,Sumter
8000,Hispanic,-9,.0763218181818182,Sumter
8000,Pooled,-9,.1148108675721562,Sumter
8000,White,50,.0399849445825222,Sumter
8000,Hispanic,75,-.0013944615384615,Sumter
8000,Pooled,50,.0934100481370094,Sumter
8000,Black,75,.1497677725118483,Sumter
8000,Black,25,.2370815533980583,Sumter
8100,Asian,75,-.0950260714285714,Columbia
8100,AIAN,50,.1610365384615385,Columbia
8100,Pooled,25,.1721183034157349,Columbia
8100,Asian,-9,-.0947121818181818,Columbia
8100,Pooled,75,.0049443919379127,Columbia
8100,Black,75,.1738328552803129,Columbia
8100,Hispanic,25,.1000460702875399,Columbia
8100,Hispanic,-9,.0723683122137405,Columbia
8100,White,25,.0937379597107438,Columbia
8100,White,50,.0302927042998163,Columbia
8100,Asian,25,-.0943866666666667,Columbia
8100,AIAN,75,.1477461538461539,Columbia
8100,White,-9,.0131023969120693,Columbia
8100,Pooled,50,.0885313476768238,Columbia
8100,Pooled,-9,.0936060426286585,Columbia
8100,Black,50,.2056433889661233,Columbia
8100,AIAN,25,.1743269230769231,Columbia
8100,Asian,50,-.094706369047619,Columbia
8100,Hispanic,75,.0313107848341232,Columbia
8100,Hispanic,50,.0656784275608316,Columbia
8100,White,75,-.0331525511111111,Columbia
8100,AIAN,-9,.1610365384615385,Columbia
8100,Black,25,.2374539226519337,Columbia
8100,Black,-9,.2234397472716829,Columbia
8201,White,25,.1421213235294118,Barnwell
8201,Hispanic,25,.137785,Barnwell
8201,White,50,.076702579057939,Barnwell
8201,Pooled,-9,.1672014680232558,Barnwell
8201,Pooled,25,.2146839919354839,Barnwell
8201,Black,25,.2469482558139535,Barnwell
8201,Pooled,50,.1296111365927419,Barnwell
8201,Pooled,75,.04453828125,Barnwell
8201,White,75,.0112838345864662,Barnwell
8201,Hispanic,-9,.0174675,Barnwell
8201,Hispanic,75,-.10285,Barnwell
8201,Black,-9,.2419803617571059,Barnwell
8201,White,-9,.077432156133829,Barnwell
8201,Black,50,.2245927325581395,Barnwell
8201,Black,75,.2022372093023256,Barnwell
8201,Hispanic,50,.0174675,Barnwell
8202,Hispanic,50,.0706157719626168,Charleston
8202,Black,-9,.2255945679912504,Charleston
8202,Pooled,50,.0816568044345798,Charleston
8202,AIAN,50,.1358462631578947,Charleston
8202,Black,75,.1771379310344828,Charleston
8202,Hispanic,25,.1124836,Charleston
8202,Black,50,.2078629784622252,Charleston
8202,Pooled,-9,.087307763140009,Charleston
8202,Black,25,.2385880258899676,Charleston
8202,Hispanic,75,.0287479439252336,Charleston
8202,Asian,-9,-.0737853515625,Charleston
8202,White,25,.0945698507462687,Charleston
8202,Pooled,25,.1590004687005172,Charleston
8202,Pooled,75,.0043131401686423,Charleston
8202,White,-9,.0240693800777111,Charleston
8202,Asian,25,-.0739416806722689,Charleston
8202,AIAN,75,.1242972631578948,Charleston
8202,Asian,75,-.0736495620437956,Charleston
8202,White,50,.0343989636607436,Charleston
8202,AIAN,-9,.1358462631578947,Charleston
8202,Hispanic,-9,.0776208949416342,Charleston
8202,AIAN,25,.1473952631578947,Charleston
8202,White,75,-.0257719234247814,Charleston
8202,Asian,50,-.0737956213580322,Charleston
8300,Hispanic,25,.0916117013888889,Greenville
8300,White,25,.1193044451073986,Greenville
8300,Hispanic,50,.0652839948120915,Greenville
8300,Asian,25,-.0999814432989691,Greenville
8300,Black,50,.2136818921428159,Greenville
8300,AIAN,-9,.162783375,Greenville
8300,Asian,-9,-.092613504950495,Greenville
8300,AIAN,75,.10684175,Greenville
8300,White,75,-.0250150667874123,Greenville
8300,Black,25,.2415583387410773,Greenville
8300,White,50,.0471446891599931,Greenville
8300,Asian,75,-.0858069333333333,Greenville
8300,White,-9,.0372527931522718,Greenville
8300,Black,75,.1858054455445544,Greenville
8300,Hispanic,-9,.072067115720524,Greenville
8300,Pooled,25,.1536788170146036,Greenville
8300,Pooled,-9,.0743432139241763,Greenville
8300,Black,-9,.2299777892030849,Greenville
8300,Pooled,75,-.0070178433008343,Greenville
8300,AIAN,25,.218725,Greenville
8300,Asian,50,-.0928941883161512,Greenville
8300,Pooled,50,.0733304868568847,Greenville
8300,AIAN,50,.162783375,Greenville
8300,Hispanic,75,.0389562882352941,Greenville
8401,Pooled,25,.1696431089538894,Aiken
8401,Hispanic,-9,.0688015092936803,Aiken
8401,Black,50,.1892752966733538,Aiken
8401,Pooled,-9,.0936253189936775,Aiken
8401,White,25,.1186071206690561,Aiken
8401,Asian,75,-.1042246107784431,Aiken
8401,Asian,50,-.0987247264418531,Aiken
8401,Hispanic,50,.0641721901960784,Aiken
8401,White,-9,.0339552221038615,Aiken
8401,AIAN,-9,.078015,Aiken
8401,Black,75,.1559172107765452,Aiken
8401,White,75,-.0160826586158192,Aiken
8401,AIAN,75,-.0213033333333333,Aiken
8401,AIAN,25,.1773333333333333,Aiken
8401,Pooled,75,.0127084899524133,Aiken
8401,Asian,-9,-.1002361450381679,Aiken
8401,Black,25,.2226333825701624,Aiken
8401,White,50,.0512622310266185,Aiken
8401,Asian,25,-.0932248421052631,Aiken
8401,Black,-9,.2068189932381668,Aiken
8401,Hispanic,75,.0240016470588235,Aiken
8401,Hispanic,25,.1043427333333333,Aiken
8401,Pooled,50,.0911757994531514,Aiken
8401,AIAN,50,.078015,Aiken
8402,Pooled,-9,.0888751278195489,Washington
8402,White,25,.0564823469387755,Washington
8402,Hispanic,50,.0829465,Washington
8402,White,-9,.0027903157894737,Washington
8402,Pooled,50,.0624141390977444,Washington
8402,Pooled,75,-.0169688270676692,Washington
8402,Black,50,.1364450044208665,Washington
8402,Black,25,.1970589743589743,Washington
8402,Hispanic,-9,.0829465,Washington
8402,Hispanic,25,.12013,Washington
8402,Pooled,25,.1417971052631579,Washington
8402,Black,75,.0758310344827586,Washington
8402,Hispanic,75,.045763,Washington
8402,White,75,-.0544033695652174,Washington
8402,Black,-9,.1780556756756757,Washington
8402,White,50,.0010394886867791,Washington
8501,Hispanic,25,.1062,Fitzgerald
8501,Black,-9,.2196954198473282,Fitzgerald
8501,Pooled,25,.1608881742738589,Fitzgerald
8501,Hispanic,-9,.02535,Fitzgerald
8501,White,25,.1050334745762712,Fitzgerald
8501,Black,25,.2220043478260869,Fitzgerald
8501,Hispanic,75,-.0555,Fitzgerald
8501,Black,75,.2031,Fitzgerald
8501,White,50,.0478261625754919,Fitzgerald
8501,Hispanic,50,.02535,Fitzgerald
8501,Pooled,75,.0179228828828829,Fitzgerald
8501,Black,50,.2125521739130435,Fitzgerald
8501,White,-9,.0564770243902439,Fitzgerald
8501,Pooled,50,.0894055285783709,Fitzgerald
8501,Pooled,-9,.1158053693181818,Fitzgerald
8501,White,75,-.0093811494252874,Fitzgerald
8502,White,-9,.0051198283261803,Cordele
8502,White,50,-.0013679401460942,Cordele
8502,Hispanic,-9,.202925,Cordele
8502,Asian,25,-.04156,Cordele
8502,Hispanic,25,.18505,Cordele
8502,Black,25,.2209260053619303,Cordele
8502,Hispanic,50,.202925,Cordele
8502,Black,75,.1562133333333333,Cordele
8502,Pooled,25,.1507519457013574,Cordele
8502,White,75,-.0618339423076923,Cordele
8502,Asian,-9,-.0267625,Cordele
8502,Hispanic,75,.2208,Cordele
8502,Pooled,50,.0710066746050647,Cordele
8502,Asian,50,-.0267625,Cordele
8502,White,25,.0590980620155039,Cordele
8502,Black,-9,.2139593301435407,Cordele
8502,Asian,75,-.011965,Cordele
8502,Pooled,75,-.0087385964912281,Cordele
8502,Pooled,-9,.1028038396624472,Cordele
8502,Black,50,.1885696693476318,Cordele
8503,AIAN,75,-.1589,Valdosta
8503,Asian,75,-.1093896551724138,Valdosta
8503,AIAN,25,.154,Valdosta
8503,Asian,-9,-.106238275862069,Valdosta
8503,Asian,25,-.1030868965517241,Valdosta
8503,White,25,.0814109319371728,Valdosta
8503,Pooled,-9,.0823015737761041,Valdosta
8503,Pooled,25,.1383833397745572,Valdosta
8503,Hispanic,25,.0817138523489933,Valdosta
8503,Hispanic,75,.0275077777777778,Valdosta
8503,Black,50,.1684983737718529,Valdosta
8503,Hispanic,50,.0546108150633855,Valdosta
8503,Black,25,.2145420858895706,Valdosta
8503,White,-9,.0247879801324503,Valdosta
8503,Pooled,75,-.0164511011342155,Valdosta
8503,White,50,.021550495140115,Valdosta
8503,Black,-9,.2016226476793249,Valdosta
8503,Hispanic,-9,.0600751370967742,Valdosta
8503,White,75,-.0383099416569428,Valdosta
8503,AIAN,50,-.00245,Valdosta
8503,Asian,50,-.106238275862069,Valdosta
8503,Black,75,.1224546616541353,Valdosta
8503,Pooled,50,.0609661193201708,Valdosta
8503,AIAN,-9,-.00245,Valdosta
8601,Pooled,75,-.0256053417721519,Waycross
8601,Pooled,25,.118512760779681,Waycross
8601,White,-9,.0285322550790068,Waycross
8601,Pooled,-9,.0696296104605777,Waycross
8601,Pooled,50,.0464537095037646,Waycross
8601,White,75,-.0496030057142857,Waycross
8601,Black,75,.1367581818181818,Waycross
8601,Black,-9,.191849552238806,Waycross
8601,Hispanic,25,.0946543111111111,Waycross
8601,Hispanic,75,-.0167334418604651,Waycross
8601,Asian,-9,-.132725,Waycross
8601,Hispanic,50,.038960434625323,Waycross
8601,Black,25,.2026710714285714,Waycross
8601,Asian,75,-.1158,Waycross
8601,White,50,.0149752042324094,Waycross
8601,Asian,25,-.14965,Waycross
8601,Hispanic,-9,.0402262045454545,Waycross
8601,White,25,.0795534141791045,Waycross
8601,Asian,50,-.132725,Waycross
8601,Black,50,.1697146266233766,Waycross
8602,Hispanic,25,.1161757894736842,Brunswick
8602,Hispanic,75,.1146285714285714,Brunswick
8602,Black,50,.1908085870614741,Brunswick
8602,Asian,-9,-.1545,Brunswick
8602,Hispanic,-9,.1153635,Brunswick
8602,Black,-9,.2044605263157895,Brunswick
8602,White,-9,.0181483492496589,Brunswick
8602,Asian,50,-.1545,Brunswick
8602,White,25,.0883955248618785,Brunswick
8602,White,75,-.0503947169811321,Brunswick
8602,Hispanic,50,.1154021804511278,Brunswick
8602,Pooled,25,.1360742307692308,Brunswick
8602,Pooled,50,.0614503041047889,Brunswick
8602,Black,25,.2146602510460251,Brunswick
8602,Asian,25,-.15,Brunswick
8602,Asian,75,-.159,Brunswick
8602,White,50,.0190004039403732,Brunswick
8602,Black,75,.1669569230769231,Brunswick
8602,Pooled,75,-.0131736225596529,Brunswick
8602,Pooled,-9,.0726610875576037,Brunswick
8701,Black,50,.1733322208067941,Hinesville
8701,AIAN,25,.2233,Hinesville
8701,Hispanic,75,-.0349007272727273,Hinesville
8701,White,-9,.0414599445005045,Hinesville
8701,Black,75,.1615191082802548,Hinesville
8701,White,75,-.0287648013245033,Hinesville
8701,AIAN,50,.22125,Hinesville
8701,Pooled,25,.1349687568943572,Hinesville
8701,White,25,.1005897026022305,Hinesville
8701,AIAN,-9,.22125,Hinesville
8701,Hispanic,50,.0215701414141414,Hinesville
8701,Hispanic,25,.0780410101010101,Hinesville
8701,Black,25,.1851453333333333,Hinesville
8701,Asian,75,-.0148669565217391,Hinesville
8701,Pooled,75,.0163326010286554,Hinesville
8701,Asian,25,-.0701712,Hinesville
8701,Pooled,50,.0756506789615063,Hinesville
8701,Black,-9,.1797064516129032,Hinesville
8701,Asian,-9,-.04367125,Hinesville
8701,Pooled,-9,.09154115922539,Hinesville
8701,White,50,.0359124506388636,Hinesville
8701,AIAN,75,.2192,Hinesville
8701,Asian,50,-.0425190782608696,Hinesville
8701,Hispanic,-9,.0377046753246753,Hinesville
8702,Pooled,25,.140920703675919,Statesboro
8702,Asian,75,-.05657,Statesboro
8702,Pooled,75,-.0290992264900662,Statesboro
8702,Hispanic,-9,.0248287575757576,Statesboro
8702,White,50,.0075989648952504,Statesboro
8702,Asian,-9,-.050565,Statesboro
8702,White,75,-.0549741245901639,Statesboro
8702,Asian,50,-.050565,Statesboro
8702,Black,25,.2213133333333334,Statesboro
8702,Pooled,50,.0559107385929264,Statesboro
8702,Hispanic,25,.0703781212121212,Statesboro
8702,Asian,25,-.04456,Statesboro
8702,Hispanic,75,-.0207206060606061,Statesboro
8702,Pooled,-9,.0794431906130268,Statesboro
8702,Hispanic,50,.0248287575757576,Statesboro
8702,Black,75,.1221215384615384,Statesboro
8702,White,-9,.0101569842767296,Statesboro
8702,Black,50,.1717174358974359,Statesboro
8702,White,25,.0701720543806647,Statesboro
8702,Black,-9,.2072589100817439,Statesboro
8800,Asian,50,-.1308481169447836,Savannah
8800,AIAN,50,.08625,Savannah
8800,Black,-9,.2068961080636314,Savannah
8800,AIAN,25,.094655,Savannah
8800,Black,50,.1917523207969993,Savannah
8800,White,-9,.0046354826598791,Savannah
8800,White,75,-.0387211261633919,Savannah
8800,White,25,.0739917121588089,Savannah
8800,Black,25,.2177477296360485,Savannah
8800,Asian,75,-.1285617283950617,Savannah
8800,Pooled,25,.1448985433854908,Savannah
8800,AIAN,75,.077845,Savannah
8800,Pooled,-9,.0748590449609449,Savannah
8800,Pooled,75,-.0059579716864998,Savannah
8800,Hispanic,25,.0859626542056075,Savannah
8800,AIAN,-9,.08625,Savannah
8800,Hispanic,-9,.0612075690607735,Savannah
8800,Pooled,50,.0694702858494955,Savannah
8800,Asian,25,-.1331345054945055,Savannah
8800,White,50,.0176352929977085,Savannah
8800,Asian,-9,-.1309810465116279,Savannah
8800,Black,75,.1657569119579501,Savannah
8800,Hispanic,75,.0254130540540541,Savannah
8800,Hispanic,50,.0556878541298308,Savannah
8900,Black,75,.1289591869918699,Macon
8900,Hispanic,75,.0080193865030675,Macon
8900,Black,-9,.1877416784741144,Macon
8900,Asian,25,-.0187449122807018,Macon
8900,AIAN,50,.050205,Macon
8900,Black,50,.1673592837771738,Macon
8900,Black,25,.2057593805624778,Macon
8900,Pooled,25,.1319211906062261,Macon
8900,AIAN,75,-.0175,Macon
8900,Asian,50,-.0204937330634278,Macon
8900,Asian,-9,-.0206084098360656,Macon
8900,White,25,.0576992088091354,Macon
8900,White,50,.004293546393518,Macon
8900,AIAN,25,.11791,Macon
8900,Pooled,75,-.0166992710831531,Macon
8900,Pooled,50,.0576109597615365,Macon
8900,AIAN,-9,.050205,Macon
8900,Hispanic,50,.0177469259559363,Macon
8900,White,-9,-.0084062769661175,Macon
8900,Hispanic,25,.027474465408805,Macon
8900,Asian,75,-.0222425538461539,Macon
8900,Pooled,-9,.0604625621928166,Macon
8900,White,75,-.0491121160220995,Macon
8900,Hispanic,-9,.0176260869565217,Macon
9001,Black,-9,.1886595094936709,Vidalia
9001,White,75,-.0423347066666667,Vidalia
9001,Pooled,-9,.0676905427542754,Vidalia
9001,Hispanic,50,.0193834414148858,Vidalia
9001,Asian,25,-.09342,Vidalia
9001,Asian,-9,-.08225,Vidalia
9001,Asian,75,-.07108,Vidalia
9001,Black,75,.132823982300885,Vidalia
9001,Hispanic,-9,.02390328125,Vidalia
9001,Hispanic,25,.0772373913043478,Vidalia
9001,Hispanic,75,-.0384705084745763,Vidalia
9001,Pooled,50,.0482592755841246,Vidalia
9001,Black,25,.2008163776493256,Vidalia
9001,Asian,50,-.08225,Vidalia
9001,White,25,.0648141607565012,Vidalia
9001,Pooled,25,.1134802357836338,Vidalia
9001,White,-9,.0203540497925311,Vidalia
9001,Pooled,75,-.0169616846153846,Vidalia
9001,Black,50,.1668201799751053,Vidalia
9001,White,50,.0112397270449173,Vidalia
9002,Black,-9,.1966155,Milledgeville
9002,Asian,25,-.07363,Milledgeville
9002,Asian,50,-.081135,Milledgeville
9002,White,25,.0825108,Milledgeville
9002,Black,25,.2056503692762186,Milledgeville
9002,Asian,75,-.08864,Milledgeville
9002,Pooled,-9,.0953890159453303,Milledgeville
9002,Hispanic,25,.0545866666666667,Milledgeville
9002,Pooled,75,-.0076032989045383,Milledgeville
9002,Hispanic,75,.04918,Milledgeville
9002,Pooled,50,.0733521643346601,Milledgeville
9002,Asian,-9,-.081135,Milledgeville
9002,Hispanic,50,.0518833333333333,Milledgeville
9002,White,75,-.0476632100840336,Milledgeville
9002,Black,75,.1468869918699187,Milledgeville
9002,White,-9,.0117769771689498,Milledgeville
9002,Hispanic,-9,.0518833333333333,Milledgeville
9002,White,50,.0174237949579832,Milledgeville
9002,Pooled,25,.1543076275738586,Milledgeville
9002,Black,50,.1762686805730687,Milledgeville
9003,White,-9,.0000897608695652,Dublin
9003,Hispanic,75,-.010835,Dublin
9003,White,75,-.0732564377682403,Dublin
9003,Asian,50,-.105015,Dublin
9003,White,50,.0010590938912102,Dublin
9003,Hispanic,50,.0984325,Dublin
9003,Black,-9,.1840786312849162,Dublin
9003,Pooled,50,.051541159901599,Dublin
9003,Pooled,75,-.0446513333333333,Dublin
9003,Pooled,25,.1477336531365314,Dublin
9003,Hispanic,-9,.0984325,Dublin
9003,Pooled,-9,.0791879334916865,Dublin
9003,Asian,-9,-.105015,Dublin
9003,Asian,25,-.1101,Dublin
9003,Black,75,.0756318181818182,Dublin
9003,Black,50,.1396977572757276,Dublin
9003,Hispanic,25,.2077,Dublin
9003,Asian,75,-.09993,Dublin
9003,White,25,.0753746255506608,Dublin
9003,Black,25,.203763696369637,Dublin
9100,AIAN,75,.03645945,Atlanta
9100,Asian,-9,-.1591302042682927,Atlanta
9100,Pooled,75,-.0312978835939075,Atlanta
9100,Black,25,.1892698103433871,Atlanta
9100,AIAN,25,.10695575,Atlanta
9100,AIAN,50,.0717076,Atlanta
9100,Hispanic,-9,.0111215740985048,Atlanta
9100,AIAN,-9,.0717076,Atlanta
9100,Asian,25,-.1611486889596603,Atlanta
9100,Hispanic,25,.0276389267461669,Atlanta
9100,Black,50,.162936798479624,Atlanta
9100,Hispanic,75,-.0189332492250465,Atlanta
9100,Pooled,25,.1070959608148164,Atlanta
9100,Asian,75,-.15640611747851,Atlanta
9100,White,50,-.00964261328334,Atlanta
9100,White,75,-.0606588746514222,Atlanta
9100,Black,-9,.1755918889163781,Atlanta
9100,Pooled,-9,.0331629575532665,Atlanta
9100,Pooled,50,.0378990386104544,Atlanta
9100,Black,75,.1366037866158609,Atlanta
9100,White,25,.0413736480847421,Atlanta
9100,White,-9,-.0297601656405936,Atlanta
9100,Hispanic,50,.0043528387605602,Atlanta
9100,Asian,50,-.1587774032190852,Atlanta
9200,Black,50,.1797223860974284,Griffin
9200,Hispanic,50,.040791,Griffin
9200,Pooled,-9,.0849851382978723,Griffin
9200,White,75,-.0242964525547445,Griffin
9200,Asian,-9,-.17125,Griffin
9200,White,50,.0348247856680202,Griffin
9200,Black,75,.1395345038167939,Griffin
9200,Pooled,25,.1427453798375537,Griffin
9200,Hispanic,75,.013898,Griffin
9200,Asian,25,-.18415,Griffin
9200,Hispanic,-9,.040791,Griffin
9200,Asian,75,-.15835,Griffin
9200,Black,25,.219910268378063,Griffin
9200,Pooled,50,.067044118268893,Griffin
9200,Black,-9,.2092531578947368,Griffin
9200,White,-9,.0368059206349206,Griffin
9200,Pooled,75,-.0086571432997676,Griffin
9200,White,25,.093946023890785,Griffin
9200,AIAN,50,-.02572,Griffin
9200,AIAN,25,.05466,Griffin
9200,AIAN,-9,-.02572,Griffin
9200,Hispanic,25,.067684,Griffin
9200,AIAN,75,-.1061,Griffin
9200,Asian,50,-.17125,Griffin
9301,White,50,-.0294502831806167,Winder
9301,Pooled,50,.0057998363156711,Winder
9301,AIAN,75,.004611,Winder
9301,Hispanic,50,.0486180478536242,Winder
9301,Black,25,.1660509339975093,Winder
9301,AIAN,-9,.0383555,Winder
9301,Asian,25,-.0896290697674419,Winder
9301,White,25,.029835568,Winder
9301,Hispanic,25,.0638930612244898,Winder
9301,Asian,75,-.0846106666666667,Winder
9301,Hispanic,-9,.052534717948718,Winder
9301,Black,75,.109468253968254,Winder
9301,Pooled,75,-.0672457542533081,Winder
9301,Hispanic,75,.0333430344827586,Winder
9301,Pooled,-9,.0072546581750811,Winder
9301,Pooled,25,.0788454268846503,Winder
9301,Black,-9,.155270564516129,Winder
9301,White,75,-.0887361343612335,Winder
9301,White,-9,-.0403947684279191,Winder
9301,Asian,-9,-.0870628409090909,Winder
9301,Asian,50,-.0871198682170543,Winder
9301,AIAN,25,.0721,Winder
9301,Black,50,.1377595939828817,Winder
9301,AIAN,50,.0383555,Winder
9302,Asian,25,-.10542,Toccoa
9302,White,75,-.074679962264151,Toccoa
9302,Black,-9,.165187650273224,Toccoa
9302,Pooled,75,-.0558890169491526,Toccoa
9302,Black,25,.1745042904290429,Toccoa
9302,Asian,75,-.0637746666666667,Toccoa
9302,Black,50,.1474416690240453,Toccoa
9302,Pooled,25,.079043864229765,Toccoa
9302,Hispanic,25,.1366475,Toccoa
9302,Black,75,.1203790476190476,Toccoa
9302,White,25,.0457012151898734,Toccoa
9302,Hispanic,75,-.0857775,Toccoa
9302,Hispanic,50,.025435,Toccoa
9302,White,50,-.0144893735371388,Toccoa
9302,White,-9,-.0026336515151515,Toccoa
9302,Pooled,50,.0115774236403062,Toccoa
9302,Hispanic,-9,.025435,Toccoa
9302,Asian,50,-.0845973333333333,Toccoa
9302,Asian,-9,-.0845973333333333,Toccoa
9302,Pooled,-9,.0303389477196885,Toccoa
9400,Pooled,25,.0891906612410987,Gainesville
9400,White,25,.0874390783410138,Gainesville
9400,Hispanic,75,.019893125,Gainesville
9400,Black,75,.1288369230769231,Gainesville
9400,Pooled,75,-.0343112176495545,Gainesville
9400,Hispanic,50,.028343828125,Gainesville
9400,AIAN,75,-.08397,Gainesville
9400,Hispanic,-9,.03341425,Gainesville
9400,Black,-9,.1823131162790697,Gainesville
9400,Asian,25,-.1079724590163934,Gainesville
9400,AIAN,25,.09276,Gainesville
9400,AIAN,50,.004395,Gainesville
9400,White,-9,.0234760486891386,Gainesville
9400,White,75,-.0425561941008563,Gainesville
9400,Hispanic,25,.03679453125,Gainesville
9400,Pooled,-9,.0343293856012062,Gainesville
9400,Asian,-9,-.1170533333333334,Gainesville
9400,AIAN,-9,.004395,Gainesville
9400,Asian,75,-.1288391489361702,Gainesville
9400,Black,25,.1993730061349693,Gainesville
9400,Pooled,50,.0274397217957721,Gainesville
9400,Asian,50,-.1184058039762818,Gainesville
9400,White,50,.0224414421200787,Gainesville
9400,Black,50,.1641049646059462,Gainesville
9500,AIAN,75,.08661,Talladega
9500,Hispanic,25,.1909615384615385,Talladega
9500,Hispanic,75,.0179769230769231,Talladega
9500,White,50,.0359543095064307,Talladega
9500,Pooled,25,.1565074722087965,Talladega
9500,AIAN,25,.1704,Talladega
9500,Black,25,.2393675870348139,Talladega
9500,White,-9,.0435683785310734,Talladega
9500,Asian,75,-.09883,Talladega
9500,Black,75,.168530756302521,Talladega
9500,White,25,.1011651264755481,Talladega
9500,Hispanic,-9,.1044692307692308,Talladega
9500,AIAN,-9,.128505,Talladega
9500,Asian,50,-.108455,Talladega
9500,Asian,25,-.11808,Talladega
9500,Black,-9,.2305129831932773,Talladega
9500,Asian,-9,-.108455,Talladega
9500,Pooled,50,.0747268869625735,Talladega
9500,Pooled,-9,.0994979584382872,Talladega
9500,White,75,-.0292565074626866,Talladega
9500,AIAN,50,.128505,Talladega
9500,Hispanic,50,.1044692307692308,Talladega
9500,Black,50,.2039491716686675,Talladega
9500,Pooled,75,-.0070536982836495,Talladega
9600,AIAN,25,.19607,LaGrange
9600,White,75,-.0157085062937063,LaGrange
9600,Hispanic,25,.1059693827160494,LaGrange
9600,Black,25,.2128759734093068,LaGrange
9600,Hispanic,-9,.0800826388888889,LaGrange
9600,Pooled,75,.0011433383064516,LaGrange
9600,Asian,-9,-.0985021590909091,LaGrange
9600,Black,-9,.2015253292021689,LaGrange
9600,Hispanic,50,.076384532627866,LaGrange
9600,Pooled,-9,.080849863322106,LaGrange
9600,AIAN,75,-.02701,LaGrange
9600,Pooled,25,.1433845618475166,LaGrange
9600,White,-9,.0451131836636056,LaGrange
9600,Asian,75,-.0956743181818182,LaGrange
9600,Asian,50,-.0985021590909091,LaGrange
9600,Pooled,50,.0722639500769841,LaGrange
9600,Hispanic,75,.0467996825396825,LaGrange
9600,AIAN,-9,.08453,LaGrange
9600,White,50,.0474325255786862,LaGrange
9600,Asian,25,-.10133,LaGrange
9600,AIAN,50,.08453,LaGrange
9600,White,25,.1105735574510788,LaGrange
9600,Black,50,.182090927881124,LaGrange
9600,Black,75,.1513058823529412,LaGrange
9701,White,75,-.0347655346820809,Columbus
9701,Black,-9,.1802275604626708,Columbus
9701,Hispanic,-9,.0586135275080906,Columbus
9701,Hispanic,75,.0201687068965517,Columbus
9701,White,25,.0946004557405785,Columbus
9701,Black,25,.1950901934623082,Columbus
9701,Asian,25,-.0848933333333333,Columbus
9701,AIAN,-9,.1436633333333333,Columbus
9701,Asian,75,-.0816286486486487,Columbus
9701,Pooled,50,.0727659334075074,Columbus
9701,Asian,50,-.083260990990991,Columbus
9701,Black,50,.1600173299817744,Columbus
9701,Asian,-9,-.0832386301369863,Columbus
9701,White,50,.0299174605292488,Columbus
9701,Hispanic,25,.0817202590673575,Columbus
9701,Pooled,25,.1442640645609163,Columbus
9701,AIAN,25,.2108,Columbus
9701,White,-9,.0236925227722772,Columbus
9701,Pooled,-9,.086509315125181,Columbus
9701,Pooled,75,.0012678022540984,Columbus
9701,Black,75,.1249444665012407,Columbus
9701,Hispanic,50,.0509444829819546,Columbus
9701,AIAN,75,.0765266666666667,Columbus
9701,AIAN,50,.1436633333333333,Columbus
9702,Hispanic,75,-.0631383333333333,Americus
9702,White,50,.0010828028327338,Americus
9702,Asian,25,-.13535,Americus
9702,White,75,-.0780254375,Americus
9702,Pooled,25,.1503780892448513,Americus
9702,Pooled,75,-.0223948982300885,Americus
9702,Asian,75,-.10025,Americus
9702,Black,50,.1609549439545138,Americus
9702,Pooled,-9,.0914841297134238,Americus
9702,Hispanic,-9,.0033941666666667,Americus
9702,Asian,50,-.1178,Americus
9702,White,-9,-.0003148692579505,Americus
9702,Black,75,.1247431612903226,Americus
9702,Black,-9,.1839600764705883,Americus
9702,Hispanic,25,.0699266666666667,Americus
9702,White,25,.0801910431654676,Americus
9702,Asian,-9,-.1178,Americus
9702,Hispanic,50,.0033941666666667,Americus
9702,Pooled,50,.0639915955073814,Americus
9702,Black,25,.197166726618705,Americus
9800,AIAN,-9,.03714,Auburn
9800,Hispanic,75,-.0243863636363636,Auburn
9800,White,75,-.0748975324675325,Auburn
9800,Pooled,25,.1257514530551416,Auburn
9800,White,-9,-.0349540901360544,Auburn
9800,White,25,.0408007142857143,Auburn
9800,Hispanic,50,.0305608181818182,Auburn
9800,Hispanic,25,.085508,Auburn
9800,White,50,-.0170484090909091,Auburn
9800,Pooled,50,.0399316486587183,Auburn
9800,Asian,-9,-.1219958333333333,Auburn
9800,AIAN,75,-.04902,Auburn
9800,AIAN,50,.03714,Auburn
9800,Pooled,-9,.0534821440897325,Auburn
9800,Black,50,.1419621291196388,Auburn
9800,Pooled,75,-.0458881557377049,Auburn
9800,AIAN,25,.1233,Auburn
9800,Asian,25,-.1307727272727273,Auburn
9800,Black,-9,.1632871814671815,Auburn
9800,Hispanic,-9,.0279442857142857,Auburn
9800,Black,75,.1119448,Auburn
9800,Asian,50,-.122670979020979,Auburn
9800,Asian,75,-.1145692307692308,Auburn
9800,Black,25,.1719794582392776,Auburn
9900,Asian,75,-.0537457446808511,Tallahassee
9900,Pooled,25,.1061687146655758,Tallahassee
9900,Black,25,.1966308424559733,Tallahassee
9900,Pooled,75,-.0561454022988506,Tallahassee
9900,Black,75,.1094623196881091,Tallahassee
9900,Hispanic,75,-.0251902197802198,Tallahassee
9900,Asian,-9,-.0542235308641975,Tallahassee
9900,Asian,25,-.054884,Tallahassee
9900,Black,-9,.1795239364957919,Tallahassee
9900,AIAN,75,-.0287733333333333,Tallahassee
9900,AIAN,25,.1549,Tallahassee
9900,Hispanic,25,.0629117160493827,Tallahassee
9900,AIAN,50,.0630633333333333,Tallahassee
9900,Hispanic,-9,.0162996453488372,Tallahassee
9900,White,50,-.0239218359670188,Tallahassee
9900,Hispanic,50,.0188607481345815,Tallahassee
9900,Pooled,-9,.0339901858246252,Tallahassee
9900,Black,50,.1530465810720412,Tallahassee
9900,White,25,.0377901578531965,Tallahassee
9900,Pooled,50,.0250116561833626,Tallahassee
9900,White,-9,-.0301412136266856,Tallahassee
9900,AIAN,-9,.0630633333333333,Tallahassee
9900,Asian,50,-.0543148723404255,Tallahassee
9900,White,75,-.085633829787234,Tallahassee
10000,Pooled,-9,.0350602008438819,Panama City
10000,Asian,75,-.1166,Panama City
10000,AIAN,-9,.1575,Panama City
10000,Asian,25,-.1155,Panama City
10000,Black,50,.1497032529496841,Panama City
10000,Hispanic,-9,.0470855238095238,Panama City
10000,White,50,.0111763372335829,Panama City
10000,Black,75,.1073226206896552,Panama City
10000,Black,25,.192083885209713,Panama City
10000,AIAN,75,.1007,Panama City
10000,Pooled,75,-.0416778909444985,Panama City
10000,AIAN,25,.2143,Panama City
10000,Asian,50,-.11605,Panama City
10000,Hispanic,50,.0376413492063492,Panama City
10000,Hispanic,25,.0848622222222222,Panama City
10000,Asian,-9,-.1158473684210526,Panama City
10000,Black,-9,.1715314046822743,Panama City
10000,White,25,.0773032258064516,Panama City
10000,White,75,-.0549505513392857,Panama City
10000,Pooled,25,.0937422710349963,Panama City
10000,White,-9,.0155526347055758,Panama City
10000,Hispanic,75,-.0095795238095238,Panama City
10000,Pooled,50,.0260321900452489,Panama City
10000,AIAN,50,.1575,Panama City
10101,White,-9,.0553168858131488,Bainbridge
10101,Asian,75,-.05932,Bainbridge
10101,Asian,25,-.08384,Bainbridge
10101,Black,75,.1771929824561403,Bainbridge
10101,Hispanic,75,-.2682141176470588,Bainbridge
10101,Pooled,50,.0790881734693878,Bainbridge
10101,Black,50,.1968691868802441,Bainbridge
10101,Black,-9,.2129962025316456,Bainbridge
10101,White,25,.1045973684210526,Bainbridge
10101,Asian,50,-.07158,Bainbridge
10101,Pooled,25,.1678479183673469,Bainbridge
10101,Pooled,75,-.0096715714285714,Bainbridge
10101,Hispanic,-9,-.1076047058823529,Bainbridge
10101,Asian,-9,-.07158,Bainbridge
10101,White,50,.0326677751196172,Bainbridge
10101,Hispanic,25,.0530047058823529,Bainbridge
10101,Pooled,-9,.1283991428571429,Bainbridge
10101,White,75,-.0392618181818182,Bainbridge
10101,Hispanic,50,-.1076047058823529,Bainbridge
10101,Black,25,.2165453913043478,Bainbridge
10102,Hispanic,25,.2003470588235294,Thomasville
10102,Black,75,.1366015384615384,Thomasville
10102,Black,25,.2088632352941176,Thomasville
10102,Pooled,75,-.035600297029703,Thomasville
10102,Pooled,25,.1546976307996051,Thomasville
10102,Asian,50,-.08439,Thomasville
10102,Asian,25,-.06428,Thomasville
10102,White,75,-.0586159813084112,Thomasville
10102,Black,50,.172732386877828,Thomasville
10102,Black,-9,.2025585234899329,Thomasville
10102,Asian,-9,-.08439,Thomasville
10102,Asian,75,-.1045,Thomasville
10102,Hispanic,-9,.1249444117647059,Thomasville
10102,White,25,.0905302702702703,Thomasville
10102,Hispanic,50,.1249444117647059,Thomasville
10102,Pooled,50,.0595486668849511,Thomasville
10102,White,50,.0159571444809295,Thomasville
10102,Hispanic,75,.0495417647058824,Thomasville
10102,Pooled,-9,.09139034914361,Thomasville
10102,White,-9,.0173254587155963,Thomasville
10200,White,75,-.0461005956907478,Albany
10200,AIAN,75,.02233,Albany
10200,Asian,-9,-.1826705882352941,Albany
10200,Asian,75,-.1766352941176471,Albany
10200,Black,25,.2039400410677618,Albany
10200,Hispanic,50,.0793171034482759,Albany
10200,AIAN,50,.106615,Albany
10200,AIAN,25,.1909,Albany
10200,Hispanic,75,.069648,Albany
10200,Pooled,75,-.0053450821720327,Albany
10200,Pooled,-9,.0890026527355623,Albany
10200,Black,50,.173021974022253,Albany
10200,Asian,50,-.1826705882352941,Albany
10200,Hispanic,25,.0889862068965517,Albany
10200,White,50,.0111847195157372,Albany
10200,Hispanic,-9,.0802292830188679,Albany
10200,White,25,.0684700347222222,Albany
10200,Pooled,50,.0726703869692774,Albany
10200,Asian,25,-.1887058823529412,Albany
10200,Black,-9,.1927585702270816,Albany
10200,White,-9,.0022456923076923,Albany
10200,Pooled,25,.1506858561105875,Albany
10200,AIAN,-9,.106615,Albany
10200,Black,75,.1421039069767442,Albany
10301,Asian,-9,-.04556,Eufaula
10301,Pooled,50,.0698323447575477,Eufaula
10301,Asian,50,-.04556,Eufaula
10301,Asian,75,-.05382,Eufaula
10301,Pooled,75,-.0051900318471338,Eufaula
10301,Hispanic,-9,.1100725,Eufaula
10301,Black,25,.1946284337349398,Eufaula
10301,White,75,-.050352511627907,Eufaula
10301,Hispanic,75,.13825,Eufaula
10301,Black,-9,.1799703673469388,Eufaula
10301,Hispanic,50,.1100725,Eufaula
10301,Pooled,25,.1448547213622291,Eufaula
10301,Hispanic,25,.081895,Eufaula
10301,Black,75,.0988624,Eufaula
10301,Black,50,.1467454168674699,Eufaula
10301,Pooled,-9,.0957775833333334,Eufaula
10301,White,50,.0033102900797663,Eufaula
10301,White,25,.0569730917874396,Eufaula
10301,White,-9,.0022929857819905,Eufaula
10301,Asian,25,-.0373,Eufaula
10302,Pooled,25,.100684023715415,Dothan
10302,White,25,.0590768372093023,Dothan
10302,White,-9,-.0030698068481124,Dothan
10302,White,50,.0002364152796304,Dothan
10302,Asian,25,-.1640492307692308,Dothan
10302,AIAN,25,.103525,Dothan
10302,Pooled,-9,.037657385678392,Dothan
10302,Hispanic,50,.0137282573770492,Dothan
10302,Black,25,.1825608910891089,Dothan
10302,Pooled,75,-.0413377848549186,Dothan
10302,Black,50,.1498373921094399,Dothan
10302,Hispanic,75,-.0487426,Dothan
10302,Black,-9,.170927842605156,Dothan
10302,Hispanic,-9,.0199190630630631,Dothan
10302,AIAN,-9,.09973875,Dothan
10302,Hispanic,25,.0761991147540984,Dothan
10302,Black,75,.117113893129771,Dothan
10302,AIAN,75,.0959525,Dothan
10302,White,75,-.0586040066500416,Dothan
10302,Pooled,50,.0296731194302482,Dothan
10302,Asian,75,-.1807461538461538,Dothan
10302,Asian,50,-.1723976923076923,Dothan
10302,Asian,-9,-.1723976923076923,Dothan
10302,AIAN,50,.09973875,Dothan
10400,Black,-9,.1647902556818182,Meridian
10400,Hispanic,75,.024737027027027,Meridian
10400,Asian,75,-.131791,Meridian
10400,Black,75,.1279235164835165,Meridian
10400,Asian,-9,-.0998605,Meridian
10400,Hispanic,-9,.0664329948717949,Meridian
10400,Pooled,-9,.0633854164311879,Meridian
10400,AIAN,50,.0767012022447658,Meridian
10400,Asian,50,-.0998605,Meridian
10400,White,-9,-.0019474213953488,Meridian
10400,White,75,-.0524808078994614,Meridian
10400,AIAN,25,.0853555752212389,Meridian
10400,White,25,.0523906023166023,Meridian
10400,Hispanic,25,.1040610634146341,Meridian
10400,Asian,25,-.06793,Meridian
10400,AIAN,-9,.0807474025974026,Meridian
10400,Pooled,25,.1134227251644737,Meridian
10400,Hispanic,50,.0643990452208306,Meridian
10400,Black,25,.170263132137031,Meridian
10400,Pooled,75,-.0241618748201439,Meridian
10400,Black,50,.1490933243102737,Meridian
10400,AIAN,75,.0680468292682927,Meridian
10400,White,50,-.0000451027914295,Meridian
10400,Pooled,50,.0446304251721649,Meridian
10501,White,75,-.0400574792243767,Columbus
10501,Black,50,.1908449783316603,Columbus
10501,Black,25,.202973500967118,Columbus
10501,Hispanic,25,.07132,Columbus
10501,Black,-9,.1997582214765101,Columbus
10501,Asian,-9,-.1187,Columbus
10501,AIAN,-9,.2609,Columbus
10501,Pooled,-9,.0961118699839487,Columbus
10501,Pooled,25,.1503631021437579,Columbus
10501,White,25,.0511301901140684,Columbus
10501,Hispanic,-9,.05754,Columbus
10501,Pooled,75,.0011422737306843,Columbus
10501,White,50,.0055363554448459,Columbus
10501,AIAN,75,.2832,Columbus
10501,Asian,75,-.123,Columbus
10501,AIAN,25,.2386,Columbus
10501,Black,75,.1787164556962025,Columbus
10501,Asian,25,-.1144,Columbus
10501,Hispanic,75,.04376,Columbus
10501,White,-9,-.0016242147435897,Columbus
10501,AIAN,50,.2609,Columbus
10501,Pooled,50,.0757526879372211,Columbus
10501,Hispanic,50,.05754,Columbus
10501,Asian,50,-.1187,Columbus
10502,Asian,75,-.1575,Starkville
10502,Hispanic,25,.1019875,Starkville
10502,AIAN,75,.2353,Starkville
10502,AIAN,-9,.2228,Starkville
10502,White,50,-.0099367623557984,Starkville
10502,Asian,25,-.1568,Starkville
10502,White,75,-.0657842950819672,Starkville
10502,Black,25,.2035745019920319,Starkville
10502,Hispanic,75,.12561,Starkville
10502,Black,50,.1697115367103016,Starkville
10502,Hispanic,-9,.11379875,Starkville
10502,Asian,50,-.15715,Starkville
10502,Pooled,75,-.0206362155388471,Starkville
10502,Asian,-9,-.15715,Starkville
10502,Black,75,.1358485714285714,Starkville
10502,Hispanic,50,.11379875,Starkville
10502,Pooled,25,.1462765175879397,Starkville
10502,White,-9,-.0133361773913043,Starkville
10502,Pooled,-9,.0905458225941423,Starkville
10502,Black,-9,.1952863636363636,Starkville
10502,AIAN,25,.2103,Starkville
10502,AIAN,50,.2228,Starkville
10502,White,25,.0459107703703704,Starkville
10502,Pooled,50,.0628201510245463,Starkville
10600,Asian,75,-.10845,Jasper
10600,Black,-9,.1828036170212766,Jasper
10600,Pooled,-9,.0675423529411765,Jasper
10600,Asian,25,-.113305,Jasper
10600,Asian,-9,-.1108775,Jasper
10600,White,50,.0452698422845166,Jasper
10600,Black,25,.2046424242424243,Jasper
10600,Black,50,.1679844264069264,Jasper
10600,Hispanic,25,.090516,Jasper
10600,White,75,-.0189329090909091,Jasper
10600,AIAN,75,.07905,Jasper
10600,AIAN,50,.168075,Jasper
10600,Pooled,25,.1154200252525253,Jasper
10600,Pooled,75,-.00829588,Jasper
10600,Hispanic,50,.071678,Jasper
10600,Black,75,.1313264285714286,Jasper
10600,Hispanic,75,.05284,Jasper
10600,Hispanic,-9,.071678,Jasper
10600,White,-9,.0596503527336861,Jasper
10600,AIAN,-9,.168075,Jasper
10600,Pooled,50,.0535620726262626,Jasper
10600,AIAN,25,.2571,Jasper
10600,Asian,50,-.1108775,Jasper
10600,White,25,.1094725936599424,Jasper
10700,Hispanic,50,.0491407272554425,Birmingham
10700,Black,50,.1892140851945577,Birmingham
10700,AIAN,25,.1458304347826087,Birmingham
10700,White,25,.0804075776397516,Birmingham
10700,AIAN,50,.0714436956521739,Birmingham
10700,Asian,-9,-.1012974205607477,Birmingham
10700,Asian,25,-.101052,Birmingham
10700,Hispanic,25,.0823625373134328,Birmingham
10700,Black,75,.1583394884910486,Birmingham
10700,AIAN,75,-.0029430434782609,Birmingham
10700,Pooled,-9,.0620856066992548,Birmingham
10700,AIAN,-9,.0714436956521739,Birmingham
10700,Pooled,75,-.0188013344540506,Birmingham
10700,White,-9,.0026781514084507,Birmingham
10700,Hispanic,75,.0159189171974522,Birmingham
10700,White,75,-.044546141509434,Birmingham
10700,Pooled,50,.0621699585551021,Birmingham
10700,Black,-9,.20677523573201,Birmingham
10700,Black,25,.2200886818980668,Birmingham
10700,Asian,50,-.10126208,Birmingham
10700,Hispanic,-9,.0532238547486034,Birmingham
10700,Pooled,25,.1431412515642548,Birmingham
10700,Asian,75,-.10147216,Birmingham
10700,White,50,.0179307180651588,Birmingham
10801,Pooled,25,.1655301951219512,Tuscaloosa
10801,White,25,.093458282208589,Tuscaloosa
10801,Pooled,-9,.0980491926002766,Tuscaloosa
10801,AIAN,25,.1981,Tuscaloosa
10801,Hispanic,25,.10955,Tuscaloosa
10801,Asian,75,-.0839494736842105,Tuscaloosa
10801,Black,-9,.2048472491909385,Tuscaloosa
10801,Asian,-9,-.0829555263157895,Tuscaloosa
10801,White,-9,.0174627507886435,Tuscaloosa
10801,Asian,25,-.0819615789473684,Tuscaloosa
10801,Pooled,75,-.0042436711613745,Tuscaloosa
10801,Hispanic,50,.068643,Tuscaloosa
10801,AIAN,-9,.135105,Tuscaloosa
10801,AIAN,75,.07211,Tuscaloosa
10801,Pooled,50,.0806432619802884,Tuscaloosa
10801,Hispanic,75,.027736,Tuscaloosa
10801,Hispanic,-9,.0723618181818182,Tuscaloosa
10801,Black,75,.1548229508196722,Tuscaloosa
10801,Asian,50,-.0829555263157895,Tuscaloosa
10801,Black,25,.213540930674264,Tuscaloosa
10801,Black,50,.1841819407469681,Tuscaloosa
10801,AIAN,50,.135105,Tuscaloosa
10801,White,75,-.0356445230439443,Tuscaloosa
10801,White,50,.0289068795823223,Tuscaloosa
10802,Hispanic,-9,.08952,Demopolis
10802,Pooled,75,.0088440677966102,Demopolis
10802,Black,75,.1600015384615384,Demopolis
10802,Black,-9,.19597291005291,Demopolis
10802,White,50,.0139337601363009,Demopolis
10802,Pooled,50,.0901316416861155,Demopolis
10802,Hispanic,75,.0075733333333333,Demopolis
10802,White,75,-.037821746031746,Demopolis
10802,White,25,.0656892663043478,Demopolis
10802,Hispanic,25,.1714666666666666,Demopolis
10802,Pooled,25,.1714192155756208,Demopolis
10802,Black,50,.1800563739505332,Demopolis
10802,White,-9,.0058618004587156,Demopolis
10802,Black,25,.200111209439528,Demopolis
10802,Hispanic,50,.08952,Demopolis
10802,Pooled,-9,.1250066330645161,Demopolis
10900,Black,75,.125633536,Pensacola
10900,AIAN,50,.0806644182150472,Pensacola
10900,AIAN,-9,.0872706034482758,Pensacola
10900,AIAN,25,.1232376119402985,Pensacola
10900,Hispanic,25,.0448519015659955,Pensacola
10900,White,25,.0637703641881639,Pensacola
10900,White,50,.0063667169392147,Pensacola
10900,Asian,25,-.1238435087719298,Pensacola
10900,Pooled,-9,.028620247752809,Pensacola
10900,Hispanic,-9,.0057640203562341,Pensacola
10900,Black,25,.2038305951795376,Pensacola
10900,Asian,75,-.1107018947368421,Pensacola
10900,White,-9,.0037004500072348,Pensacola
10900,White,75,-.0510369303097345,Pensacola
10900,Black,-9,.1854434010534236,Pensacola
10900,AIAN,75,.0380912244897959,Pensacola
10900,Pooled,50,.0252844923454411,Pensacola
10900,Pooled,25,.0891301334757074,Pensacola
10900,Hispanic,50,-.000462367801073,Pensacola
10900,Pooled,75,-.0385611487848251,Pensacola
10900,Asian,-9,-.11787004784689,Pensacola
10900,Asian,50,-.117272701754386,Pensacola
10900,Hispanic,75,-.0457766371681416,Pensacola
10900,Black,50,.1647320655897688,Pensacola
11001,Hispanic,-9,.0656460483870968,Mobile
11001,Pooled,25,.132864618911885,Mobile
11001,AIAN,25,.1527942857142857,Mobile
11001,Pooled,75,-.0151055774059964,Mobile
11001,AIAN,50,.1209501428571429,Mobile
11001,Pooled,-9,.0695372351623423,Mobile
11001,Asian,25,-.1231778947368421,Mobile
11001,Pooled,50,.0588795207529443,Mobile
11001,Black,25,.2068105485232067,Mobile
11001,Asian,50,-.1137501473684211,Mobile
11001,Hispanic,50,.0584719000999001,Mobile
11001,Black,50,.1879659009646006,Mobile
11001,White,75,-.0420710377447142,Mobile
11001,AIAN,-9,.1296349090909091,Mobile
11001,Asian,75,-.1043224,Mobile
11001,Hispanic,75,.0116511428571429,Mobile
11001,Hispanic,25,.1052926573426573,Mobile
11001,Asian,-9,-.117429268292683,Mobile
11001,Black,75,.1691212534059946,Mobile
11001,White,25,.0699110987341772,Mobile
11001,Black,-9,.20069832081308,Mobile
11001,White,50,.0139200304947315,Mobile
11001,White,-9,.0067619760653566,Mobile
11001,AIAN,75,.089106,Mobile
11002,Black,-9,.2078143884892086,Atmore
11002,White,75,-.0016317579908676,Atmore
11002,Asian,-9,-.048075,Atmore
11002,White,25,.0918472016460905,Atmore
11002,Pooled,75,.0155607977736549,Atmore
11002,Pooled,25,.1507255341674687,Atmore
11002,Pooled,50,.0831431659705618,Atmore
11002,Black,75,.1571615384615384,Atmore
11002,AIAN,50,.0520797058823529,Atmore
11002,Black,25,.2130404761904762,Atmore
11002,White,-9,.0475357467532467,Atmore
11002,Hispanic,25,.1524533333333333,Atmore
11002,Hispanic,50,.0942033333333333,Atmore
11002,Asian,50,-.048075,Atmore
11002,Hispanic,75,.0359533333333333,Atmore
11002,Hispanic,-9,.0942033333333333,Atmore
11002,Pooled,-9,.1045570975918884,Atmore
11002,Asian,75,-.03422,Atmore
11002,Black,50,.1851010073260073,Atmore
11002,Asian,25,-.06193,Atmore
11002,AIAN,75,.0200270588235294,Atmore
11002,White,50,.0451077218276115,Atmore
11002,AIAN,25,.0841323529411765,Atmore
11002,AIAN,-9,.052079705882353,Atmore
11101,Asian,-9,-.0772203846153846,Montgomery
11101,Asian,50,-.077389437037037,Montgomery
11101,AIAN,50,.0657973333333333,Montgomery
11101,Hispanic,50,.0401942293917567,Montgomery
11101,AIAN,25,.12131,Montgomery
11101,Black,-9,.1911523914104441,Montgomery
11101,Asian,25,-.0817848,Montgomery
11101,White,25,.0605658706896552,Montgomery
11101,Hispanic,75,-.0373960510204082,Montgomery
11101,Hispanic,-9,.041746035,Montgomery
11101,Pooled,25,.1426985525870815,Montgomery
11101,Hispanic,25,.1177845098039216,Montgomery
11101,Pooled,75,-.0323594572811448,Montgomery
11101,Black,50,.1680565383523216,Montgomery
11101,Black,75,.1334886764705882,Montgomery
11101,Pooled,50,.0551695476529684,Montgomery
11101,AIAN,-9,.0657973333333333,Montgomery
11101,Pooled,-9,.0647053346146634,Montgomery
11101,Black,25,.202624400234055,Montgomery
11101,AIAN,75,.0102846666666667,Montgomery
11101,White,-9,-.0155521171171171,Montgomery
11101,White,75,-.0608790503080082,Montgomery
11101,Asian,75,-.0729940740740741,Montgomery
11101,White,50,-.0001565898091765,Montgomery
11102,Black,75,.1476366666666667,Troy
11102,AIAN,25,.02608,Troy
11102,Hispanic,50,-.0273675,Troy
11102,Asian,25,-.1092,Troy
11102,Hispanic,75,-.148035,Troy
11102,AIAN,50,.02144,Troy
11102,White,75,-.0472896902654867,Troy
11102,Black,50,.1757272535211268,Troy
11102,Hispanic,-9,-.0273675,Troy
11102,Asian,50,-.09172,Troy
11102,Hispanic,25,.0933,Troy
11102,AIAN,75,.0168,Troy
11102,Pooled,75,-.0321737969924812,Troy
11102,White,25,.067415014084507,Troy
11102,AIAN,-9,.02144,Troy
11102,Black,25,.2038178403755868,Troy
11102,Pooled,-9,.0696484941176471,Troy
11102,White,-9,.022796660929432,Troy
11102,Pooled,25,.116026455479452,Troy
11102,Pooled,50,.0419263292434854,Troy
11102,Black,-9,.1981286075949367,Troy
11102,Asian,-9,-.09172,Troy
11102,White,50,.0100626619095102,Troy
11102,Asian,75,-.07424,Troy
11201,Black,75,.1562018181818182,Bluefield
11201,White,50,.0257682212308396,Bluefield
11201,Black,25,.19116,Bluefield
11201,Asian,50,-.0859375,Bluefield
11201,Black,-9,.1795072727272727,Bluefield
11201,Hispanic,25,.1514875,Bluefield
11201,Hispanic,-9,.06515,Bluefield
11201,Black,50,.1736809090909091,Bluefield
11201,White,25,.0872142580645161,Bluefield
11201,White,75,-.0356778156028369,Bluefield
11201,Hispanic,75,-.0211875,Bluefield
11201,Pooled,25,.0913000601202405,Bluefield
11201,Pooled,75,-.0300982423435419,Bluefield
11201,Hispanic,50,.06515,Bluefield
11201,White,-9,.0342240978593272,Bluefield
11201,Asian,25,-.10333,Bluefield
11201,Pooled,-9,.0391730588907947,Bluefield
11201,Asian,-9,-.0859375,Bluefield
11201,Asian,75,-.068545,Bluefield
11201,Pooled,50,.0306009088883493,Bluefield
11202,Pooled,50,.1300283554517666,Welch
11202,White,75,.076381,Welch
11202,Pooled,-9,.1420477458033573,Welch
11202,Black,-9,.1864023529411764,Welch
11202,Black,50,.1727857971014493,Welch
11202,Hispanic,-9,.33415,Welch
11202,Black,25,.2148733333333333,Welch
11202,White,-9,.13392808,Welch
11202,White,25,.1644632653061225,Welch
11202,Pooled,75,.0902498969072165,Welch
11202,Black,75,.1306982608695652,Welch
11202,Hispanic,75,.4247,Welch
11202,Hispanic,50,.3341499999999999,Welch
11202,Pooled,25,.1698068139963168,Welch
11202,Hispanic,25,.2436,Welch
11202,White,50,.1204221326530612,Welch
11203,Hispanic,25,.10555,Big Stone Gap
11203,Hispanic,50,.1637,Big Stone Gap
11203,Pooled,-9,.057748741194487,Big Stone Gap
11203,Asian,-9,-.1882,Big Stone Gap
11203,Hispanic,75,.22185,Big Stone Gap
11203,Black,75,-.00875,Big Stone Gap
11203,Black,25,.116,Big Stone Gap
11203,Pooled,50,.046189410648221,Big Stone Gap
11203,White,50,.0452277177426606,Big Stone Gap
11203,Black,-9,.053625,Big Stone Gap
11203,Pooled,75,-.0073442265625,Big Stone Gap
11203,Asian,50,-.1882,Big Stone Gap
11203,White,-9,.0583006982055465,Big Stone Gap
11203,White,25,.1020627320954907,Big Stone Gap
11203,Pooled,25,.0997230478589421,Big Stone Gap
11203,Asian,75,-.2114,Big Stone Gap
11203,Hispanic,-9,.1637,Big Stone Gap
11203,Asian,25,-.165,Big Stone Gap
11203,White,75,-.0116072966101695,Big Stone Gap
11203,Black,50,.053625,Big Stone Gap
11301,Black,75,.1477414847161572,Fredericksburg
11301,White,75,-.0407671233014595,Fredericksburg
11301,Black,50,.1845974524557984,Fredericksburg
11301,Asian,25,-.0872471698113208,Fredericksburg
11301,Hispanic,75,.0182857641025641,Fredericksburg
11301,Black,25,.2214534201954397,Fredericksburg
11301,Asian,75,-.0725952307692308,Fredericksburg
11301,Pooled,25,.1134276626506024,Fredericksburg
11301,Pooled,50,.046546975547901,Fredericksburg
11301,AIAN,75,-.0147,Fredericksburg
11301,Pooled,75,-.0203337115548003,Fredericksburg
11301,White,50,.0205298911569166,Fredericksburg
11301,White,-9,-.0044317117563739,Fredericksburg
11301,Asian,-9,-.079176186440678,Fredericksburg
11301,AIAN,25,.1999,Fredericksburg
11301,AIAN,-9,.0926,Fredericksburg
11301,White,25,.0818269056152927,Fredericksburg
11301,Black,-9,.1899608208955224,Fredericksburg
11301,Hispanic,25,.0820296240601504,Fredericksburg
11301,Asian,50,-.0799212002902758,Fredericksburg
11301,AIAN,50,.0926,Fredericksburg
11301,Pooled,-9,.0259382836899139,Fredericksburg
11301,Hispanic,-9,.0441331219512195,Fredericksburg
11301,Hispanic,50,.0501576940813572,Fredericksburg
11302,Pooled,50,.0484203201520866,Baltimore
11302,Asian,-9,-.1183198892405063,Baltimore
11302,Asian,50,-.1183073428801463,Baltimore
11302,AIAN,50,.0567282215228928,Baltimore
11302,Black,-9,.200316746912288,Baltimore
11302,Hispanic,25,.0919669164882227,Baltimore
11302,Hispanic,75,.017758494,Baltimore
11302,Hispanic,-9,.053596480868666,Baltimore
11302,AIAN,75,.0026294520547945,Baltimore
11302,White,-9,-.0272596648168701,Baltimore
11302,Asian,75,-.1184164616840114,Baltimore
11302,Black,50,.1917374876182975,Baltimore
11302,Asian,25,-.1181982240762813,Baltimore
11302,AIAN,-9,.0679007934782609,Baltimore
11302,Black,25,.2114979127134725,Baltimore
11302,White,25,.045094480369515,Baltimore
11302,Hispanic,50,.0548627052441113,Baltimore
11302,White,75,-.0565759575795384,Baltimore
11302,White,50,-.0057407386050117,Baltimore
11302,Pooled,25,.1218768297172452,Baltimore
11302,Pooled,-9,.0365460794754445,Baltimore
11302,Pooled,75,-.025036189413072,Baltimore
11302,Black,75,.1719770625231224,Baltimore
11302,AIAN,25,.110826990990991,Baltimore
11303,Black,25,.220778698224852,Colonial Beach
11303,White,-9,.0028949347826087,Colonial Beach
11303,Hispanic,-9,.031311,Colonial Beach
11303,Black,75,.1019847887323944,Colonial Beach
11303,White,25,.0691517351598174,Colonial Beach
11303,Hispanic,25,.057736,Colonial Beach
11303,Pooled,50,.0549210168861512,Colonial Beach
11303,Black,50,.1613817434786232,Colonial Beach
11303,White,75,-.0573135269709544,Colonial Beach
11303,Hispanic,50,.031311,Colonial Beach
11303,Pooled,75,-.0181142045454546,Colonial Beach
11303,Pooled,-9,.0620372692307692,Colonial Beach
11303,Hispanic,75,.004886,Colonial Beach
11303,Black,-9,.1856355,Colonial Beach
11303,White,50,.0059191040944315,Colonial Beach
11303,Pooled,25,.127956238317757,Colonial Beach
11304,AIAN,-9,.0693072252747253,Washington DC
11304,Asian,25,-.1153346431414168,Washington DC
11304,Black,75,.1603210897806005,Washington DC
11304,Asian,50,-.1119093392994463,Washington DC
11304,AIAN,50,.0727091807236279,Washington DC
11304,Black,-9,.1883796712666891,Washington DC
11304,Pooled,75,-.0343600400405738,Washington DC
11304,Hispanic,75,-.0100738939260563,Washington DC
11304,White,50,-.030698875322916,Washington DC
11304,Pooled,25,.0994715259637499,Washington DC
11304,Pooled,-9,.0166712529648403,Washington DC
11304,Black,25,.2062168755734998,Washington DC
11304,White,25,.019482698102832,Washington DC
11304,Hispanic,-9,.0264314151946493,Washington DC
11304,AIAN,25,.103666975308642,Washington DC
11304,Asian,-9,-.1117934356575237,Washington DC
11304,White,75,-.0808804487486639,Washington DC
11304,White,-9,-.0596613954076442,Washington DC
11304,Asian,75,-.1084840354574758,Washington DC
11304,Black,50,.1832689826770501,Washington DC
11304,Pooled,50,.0325557429615881,Washington DC
11304,Hispanic,50,.019830918870071,Washington DC
11304,Hispanic,25,.0497357316661984,Washington DC
11304,AIAN,75,.0417513861386139,Washington DC
11401,Asian,-9,-.0260045,Marquette
11401,AIAN,75,-.0131604722222222,Marquette
11401,Black,50,.1132025,Marquette
11401,Hispanic,75,.0021493333333333,Marquette
11401,White,-9,-.0627005579096045,Marquette
11401,Black,25,.1425,Marquette
11401,Asian,75,.00086,Marquette
11401,Asian,50,-.0260045,Marquette
11401,Black,75,.083905,Marquette
11401,Hispanic,-9,.041963,Marquette
11401,Asian,25,-.052869,Marquette
11401,Black,-9,.1132025,Marquette
11401,Pooled,25,-.0023308521008403,Marquette
11401,Pooled,75,-.0915945635268346,Marquette
11401,AIAN,-9,.0380282361111111,Marquette
11401,Pooled,-9,-.0563744651856764,Marquette
11401,Hispanic,50,.041963,Marquette
11401,Hispanic,25,.0817766666666667,Marquette
11401,White,75,-.0969929181084199,Marquette
11401,White,25,-.0085448633879781,Marquette
11401,AIAN,25,.0892169444444444,Marquette
11401,White,50,-.052768890748199,Marquette
11401,AIAN,50,.0380282361111111,Marquette
11401,Pooled,50,-.0469627078138375,Marquette
11402,White,75,-.1171023573200993,Marinette
11402,Asian,25,-.0841,Marinette
11402,Hispanic,25,.0637766666666667,Marinette
11402,AIAN,25,.09115,Marinette
11402,AIAN,50,.06433,Marinette
11402,AIAN,-9,.06433,Marinette
11402,AIAN,75,.03751,Marinette
11402,Asian,-9,-.0797066666666667,Marinette
11402,White,25,-.0107988254486134,Marinette
11402,Asian,50,-.0797066666666667,Marinette
11402,Hispanic,-9,.0396433333333333,Marinette
11402,Pooled,25,-.0073314459665145,Marinette
11402,Pooled,75,-.1108420470588235,Marinette
11402,Hispanic,50,.0396433333333333,Marinette
11402,Pooled,50,-.059086746512669,Marinette
11402,Black,-9,.10933,Marinette
11402,Pooled,-9,-.06571499668215,Marinette
11402,Hispanic,75,.01551,Marinette
11402,White,50,-.0639505913843563,Marinette
11402,Black,50,.10933,Marinette
11402,Black,75,.07156,Marinette
11402,Asian,75,-.0753133333333333,Marinette
11402,White,-9,-.0711798308668076,Marinette
11402,Black,25,.1471,Marinette
11403,White,75,-.0854246889952153,Sault Ste. Marie
11403,Hispanic,25,.116495,Sault Ste. Marie
11403,White,50,-.0340952514743518,Sault Ste. Marie
11403,Pooled,75,-.0778024184261037,Sault Ste. Marie
11403,Hispanic,75,.04534,Sault Ste. Marie
11403,AIAN,50,.0521685807656396,Sault Ste. Marie
11403,Asian,25,-.04541,Sault Ste. Marie
11403,Asian,-9,-.045785,Sault Ste. Marie
11403,Black,25,.18145,Sault Ste. Marie
11403,Black,-9,-.0429375,Sault Ste. Marie
11403,Pooled,25,.0440457385398981,Sault Ste. Marie
11403,AIAN,-9,.0726478021978022,Sault Ste. Marie
11403,Pooled,50,-.0168783399431028,Sault Ste. Marie
11403,White,-9,-.033368891509434,Sault Ste. Marie
11403,Pooled,-9,-.0131460540540541,Sault Ste. Marie
11403,Black,75,-.267325,Sault Ste. Marie
11403,Black,50,-.0429375,Sault Ste. Marie
11403,Hispanic,50,.0809175,Sault Ste. Marie
11403,AIAN,75,-.0143888888888889,Sault Ste. Marie
11403,Asian,75,-.04616,Sault Ste. Marie
11403,Hispanic,-9,.0809175,Sault Ste. Marie
11403,White,25,.0172341860465116,Sault Ste. Marie
11403,Asian,50,-.045785,Sault Ste. Marie
11403,AIAN,25,.1187260504201681,Sault Ste. Marie
11500,Hispanic,75,.0449206315789474,Jackson
11500,Black,25,.2282979310344828,Jackson
11500,Black,75,.1614909090909091,Jackson
11500,White,75,-.034685747368421,Jackson
11500,Asian,50,-.0281068518518519,Jackson
11500,Black,-9,.209926,Jackson
11500,Asian,-9,-.0281068518518519,Jackson
11500,Asian,25,-.0396351851851852,Jackson
11500,Black,50,.1948944200626959,Jackson
11500,Pooled,75,-.0283014104513064,Jackson
11500,White,25,.0823237333333333,Jackson
11500,Pooled,-9,.0224697687734082,Jackson
11500,Hispanic,-9,.109146206185567,Jackson
11500,AIAN,-9,.05501645,Jackson
11500,Hispanic,50,.1023388872180451,Jackson
11500,White,-9,.0106082451612903,Jackson
11500,Pooled,25,.0959222308132875,Jackson
11500,Hispanic,25,.1597571428571428,Jackson
11500,Asian,75,-.0165785185185185,Jackson
11500,Pooled,50,.0338104101809906,Jackson
11500,AIAN,50,.05501645,Jackson
11500,AIAN,25,.089185,Jackson
11500,AIAN,75,.0208479,Jackson
11500,White,50,.0238189929824561,Jackson
11600,White,-9,-.0254355421827758,Detroit
11600,White,25,.0371638434723172,Detroit
11600,Pooled,50,.0407452761511931,Detroit
11600,AIAN,50,.0741533444600062,Detroit
11600,Pooled,25,.1053896877500051,Detroit
11600,Hispanic,-9,.0667638176845943,Detroit
11600,AIAN,75,.043629781512605,Detroit
11600,AIAN,-9,.0726742290748899,Detroit
11600,Black,25,.2377466482593037,Detroit
11600,Asian,50,-.0941312544450418,Detroit
11600,Hispanic,75,.0312193316062176,Detroit
11600,Asian,75,-.0910460247402276,Detroit
11600,Asian,25,-.0972164841498559,Detroit
11600,Hispanic,50,.068856688003881,Detroit
11600,Hispanic,25,.1064940444015444,Detroit
11600,Pooled,75,-.0238991354476188,Detroit
11600,White,50,-.006635221705905,Detroit
11600,Black,50,.2188950817054094,Detroit
11600,Black,75,.2000435151515152,Detroit
11600,Asian,-9,-.0931438197256695,Detroit
11600,Black,-9,.224865067256777,Detroit
11600,Pooled,-9,.0230092574627965,Detroit
11600,White,75,-.0504342868841272,Detroit
11600,AIAN,25,.1046769074074074,Detroit
11700,Pooled,75,-.0487823480050303,Lansing
11700,AIAN,25,.153425,Lansing
11700,Hispanic,25,.13032575,Lansing
11700,White,-9,-.0294540035492458,Lansing
11700,Asian,25,-.1177781954887218,Lansing
11700,Black,25,.2147464285714286,Lansing
11700,White,25,.0483149090909091,Lansing
11700,Hispanic,-9,.0909863197969543,Lansing
11700,Pooled,25,.0747852596174059,Lansing
11700,Asian,50,-.1134167873995333,Lansing
11700,AIAN,50,.0939838529411765,Lansing
11700,AIAN,75,.0345427058823529,Lansing
11700,Black,75,.163692,Lansing
11700,AIAN,-9,.0921826060606061,Lansing
11700,Asian,-9,-.1132285251798561,Lansing
11700,Black,-9,.1948250090744101,Lansing
11700,Pooled,-9,-.0052536817239336,Lansing
11700,Black,50,.1892192142857143,Lansing
11700,Hispanic,75,.050430206185567,Lansing
11700,White,75,-.0647761419354839,Lansing
11700,Hispanic,50,.0903779780927835,Lansing
11700,Asian,75,-.1090553793103448,Lansing
11700,White,50,-.0082306164222874,Lansing
11700,Pooled,50,.0130014558061878,Lansing
11800,AIAN,25,.2202851612903226,Mount Pleasant
11800,AIAN,75,.3393675675675676,Mount Pleasant
11800,Black,75,.0326352941176471,Mount Pleasant
11800,White,-9,-.0103730746268657,Mount Pleasant
11800,Hispanic,25,.1668840579710145,Mount Pleasant
11800,Asian,25,-.0787966666666667,Mount Pleasant
11800,Pooled,50,.0007071492028328,Mount Pleasant
11800,AIAN,-9,.28508,Mount Pleasant
11800,Black,-9,.0970176470588235,Mount Pleasant
11800,Pooled,75,-.0583856566757493,Mount Pleasant
11800,Black,25,.1614,Mount Pleasant
11800,Asian,50,-.0857066666666667,Mount Pleasant
11800,Pooled,25,.0597999550814149,Mount Pleasant
11800,Black,50,.0970176470588235,Mount Pleasant
11800,Pooled,-9,-.0001753207964602,Mount Pleasant
11800,Asian,-9,-.0857066666666667,Mount Pleasant
11800,White,50,-.0090711325060619,Mount Pleasant
11800,Hispanic,-9,.1340148275862069,Mount Pleasant
11800,AIAN,50,.2798263644289451,Mount Pleasant
11800,Asian,75,-.0926166666666667,Mount Pleasant
11800,Hispanic,75,.08576,Mount Pleasant
11800,Hispanic,50,.1263220289855072,Mount Pleasant
11800,White,25,.0532360975609756,Mount Pleasant
11800,White,75,-.0713783625730994,Mount Pleasant
11900,Hispanic,75,.0560765365853658,Saginaw
11900,White,50,-.0166710973957549,Saginaw
11900,Asian,25,-.0851704761904762,Saginaw
11900,Asian,-9,-.0799322307692308,Saginaw
11900,AIAN,-9,.06978448,Saginaw
11900,Asian,50,-.08077710906298,Saginaw
11900,Pooled,75,-.0546379361569135,Saginaw
11900,White,25,.0391431898238748,Saginaw
11900,AIAN,75,.07580296,Saginaw
11900,Pooled,25,.0682351264938693,Saginaw
11900,White,75,-.0724853846153846,Saginaw
11900,AIAN,50,.06978448,Saginaw
11900,Pooled,-9,-.0042835828520544,Saginaw
11900,White,-9,-.0300116679076694,Saginaw
11900,Black,25,.2402623636363636,Saginaw
11900,AIAN,25,.063766,Saginaw
11900,Black,-9,.221058347386172,Saginaw
11900,Hispanic,-9,.0924387126436782,Saginaw
11900,Black,75,.1855124519230769,Saginaw
11900,Pooled,50,.0067985951684779,Saginaw
11900,Asian,75,-.0763837419354838,Saginaw
11900,Hispanic,50,.0904625074231177,Saginaw
11900,Black,50,.2128874077797203,Saginaw
11900,Hispanic,25,.1248484782608696,Saginaw
12001,Black,-9,.1483605882352941,Big Rapids
12001,Asian,-9,-.0946016666666667,Big Rapids
12001,Asian,25,-.1058733333333333,Big Rapids
12001,Asian,75,-.08333,Big Rapids
12001,Asian,50,-.0946016666666667,Big Rapids
12001,Hispanic,50,.05652,Big Rapids
12001,AIAN,25,.13257,Big Rapids
12001,AIAN,-9,.05840625,Big Rapids
12001,AIAN,75,-.0157575,Big Rapids
12001,White,-9,-.0202921756487026,Big Rapids
12001,Black,50,.1483605882352941,Big Rapids
12001,White,75,-.0780541940085592,Big Rapids
12001,Hispanic,75,-.0123561904761905,Big Rapids
12001,White,25,.0301955735660848,Big Rapids
12001,Pooled,-9,-.014362373088685,Big Rapids
12001,Hispanic,-9,.05652,Big Rapids
12001,Pooled,75,-.0701876531942634,Big Rapids
12001,Black,25,.15592,Big Rapids
12001,AIAN,50,.05840625,Big Rapids
12001,Hispanic,25,.1253961904761905,Big Rapids
12001,Black,75,.1408011764705882,Big Rapids
12001,Pooled,50,-.0176102724496662,Big Rapids
12001,White,50,-.0239293102212372,Big Rapids
12001,Pooled,25,.0349671082949309,Big Rapids
12002,Asian,50,-.10907,Ludington
12002,Pooled,75,-.1119036181575434,Ludington
12002,Asian,25,-.100245,Ludington
12002,Black,50,.1562925,Ludington
12002,Pooled,-9,-.0548947823129252,Ludington
12002,White,75,-.1171382352941176,Ludington
12002,AIAN,50,-.0402875,Ludington
12002,Hispanic,50,.0138922567287785,Ludington
12002,Pooled,25,.0043279889042996,Ludington
12002,White,25,-.0030604153846154,Ludington
12002,Black,-9,.1562925,Ludington
12002,Asian,75,-.117895,Ludington
12002,Hispanic,-9,.0165004545454545,Ludington
12002,Asian,-9,-.10907,Ludington
12002,Pooled,50,-.0537878146266219,Ludington
12002,AIAN,-9,-.0402875,Ludington
12002,Black,25,.2465,Ludington
12002,Hispanic,25,.0712726086956522,Ludington
12002,White,-9,-.0613859172932331,Ludington
12002,AIAN,25,.07065,Ludington
12002,AIAN,75,-.151225,Ludington
12002,White,50,-.0600993253393665,Ludington
12002,Black,75,.066085,Ludington
12002,Hispanic,75,-.0434880952380952,Ludington
12100,Asian,50,-.0979929230004968,Kalamazoo
12100,Asian,75,-.1065238787878788,Kalamazoo
12100,Hispanic,25,.1387277528089888,Kalamazoo
12100,AIAN,-9,.0738047058823529,Kalamazoo
12100,Asian,25,-.0894619672131148,Kalamazoo
12100,AIAN,50,.0738047058823529,Kalamazoo
12100,Black,50,.1942773342420112,Kalamazoo
12100,Hispanic,75,.0544053846153846,Kalamazoo
12100,Hispanic,-9,.1076301418439716,Kalamazoo
12100,Black,-9,.2094236833046472,Kalamazoo
12100,Pooled,50,.0270913871086633,Kalamazoo
12100,Pooled,25,.0967736473050759,Kalamazoo
12100,Pooled,-9,.0148729355581128,Kalamazoo
12100,White,75,-.0531979521276596,Kalamazoo
12100,White,-9,-.0072197573221757,Kalamazoo
12100,Pooled,75,-.0425908730877494,Kalamazoo
12100,Asian,-9,-.100019025,Kalamazoo
12100,White,50,.0088155273221747,Kalamazoo
12100,Black,75,.1618049032258065,Kalamazoo
12100,Hispanic,50,.0965665687121867,Kalamazoo
12100,Black,25,.2267497652582159,Kalamazoo
12100,AIAN,75,.0326058823529412,Kalamazoo
12100,White,25,.070829006772009,Kalamazoo
12100,AIAN,25,.1150035294117647,Kalamazoo
12200,Black,25,.2374289490245438,Grand Rapids
12200,AIAN,25,.146608785046729,Grand Rapids
12200,Hispanic,50,.0922323909681349,Grand Rapids
12200,White,25,.0373295849056604,Grand Rapids
12200,White,50,-.0247680660422006,Grand Rapids
12200,AIAN,-9,.0908399897959184,Grand Rapids
12200,Pooled,75,-.0761035284100858,Grand Rapids
12200,Asian,25,-.0936126637168141,Grand Rapids
12200,Hispanic,25,.1382269286754003,Grand Rapids
12200,Black,75,.163002397137746,Grand Rapids
12200,White,75,-.0868657169900615,Grand Rapids
12200,Hispanic,-9,.1061397440758294,Grand Rapids
12200,Black,-9,.2180600279329609,Grand Rapids
12200,White,-9,-.045375953356445,Grand Rapids
12200,Asian,-9,-.0925535305755396,Grand Rapids
12200,AIAN,75,.0237921123595506,Grand Rapids
12200,Pooled,-9,-.0212598346488841,Grand Rapids
12200,Asian,50,-.0927204242826495,Grand Rapids
12200,Hispanic,75,.0462378532608696,Grand Rapids
12200,Pooled,25,.0688991564478987,Grand Rapids
12200,Asian,75,-.0918281848484848,Grand Rapids
12200,Black,50,.2002156730811449,Grand Rapids
12200,AIAN,50,.0852004487031398,Grand Rapids
12200,Pooled,50,-.0036021859810936,Grand Rapids
12301,Black,50,.089815,Traverse City
12301,Black,25,.1622,Traverse City
12301,Asian,-9,-.04713,Traverse City
12301,White,25,-.0365725451263538,Traverse City
12301,Hispanic,75,-.0298746086956522,Traverse City
12301,Asian,75,-.05026,Traverse City
12301,AIAN,75,.03594,Traverse City
12301,Pooled,-9,-.0799336941941942,Traverse City
12301,Pooled,25,-.028357347972973,Traverse City
12301,AIAN,-9,.064546,Traverse City
12301,White,-9,-.0874273939554613,Traverse City
12301,Asian,25,-.044,Traverse City
12301,White,75,-.1274846255924171,Traverse City
12301,Hispanic,25,.0890328,Traverse City
12301,Black,-9,.089815,Traverse City
12301,Hispanic,-9,.0320563333333333,Traverse City
12301,Asian,50,-.04713,Traverse City
12301,AIAN,50,.064546,Traverse City
12301,Black,75,.01743,Traverse City
12301,White,50,-.0820285853593854,Traverse City
12301,Pooled,75,-.1211947711711712,Traverse City
12301,AIAN,25,.093152,Traverse City
12301,Hispanic,50,.0295790956521739,Traverse City
12301,Pooled,50,-.0747760595720721,Traverse City
12302,White,-9,-.069890118974359,Petoskey
12302,Asian,-9,-.0678361666666667,Petoskey
12302,Hispanic,75,-.082507,Petoskey
12302,AIAN,50,.0243435714285714,Petoskey
12302,AIAN,-9,.0243435714285714,Petoskey
12302,Pooled,50,-.0649278049187696,Petoskey
12302,AIAN,75,.0291357142857143,Petoskey
12302,Hispanic,25,.0417366666666667,Petoskey
12302,Pooled,75,-.1117819776536313,Petoskey
12302,White,75,-.1176318181818182,Petoskey
12302,Hispanic,50,-.0203851666666667,Petoskey
12302,White,50,-.0691441549242424,Petoskey
12302,Black,-9,.01465,Petoskey
12302,Pooled,25,-.018073632183908,Petoskey
12302,Black,25,.04947,Petoskey
12302,Hispanic,-9,-.0203851666666667,Petoskey
12302,Asian,75,-.0946923333333334,Petoskey
12302,Asian,25,-.04098,Petoskey
12302,Asian,50,-.0678361666666667,Petoskey
12302,Black,75,-.02017,Petoskey
12302,White,25,-.0206564916666667,Petoskey
12302,Black,50,.01465,Petoskey
12302,AIAN,25,.0195514285714286,Petoskey
12302,Pooled,-9,-.0655914617563739,Petoskey
12401,AIAN,25,.14163,Alpena
12401,Black,50,.083325,Alpena
12401,White,25,.0082523178913738,Alpena
12401,Hispanic,75,-.090315,Alpena
12401,Asian,75,.15,Alpena
12401,Pooled,25,.0126155755287009,Alpena
12401,White,75,-.0890686703096539,Alpena
12401,Black,-9,.083325,Alpena
12401,Pooled,-9,-.0329418356054531,Alpena
12401,Black,75,.07359,Alpena
12401,AIAN,50,.05363,Alpena
12401,Hispanic,50,-.02434375,Alpena
12401,AIAN,-9,.05363,Alpena
12401,Hispanic,25,.0416275,Alpena
12401,Black,25,.09306,Alpena
12401,White,-9,-.0372193608510638,Alpena
12401,Pooled,75,-.0844956923076923,Alpena
12401,Asian,-9,.15525,Alpena
12401,Pooled,50,-.0359400583894957,Alpena
12401,Asian,50,.15525,Alpena
12401,AIAN,75,-.03437,Alpena
12401,Asian,25,.1605,Alpena
12401,Hispanic,-9,-.02434375,Alpena
12401,White,50,-.0404081762091401,Alpena
12402,White,-9,-.0062102816455696,Grayling charter
12402,Hispanic,75,.0336555,Grayling charter
12402,Hispanic,-9,.04983775,Grayling charter
12402,Asian,75,.01015,Grayling charter
12402,Black,25,.17285,Grayling charter
12402,Asian,25,.02952,Grayling charter
12402,Black,-9,.16295,Grayling charter
12402,Pooled,50,-.0056779689566935,Grayling charter
12402,Hispanic,50,.04983775,Grayling charter
12402,Asian,-9,.019835,Grayling charter
12402,AIAN,50,.0654863333333333,Grayling charter
12402,Pooled,75,-.0549976032520325,Grayling charter
12402,AIAN,-9,.0654863333333333,Grayling charter
12402,Asian,50,.019835,Grayling charter
12402,AIAN,75,.0265193333333333,Grayling charter
12402,Pooled,25,.0436416653386454,Grayling charter
12402,Black,75,.15305,Grayling charter
12402,Black,50,.16295,Grayling charter
12402,Hispanic,25,.06602,Grayling charter
12402,White,25,.0405211041369472,Grayling charter
12402,Pooled,-9,-.0007027426900585,Grayling charter
12402,White,75,-.0643962522202487,Grayling charter
12402,AIAN,25,.1044533333333333,Grayling charter
12402,White,50,-.0119375740416507,Grayling charter
12501,Asian,-9,-.0700997183098592,Dayton
12501,Asian,75,-.0659632684824903,Dayton
12501,Asian,25,-.0763900591715976,Dayton
12501,Black,25,.2327296825396826,Dayton
12501,White,-9,.0012482158225753,Dayton
12501,Pooled,75,-.0389146945069226,Dayton
12501,White,25,.0825250760135135,Dayton
12501,AIAN,75,.0908358823529412,Dayton
12501,White,75,-.051137087642896,Dayton
12501,Black,75,.1692640272373541,Dayton
12501,White,50,.0156939941853087,Dayton
12501,AIAN,-9,.0865285294117647,Dayton
12501,Hispanic,50,.0494182527344818,Dayton
12501,Black,50,.2009968548885183,Dayton
12501,Black,-9,.214341099210823,Dayton
12501,Hispanic,75,.0021469402515723,Dayton
12501,AIAN,50,.0865285294117647,Dayton
12501,Pooled,25,.1064861257497136,Dayton
12501,Pooled,50,.0337857156213955,Dayton
12501,Pooled,-9,.0230035392010561,Dayton
12501,Asian,50,-.071176663827044,Dayton
12501,Hispanic,-9,.0460758367003367,Dayton
12501,Hispanic,25,.0966895652173913,Dayton
12501,AIAN,25,.0822211764705882,Dayton
12502,White,75,-.0307800769230769,Washington Court House
12502,Black,75,.1512,Washington Court House
12502,Asian,-9,-.12396,Washington Court House
12502,Black,25,.1533444444444444,Washington Court House
12502,Asian,50,-.12396,Washington Court House
12502,Pooled,50,.0367301779393939,Washington Court House
12502,Hispanic,50,.14053,Washington Court House
12502,White,25,.1008705555555556,Washington Court House
12502,Black,50,.1522722222222222,Washington Court House
12502,Hispanic,25,.11813,Washington Court House
12502,Pooled,25,.0991259413333333,Washington Court House
12502,Asian,25,-.11172,Washington Court House
12502,Asian,75,-.1362,Washington Court House
12502,Pooled,75,-.0256655854545455,Washington Court House
12502,Black,-9,.1522722222222222,Washington Court House
12502,Pooled,-9,.0463295261538462,Washington Court House
12502,Hispanic,75,.16293,Washington Court House
12502,White,-9,.0456622258064516,Washington Court House
12502,Hispanic,-9,.14053,Washington Court House
12502,White,50,.0350452393162393,Washington Court House
12600,Asian,50,-.009809,Wayne
12600,Asian,-9,-.009809,Wayne
12600,White,50,.0361266615348681,Wayne
12600,Pooled,50,.0411636530306008,Wayne
12600,Pooled,-9,.0396795873239437,Wayne
12600,Hispanic,50,.0723578,Wayne
12600,Asian,75,-.01676,Wayne
12600,Black,-9,.1867392857142857,Wayne
12600,Pooled,25,.1031452207792208,Wayne
12600,Hispanic,25,.107648,Wayne
12600,Black,75,.1104,Wayne
12600,Black,25,.2121857142857143,Wayne
12600,Hispanic,-9,.0723578,Wayne
12600,White,25,.0965506907378336,Wayne
12600,Hispanic,75,.0370676,Wayne
12600,White,75,-.0242973676680973,Wayne
12600,Pooled,75,-.0208179147180193,Wayne
12600,Black,50,.1612928571428572,Wayne
12600,Asian,25,-.002858,Wayne
12600,White,-9,.0333225523952096,Wayne
12701,Asian,50,-.1068809226648352,Cincinnati
12701,Asian,-9,-.1056715003496504,Cincinnati
12701,Asian,75,-.1024463741758242,Cincinnati
12701,Hispanic,-9,.0585855074626866,Cincinnati
12701,Pooled,-9,.0273745157443157,Cincinnati
12701,Pooled,50,.0415513437666481,Cincinnati
12701,Asian,25,-.1113154711538462,Cincinnati
12701,White,-9,.0052052252869766,Cincinnati
12701,Pooled,75,-.0342716454189507,Cincinnati
12701,White,25,.0917518229166667,Cincinnati
12701,Hispanic,50,.0611851590863952,Cincinnati
12701,Hispanic,25,.1086878842105263,Cincinnati
12701,White,75,-.0444749742623164,Cincinnati
12701,Pooled,25,.117374332952247,Cincinnati
12701,AIAN,75,.0211312037037037,Cincinnati
12701,Hispanic,75,.0136824339622641,Cincinnati
12701,AIAN,25,.1301433703703704,Cincinnati
12701,Black,50,.1975499471180381,Cincinnati
12701,Black,-9,.2132291069057105,Cincinnati
12701,AIAN,-9,.075637287037037,Cincinnati
12701,White,50,.0236384243271751,Cincinnati
12701,Black,25,.2307140126239856,Cincinnati
12701,Black,75,.1643858816120906,Cincinnati
12701,AIAN,50,.075637287037037,Cincinnati
12702,White,75,-.0248197916666667,Maysville
12702,Black,75,.2130236363636363,Maysville
12702,White,50,.029597974537037,Maysville
12702,Pooled,-9,.0535359782608696,Maysville
12702,Hispanic,25,.1435,Maysville
12702,Pooled,25,.092063768115942,Maysville
12702,Hispanic,75,.053,Maysville
12702,Pooled,50,.0406933816425121,Maysville
12702,Black,50,.2231853475935829,Maysville
12702,Pooled,75,-.0106770048309179,Maysville
12702,Black,25,.2333470588235294,Maysville
12702,White,25,.0840157407407407,Maysville
12702,Hispanic,-9,.09825,Maysville
12702,White,-9,.0435187984496124,Maysville
12702,Hispanic,50,.09825,Maysville
12702,Black,-9,.2253628571428571,Maysville
12800,Asian,-9,-.0518,Washington
12800,Hispanic,50,.068452625,Washington
12800,Asian,75,-.04415,Washington
12800,Asian,50,-.0518,Washington
12800,Hispanic,25,.0591375,Washington
12800,White,75,-.0382274975173783,Washington
12800,Black,50,.1922,Washington
12800,Black,75,.1776,Washington
12800,Pooled,75,-.0348250298363811,Washington
12800,Hispanic,-9,.068452625,Washington
12800,White,-9,.0113469888693615,Washington
12800,Black,-9,.1922,Washington
12800,White,50,.0222179655270251,Washington
12800,Pooled,25,.0819527322404372,Washington
12800,Pooled,-9,.0134422326369283,Washington
12800,Asian,25,-.05945,Washington
12800,Pooled,50,.023563851202028,Washington
12800,Hispanic,75,.07776775,Washington
12800,Black,25,.2068,Washington
12800,White,25,.0826634285714286,Washington
12901,Black,25,.1964217679558011,Lexington-Fayette
12901,Hispanic,25,.0790277464788732,Lexington-Fayette
12901,Black,50,.1723036010647353,Lexington-Fayette
12901,AIAN,50,.01345,Lexington-Fayette
12901,Asian,25,-.0977785714285714,Lexington-Fayette
12901,Pooled,75,-.0494580709823964,Lexington-Fayette
12901,Black,-9,.1827764659270998,Lexington-Fayette
12901,Hispanic,50,.0296311958200818,Lexington-Fayette
12901,Pooled,50,.0158690468348391,Lexington-Fayette
12901,Asian,50,-.1057731632653061,Lexington-Fayette
12901,Black,75,.1481854341736694,Lexington-Fayette
12901,White,25,.0624471123528238,Lexington-Fayette
12901,White,-9,-.0064810802232299,Lexington-Fayette
12901,Hispanic,75,-.0197653548387097,Lexington-Fayette
12901,AIAN,-9,.01345,Lexington-Fayette
12901,Hispanic,-9,.0329738195488722,Lexington-Fayette
12901,AIAN,75,-.05465,Lexington-Fayette
12901,Asian,-9,-.1079535064935065,Lexington-Fayette
12901,Asian,75,-.1137677551020408,Lexington-Fayette
12901,AIAN,25,.08155,Lexington-Fayette
12901,White,50,.0012369131533362,Lexington-Fayette
12901,Pooled,25,.0811961646520745,Lexington-Fayette
12901,Pooled,-9,.0112942631019292,Lexington-Fayette
12901,White,75,-.0599732860461515,Lexington-Fayette
12902,Hispanic,75,.059,Mount Sterling
12902,White,25,.0908146637744035,Mount Sterling
12902,Pooled,75,.0013989963898917,Mount Sterling
12902,Pooled,25,.0934145154639175,Mount Sterling
12902,Hispanic,25,.06246,Mount Sterling
12902,White,-9,.0555149047619048,Mount Sterling
12902,Black,75,.133965,Mount Sterling
12902,Hispanic,50,.06073,Mount Sterling
12902,Pooled,50,.0474067559269046,Mount Sterling
12902,Black,25,.1838,Mount Sterling
12902,Black,50,.1588825,Mount Sterling
12902,Hispanic,-9,.06073,Mount Sterling
12902,Black,-9,.1588825,Mount Sterling
12902,White,75,-.008806,Mount Sterling
12902,Pooled,-9,.0599653044619423,Mount Sterling
12902,White,50,.0410043318872017,Mount Sterling
12903,Pooled,25,.0879654379562044,Danville
12903,Pooled,75,-.042465945945946,Danville
12903,Black,75,.1018171428571429,Danville
12903,Asian,75,-.06976,Danville
12903,Pooled,-9,.029586875,Danville
12903,Asian,50,-.065335,Danville
12903,Hispanic,-9,.15380125,Danville
12903,Hispanic,50,.15380125,Danville
12903,White,25,.0771955823293173,Danville
12903,Black,-9,.1755266666666667,Danville
12903,White,75,-.0556924069478908,Danville
12903,White,-9,.0177573362930078,Danville
12903,Hispanic,75,.1081275,Danville
12903,Black,50,.1644702380952381,Danville
12903,Black,25,.2271233333333333,Danville
12903,Asian,25,-.06091,Danville
12903,Asian,-9,-.065335,Danville
12903,White,50,.0107515876907132,Danville
12903,Pooled,50,.0227497460051292,Danville
12903,Hispanic,25,.199475,Danville
13000,Black,-9,.1843204724409449,Elizabethtown
13000,Black,25,.1976749019607843,Elizabethtown
13000,AIAN,50,.1475825,Elizabethtown
13000,White,75,-.0427391197183099,Elizabethtown
13000,Asian,75,-.0789521052631579,Elizabethtown
13000,Pooled,25,.0797286799276673,Elizabethtown
13000,Asian,50,-.0726316081871345,Elizabethtown
13000,Hispanic,-9,.0316081538461538,Elizabethtown
13000,White,50,.0082564245766427,Elizabethtown
13000,Hispanic,25,.0535311827956989,Elizabethtown
13000,Pooled,-9,.0340125347060777,Elizabethtown
13000,Hispanic,50,.0263883850486431,Elizabethtown
13000,Pooled,75,-.0220844215976331,Elizabethtown
13000,Asian,-9,-.0728024324324324,Elizabethtown
13000,Black,75,.1572936507936508,Elizabethtown
13000,AIAN,25,.2424,Elizabethtown
13000,AIAN,-9,.1475825,Elizabethtown
13000,Asian,25,-.0663111111111111,Elizabethtown
13000,White,-9,.0113949359768691,Elizabethtown
13000,Pooled,50,.0288221291650171,Elizabethtown
13000,Black,50,.1774842763772176,Elizabethtown
13000,White,25,.0592519688715953,Elizabethtown
13000,Hispanic,75,-.0007544126984127,Elizabethtown
13000,AIAN,75,.052765,Elizabethtown
13101,White,-9,.0030410941509748,Louisville
13101,Black,75,.1696830827067669,Louisville
13101,AIAN,75,.0216010526315789,Louisville
13101,White,50,.0160074812929542,Louisville
13101,Hispanic,25,.0912441770491803,Louisville
13101,Asian,-9,-.1109387337662338,Louisville
13101,Black,-9,.2056759186351706,Louisville
13101,White,75,-.0440320937371523,Louisville
13101,AIAN,50,.05347,Louisville
13101,AIAN,25,.0853389473684211,Louisville
13101,Pooled,25,.1058744220814763,Louisville
13101,AIAN,-9,.05347,Louisville
13101,Hispanic,75,.0255866355555556,Louisville
13101,Black,25,.2173151441472733,Louisville
13101,Asian,75,-.1051103311258278,Louisville
13101,Hispanic,-9,.0633706924528302,Louisville
13101,White,25,.0760470563230606,Louisville
13101,Asian,25,-.1165443949044586,Louisville
13101,Black,50,.1934991134270201,Louisville
13101,Pooled,-9,.0299395965956558,Louisville
13101,Pooled,75,-.0309883463830855,Louisville
13101,Pooled,50,.0374430378491954,Louisville
13101,Hispanic,50,.0584154063023679,Louisville
13101,Asian,50,-.1108273630151432,Louisville
13102,Pooled,50,.0675635167815174,Madison
13102,Hispanic,25,.06403,Madison
13102,Hispanic,75,-.03494,Madison
13102,Black,25,.25595,Madison
13102,Hispanic,50,.014545,Madison
13102,Black,50,.14514,Madison
13102,Black,75,.03433,Madison
13102,White,25,.1364814946619217,Madison
13102,White,75,-.0012161216730038,Madison
13102,Pooled,75,-.0016412720848057,Madison
13102,Black,-9,.14514,Madison
13102,White,-9,.0699107720588235,Madison
13102,Hispanic,-9,.014545,Madison
13102,Pooled,-9,.0696965410958904,Madison
13102,White,50,.0676326864944589,Madison
13102,Pooled,25,.1367683056478405,Madison
13103,Black,75,.1585005128205128,Bardstown
13103,White,25,.0252635677749361,Bardstown
13103,Pooled,50,-.0120688933663889,Bardstown
13103,White,75,-.0837647790055249,Bardstown
13103,Hispanic,25,.1781,Bardstown
13103,Hispanic,75,.05886,Bardstown
13103,Black,-9,.1972312280701755,Bardstown
13103,Pooled,75,-.0687065725288832,Bardstown
13103,Black,50,.1879358564102565,Bardstown
13103,Pooled,-9,-.0088461682808717,Bardstown
13103,Pooled,25,.0445687857961054,Bardstown
13103,Black,25,.2173712,Bardstown
13103,White,50,-.0292506056152944,Bardstown
13103,Hispanic,50,.11848,Bardstown
13103,Hispanic,-9,.11848,Bardstown
13103,White,-9,-.0271511221779548,Bardstown
13200,Hispanic,25,.0939419888888889,Owensboro
13200,White,75,-.0476178357915438,Owensboro
13200,Hispanic,50,.03507755,Owensboro
13200,Asian,75,-.0424,Owensboro
13200,Asian,25,-.06023,Owensboro
13200,Hispanic,-9,.03507755,Owensboro
13200,Asian,50,-.051315,Owensboro
13200,White,50,.0207490091771552,Owensboro
13200,Asian,-9,-.051315,Owensboro
13200,White,-9,.0202069529236868,Owensboro
13200,Black,75,.0885682352941177,Owensboro
13200,White,25,.0891158541458541,Owensboro
13200,Pooled,50,.0254239668190985,Owensboro
13200,Black,-9,.1654406896551724,Owensboro
13200,Pooled,25,.0947808721069617,Owensboro
13200,Pooled,75,-.0439329384687647,Owensboro
13200,Pooled,-9,.0260694475570032,Owensboro
13200,Black,50,.1429414347202295,Owensboro
13200,Black,25,.1973146341463415,Owensboro
13200,Hispanic,75,-.0237868888888889,Owensboro
13300,Pooled,50,.0035288063952527,Findlay
13300,AIAN,50,.10385,Findlay
13300,AIAN,25,.2878,Findlay
13300,White,75,-.0729900833333333,Findlay
13300,Pooled,-9,-.0027050423589453,Findlay
13300,Pooled,25,.0715993468164794,Findlay
13300,AIAN,-9,.10385,Findlay
13300,Hispanic,25,.1438363636363637,Findlay
13300,Asian,75,-.0231474,Findlay
13300,Black,-9,.2251697368421053,Findlay
13300,Black,25,.2609340425531915,Findlay
13300,White,50,-.0064510168439716,Findlay
13300,Asian,-9,-.03260611,Findlay
13300,Asian,50,-.03260611,Findlay
13300,Pooled,75,-.064541734025974,Findlay
13300,White,-9,-.0145352024922118,Findlay
13300,AIAN,75,-.0801,Findlay
13300,Asian,25,-.04206482,Findlay
13300,Hispanic,-9,.1061029015544042,Findlay
13300,Black,50,.2140704695524578,Findlay
13300,Hispanic,50,.0932630429292929,Findlay
13300,Black,75,.1672068965517241,Findlay
13300,White,25,.0600880496453901,Findlay
13300,Hispanic,75,.0426897222222222,Findlay
13400,AIAN,25,.1857,Lima
13400,Pooled,25,.0528790282685512,Lima
13400,Black,-9,.2083058515283843,Lima
13400,Pooled,50,-.0118329384596421,Lima
13400,Asian,75,-.0464998461538462,Lima
13400,Black,75,.1739797402597403,Lima
13400,White,25,.0338594256756757,Lima
13400,Black,25,.2256947368421053,Lima
13400,AIAN,50,.14435,Lima
13400,Hispanic,25,.1208008163265306,Lima
13400,AIAN,75,.103,Lima
13400,White,-9,-.0377225069637883,Lima
13400,Pooled,75,-.0765449051878354,Lima
13400,Pooled,-9,-.0206827193695984,Lima
13400,White,50,-.0270361046977072,Lima
13400,Hispanic,-9,.0876128395061729,Lima
13400,Asian,-9,-.0729037692307692,Lima
13400,AIAN,-9,.14435,Lima
13400,Asian,50,-.0729037692307692,Lima
13400,Black,50,.1998372385509228,Lima
13400,Hispanic,50,.0787972831632653,Lima
13400,Asian,25,-.0993076923076923,Lima
13400,White,75,-.08793163507109,Lima
13400,Hispanic,75,.03679375,Lima
13501,Pooled,-9,.0213803133855643,Toledo
13501,Asian,75,-.0619094444444444,Toledo
13501,Hispanic,75,.0810723021582734,Toledo
13501,AIAN,75,.0489277777777778,Toledo
13501,AIAN,25,.2131888888888889,Toledo
13501,Hispanic,50,.1136700684580541,Toledo
13501,Black,-9,.2199978782287823,Toledo
13501,Asian,25,-.0837440350877193,Toledo
13501,Black,50,.2115994166059074,Toledo
13501,White,75,-.0415692770724421,Toledo
13501,Black,25,.2309283601286174,Toledo
13501,AIAN,50,.1310583333333334,Toledo
13501,White,-9,-.0048997341897233,Toledo
13501,Pooled,25,.0989862564878893,Toledo
13501,White,25,.0667798540145985,Toledo
13501,AIAN,-9,.1310583333333333,Toledo
13501,Pooled,75,-.027283896121508,Toledo
13501,Hispanic,25,.1462678347578348,Toledo
13501,Hispanic,-9,.1174532750397456,Toledo
13501,Black,75,.1922704730831974,Toledo
13501,Asian,50,-.0728267397660819,Toledo
13501,Pooled,50,.0358511801831906,Toledo
13501,White,50,.0126052884710782,Toledo
13501,Asian,-9,-.0709280797101449,Toledo
13502,Asian,-9,-.01304,Defiance
13502,White,75,-.0755688275862069,Defiance
13502,Black,-9,.1321470588235294,Defiance
13502,Hispanic,75,.0874990361445783,Defiance
13502,Pooled,75,-.0616246687697161,Defiance
13502,White,25,.0257453093812375,Defiance
13502,Black,50,.1332416666666666,Defiance
13502,Asian,25,-.057985,Defiance
13502,White,-9,-.0341672104404568,Defiance
13502,Black,25,.15185,Defiance
13502,Pooled,50,-.010619553216593,Defiance
13502,Hispanic,50,.1292856005465159,Defiance
13502,Asian,75,.031905,Defiance
13502,Pooled,25,.0403855623365301,Defiance
13502,Asian,50,-.01304,Defiance
13502,Pooled,-9,-.0187968008784773,Defiance
13502,Hispanic,25,.1710721649484536,Defiance
13502,Hispanic,-9,.1325356666666667,Defiance
13502,White,50,-.0249117591024847,Defiance
13502,Black,75,.1146333333333333,Defiance
13600,White,25,.0522981292517007,South Bend
13600,Hispanic,25,.0929506611570248,South Bend
13600,AIAN,-9,.1120909756097561,South Bend
13600,Black,25,.2296454439252336,South Bend
13600,Asian,75,-.0919615748031496,South Bend
13600,AIAN,25,.1464,South Bend
13600,Asian,25,-.0692809333333333,South Bend
13600,Hispanic,-9,.0646723560209424,South Bend
13600,Hispanic,50,.0543709734356553,South Bend
13600,Hispanic,75,.0157912857142857,South Bend
13600,White,50,-.0087353671923315,South Bend
13600,Pooled,50,.0173259276720499,South Bend
13600,Black,-9,.2186431069767442,South Bend
13600,White,75,-.0697688636363636,South Bend
13600,Asian,50,-.0806212540682415,South Bend
13600,Pooled,25,.0911206604003906,South Bend
13600,AIAN,75,.0777819512195122,South Bend
13600,Pooled,75,-.0564688050562907,South Bend
13600,Asian,-9,-.0835405445544554,South Bend
13600,White,-9,-.0222983664021164,South Bend
13600,Pooled,-9,.0095347379626597,South Bend
13600,Black,50,.2026419913690095,South Bend
13600,Black,75,.1756385388127854,South Bend
13600,AIAN,50,.1120909756097561,South Bend
13700,Pooled,25,.0520553913575214,Concord
13700,Black,25,.232620245398773,Concord
13700,Black,75,.10936,Concord
13700,Asian,75,-.086006,Concord
13700,Hispanic,25,.0901298427672956,Concord
13700,Hispanic,75,.0469382835820896,Concord
13700,Black,50,.1709901226993865,Concord
13700,Asian,-9,-.084560612244898,Concord
13700,White,25,.0361184964200477,Concord
13700,Black,-9,.2023758333333334,Concord
13700,Pooled,-9,-.0047674236641221,Concord
13700,Pooled,50,-.0013625402379957,Concord
13700,AIAN,75,.13389,Concord
13700,AIAN,-9,.1406616666666667,Concord
13700,AIAN,25,.1474333333333333,Concord
13700,Hispanic,50,.0685340631746926,Concord
13700,White,-9,-.018074582010582,Concord
13700,White,75,-.0612435931558935,Concord
13700,Pooled,75,-.0547804718335127,Concord
13700,Hispanic,-9,.0773252654867257,Concord
13700,White,50,-.0125625483679229,Concord
13700,Asian,25,-.083055,Concord
13700,Asian,50,-.0845305,Concord
13700,AIAN,50,.1406616666666667,Concord
13800,Black,75,.1190833333333333,Wayne
13800,Hispanic,-9,.0510817735849057,Wayne
13800,Black,25,.1629,Wayne
13800,Pooled,25,.0441472937771346,Wayne
13800,Hispanic,25,.0680215151515152,Wayne
13800,Pooled,75,-.0580483514902364,Wayne
13800,Pooled,-9,-.0156101358173077,Wayne
13800,White,75,-.0616202702702703,Wayne
13800,AIAN,50,.04704,Wayne
13800,Black,50,.1409916666666667,Wayne
13800,Asian,25,-.07566,Wayne
13800,Hispanic,50,.0455763575757576,Wayne
13800,White,50,-.0105101748176748,Wayne
13800,Asian,75,-.09912,Wayne
13800,Pooled,50,-.0069505288565509,Wayne
13800,AIAN,-9,.04704,Wayne
13800,AIAN,25,.1667,Wayne
13800,Hispanic,75,.0231312,Wayne
13800,AIAN,75,-.07262,Wayne
13800,White,-9,-.0202063022508039,Wayne
13800,Asian,50,-.08739,Wayne
13800,Black,-9,.1409916666666667,Wayne
13800,Asian,-9,-.08739,Wayne
13800,White,25,.0405999206349206,Wayne
13900,Asian,25,-.1177076923076923,Center
13900,Hispanic,50,.0891337955070011,Center
13900,Black,50,.2198688311688312,Center
13900,Black,75,.1989285714285714,Center
13900,Pooled,-9,.039154245339299,Center
13900,Hispanic,75,.0561704776119403,Center
13900,Black,25,.2408090909090909,Center
13900,AIAN,-9,.032005,Center
13900,Asian,50,-.0874119230769231,Center
13900,White,75,-.0111763982479784,Center
13900,Hispanic,-9,.0951636707317073,Center
13900,Asian,-9,-.0874119230769231,Center
13900,AIAN,25,.13825,Center
13900,Asian,75,-.0571161538461538,Center
13900,Pooled,25,.1010686712643678,Center
13900,White,-9,.0304799325704945,Center
13900,Pooled,75,-.0030733734713076,Center
13900,Black,-9,.2196801801801802,Center
13900,White,50,.0417483377399776,Center
13900,White,25,.0946730737279335,Center
13900,AIAN,50,.032005,Center
13900,Pooled,50,.0489976488965301,Center
13900,Hispanic,25,.1220971134020619,Center
13900,AIAN,75,-.07424,Center
14000,White,75,-.0153614266409266,Muncie
14000,Black,75,.1839275590551181,Muncie
14000,Hispanic,25,.1696746666666667,Muncie
14000,Pooled,50,.0567515734868229,Muncie
14000,Pooled,75,-.005315254754216,Muncie
14000,White,25,.10557485,Muncie
14000,Black,-9,.217207478753541,Muncie
14000,AIAN,75,-.0025966666666667,Muncie
14000,Hispanic,-9,.1243071287128713,Muncie
14000,Asian,-9,-.0547152941176471,Muncie
14000,Black,50,.2099182928018953,Muncie
14000,Pooled,25,.1188184017278618,Muncie
14000,Asian,25,-.0665070588235294,Muncie
14000,Asian,50,-.0547152941176471,Muncie
14000,Hispanic,50,.1137951382113821,Muncie
14000,Pooled,-9,.0510096011368091,Muncie
14000,White,-9,.0373341187363834,Muncie
14000,Asian,75,-.0429235294117647,Muncie
14000,AIAN,50,.0632683333333333,Muncie
14000,Hispanic,75,.0579156097560976,Muncie
14000,White,50,.0451067116795367,Muncie
14000,Black,25,.2359090265486725,Muncie
14000,AIAN,25,.1291333333333334,Muncie
14000,AIAN,-9,.0632683333333333,Muncie
14100,Hispanic,-9,.0649170965909091,Fort Wayne
14100,AIAN,25,.1183776470588235,Fort Wayne
14100,Hispanic,25,.0899116891891892,Fort Wayne
14100,White,50,-.0234097576093388,Fort Wayne
14100,Black,75,.1822154696132597,Fort Wayne
14100,Asian,25,-.11773,Fort Wayne
14100,AIAN,50,.0373535294117647,Fort Wayne
14100,White,75,-.0767893435448578,Fort Wayne
14100,Black,-9,.2137765964343598,Fort Wayne
14100,Hispanic,50,.0614695665773532,Fort Wayne
14100,Pooled,75,-.065157542187024,Fort Wayne
14100,AIAN,75,-.0436705882352941,Fort Wayne
14100,White,-9,-.0407387826086957,Fort Wayne
14100,Hispanic,75,.0330274439655172,Fort Wayne
14100,Asian,75,-.1302448979591837,Fort Wayne
14100,Black,25,.2268788073394495,Fort Wayne
14100,Black,50,.2045471384763546,Fort Wayne
14100,Pooled,-9,-.018019103957884,Fort Wayne
14100,Asian,50,-.1239874489795919,Fort Wayne
14100,AIAN,-9,.0373535294117647,Fort Wayne
14100,Pooled,25,.0604440493493324,Fort Wayne
14100,Pooled,50,-.0023567464188458,Fort Wayne
14100,White,25,.0299698283261803,Fort Wayne
14100,Asian,-9,-.1249444705882353,Fort Wayne
14200,Asian,25,-.0981759019607843,Indianapolis
14200,AIAN,-9,.1196331632653061,Indianapolis
14200,Black,75,.191019817232376,Indianapolis
14200,Asian,50,-.1005992535281629,Indianapolis
14200,Black,25,.2376167828685259,Indianapolis
14200,Asian,-9,-.1011138648648649,Indianapolis
14200,Black,50,.2143183000504509,Indianapolis
14200,White,25,.1083509494913439,Indianapolis
14200,Hispanic,75,.0354367219616205,Indianapolis
14200,Pooled,25,.1387327794044044,Indianapolis
14200,White,50,.0427555872316112,Indianapolis
14200,AIAN,25,.1686425531914894,Indianapolis
14200,Hispanic,50,.0775585664602623,Indianapolis
14200,Pooled,75,-.0097020261145997,Indianapolis
14200,Black,-9,.2247497043979813,Indianapolis
14200,Hispanic,-9,.0793637883673469,Indianapolis
14200,AIAN,75,.0744676470588235,Indianapolis
14200,Hispanic,25,.1196804109589041,Indianapolis
14200,White,-9,.0199959842657343,Indianapolis
14200,AIAN,50,.1215551001251564,Indianapolis
14200,Pooled,-9,.0475182597096276,Indianapolis
14200,White,75,-.0228397750281215,Indianapolis
14200,Asian,75,-.1030226050955414,Indianapolis
14200,Pooled,50,.0645153766449024,Indianapolis
14300,White,50,.0395741663175534,Columbus
14300,Asian,-9,-.1032635,Columbus
14300,Asian,25,-.1199484210526316,Columbus
14300,Hispanic,75,.0599247368421053,Columbus
14300,Pooled,75,-.0307294029190624,Columbus
14300,White,75,-.0346289400921659,Columbus
14300,Black,75,.16375,Columbus
14300,White,25,.1137772727272727,Columbus
14300,Black,25,.1726777777777778,Columbus
14300,White,-9,.0318328753180662,Columbus
14300,Hispanic,50,.0944557894736842,Columbus
14300,Pooled,50,.0410537766840198,Columbus
14300,Pooled,25,.112836956287102,Columbus
14300,Hispanic,25,.1289868421052631,Columbus
14300,Asian,50,-.1040580200501253,Columbus
14300,Hispanic,-9,.0944557894736842,Columbus
14300,Pooled,-9,.0339347836655323,Columbus
14300,Asian,75,-.0881676190476191,Columbus
14300,Black,50,.1682138888888889,Columbus
14300,Black,-9,.1684764705882353,Columbus
14400,Hispanic,-9,.105805,Terre Haute
14400,Black,-9,.176350350877193,Terre Haute
14400,AIAN,25,.1353,Terre Haute
14400,Asian,25,-.0796415789473684,Terre Haute
14400,AIAN,75,.07558,Terre Haute
14400,Black,25,.2019369014084507,Terre Haute
14400,Hispanic,25,.1352753846153846,Terre Haute
14400,Asian,50,-.0654788329519451,Terre Haute
14400,Hispanic,50,.1053372161172161,Terre Haute
14400,Hispanic,75,.0753990476190476,Terre Haute
14400,Asian,75,-.0513160869565217,Terre Haute
14400,Pooled,75,-.0181195423412204,Terre Haute
14400,AIAN,-9,.10544,Terre Haute
14400,White,25,.1070752909647779,Terre Haute
14400,Pooled,50,.0465828518090103,Terre Haute
14400,Pooled,25,.111285245959241,Terre Haute
14400,White,-9,.0364587774627923,Terre Haute
14400,White,50,.041349762896637,Terre Haute
14400,AIAN,50,.10544,Terre Haute
14400,Black,50,.1680198460530626,Terre Haute
14400,Pooled,-9,.0426737933311324,Terre Haute
14400,White,75,-.024375765171504,Terre Haute
14400,Asian,-9,-.06413,Terre Haute
14400,Black,75,.1341027906976744,Terre Haute
14500,Hispanic,25,.1018173267326733,Lafayette
14500,AIAN,75,.033585,Lafayette
14500,Black,75,.1475818965517242,Lafayette
14500,Pooled,-9,.0246426180702996,Lafayette
14500,Black,25,.2335252173913044,Lafayette
14500,White,-9,.0154834166016133,Lafayette
14500,Hispanic,50,.0664970812767844,Lafayette
14500,Black,-9,.2047118497109827,Lafayette
14500,Hispanic,75,.0311768358208955,Lafayette
14500,AIAN,-9,.1098975,Lafayette
14500,Hispanic,-9,.0736452261904762,Lafayette
14500,Asian,-9,-.1176569230769231,Lafayette
14500,Asian,25,-.1215077777777778,Lafayette
14500,White,25,.0958032297297297,Lafayette
14500,AIAN,25,.18621,Lafayette
14500,AIAN,50,.1098975,Lafayette
14500,Pooled,50,.0373090578907855,Lafayette
14500,Asian,75,-.1156182352941176,Lafayette
14500,White,50,.0304902712338873,Lafayette
14500,Pooled,25,.1040914439592431,Lafayette
14500,Black,50,.1905535569715143,Lafayette
14500,Asian,50,-.1185630065359477,Lafayette
14500,Pooled,75,-.029473328177672,Lafayette
14500,White,75,-.0348226872619551,Lafayette
14600,White,50,-.0012031025107211,Bloomington
14600,Hispanic,50,.0595536908045977,Bloomington
14600,AIAN,75,-.1,Bloomington
14600,Asian,75,-.0543521481481481,Bloomington
14600,Hispanic,-9,.0596566949152542,Bloomington
14600,Asian,25,-.0858674074074074,Bloomington
14600,Pooled,25,.055521108627314,Bloomington
14600,Pooled,50,.0022431948028749,Bloomington
14600,Asian,50,-.0701097777777778,Bloomington
14600,Black,-9,.1583321428571428,Bloomington
14600,Black,50,.1541038461538462,Bloomington
14600,Pooled,-9,.0000656720268007,Bloomington
14600,Hispanic,75,.0656309333333333,Bloomington
14600,AIAN,50,-.00773,Bloomington
14600,AIAN,25,.08454,Bloomington
14600,Hispanic,25,.0534764482758621,Bloomington
14600,AIAN,-9,-.00773,Bloomington
14600,Black,75,.0949076923076923,Bloomington
14600,Black,25,.2133,Bloomington
14600,Asian,-9,-.0701097777777778,Bloomington
14600,White,-9,-.0036104091710758,Bloomington
14600,Pooled,75,-.0510347190215642,Bloomington
14600,White,25,.0533946125461255,Bloomington
14600,White,75,-.0558008175675676,Bloomington
14700,AIAN,50,.13329,Evansville
14700,Asian,25,-.0893958064516129,Evansville
14700,AIAN,75,.09778,Evansville
14700,Black,75,.1720422818791946,Evansville
14700,White,75,-.0536506582965728,Evansville
14700,Black,50,.2071131348973012,Evansville
14700,White,-9,-.002831593256059,Evansville
14700,White,25,.0804630589543938,Evansville
14700,Hispanic,-9,.0546035,Evansville
14700,Asian,75,-.0829925806451613,Evansville
14700,Asian,50,-.0861941935483871,Evansville
14700,Pooled,25,.0923615924287119,Evansville
14700,Hispanic,75,.0305312790697674,Evansville
14700,Hispanic,25,.0748996862745098,Evansville
14700,Asian,-9,-.0861941935483871,Evansville
14700,Hispanic,50,.0527154826721386,Evansville
14700,Pooled,75,-.0469759273670558,Evansville
14700,Black,-9,.2204108333333333,Evansville
14700,Pooled,50,.0226928325308281,Evansville
14700,Pooled,-9,.008399710629152,Evansville
14700,AIAN,-9,.13329,Evansville
14700,Black,25,.2421839879154079,Evansville
14700,White,50,.0134062003289105,Evansville
14700,AIAN,25,.1688,Evansville
14801,White,-9,-.0262655904334828,Olney
14801,Hispanic,-9,.05266625,Olney
14801,Hispanic,50,.05266625,Olney
14801,Hispanic,75,-.00964,Olney
14801,Pooled,-9,-.02266242510699,Olney
14801,White,75,-.0877404081632653,Olney
14801,Hispanic,25,.1149725,Olney
14801,Pooled,25,.0257380051150895,Olney
14801,Pooled,75,-.0837094193548387,Olney
14801,White,50,-.0329048707482993,Olney
14801,White,25,.0219306666666667,Olney
14801,Pooled,50,-.0289857071198746,Olney
14802,White,75,-.051149644012945,Vincennes
14802,Pooled,50,.0184422677006973,Vincennes
14802,Hispanic,75,-.07989,Vincennes
14802,Pooled,75,-.048758905775076,Vincennes
14802,Asian,-9,-.11835,Vincennes
14802,White,25,.08557328125,Vincennes
14802,Black,75,.104635,Vincennes
14802,Hispanic,-9,-.0104875,Vincennes
14802,Pooled,25,.0856434411764706,Vincennes
14802,Hispanic,50,-.0104875,Vincennes
14802,Asian,50,-.11835,Vincennes
14802,Hispanic,25,.058915,Vincennes
14802,Pooled,-9,.0195472197309417,Vincennes
14802,Asian,25,-.1281,Vincennes
14802,Black,50,.1633425,Vincennes
14802,Asian,75,-.1086,Vincennes
14802,Black,-9,.1633425,Vincennes
14802,White,-9,.0184073290937997,Vincennes
14802,White,50,.0172118186185275,Vincennes
14802,Black,25,.22205,Vincennes
14900,Pooled,25,.1220556191950464,Gary
14900,Hispanic,25,.1069532956685499,Gary
14900,Asian,-9,-.0935940425531915,Gary
14900,Hispanic,75,.0468726132404181,Gary
14900,Asian,75,-.0954451612903226,Gary
14900,Hispanic,-9,.075743963800905,Gary
14900,Pooled,50,.0539458891429778,Gary
14900,Pooled,-9,.0384454284575528,Gary
14900,Black,25,.2361475355054302,Gary
14900,Black,75,.2004647801147227,Gary
14900,Pooled,75,-.0141638409090909,Gary
14900,Black,50,.2183061578100765,Gary
14900,White,75,-.0426752934107751,Gary
14900,AIAN,75,-.000235,Gary
14900,White,25,.0643845635673624,Gary
14900,AIAN,50,.048905,Gary
14900,AIAN,-9,.048905,Gary
14900,AIAN,25,.098045,Gary
14900,White,-9,-.0108935473876919,Gary
14900,Hispanic,50,.076912954454484,Gary
14900,White,50,.0108546350782937,Gary
14900,Black,-9,.225297488372093,Gary
14900,Asian,50,-.0927263306451613,Gary
14900,Asian,25,-.0900075,Gary
15000,White,25,.0209670498084291,Canton
15000,Asian,25,-.0774226086956522,Canton
15000,White,-9,-.0398547181850408,Canton
15000,Pooled,25,.037407279418551,Canton
15000,White,50,-.0356220687633316,Canton
15000,Hispanic,50,.0290683325358852,Canton
15000,Hispanic,-9,.0335432317073171,Canton
15000,Black,75,.1442271428571429,Canton
15000,AIAN,75,-.1343,Canton
15000,AIAN,25,.1266,Canton
15000,Black,50,.1876911787905346,Canton
15000,Pooled,75,-.0857470946714406,Canton
15000,Asian,50,-.0464807749360614,Canton
15000,Asian,75,-.0155389411764706,Canton
15000,AIAN,-9,-.00385,Canton
15000,Pooled,-9,-.0269768835608897,Canton
15000,Hispanic,25,.0902252878787879,Canton
15000,Black,-9,.2099778422273782,Canton
15000,White,75,-.0922111873350923,Canton
15000,Hispanic,75,-.0320886228070175,Canton
15000,Black,25,.2311552147239264,Canton
15000,AIAN,50,-.00385,Canton
15000,Asian,-9,-.0405095438596491,Canton
15000,Pooled,50,-.0241699076264448,Canton
15100,Asian,50,-.0473182142857143,Lorain
15100,Pooled,-9,.0199814196721311,Lorain
15100,Asian,75,-.0458114285714286,Lorain
15100,Hispanic,-9,.1035487228915663,Lorain
15100,White,25,.0732593654822335,Lorain
15100,AIAN,25,.1330529411764706,Lorain
15100,Hispanic,25,.1330907630522088,Lorain
15100,Pooled,50,.0307648340721579,Lorain
15100,Asian,-9,-.0469072727272727,Lorain
15100,White,75,-.0461971671826625,Lorain
15100,Black,50,.1895136958182482,Lorain
15100,AIAN,75,-.0362176470588235,Lorain
15100,Hispanic,50,.0961632128514056,Lorain
15100,Black,25,.2169806722689075,Lorain
15100,Pooled,75,-.0338509103680809,Lorain
15100,AIAN,50,.0484176470588235,Lorain
15100,White,50,.0135310991497855,Lorain
15100,Hispanic,75,.0592356626506024,Lorain
15100,Asian,25,-.048825,Lorain
15100,White,-9,-.0009415192307692,Lorain
15100,Black,-9,.200591179245283,Lorain
15100,AIAN,-9,.0484176470588235,Lorain
15100,Pooled,25,.0953805785123967,Lorain
15100,Black,75,.1620467193675889,Lorain
15200,Asian,25,-.1159941514360313,Cleveland
15200,Asian,75,-.1009617408,Cleveland
15200,AIAN,-9,.0862449230769231,Cleveland
15200,Pooled,-9,.0011512940466684,Cleveland
15200,Asian,-9,-.1066734603174603,Cleveland
15200,Pooled,25,.0844188823820288,Cleveland
15200,AIAN,75,.0033071428571429,Cleveland
15200,AIAN,25,.1490086486486487,Cleveland
15200,Hispanic,75,.0277397055007052,Cleveland
15200,Black,25,.2187573109664497,Cleveland
15200,White,75,-.0763541847979655,Cleveland
15200,White,25,.0293131835205993,Cleveland
15200,Asian,50,-.1084779461180157,Cleveland
15200,Black,50,.194858736382988,Cleveland
15200,White,50,-.0235205006386831,Cleveland
15200,Pooled,75,-.0588139081955537,Cleveland
15200,Hispanic,25,.1088952574341546,Cleveland
15200,Hispanic,50,.0683174814674299,Cleveland
15200,Black,75,.1709601617995264,Cleveland
15200,White,-9,-.0398356360946745,Cleveland
15200,Black,-9,.2072463837673446,Cleveland
15200,AIAN,50,.0761578957528958,Cleveland
15200,Pooled,50,.0128024870932375,Cleveland
15200,Hispanic,-9,.0783866220572641,Cleveland
15300,White,50,.0144141761114672,Parkersburg
15300,White,75,-.0493713521248916,Parkersburg
15300,Black,25,.1297190476190476,Parkersburg
15300,Hispanic,-9,.0607093333333333,Parkersburg
15300,Asian,-9,-.0578675,Parkersburg
15300,Pooled,25,.0778307073274036,Parkersburg
15300,White,-9,.0143310859748155,Parkersburg
15300,Asian,50,-.0578675,Parkersburg
15300,Black,50,.1145652380952381,Parkersburg
15300,White,25,.0781997043478261,Parkersburg
15300,Hispanic,50,.0607093333333333,Parkersburg
15300,Asian,25,-.08017,Parkersburg
15300,Black,-9,.1145652380952381,Parkersburg
15300,Pooled,75,-.0472645923109421,Parkersburg
15300,Pooled,50,.0152830575082308,Parkersburg
15300,Pooled,-9,.0152036823181049,Parkersburg
15300,Hispanic,25,.1024,Parkersburg
15300,Black,75,.0994114285714286,Parkersburg
15300,Asian,75,-.035565,Parkersburg
15300,Hispanic,75,.0190186666666667,Parkersburg
15400,Asian,-9,-.01546,Zanesville
15400,Hispanic,25,.0992145454545455,Zanesville
15400,Black,75,.061085756097561,Zanesville
15400,White,-9,.0083942968617472,Zanesville
15400,Hispanic,75,-.0228390909090909,Zanesville
15400,White,25,.0634364469026549,Zanesville
15400,Asian,25,-.02313,Zanesville
15400,Hispanic,-9,.0381877272727273,Zanesville
15400,White,75,-.066093882235529,Zanesville
15400,Asian,75,-.00779,Zanesville
15400,Pooled,25,.0668330466898955,Zanesville
15400,Pooled,-9,.0121475160901046,Zanesville
15400,AIAN,75,-.07343,Zanesville
15400,AIAN,25,.1464,Zanesville
15400,AIAN,50,.036485,Zanesville
15400,Black,-9,.128172647887324,Zanesville
15400,AIAN,-9,.036485,Zanesville
15400,Black,50,.1082458483458102,Zanesville
15400,Asian,50,-.01546,Zanesville
15400,Pooled,50,.0021573906142151,Zanesville
15400,Black,25,.1554059405940594,Zanesville
15400,White,50,-.001328717666437,Zanesville
15400,Pooled,75,-.0625182654614653,Zanesville
15400,Hispanic,50,.0381877272727273,Zanesville
15500,Hispanic,75,.0965333333333333,Steubenville
15500,Hispanic,-9,.1020533333333333,Steubenville
15500,Pooled,25,.1233874436674437,Steubenville
15500,Black,75,.1970622222222222,Steubenville
15500,Asian,25,-.07072,Steubenville
15500,Pooled,75,-.0057498613861386,Steubenville
15500,Black,-9,.2097848484848484,Steubenville
15500,Hispanic,50,.1020533333333333,Steubenville
15500,Asian,-9,-.0739675,Steubenville
15500,White,50,.0531847648902821,Steubenville
15500,Asian,75,-.077215,Steubenville
15500,White,-9,.0462800772200772,Steubenville
15500,White,25,.1194186206896552,Steubenville
15500,Pooled,50,.0588187911406525,Steubenville
15500,Pooled,-9,.0535648108493933,Steubenville
15500,Black,50,.2067138697318007,Steubenville
15500,Asian,50,-.0739675,Steubenville
15500,Hispanic,25,.1075733333333333,Steubenville
15500,White,75,-.0130490909090909,Steubenville
15500,Black,25,.2163655172413793,Steubenville
15600,White,25,.0884003896103896,Wheeling
15600,Pooled,25,.0904244118952508,Wheeling
15600,Black,75,.1489324324324324,Wheeling
15600,Asian,-9,.01145,Wheeling
15600,Hispanic,75,-.02595,Wheeling
15600,Asian,75,.04388,Wheeling
15600,Hispanic,-9,.06041,Wheeling
15600,Asian,50,.01145,Wheeling
15600,Black,50,.1776907060121346,Wheeling
15600,Hispanic,50,.06041,Wheeling
15600,Black,25,.2064489795918367,Wheeling
15600,Black,-9,.181703488372093,Wheeling
15600,Pooled,50,.0310175452413223,Wheeling
15600,Pooled,75,-.0283893214126062,Wheeling
15600,White,75,-.032271250929368,Wheeling
15600,White,50,.0280645693405108,Wheeling
15600,White,-9,.028120591457753,Wheeling
15600,Hispanic,25,.14677,Wheeling
15600,Asian,25,-.02098,Wheeling
15600,Pooled,-9,.0312292400890869,Wheeling
15700,Pooled,-9,.0541625624329159,Scioto
15700,White,25,.1023753008233059,Scioto
15700,AIAN,75,.037024,Scioto
15700,AIAN,50,.087407,Scioto
15700,White,-9,.0504968065967017,Scioto
15700,Asian,75,-.07827,Scioto
15700,AIAN,-9,.087407,Scioto
15700,Black,75,.1108374468085106,Scioto
15700,Pooled,25,.1055621266282945,Scioto
15700,Hispanic,25,.17315,Scioto
15700,Black,-9,.188878253968254,Scioto
15700,AIAN,25,.13779,Scioto
15700,Asian,25,-.07346,Scioto
15700,Black,50,.1730725208726097,Scioto
15700,Hispanic,50,.142965,Scioto
15700,Pooled,75,-.0199614923547401,Scioto
15700,Asian,50,-.075865,Scioto
15700,White,75,-.0247246280991736,Scioto
15700,Black,25,.2353075949367089,Scioto
15700,White,50,.0388253363620662,Scioto
15700,Hispanic,75,.11278,Scioto
15700,Pooled,50,.0428003171367772,Scioto
15700,Hispanic,-9,.142965,Scioto
15700,Asian,-9,-.075865,Scioto
15800,Asian,25,-.1236,Athens
15800,Black,50,.1098094117647059,Athens
15800,Hispanic,75,.0099025,Athens
15800,Black,25,.1537235294117647,Athens
15800,Asian,75,-.1515,Athens
15800,White,-9,.000731935483871,Athens
15800,Pooled,-9,.0028572974812798,Athens
15800,Hispanic,-9,.016975,Athens
15800,Hispanic,25,.0240475,Athens
15800,White,25,.04814475,Athens
15800,Pooled,50,-.0046275412961451,Athens
15800,Black,-9,.1098094117647059,Athens
15800,Pooled,75,-.0582628006329114,Athens
15800,White,50,-.0074358182773109,Athens
15800,Asian,50,-.13755,Athens
15800,Black,75,.0658952941176471,Athens
15800,White,75,-.0630163865546218,Athens
15800,Asian,-9,-.13755,Athens
15800,Hispanic,50,.016975,Athens
15800,Pooled,25,.0490077180406213,Athens
15900,AIAN,75,.052176347826087,Columbus
15900,White,25,.0762812247838617,Columbus
15900,AIAN,-9,.1104478490566038,Columbus
15900,Black,25,.2098961966856832,Columbus
15900,AIAN,25,.1551226666666667,Columbus
15900,White,-9,-.006458459230979,Columbus
15900,Asian,50,-.0986813437542849,Columbus
15900,Hispanic,50,.0563699418214945,Columbus
15900,AIAN,50,.1036495072463768,Columbus
15900,Hispanic,75,.0033526781002639,Columbus
15900,Pooled,25,.1006441105860627,Columbus
15900,Black,-9,.1922401354581673,Columbus
15900,Hispanic,25,.1093872055427252,Columbus
15900,Pooled,50,.0274667780445023,Columbus
15900,Pooled,-9,.0163841069502696,Columbus
15900,Hispanic,-9,.0598957204433498,Columbus
15900,White,50,.0097155334099212,Columbus
15900,Pooled,75,-.045710554497058,Columbus
15900,Black,75,.1437024495892457,Columbus
15900,Asian,75,-.0989744522144522,Columbus
15900,Asian,25,-.0983882352941176,Columbus
15900,Asian,-9,-.0987081933842239,Columbus
15900,White,75,-.0568501579640193,Columbus
15900,Black,50,.1767993231374645,Columbus
16000,AIAN,75,.164265,Mansfield
16000,Asian,25,-.0578116279069767,Mansfield
16000,Black,75,.1477909152542373,Mansfield
16000,White,75,-.0631888888888889,Mansfield
16000,Hispanic,50,.0933610679844265,Mansfield
16000,AIAN,50,.1666375,Mansfield
16000,White,-9,.0009866707021792,Mansfield
16000,Black,50,.1873425379190894,Mansfield
16000,Black,25,.2268941605839416,Mansfield
16000,Pooled,75,-.0556573012102196,Mansfield
16000,Hispanic,75,.0436970566037736,Mansfield
16000,Asian,75,-.0763864444444444,Mansfield
16000,Black,-9,.2030824693877551,Mansfield
16000,Hispanic,25,.1430250793650794,Mansfield
16000,AIAN,-9,.1666375,Mansfield
16000,Hispanic,-9,.0976424482758621,Mansfield
16000,Pooled,50,.0113530868553511,Mansfield
16000,Pooled,25,.0783634749209218,Mansfield
16000,AIAN,25,.16901,Mansfield
16000,Asian,50,-.0670990361757106,Mansfield
16000,Asian,-9,-.0673101136363636,Mansfield
16000,White,50,.0025791163496002,Mansfield
16000,Pooled,-9,.0110816676417642,Mansfield
16000,White,25,.0683471215880893,Mansfield
16100,Asian,50,-.1150627731092437,State College
16100,AIAN,25,.2029,State College
16100,Pooled,25,-.0046699471272471,State College
16100,Hispanic,75,-.0326915789473684,State College
16100,AIAN,75,-.0602,State College
16100,Hispanic,50,-.0273826315789474,State College
16100,Hispanic,25,-.0220736842105263,State College
16100,Asian,75,-.1127714285714286,State College
16100,Pooled,75,-.1115039019056545,State College
16100,White,75,-.1140415359477124,State College
16100,Asian,25,-.1173541176470588,State College
16100,Pooled,-9,-.0613071596555151,State College
16100,AIAN,50,.07135,State College
16100,AIAN,-9,.07135,State College
16100,Black,75,.0021074358974359,State College
16100,White,-9,-.0628994982698962,State College
16100,Pooled,50,-.0580869245164508,State College
16100,White,25,-.0053647058823529,State College
16100,White,50,-.0597031209150327,State College
16100,Black,25,.1229459459459459,State College
16100,Black,-9,.0609367105263158,State College
16100,Asian,-9,-.1145026666666667,State College
16100,Hispanic,-9,-.0273826315789474,State College
16100,Black,50,.0625266909216909,State College
16200,Black,75,.0522503555555556,Altoona
16200,Pooled,75,-.110681906159769,Altoona
16200,Hispanic,25,.0637566666666667,Altoona
16200,Pooled,50,-.0647522281030541,Altoona
16200,Hispanic,75,.036068,Altoona
16200,Black,25,.1553817523809524,Altoona
16200,White,-9,-.0683049633251834,Altoona
16200,Asian,-9,-.07901625,Altoona
16200,Asian,25,-.0987225,Altoona
16200,Black,-9,.1244423333333333,Altoona
16200,Pooled,-9,-.0638848120868744,Altoona
16200,Hispanic,-9,.0499123333333333,Altoona
16200,White,25,-.0234011111111111,Altoona
16200,Black,50,.103816053968254,Altoona
16200,Asian,75,-.05931,Altoona
16200,White,75,-.114320297029703,Altoona
16200,Pooled,25,-.0188225500463392,Altoona
16200,White,50,-.068860704070407,Altoona
16200,Hispanic,50,.0499123333333333,Altoona
16200,Asian,50,-.07901625,Altoona
16300,White,50,-.0338736029696863,Pittsburgh
16300,AIAN,75,.0257608888888889,Pittsburgh
16300,Hispanic,75,-.010954664652568,Pittsburgh
16300,Pooled,50,-.0165904713997124,Pittsburgh
16300,White,75,-.0848431970849176,Pittsburgh
16300,Asian,-9,-.1163253703703704,Pittsburgh
16300,White,25,.0170959911455451,Pittsburgh
16300,Pooled,75,-.0770571025686977,Pittsburgh
16300,Pooled,25,.043876159769273,Pittsburgh
16300,Black,25,.2027905472636816,Pittsburgh
16300,Hispanic,-9,.0210587781350482,Pittsburgh
16300,Hispanic,25,.0574726941580756,Pittsburgh
16300,AIAN,-9,.0906871111111111,Pittsburgh
16300,Pooled,-9,-.0293080934133468,Pittsburgh
16300,White,-9,-.0477277199274632,Pittsburgh
16300,Black,-9,.1849109875403784,Pittsburgh
16300,Black,50,.1681349069055438,Pittsburgh
16300,Asian,25,-.1188976576576577,Pittsburgh
16300,Asian,50,-.1169412701433828,Pittsburgh
16300,Black,75,.1334792665474061,Pittsburgh
16300,AIAN,25,.1556133333333333,Pittsburgh
16300,Hispanic,50,.0232590147527538,Pittsburgh
16300,AIAN,50,.0906871111111111,Pittsburgh
16300,Asian,75,-.114984882629108,Pittsburgh
16400,AIAN,25,.1286266666666666,Youngstown
16400,Black,75,.1642234782608695,Youngstown
16400,Black,50,.1946200357530486,Youngstown
16400,Asian,75,-.03495,Youngstown
16400,Pooled,-9,.0051492107359825,Youngstown
16400,White,-9,-.0174629711375212,Youngstown
16400,Black,-9,.2096681668496158,Youngstown
16400,Asian,-9,-.0451008181818182,Youngstown
16400,Hispanic,-9,.0734252777777778,Youngstown
16400,White,50,-.013767157130607,Youngstown
16400,White,75,-.0660111839323467,Youngstown
16400,Pooled,75,-.0538369264069264,Youngstown
16400,Black,25,.2250165932452276,Youngstown
16400,Hispanic,75,.0217414634146341,Youngstown
16400,Asian,25,-.0556275925925926,Youngstown
16400,AIAN,50,.0667316666666666,Youngstown
16400,Pooled,50,.0058807387525763,Youngstown
16400,White,25,.0384768696711328,Youngstown
16400,Hispanic,50,.0633970749908992,Youngstown
16400,AIAN,-9,.0667316666666666,Youngstown
16400,Asian,50,-.0452887962962963,Youngstown
16400,AIAN,75,.0048366666666667,Youngstown
16400,Pooled,25,.0655984039120791,Youngstown
16400,Hispanic,25,.1050526865671642,Youngstown
16500,AIAN,25,.09514,Erie
16500,AIAN,75,-.049125,Erie
16500,Black,50,.1629853961058662,Erie
16500,Black,75,.1259329927007299,Erie
16500,Pooled,25,.0289075506515343,Erie
16500,White,75,-.0908809648466716,Erie
16500,White,25,.015965949309479,Erie
16500,Black,25,.2000377995110024,Erie
16500,Hispanic,75,-.007083185840708,Erie
16500,Hispanic,25,.1054496750902527,Erie
16500,Asian,-9,-.1195902631578947,Erie
16500,Hispanic,-9,.072844,Erie
16500,Asian,25,-.1264936507936508,Erie
16500,Pooled,75,-.0863780947833353,Erie
16500,Asian,75,-.114703595505618,Erie
16500,AIAN,-9,.0230075,Erie
16500,Pooled,-9,-.0333425364831765,Erie
16500,Pooled,50,-.0287352720659005,Erie
16500,White,50,-.0374575077685963,Erie
16500,Asian,50,-.1205986231496344,Erie
16500,White,-9,-.0435814972210643,Erie
16500,Hispanic,50,.0491832446247724,Erie
16500,AIAN,50,.0230075,Erie
16500,Black,-9,.1814437362637362,Erie
16600,Asian,75,-.0956532727272727,Roanoke
16600,Hispanic,25,.0648693739130435,Roanoke
16600,Asian,25,-.1081909090909091,Roanoke
16600,Black,25,.1876026425591099,Roanoke
16600,Black,75,.1262991408934708,Roanoke
16600,AIAN,75,-.09893,Roanoke
16600,Pooled,75,-.0782782350008902,Roanoke
16600,Pooled,25,.061939656229756,Roanoke
16600,Black,50,.1569508917262903,Roanoke
16600,Hispanic,50,-.0114530862393546,Roanoke
16600,AIAN,25,.1528,Roanoke
16600,White,25,.041284698730073,Roanoke
16600,AIAN,50,.026935,Roanoke
16600,Hispanic,-9,-.0049728773584906,Roanoke
16600,White,-9,-.0346302999773602,Roanoke
16600,Black,-9,.1699399504950495,Roanoke
16600,AIAN,-9,.026935,Roanoke
16600,White,75,-.0893665965322424,Roanoke
16600,Hispanic,75,-.0877755463917526,Roanoke
16600,Asian,50,-.1019220909090909,Roanoke
16600,Pooled,-9,-.0149147441451991,Roanoke
16600,Asian,-9,-.1019220909090909,Roanoke
16600,White,50,-.0240409489010847,Roanoke
16600,Pooled,50,-.0081692893855671,Roanoke
16701,Pooled,-9,.0496271790235081,Elkins
16701,Asian,75,-.1755,Elkins
16701,Black,-9,.21975,Elkins
16701,Black,25,.2541,Elkins
16701,Asian,25,-.1645,Elkins
16701,Black,75,.1854,Elkins
16701,Hispanic,50,.0338475,Elkins
16701,Pooled,75,-.0198407614213198,Elkins
16701,Pooled,25,.0880687078651685,Elkins
16701,White,-9,.048238343079922,Elkins
16701,White,75,-.0253527118644068,Elkins
16701,Hispanic,-9,.0338475,Elkins
16701,Hispanic,75,-.0253,Elkins
16701,Asian,-9,-.17,Elkins
16701,White,25,.0870050595238095,Elkins
16701,Asian,50,-.17,Elkins
16701,White,50,.0308261738297014,Elkins
16701,Black,50,.21975,Elkins
16701,Pooled,50,.0341139732219244,Elkins
16701,Hispanic,25,.092995,Elkins
16702,Hispanic,25,.0823445454545455,Morgantown
16702,Pooled,-9,.0370399143536876,Morgantown
16702,Hispanic,50,.058298303030303,Morgantown
16702,Black,75,.0740606122448979,Morgantown
16702,Pooled,25,.1034192133492253,Morgantown
16702,White,25,.1045185917854149,Morgantown
16702,Black,50,.1287572733355637,Morgantown
16702,White,-9,.0363655866388309,Morgantown
16702,Hispanic,-9,.058298303030303,Morgantown
16702,Black,25,.1834539344262295,Morgantown
16702,Asian,-9,-.0772971794871795,Morgantown
16702,Asian,50,-.0774596901779829,Morgantown
16702,Pooled,75,-.0290767043925603,Morgantown
16702,Pooled,50,.0371712544783325,Morgantown
16702,White,50,.0366207351605943,Morgantown
16702,Asian,75,-.0742907317073171,Morgantown
16702,Hispanic,75,.0342520606060606,Morgantown
16702,Black,-9,.1347241818181818,Morgantown
16702,Asian,25,-.0806286486486486,Morgantown
16702,White,75,-.0312771214642263,Morgantown
16703,Hispanic,25,.2078,Buckhannon
16703,Hispanic,50,.1803,Buckhannon
16703,Pooled,75,-.0171880689655172,Buckhannon
16703,White,-9,.0578473913043478,Buckhannon
16703,Hispanic,-9,.1803,Buckhannon
16703,Pooled,50,.0436756505566115,Buckhannon
16703,White,25,.1028872,Buckhannon
16703,Hispanic,75,.1528,Buckhannon
16703,Pooled,-9,.0603025814536341,Buckhannon
16703,White,75,-.0220104255319149,Buckhannon
16703,Pooled,25,.1045393700787401,Buckhannon
16703,White,50,.0404383872340425,Buckhannon
16801,Hispanic,75,.0217525,Beckley
16801,Hispanic,-9,.068598125,Beckley
16801,Hispanic,50,.068598125,Beckley
16801,Asian,25,-.07328,Beckley
16801,Black,75,.1488007246376812,Beckley
16801,Hispanic,25,.11544375,Beckley
16801,Black,50,.1753908247465863,Beckley
16801,Black,-9,.1868179752066116,Beckley
16801,Pooled,-9,.0645244251812788,Beckley
16801,Pooled,50,.0579137912925206,Beckley
16801,Asian,-9,-.06396775,Beckley
16801,Pooled,25,.1130145144202472,Beckley
16801,White,25,.1045651150202977,Beckley
16801,Asian,75,-.0546555,Beckley
16801,White,-9,.0549754614243324,Beckley
16801,Pooled,75,.002813068164794,Beckley
16801,White,75,-.0051998325123153,Beckley
16801,White,50,.0496826412539912,Beckley
16801,Asian,50,-.06396775,Beckley
16801,Black,25,.2019809248554914,Beckley
16802,White,-9,.075477196969697,Summersville
16802,Hispanic,75,.1035,Summersville
16802,Pooled,25,.1127245614035087,Summersville
16802,Pooled,75,.0113987628865979,Summersville
16802,Hispanic,-9,.1139,Summersville
16802,White,25,.112587573964497,Summersville
16802,White,50,.0610236817190906,Summersville
16802,Hispanic,50,.1139,Summersville
16802,Hispanic,25,.1243,Summersville
16802,White,75,.0094597894736842,Summersville
16802,Pooled,-9,.076050671641791,Summersville
16802,Pooled,50,.0620616621450533,Summersville
16901,Asian,75,-.0640776,Charleston
16901,White,25,.1559210793650794,Charleston
16901,Pooled,50,.0945883980894603,Charleston
16901,Pooled,25,.1579082045454545,Charleston
16901,AIAN,25,.1511,Charleston
16901,Hispanic,-9,.1099536842105263,Charleston
16901,Black,25,.2041230656934306,Charleston
16901,Hispanic,50,.1112374876847291,Charleston
16901,Asian,-9,-.0720097391304348,Charleston
16901,Pooled,-9,.0904208524416136,Charleston
16901,Hispanic,25,.1844142857142857,Charleston
16901,Black,50,.1796324151996565,Charleston
16901,Black,75,.1551417647058824,Charleston
16901,White,-9,.0865393395133256,Charleston
16901,AIAN,50,.06282,Charleston
16901,Black,-9,.1878756097560975,Charleston
16901,Asian,25,-.0868825,Charleston
16901,White,75,.0283207778369739,Charleston
16901,Asian,50,-.07548005,Charleston
16901,AIAN,75,-.02546,Charleston
16901,Pooled,75,.0312685916334661,Charleston
16901,White,50,.0921209286010266,Charleston
16901,Hispanic,75,.0380606896551724,Charleston
16901,AIAN,-9,.06282,Charleston
16902,White,25,.0754906711409396,Spencer
16902,Hispanic,-9,.16975,Spencer
16902,Hispanic,75,.2023,Spencer
16902,Pooled,-9,.0436657798165138,Spencer
16902,White,-9,.0388625714285714,Spencer
16902,Hispanic,25,.1372,Spencer
16902,Pooled,75,-.0350426153846154,Spencer
16902,Pooled,25,.0771039869281046,Spencer
16902,Hispanic,50,.16975,Spencer
16902,Pooled,50,.0210306857717446,Spencer
16902,White,50,.0124423027835846,Spencer
16902,White,75,-.0506060655737705,Spencer
17000,White,75,.0508799717741936,Pikeville
17000,Hispanic,-9,.130585,Pikeville
17000,Hispanic,25,.1504775,Pikeville
17000,Asian,-9,-.00835825,Pikeville
17000,White,25,.1345447820965842,Pikeville
17000,Pooled,25,.1343623367231639,Pikeville
17000,Pooled,75,.053038469924812,Pikeville
17000,Asian,75,.02162,Pikeville
17000,White,-9,.1036914394052045,Pikeville
17000,Black,75,.08633,Pikeville
17000,Hispanic,75,.1106925,Pikeville
17000,White,50,.0927123769353889,Pikeville
17000,Pooled,50,.0937004033239879,Pikeville
17000,Black,50,.150715,Pikeville
17000,Asian,25,-.0383365,Pikeville
17000,Black,-9,.150715,Pikeville
17000,Black,25,.2151,Pikeville
17000,Pooled,-9,.1038300169371913,Pikeville
17000,Asian,50,-.00835825,Pikeville
17000,Hispanic,50,.130585,Pikeville
17100,Pooled,25,.1420501721593704,Huntington
17100,Hispanic,-9,.0800427586206896,Huntington
17100,Hispanic,25,.173591724137931,Huntington
17100,Asian,50,-.032555875,Huntington
17100,Asian,25,-.0484975,Huntington
17100,AIAN,50,.14445,Huntington
17100,White,-9,.0815837861352793,Huntington
17100,AIAN,25,.1105,Huntington
17100,Black,-9,.1891214736842105,Huntington
17100,AIAN,-9,.14445,Huntington
17100,Pooled,75,.0142877899013349,Huntington
17100,Black,75,.1289443243243243,Huntington
17100,White,50,.0763699251632327,Huntington
17100,Pooled,-9,.0834413903088392,Huntington
17100,Black,50,.1782273345759553,Huntington
17100,Hispanic,75,-.0135062068965517,Huntington
17100,Black,25,.2275103448275862,Huntington
17100,Asian,-9,-.032555875,Huntington
17100,Pooled,50,.0781689810303526,Huntington
17100,White,75,.0120896945632254,Huntington
17100,Hispanic,50,.0800427586206896,Huntington
17100,Asian,75,-.01661425,Huntington
17100,White,25,.1406501557632399,Huntington
17100,AIAN,75,.1784,Huntington
17200,Hispanic,75,-.0178936842105263,Harrisonburg
17200,Hispanic,50,.0082552189634391,Harrisonburg
17200,White,25,.018031066319896,Harrisonburg
17200,White,50,-.0457123376534491,Harrisonburg
17200,Pooled,25,.0217230625,Harrisonburg
17200,Black,75,.07099672,Harrisonburg
17200,Hispanic,25,.0344041221374046,Harrisonburg
17200,Asian,75,-.0944708,Harrisonburg
17200,Hispanic,-9,.0185478723404255,Harrisonburg
17200,Asian,25,-.1111396,Harrisonburg
17200,Asian,50,-.1028052,Harrisonburg
17200,Pooled,-9,-.0405749955106622,Harrisonburg
17200,Pooled,75,-.101353588691796,Harrisonburg
17200,Black,-9,.1062258275862069,Harrisonburg
17200,White,-9,-.048373277258567,Harrisonburg
17200,White,75,-.1094557416267943,Harrisonburg
17200,Asian,-9,-.1028052,Harrisonburg
17200,Black,25,.1329145454545455,Harrisonburg
17200,Pooled,50,-.039815263095898,Harrisonburg
17200,Black,50,.1019556327272727,Harrisonburg
17300,White,75,-.0781068768619663,Staunton
17300,Hispanic,75,-.0518633333333333,Staunton
17300,White,50,-.0117586313747538,Staunton
17300,Asian,-9,-.0944191666666667,Staunton
17300,Hispanic,50,-.0184595,Staunton
17300,Pooled,50,-.0039316714186836,Staunton
17300,Black,75,.0916269743589744,Staunton
17300,Asian,25,-.1122633333333333,Staunton
17300,Hispanic,-9,-.0184595,Staunton
17300,White,-9,-.0152251018808778,Staunton
17300,Asian,50,-.0944191666666667,Staunton
17300,Black,25,.1673058128078818,Staunton
17300,White,25,.0545896141124587,Staunton
17300,Black,-9,.1396357375,Staunton
17300,Pooled,25,.0607275570279224,Staunton
17300,Pooled,-9,-.0056300935483871,Staunton
17300,Pooled,75,-.0685908998652897,Staunton
17300,Asian,75,-.076575,Staunton
17300,Black,50,.1294663935834281,Staunton
17300,Hispanic,25,.0149443333333333,Staunton
17400,Pooled,25,.0754284442270059,Hagerstown
17400,Hispanic,75,.0204368571428571,Hagerstown
17400,AIAN,75,-.01662,Hagerstown
17400,Asian,25,-.0519418604651163,Hagerstown
17400,AIAN,-9,.067315,Hagerstown
17400,Asian,-9,-.0457757954545455,Hagerstown
17400,Hispanic,25,.0613628037383178,Hagerstown
17400,Pooled,-9,.0085590950775455,Hagerstown
17400,White,25,.0670868543046358,Hagerstown
17400,AIAN,50,.067315,Hagerstown
17400,Black,50,.1635532807256712,Hagerstown
17400,AIAN,25,.15125,Hagerstown
17400,Black,-9,.1765930985915493,Hagerstown
17400,White,-9,-.0006531709108717,Hagerstown
17400,White,50,.0062043140361207,Hagerstown
17400,Pooled,75,-.0482729006237006,Hagerstown
17400,Asian,75,-.0398837777777778,Hagerstown
17400,Black,25,.1962295302013423,Hagerstown
17400,Hispanic,-9,.0442361847826087,Hagerstown
17400,Black,75,.13087703125,Hagerstown
17400,Hispanic,50,.0408998304405875,Hagerstown
17400,Pooled,50,.0135777718016526,Hagerstown
17400,White,75,-.0546782262323944,Hagerstown
17400,Asian,50,-.045912819121447,Hagerstown
17501,Hispanic,50,.071853625,Cumberland
17501,Black,75,.0876902564102564,Cumberland
17501,Hispanic,75,.09288725,Cumberland
17501,Pooled,25,.0465737744807122,Cumberland
17501,Black,25,.1151975609756098,Cumberland
17501,Black,50,.1014439086929331,Cumberland
17501,Asian,75,-.08563,Cumberland
17501,White,25,.0462177631578947,Cumberland
17501,Pooled,75,-.0583780070372977,Cumberland
17501,White,75,-.065950059970015,Cumberland
17501,Black,-9,.10178775,Cumberland
17501,Asian,-9,-.0939425,Cumberland
17501,Asian,25,-.102255,Cumberland
17501,Asian,50,-.0939425,Cumberland
17501,White,50,-.0098661484060601,Cumberland
17501,Pooled,-9,-.0014418345138442,Cumberland
17501,Hispanic,25,.05082,Cumberland
17501,Pooled,50,-.0059021162782928,Cumberland
17501,White,-9,-.0048511365187713,Cumberland
17501,Hispanic,-9,.071853625,Cumberland
17502,White,-9,-.0098277049180328,Winchester
17502,Black,75,.0989358333333333,Winchester
17502,White,75,-.0664208477011494,Winchester
17502,Hispanic,75,-.0236029,Winchester
17502,Asian,25,-.116,Winchester
17502,Pooled,-9,-.0012794285714286,Winchester
17502,White,50,-.0044586118847627,Winchester
17502,Asian,50,-.1107025,Winchester
17502,Asian,-9,-.1107025,Winchester
17502,Black,50,.1406939166666667,Winchester
17502,Black,25,.182452,Winchester
17502,Pooled,50,.0023593482118482,Winchester
17502,White,25,.0575036239316239,Winchester
17502,Hispanic,-9,.0245199534883721,Winchester
17502,Asian,75,-.105405,Winchester
17502,Black,-9,.1553656756756757,Winchester
17502,Pooled,25,.0651060600600601,Winchester
17502,Pooled,75,-.0603873636363636,Winchester
17502,Hispanic,25,.0663659130434783,Winchester
17502,Hispanic,50,.0213815065217391,Winchester
17600,AIAN,50,.070061,Charlottesville
17600,White,50,-.0219179525994248,Charlottesville
17600,Asian,25,-.1265957894736842,Charlottesville
17600,Black,25,.195578165374677,Charlottesville
17600,Asian,-9,-.1448431818181818,Charlottesville
17600,Hispanic,-9,.0733118243902439,Charlottesville
17600,Asian,75,-.1587112,Charlottesville
17600,Pooled,75,-.0711332911755535,Charlottesville
17600,Black,-9,.1772459251968504,Charlottesville
17600,White,-9,-.0394985064645564,Charlottesville
17600,AIAN,75,.002322,Charlottesville
17600,AIAN,-9,.070061,Charlottesville
17600,Hispanic,25,.0871939240506329,Charlottesville
17600,Pooled,25,.0902902614124073,Charlottesville
17600,Hispanic,75,.0604096376470588,Charlottesville
17600,Black,75,.1186130578512397,Charlottesville
17600,Pooled,-9,.0005700996880416,Charlottesville
17600,Black,50,.1570956116129584,Charlottesville
17600,White,25,.0461877163461538,Charlottesville
17600,White,75,-.0900236215450035,Charlottesville
17600,Hispanic,50,.0738017808488459,Charlottesville
17600,AIAN,25,.1378,Charlottesville
17600,Asian,50,-.1426534947368421,Charlottesville
17600,Pooled,50,.0095784851184269,Charlottesville
17700,White,50,-.0151905731015324,Syracuse
17700,Asian,25,-.1275059116022099,Syracuse
17700,Black,25,.2308242870632672,Syracuse
17700,Hispanic,50,.0781990795672309,Syracuse
17700,Asian,-9,-.1177876715686275,Syracuse
17700,Pooled,75,-.0608530692420799,Syracuse
17700,AIAN,25,.1398336363636364,Syracuse
17700,Hispanic,75,.0291150403225806,Syracuse
17700,AIAN,50,.1021055078369906,Syracuse
17700,White,-9,-.0266871824880798,Syracuse
17700,Hispanic,-9,.0899431134969325,Syracuse
17700,Asian,75,-.1100387665198238,Syracuse
17700,White,75,-.0681300498575498,Syracuse
17700,AIAN,75,.0643773793103448,Syracuse
17700,AIAN,-9,.1098578630136986,Syracuse
17700,White,25,.037748903654485,Syracuse
17700,Black,-9,.2103104834254144,Syracuse
17700,Asian,50,-.1187723390610169,Syracuse
17700,Pooled,-9,-.0110604467423418,Syracuse
17700,Hispanic,25,.1272831188118812,Syracuse
17700,Pooled,50,-.0013443616977915,Syracuse
17700,Pooled,25,.0581643458464969,Syracuse
17700,Black,75,.1544644215938303,Syracuse
17700,Black,50,.1926443543285488,Syracuse
17800,AIAN,-9,-.042375,Oneonta
17800,AIAN,75,-.1513,Oneonta
17800,Asian,50,-.0941756333333333,Oneonta
17800,Pooled,25,-.0079322945736434,Oneonta
17800,Hispanic,25,.004046875,Oneonta
17800,Pooled,50,-.0526170782190251,Oneonta
17800,Asian,-9,-.0941756333333333,Oneonta
17800,White,25,-.0079403424657534,Oneonta
17800,White,75,-.1020884210526316,Oneonta
17800,Black,-9,.0438343333333333,Oneonta
17800,AIAN,25,.06655,Oneonta
17800,Black,50,.0438343333333333,Oneonta
17800,Pooled,75,-.0973018618644068,Oneonta
17800,Black,25,.0621353333333333,Oneonta
17800,Asian,25,-.11831,Oneonta
17800,Black,75,.0255333333333333,Oneonta
17800,AIAN,50,-.042375,Oneonta
17800,Pooled,-9,-.050627067611336,Oneonta
17800,Hispanic,-9,.0065524838709677,Oneonta
17800,Hispanic,50,.0066360041666667,Oneonta
17800,Asian,75,-.0700412666666667,Oneonta
17800,Hispanic,75,.0092251333333333,Oneonta
17800,White,50,-.0550143817591925,Oneonta
17800,White,-9,-.0528209677419355,Oneonta
17900,Black,25,.17175625,Union
17900,White,-9,-.0528053707165109,Union
17900,Hispanic,25,.0973585853658536,Union
17900,Pooled,25,.0132248207485227,Union
17900,Pooled,75,-.0931968988648091,Union
17900,Hispanic,75,-.0215332258064516,Union
17900,Asian,75,-.0881381395348837,Union
17900,Asian,50,-.096994952120383,Union
17900,Asian,-9,-.0959597402597403,Union
17900,Pooled,-9,-.0463664224212655,Union
17900,Hispanic,50,.037912679779701,Union
17900,White,25,.0058697536231884,Union
17900,Black,75,.0512726666666667,Union
17900,AIAN,75,-.0227,Union
17900,Asian,25,-.1058517647058824,Union
17900,Black,-9,.1333040425531915,Union
17900,Hispanic,-9,.0461690555555555,Union
17900,AIAN,-9,.07065,Union
17900,Black,50,.1115144583333333,Union
17900,AIAN,50,.07065,Union
17900,White,75,-.0970521857923497,Union
17900,AIAN,25,.164,Union
17900,White,50,-.0455912160845807,Union
17900,Pooled,50,-.0399860390581432,Union
18000,AIAN,25,.0988855424836601,Buffalo
18000,White,75,-.0889991804817016,Buffalo
18000,Black,50,.1932877472197377,Buffalo
18000,Black,75,.1624231894659839,Buffalo
18000,Black,25,.2241523049734916,Buffalo
18000,Asian,25,-.1138837075718016,Buffalo
18000,Asian,75,-.0982026465661641,Buffalo
18000,White,25,.0064423811394892,Buffalo
18000,AIAN,50,.0682192283846872,Buffalo
18000,Hispanic,25,.1078770559094126,Buffalo
18000,Black,-9,.2083145232732733,Buffalo
18000,Asian,-9,-.1043310612244898,Buffalo
18000,White,-9,-.0581483624047417,Buffalo
18000,AIAN,75,.0375529142857143,Buffalo
18000,Hispanic,50,.0624128598351546,Buffalo
18000,Pooled,50,-.0120263527000561,Buffalo
18000,Pooled,25,.0524166547686497,Buffalo
18000,AIAN,-9,.0739245891472868,Buffalo
18000,Pooled,75,-.0764693601687618,Buffalo
18000,Pooled,-9,-.0277419709935383,Buffalo
18000,Hispanic,75,.0169486637608966,Buffalo
18000,Asian,50,-.1060431770689829,Buffalo
18000,Hispanic,-9,.0749278235559567,Buffalo
18000,White,50,-.0412783996711062,Buffalo
18100,Hispanic,25,.0915931506849315,Elmira
18100,Black,75,.0609451666666667,Elmira
18100,White,25,.0346881142857143,Elmira
18100,Hispanic,75,-.0520906805970149,Elmira
18100,AIAN,75,.0667933333333333,Elmira
18100,Pooled,75,-.0756294380974806,Elmira
18100,Asian,50,-.1119038888888889,Elmira
18100,AIAN,-9,.071825,Elmira
18100,Pooled,25,.0390638626155878,Elmira
18100,Asian,-9,-.1110558823529412,Elmira
18100,White,75,-.0790161042183623,Elmira
18100,Asian,75,-.0974877777777778,Elmira
18100,AIAN,50,.071825,Elmira
18100,Black,25,.1712915714285714,Elmira
18100,White,50,-.022163994966324,Elmira
18100,Pooled,-9,-.0215813625,Elmira
18100,Hispanic,-9,.0228301742857143,Elmira
18100,Pooled,50,-.0182827877409464,Elmira
18100,White,-9,-.0261655378486056,Elmira
18100,Asian,25,-.12632,Elmira
18100,Black,-9,.1338154339622641,Elmira
18100,AIAN,25,.0768566666666667,Elmira
18100,Hispanic,50,.0197512350439583,Elmira
18100,Black,50,.116118369047619,Elmira
18201,Hispanic,25,.1167452631578947,Olean
18201,Pooled,25,.0403355835390946,Olean
18201,AIAN,75,.1199,Olean
18201,White,50,-.0199660066533779,Olean
18201,Black,25,.1073657142857143,Olean
18201,Asian,50,-.1281523333333333,Olean
18201,Black,-9,.0589285185185185,Olean
18201,Pooled,75,-.0740255051397656,Olean
18201,Pooled,-9,-.0142368981067126,Olean
18201,Asian,75,-.1078146666666667,Olean
18201,White,25,.0382900641247834,Olean
18201,AIAN,25,.1801,Olean
18201,Pooled,50,-.0168449608003355,Olean
18201,AIAN,-9,.1617782608695652,Olean
18201,AIAN,50,.15,Olean
18201,Black,50,.0570655494505494,Olean
18201,White,-9,-.0174651812019883,Olean
18201,Hispanic,75,.0616344888888889,Olean
18201,White,75,-.0782220774315392,Olean
18201,Black,75,.0067653846153846,Olean
18201,Asian,-9,-.1281523333333333,Olean
18201,Asian,25,-.14849,Olean
18201,Hispanic,50,.0891898760233918,Olean
18201,Hispanic,-9,.0899346162162162,Olean
18202,White,-9,-.0782555301455301,St. Marys
18202,Pooled,25,-.0226908602150538,St. Marys
18202,White,75,-.1098284158415842,St. Marys
18202,Asian,25,-.1556,St. Marys
18202,White,50,-.0671695449994438,St. Marys
18202,Asian,-9,-.18495,St. Marys
18202,Hispanic,50,.197,St. Marys
18202,White,25,-.0245106741573034,St. Marys
18202,Hispanic,-9,.197,St. Marys
18202,Hispanic,25,.1912,St. Marys
18202,Asian,75,-.2143,St. Marys
18202,Pooled,-9,-.0755422736418511,St. Marys
18202,Hispanic,75,.2028,St. Marys
18202,Pooled,75,-.1071511575562701,St. Marys
18202,Asian,50,-.18495,St. Marys
18202,Pooled,50,-.0649210088856619,St. Marys
18300,AIAN,50,.0789925,Watertown
18300,Black,-9,.1635015873015873,Watertown
18300,Black,75,.1284307692307692,Watertown
18300,Pooled,75,-.0483742170022371,Watertown
18300,Hispanic,50,.0119056840193705,Watertown
18300,Pooled,-9,.0076710416666667,Watertown
18300,AIAN,75,.0184,Watertown
18300,Hispanic,25,.0453277966101695,Watertown
18300,White,75,-.054749959807074,Watertown
18300,Asian,75,-.0775866666666667,Watertown
18300,Asian,25,-.0916266666666667,Watertown
18300,Pooled,50,.0052641900673886,Watertown
18300,Asian,50,-.0846066666666667,Watertown
18300,Pooled,25,.0589025971370143,Watertown
18300,Asian,-9,-.0846066666666667,Watertown
18300,Black,25,.1792229885057471,Watertown
18300,White,25,.0526972958397535,Watertown
18300,Black,50,.1538268788682582,Watertown
18300,AIAN,25,.139585,Watertown
18300,Hispanic,75,-.0215164285714286,Watertown
18300,Hispanic,-9,.0204389893617021,Watertown
18300,White,50,-.0010263319836602,Watertown
18300,AIAN,-9,.0789925,Watertown
18300,White,-9,.0001149252557042,Watertown
18400,Pooled,25,.0126601419354839,Plattsburgh
18400,Black,75,.1030676,Plattsburgh
18400,AIAN,25,-.0111877272727273,Plattsburgh
18400,AIAN,75,-.025252,Plattsburgh
18400,Black,25,.1140528,Plattsburgh
18400,White,50,-.0368750624159618,Plattsburgh
18400,White,-9,-.0391239210526316,Plattsburgh
18400,Pooled,-9,-.0360562013588635,Plattsburgh
18400,Hispanic,-9,.0013375862068965,Plattsburgh
18400,Pooled,75,-.0807898104265403,Plattsburgh
18400,Hispanic,25,.0443265517241379,Plattsburgh
18400,Hispanic,75,-.0416513793103448,Plattsburgh
18400,Asian,50,-.0534933333333333,Plattsburgh
18400,Asian,75,-.04009,Plattsburgh
18400,AIAN,-9,-.017885,Plattsburgh
18400,Black,50,.1085602,Plattsburgh
18400,Asian,-9,-.0534933333333333,Plattsburgh
18400,Pooled,50,-.0340648342455282,Plattsburgh
18400,Black,-9,.1085602,Plattsburgh
18400,White,25,.0119572965517241,Plattsburgh
18400,Asian,25,-.0668966666666667,Plattsburgh
18400,AIAN,50,-.0182198636363636,Plattsburgh
18400,White,75,-.0857074213836478,Plattsburgh
18400,Hispanic,50,.0013375862068966,Plattsburgh
18500,Hispanic,-9,.1036925423728813,Amsterdam
18500,Black,-9,.1049775,Amsterdam
18500,Asian,25,-.066978,Amsterdam
18500,Hispanic,75,-.0069071428571429,Amsterdam
18500,Asian,75,-.003275,Amsterdam
18500,White,75,-.0483970208540218,Amsterdam
18500,Black,25,.16795,Amsterdam
18500,Pooled,-9,.015423847008547,Amsterdam
18500,White,50,.006364760641625,Amsterdam
18500,Pooled,75,-.0452760262417994,Amsterdam
18500,White,-9,.0100189295644115,Amsterdam
18500,Asian,50,-.0351265,Amsterdam
18500,Asian,-9,-.0351265,Amsterdam
18500,White,25,.0611265421372719,Amsterdam
18500,Black,50,.1049775,Amsterdam
18500,Black,75,.042005,Amsterdam
18500,Hispanic,25,.1381013333333333,Amsterdam
18500,Pooled,50,.0105125454022739,Amsterdam
18500,Hispanic,50,.0655970952380952,Amsterdam
18500,Pooled,25,.0663011170463472,Amsterdam
18600,Pooled,-9,-.0091596792485955,Albany
18600,Hispanic,25,.127280297029703,Albany
18600,AIAN,25,.1921,Albany
18600,White,25,.0487025701583773,Albany
18600,Hispanic,50,.0814628866100896,Albany
18600,Black,25,.2043668545659526,Albany
18600,Hispanic,-9,.0886833954154728,Albany
18600,Pooled,25,.0661941023576768,Albany
18600,Asian,-9,-.0824614266666667,Albany
18600,White,-9,-.0229449724517906,Albany
18600,Asian,50,-.0845807200492109,Albany
18600,Black,50,.1698170049955863,Albany
18600,AIAN,75,-.05364,Albany
18600,White,50,-.0067601581805219,Albany
18600,AIAN,-9,.06923,Albany
18600,White,75,-.0622228865194212,Albany
18600,AIAN,50,.06923,Albany
18600,Black,75,.1352671554252199,Albany
18600,Asian,75,-.0764986690140845,Albany
18600,Hispanic,75,.0356454761904762,Albany
18600,Black,-9,.1851787459283387,Albany
18600,Asian,25,-.0926627710843373,Albany
18600,Pooled,50,.0052649888607179,Albany
18600,Pooled,75,-.055664124636241,Albany
18700,White,75,-.1035114871794872,Sunbury
18700,Black,25,.0776741176470588,Sunbury
18700,Black,75,.0225642352941176,Sunbury
18700,Pooled,-9,-.0554569072718399,Sunbury
18700,Asian,25,-.10665,Sunbury
18700,White,50,-.0585147260277601,Sunbury
18700,Pooled,75,-.0989740350706283,Sunbury
18700,Hispanic,25,.066836,Sunbury
18700,Asian,75,-.087759,Sunbury
18700,Hispanic,75,.0187786486486487,Sunbury
18700,Pooled,50,-.0553717881954609,Sunbury
18700,Hispanic,-9,.044609475,Sunbury
18700,Pooled,25,-.0117695413202934,Sunbury
18700,Black,-9,.0501191764705882,Sunbury
18700,Hispanic,50,.0428073243243243,Sunbury
18700,Asian,50,-.0972045,Sunbury
18700,Asian,-9,-.0972045,Sunbury
18700,White,-9,-.0586768347915594,Sunbury
18700,Black,50,.0501191764705882,Sunbury
18700,White,25,-.0135179648760331,Sunbury
18800,Hispanic,50,.0580168208156557,Scranton
18800,Hispanic,25,.0999518885448916,Scranton
18800,AIAN,75,.01149,Scranton
18800,White,50,-.0233296976765722,Scranton
18800,White,25,.021098879671151,Scranton
18800,Black,75,.109093602484472,Scranton
18800,AIAN,-9,.00832,Scranton
18800,Pooled,50,-.0169071471849352,Scranton
18800,Black,25,.1511182470119522,Scranton
18800,Pooled,25,.0278737120184482,Scranton
18800,Black,-9,.1346959951456311,Scranton
18800,AIAN,25,.00515,Scranton
18800,White,75,-.0677582750242954,Scranton
18800,Asian,50,-.0527058924485126,Scranton
18800,Asian,-9,-.0514114563106796,Scranton
18800,Hispanic,-9,.063944038869258,Scranton
18800,Asian,25,-.0648265217391304,Scranton
18800,Hispanic,75,.0160817530864198,Scranton
18800,White,-9,-.0279208293124246,Scranton
18800,Pooled,-9,-.0207753165819804,Scranton
18800,Black,50,.1301059247482121,Scranton
18800,Asian,75,-.0405852631578947,Scranton
18800,AIAN,50,.00832,Scranton
18800,Pooled,75,-.0616880063883185,Scranton
18900,Black,25,.1912776470588236,Williamsport
18900,AIAN,-9,-.118305,Williamsport
18900,Hispanic,50,.0471888322580645,Williamsport
18900,Asian,25,-.0825066666666667,Williamsport
18900,Black,75,.06207,Williamsport
18900,White,75,-.0748930803571429,Williamsport
18900,Hispanic,25,.0740735483870968,Williamsport
18900,White,50,-.0122038941767745,Williamsport
18900,White,25,.0504852920035939,Williamsport
18900,Pooled,25,.0570792824742268,Williamsport
18900,Asian,-9,-.0650483333333333,Williamsport
18900,Hispanic,-9,.0471888322580645,Williamsport
18900,White,-9,-.0124004120017913,Williamsport
18900,Pooled,-9,-.0061911202521008,Williamsport
18900,Black,50,.1266738235294118,Williamsport
18900,Pooled,75,-.0719002108779443,Williamsport
18900,Asian,75,-.04759,Williamsport
18900,Black,-9,.1666666666666667,Williamsport
18900,AIAN,75,-.2,Williamsport
18900,AIAN,50,-.118305,Williamsport
18900,Hispanic,75,.0203041161290323,Williamsport
18900,Asian,50,-.0650483333333333,Williamsport
18900,AIAN,25,-.03661,Williamsport
18900,Pooled,50,-.0074104642018588,Williamsport
19000,Black,25,.1945622754491018,Allentown
19000,AIAN,25,.2264,Allentown
19000,Asian,75,-.0842730927835052,Allentown
19000,White,50,-.0123440692383326,Allentown
19000,AIAN,-9,.13016,Allentown
19000,Black,-9,.16552359375,Allentown
19000,White,-9,-.0316630708661417,Allentown
19000,AIAN,50,.13016,Allentown
19000,Pooled,75,-.0584530187678931,Allentown
19000,Black,75,.1110352808988764,Allentown
19000,Hispanic,-9,.1039244851994852,Allentown
19000,Hispanic,50,.0791236931568609,Allentown
19000,Hispanic,25,.1280328693424424,Allentown
19000,Pooled,25,.0650900140622254,Allentown
19000,Asian,50,-.0925865463917526,Allentown
19000,White,25,.0407622772277228,Allentown
19000,Asian,25,-.1009,Allentown
19000,Asian,-9,-.0908825465838509,Allentown
19000,White,75,-.065450415704388,Allentown
19000,Pooled,50,.0033184976471661,Allentown
19000,Pooled,-9,-.0119691355820106,Allentown
19000,Black,50,.1527987781739891,Allentown
19000,Hispanic,75,.0302145169712794,Allentown
19000,AIAN,75,.03392,Allentown
19100,White,25,-.0224420117955439,Reading
19100,White,75,-.0999579886685552,Reading
19100,Hispanic,25,.1191461439588689,Reading
19100,Hispanic,75,.0346770861244019,Reading
19100,Black,-9,.1704719676549865,Reading
19100,Black,25,.193068992248062,Reading
19100,Hispanic,50,.0769116150416354,Reading
19100,White,-9,-.0727650275862069,Reading
19100,AIAN,25,.1623366666666667,Reading
19100,Pooled,75,-.0928525517379411,Reading
19100,Asian,-9,-.1095952486187845,Reading
19100,Hispanic,-9,.1012595856129686,Reading
19100,AIAN,-9,.078355,Reading
19100,Pooled,-9,-.0519446521948866,Reading
19100,Asian,75,-.1073964179104478,Reading
19100,Black,50,.1559738766550045,Reading
19100,Pooled,25,.0100729978759988,Reading
19100,Pooled,50,-.0413897769309712,Reading
19100,AIAN,75,-.0056266666666667,Reading
19100,Asian,25,-.1123403726708074,Reading
19100,Black,75,.1188787610619469,Reading
19100,White,50,-.0612000002320496,Reading
19100,Asian,50,-.1098683952906276,Reading
19100,AIAN,50,.078355,Reading
19200,AIAN,25,.164625,Harrisburg
19200,Pooled,25,.0427321422567766,Harrisburg
19200,White,75,-.0841869330004162,Harrisburg
19200,AIAN,75,.0125116,Harrisburg
19200,Black,50,.1804155723495018,Harrisburg
19200,White,25,.0117223637344846,Harrisburg
19200,Asian,-9,-.0942497073593073,Harrisburg
19200,Hispanic,25,.1228615179968701,Harrisburg
19200,AIAN,50,.0885683,Harrisburg
19200,Asian,75,-.0894534305882353,Harrisburg
19200,Asian,25,-.1001581642512077,Harrisburg
19200,Pooled,50,-.0159044001193513,Harrisburg
19200,AIAN,-9,.0885683,Harrisburg
19200,Asian,50,-.0948057974197215,Harrisburg
19200,Hispanic,-9,.0936321595744681,Harrisburg
19200,Black,75,.1517150209205021,Harrisburg
19200,Black,-9,.1930330480656506,Harrisburg
19200,Hispanic,75,.0315804651162791,Harrisburg
19200,Pooled,-9,-.0298963052395808,Harrisburg
19200,Pooled,75,-.0745409424954792,Harrisburg
19200,White,50,-.0362322846329658,Harrisburg
19200,White,-9,-.0516225854328905,Harrisburg
19200,Black,25,.2091161237785016,Harrisburg
19200,Hispanic,50,.0772209915565746,Harrisburg
19300,White,75,-.0606174279835391,Poughkeepsie
19300,Asian,-9,-.1101071219512195,Poughkeepsie
19300,AIAN,50,.048648,Poughkeepsie
19300,AIAN,-9,.048648,Poughkeepsie
19300,Asian,25,-.119334375,Poughkeepsie
19300,White,25,.008804797752809,Poughkeepsie
19300,Pooled,-9,-.0130336492907003,Poughkeepsie
19300,Hispanic,50,.0616805903547672,Poughkeepsie
19300,Pooled,75,-.0451002932489451,Poughkeepsie
19300,White,-9,-.0388158115737474,Poughkeepsie
19300,Asian,75,-.1059188652482269,Poughkeepsie
19300,Hispanic,-9,.0627332470588235,Poughkeepsie
19300,Pooled,25,.0440718832185347,Poughkeepsie
19300,Black,25,.1936187637969095,Poughkeepsie
19300,Hispanic,75,.0318553170731707,Poughkeepsie
19300,AIAN,75,.0272593333333333,Poughkeepsie
19300,Pooled,50,-.0005142050152052,Poughkeepsie
19300,Black,-9,.1773346796657382,Poughkeepsie
19300,Black,50,.1715584385022283,Poughkeepsie
19300,White,50,-.0259063151153651,Poughkeepsie
19300,Hispanic,25,.0915058636363636,Poughkeepsie
19300,Black,75,.1494981132075472,Poughkeepsie
19300,AIAN,25,.0700366666666667,Poughkeepsie
19300,Asian,50,-.1126266201241135,Poughkeepsie
19400,Asian,25,-.1779879025239339,New York
19400,Black,75,.1142914840871022,New York
19400,Pooled,25,.0351922313092964,New York
19400,White,25,-.0516172059474412,New York
19400,Asian,75,-.1356275078864353,New York
19400,Hispanic,50,.0368582665296268,New York
19400,Hispanic,-9,.0445076319102628,New York
19400,White,75,-.0724567771960442,New York
19400,Asian,-9,-.1629253729669097,New York
19400,AIAN,75,.0539032363636364,New York
19400,Pooled,75,-.036448823686903,New York
19400,AIAN,50,.0728691372657876,New York
19400,Hispanic,25,.0516742920236728,New York
19400,Pooled,-9,.0024232793649405,New York
19400,Asian,50,-.1568077052051846,New York
19400,Black,25,.1453870876308952,New York
19400,Hispanic,75,.0220422410355808,New York
19400,White,50,-.0620369915717427,New York
19400,AIAN,-9,.0806186451612903,New York
19400,Black,50,.1298392858589987,New York
19400,White,-9,-.0662868304258804,New York
19400,AIAN,25,.0918350381679389,New York
19400,Pooled,50,-.0006282961888033,New York
19400,Black,-9,.1366350720374142,New York
19500,White,75,-.033584046692607,Toms River
19500,AIAN,25,.02501,Toms River
19500,Black,25,.2031157894736842,Toms River
19500,AIAN,50,.0447575,Toms River
19500,Pooled,75,-.0250838863095912,Toms River
19500,Pooled,50,.0158324546463038,Toms River
19500,Asian,50,-.1108391817779744,Toms River
19500,Hispanic,-9,.0752341111111111,Toms River
19500,Pooled,25,.0567487956021989,Toms River
19500,White,-9,-.0172698580889309,Toms River
19500,Black,50,.1788922230950511,Toms River
19500,White,25,.02671,Toms River
19500,AIAN,-9,.0447575,Toms River
19500,Hispanic,25,.1091662921348314,Toms River
19500,White,50,-.0034370233463035,Toms River
19500,Black,-9,.185182320441989,Toms River
19500,Hispanic,75,.0420476923076923,Toms River
19500,Hispanic,50,.0756069922212619,Toms River
19500,Asian,-9,-.1083292760180996,Toms River
19500,Black,75,.1546686567164179,Toms River
19500,AIAN,75,.064505,Toms River
19500,Pooled,-9,.0004358201511728,Toms River
19500,Asian,25,-.1162773109243698,Toms River
19500,Asian,75,-.105401052631579,Toms River
19600,Pooled,50,.0124345448676586,Newark
19600,Asian,25,-.1069296108291032,Newark
19600,Asian,50,-.1036360494336904,Newark
19600,White,75,-.0647412998670213,Newark
19600,AIAN,-9,.0340034141414141,Newark
19600,Hispanic,25,.072385794750033,Newark
19600,Pooled,-9,.0001695550363448,Newark
19600,AIAN,50,.0340034141414141,Newark
19600,Hispanic,75,.0296352510067114,Newark
19600,Hispanic,-9,.0583007270475854,Newark
19600,White,-9,-.0512168021063447,Newark
19600,Black,25,.1918057825638,Newark
19600,Black,75,.1578184257654535,Newark
19600,White,50,-.0349950457527197,Newark
19600,AIAN,25,.0447681818181818,Newark
19600,Black,50,.1748121041646267,Newark
19600,Pooled,25,.064523564526116,Newark
19600,Black,-9,.1803162572014451,Newark
19600,Pooled,75,-.0396544747907989,Newark
19600,Asian,-9,-.1027220660146699,Newark
19600,Asian,75,-.1003424880382775,Newark
19600,AIAN,75,.0232386464646465,Newark
19600,White,25,-.0052487916384181,Newark
19600,Hispanic,50,.0510105228783722,Newark
19700,Pooled,25,.1029060073227724,Philadelphia
19700,AIAN,25,.149729,Philadelphia
19700,Asian,25,-.1089339975196362,Philadelphia
19700,Asian,50,-.1048878446196907,Philadelphia
19700,White,25,.0378827525347353,Philadelphia
19700,Black,-9,.2072878960319902,Philadelphia
19700,Hispanic,25,.1051984653465347,Philadelphia
19700,Black,25,.2192961478069717,Philadelphia
19700,AIAN,-9,.1076799008264463,Philadelphia
19700,Pooled,-9,.0245121809794703,Philadelphia
19700,AIAN,75,.0537301132075472,Philadelphia
19700,Black,75,.1740468559837728,Philadelphia
19700,White,-9,-.0244011483951647,Philadelphia
19700,Hispanic,-9,.0861930314148131,Philadelphia
19700,Pooled,75,-.0278605417245406,Philadelphia
19700,Asian,-9,-.1049420871386678,Philadelphia
19700,Black,50,.1966715018953722,Philadelphia
19700,Hispanic,75,.042927468069121,Philadelphia
19700,White,50,-.0052209769707688,Philadelphia
19700,White,75,-.0483247064762729,Philadelphia
19700,AIAN,50,.1017295566037736,Philadelphia
19700,Hispanic,50,.0740629667078278,Philadelphia
19700,Asian,75,-.1008416917197452,Philadelphia
19700,Pooled,50,.0375227327991159,Philadelphia
19800,Black,50,.2198831045751634,Wilmington
19800,Black,25,.2412344444444444,Wilmington
19800,Asian,25,-.1009271111111111,Wilmington
19800,AIAN,75,.013735,Wilmington
19800,Hispanic,-9,.1049847593582888,Wilmington
19800,White,-9,.0103502918287938,Wilmington
19800,Black,75,.1985317647058824,Wilmington
19800,Pooled,-9,.0542963085926349,Wilmington
19800,Pooled,75,.0006913280550775,Wilmington
19800,Pooled,25,.1424910235982632,Wilmington
19800,Hispanic,50,.0955857843551797,Wilmington
19800,Black,-9,.227537358490566,Wilmington
19800,Asian,-9,-.0973363046357616,Wilmington
19800,AIAN,25,.129505,Wilmington
19800,White,50,.0351929357069433,Wilmington
19800,AIAN,50,.07162,Wilmington
19800,Asian,50,-.0981322050400916,Wilmington
19800,Asian,75,-.0953372989690722,Wilmington
19800,Hispanic,25,.131093023255814,Wilmington
19800,White,75,-.0218120596205962,Wilmington
19800,AIAN,-9,.07162,Wilmington
19800,White,25,.0921979310344827,Wilmington
19800,Hispanic,75,.0600785454545455,Wilmington
19800,Pooled,50,.0715911758266703,Wilmington
19901,Hispanic,75,.0124343529411765,Dover
19901,Black,75,.1634466666666666,Dover
19901,AIAN,-9,.1164033333333333,Dover
19901,White,75,-.0573251873981532,Dover
19901,White,25,.0471104158283032,Dover
19901,White,-9,-.0105924489795918,Dover
19901,Pooled,25,.1018469886140558,Dover
19901,Pooled,50,.03429070070777,Dover
19901,Asian,50,-.0912190587064677,Dover
19901,Asian,75,-.0874298507462687,Dover
19901,AIAN,75,.1400266666666667,Dover
19901,Hispanic,25,.0829455319148936,Dover
19901,Hispanic,-9,.0592426214689266,Dover
19901,Asian,25,-.0950082666666667,Dover
19901,Pooled,75,-.0332655871985158,Dover
19901,Pooled,-9,.0399072238996385,Dover
19901,Black,25,.2045736782902137,Dover
19901,AIAN,25,.09278,Dover
19901,White,50,-.005107385784925,Dover
19901,Black,-9,.1967150136487716,Dover
19901,Hispanic,50,.047689942428035,Dover
19901,Asian,-9,-.0914325352112676,Dover
19901,Black,50,.1840101724784402,Dover
19901,AIAN,50,.1164033333333333,Dover
19902,Black,75,.1554808333333333,Easton
19902,Pooled,50,.0136758671833112,Easton
19902,Hispanic,50,.0332314,Easton
19902,Asian,50,-.0799004,Easton
19902,Hispanic,25,.087722,Easton
19902,Pooled,25,.0705336192771084,Easton
19902,White,25,.0206883175803403,Easton
19902,Hispanic,75,-.0212592,Easton
19902,Pooled,75,-.0431818849104859,Easton
19902,White,75,-.0568094668587896,Easton
19902,White,50,-.0180605746392247,Easton
19902,Black,25,.1826053639846743,Easton
19902,Pooled,-9,.0153689019851117,Easton
19902,Hispanic,-9,.0332314,Easton
19902,Asian,25,-.0907828,Easton
19902,White,-9,-.023288348323794,Easton
19902,Black,50,.1690430986590038,Easton
19902,Asian,75,-.069018,Easton
19902,Black,-9,.1783918446601942,Easton
19902,Asian,-9,-.0799004,Easton
19903,White,25,.0584181818181818,Chincoteague
19903,Hispanic,75,.08203,Chincoteague
19903,White,75,-.0764913846153846,Chincoteague
19903,Black,50,.2304401315789474,Chincoteague
19903,Asian,25,.1097,Chincoteague
19903,Pooled,-9,.0927097249070632,Chincoteague
19903,Asian,75,.002169,Chincoteague
19903,Pooled,50,.0683040626832845,Chincoteague
19903,Black,75,.20645,Chincoteague
19903,White,-9,.001103660130719,Chincoteague
19903,Asian,-9,.0559345,Chincoteague
19903,Hispanic,25,.128305,Chincoteague
19903,Pooled,75,-.0107938064516129,Chincoteague
19903,Black,25,.2544302631578947,Chincoteague
19903,Hispanic,-9,.1051675,Chincoteague
19903,Black,-9,.2460858695652174,Chincoteague
19903,Hispanic,50,.1051675,Chincoteague
19903,White,50,-.0090366013986014,Chincoteague
19903,Asian,50,.0559345,Chincoteague
19903,Pooled,25,.1474019318181818,Chincoteague
20001,Black,-9,.085285,Bangor
20001,Asian,75,-.150962962962963,Bangor
20001,AIAN,75,-.0889581058823529,Bangor
20001,AIAN,25,-.0116617647058824,Bangor
20001,Hispanic,-9,-.0586880952380952,Bangor
20001,AIAN,50,-.0503099352941176,Bangor
20001,Asian,-9,-.1500018518518519,Bangor
20001,Hispanic,75,-.1447261904761905,Bangor
20001,White,-9,-.0395919247353979,Bangor
20001,Pooled,25,.0110334032376748,Bangor
20001,Black,25,.1136825,Bangor
20001,White,25,.0113171538461538,Bangor
20001,Pooled,75,-.0920873999236641,Bangor
20001,Asian,50,-.1500018518518519,Bangor
20001,Black,75,.0568875,Bangor
20001,White,75,-.0924950439648281,Bangor
20001,AIAN,-9,-.0503099352941177,Bangor
20001,Hispanic,25,.02735,Bangor
20001,Hispanic,50,-.0586880952380952,Bangor
20001,Pooled,-9,-.0395804042337954,Bangor
20001,Black,50,.085285,Bangor
20001,Asian,25,-.1490407407407408,Bangor
20001,White,50,-.0405889450593371,Bangor
20001,Pooled,50,-.0405269983429947,Bangor
20002,Asian,25,-.06546,Calais
20002,Black,-9,.1441005,Calais
20002,White,75,-.07334,Calais
20002,Asian,-9,-.08403,Calais
20002,Pooled,-9,-.0191071490566038,Calais
20002,Hispanic,50,.06646,Calais
20002,Hispanic,75,.1142,Calais
20002,White,-9,-.0271735557939914,Calais
20002,Hispanic,-9,.06646,Calais
20002,Black,75,.2864,Calais
20002,AIAN,50,.031975,Calais
20002,White,25,.0008447,Calais
20002,Black,50,.1441005,Calais
20002,Black,25,.001801,Calais
20002,Pooled,25,.0015376739130435,Calais
20002,AIAN,75,-.01226,Calais
20002,AIAN,25,.07621,Calais
20002,Asian,75,-.1026,Calais
20002,White,50,-.03624765,Calais
20002,AIAN,-9,.031975,Calais
20002,Pooled,75,-.0510669230769231,Calais
20002,Hispanic,25,.01872,Calais
20002,Asian,50,-.08403,Calais
20002,Pooled,50,-.0247646245819398,Calais
20003,Pooled,50,-.0710683119346115,Presque Isle
20003,Hispanic,-9,.0002,Presque Isle
20003,Asian,75,-.08537,Presque Isle
20003,White,50,-.074925,Presque Isle
20003,Hispanic,75,-.04184,Presque Isle
20003,AIAN,75,-.1315,Presque Isle
20003,Pooled,-9,-.0663892251461988,Presque Isle
20003,Black,50,.12511,Presque Isle
20003,White,25,-.02875,Presque Isle
20003,Pooled,25,-.025346949602122,Presque Isle
20003,White,75,-.1211,Presque Isle
20003,Black,-9,.12511,Presque Isle
20003,White,-9,-.0699523076923077,Presque Isle
20003,Black,25,.1537,Presque Isle
20003,Asian,-9,-.08722,Presque Isle
20003,AIAN,-9,-.02735,Presque Isle
20003,Hispanic,50,.0002,Presque Isle
20003,Black,75,.09652,Presque Isle
20003,Asian,50,-.08722,Presque Isle
20003,AIAN,50,-.02735,Presque Isle
20003,Pooled,75,-.116789674267101,Presque Isle
20003,Hispanic,25,.04224,Presque Isle
20003,AIAN,25,.0768,Presque Isle
20003,Asian,25,-.08907,Presque Isle
20100,White,-9,-.0324845572954778,Portland
20100,Asian,25,-.0948646666666667,Portland
20100,White,75,-.0801172845055526,Portland
20100,AIAN,25,.1039216666666666,Portland
20100,Black,-9,.106017012987013,Portland
20100,White,50,-.0267783095749658,Portland
20100,Pooled,-9,-.0306647521260282,Portland
20100,Black,75,.0718881355932203,Portland
20100,Asian,-9,-.0811761881188119,Portland
20100,Hispanic,75,-.042268785046729,Portland
20100,Pooled,75,-.0776457574603175,Portland
20100,AIAN,50,.0651375,Portland
20100,Pooled,25,.0265096284963684,Portland
20100,AIAN,-9,.0651375,Portland
20100,Hispanic,-9,-.0094947543859649,Portland
20100,AIAN,75,.0263533333333333,Portland
20100,Asian,50,-.0806117147766323,Portland
20100,White,25,.0265606653556211,Portland
20100,Hispanic,25,.0194872396694215,Portland
20100,Asian,75,-.0663587628865979,Portland
20100,Black,25,.1272128421052632,Portland
20100,Black,50,.0995504888492418,Portland
20100,Pooled,50,-.0255680644819745,Portland
20100,Hispanic,50,-.0113907726886537,Portland
20200,Black,25,.1127565714285714,Burlington
20200,AIAN,-9,.03147,Burlington
20200,Hispanic,25,.0212857959183674,Burlington
20200,Asian,25,-.1638540740740741,Burlington
20200,Asian,50,-.1730603703703704,Burlington
20200,Black,75,.0088516206896552,Burlington
20200,AIAN,75,-.01799,Burlington
20200,Asian,75,-.1822666666666667,Burlington
20200,White,50,-.1016988663240989,Burlington
20200,AIAN,50,.03147,Burlington
20200,White,-9,-.1101511545049674,Burlington
20200,White,25,-.06546945487042,Burlington
20200,Black,50,.0608040960591133,Burlington
20200,Hispanic,75,-.0493778947368421,Burlington
20200,Black,-9,.065674640625,Burlington
20200,Pooled,50,-.0986256129155615,Burlington
20200,Pooled,25,-.0618487316666667,Burlington
20200,White,75,-.1379282777777778,Burlington
20200,AIAN,25,.08093,Burlington
20200,Asian,-9,-.1735449122807018,Burlington
20200,Hispanic,-9,-.0167126037735849,Burlington
20200,Pooled,-9,-.1067916303079417,Burlington
20200,Hispanic,50,-.0140460494092374,Burlington
20200,Pooled,75,-.1354024941644562,Burlington
20301,White,25,-.0364261848341232,Berlin
20301,Pooled,75,-.1323453543307087,Berlin
20301,Asian,50,-.051295,Berlin
20301,Asian,25,-.06098,Berlin
20301,Hispanic,-9,-.0597866666666667,Berlin
20301,Hispanic,25,-.0577233333333333,Berlin
20301,Pooled,50,-.084897077617843,Berlin
20301,Hispanic,75,-.06185,Berlin
20301,White,75,-.1366994459833795,Berlin
20301,Asian,-9,-.051295,Berlin
20301,White,-9,-.0826568965517241,Berlin
20301,Pooled,25,-.0374488009049774,Berlin
20301,Asian,75,-.04161,Berlin
20301,Hispanic,50,-.0597866666666667,Berlin
20301,Pooled,-9,-.081380255164034,Berlin
20301,White,50,-.0865628154087514,Berlin
20302,White,25,-.045276106639839,Claremont
20302,Hispanic,25,-.0206565853658537,Claremont
20302,Asian,25,-.134132,Claremont
20302,Black,25,.12009425,Claremont
20302,AIAN,50,.0440675,Claremont
20302,White,50,-.0871437175415984,Claremont
20302,Hispanic,50,-.0579756097560976,Claremont
20302,Asian,75,-.115994,Claremont
20302,AIAN,75,-.00761,Claremont
20302,White,75,-.1290113284433578,Claremont
20302,AIAN,-9,.0440675,Claremont
20302,Pooled,-9,-.0885982136170213,Claremont
20302,Asian,-9,-.125063,Claremont
20302,Black,50,.055312125,Claremont
20302,Pooled,75,-.1260415950445219,Claremont
20302,AIAN,25,.095745,Claremont
20302,White,-9,-.0915359522737506,Claremont
20302,Pooled,50,-.0844771423498471,Claremont
20302,Hispanic,75,-.0952946341463415,Claremont
20302,Black,75,-.00947,Claremont
20302,Asian,50,-.125063,Claremont
20302,Hispanic,-9,-.0579756097560976,Claremont
20302,Pooled,25,-.0429126896551724,Claremont
20302,Black,-9,.055312125,Claremont
20401,Black,-9,.1274249759036145,Providence
20401,AIAN,50,.1216793419354839,Providence
20401,Hispanic,25,.0663662144053601,Providence
20401,AIAN,25,.1017754838709678,Providence
20401,White,75,-.0640154865860074,Providence
20401,AIAN,-9,.1195467857142857,Providence
20401,Pooled,25,.027752413612173,Providence
20401,Hispanic,50,.0337549755678605,Providence
20401,Black,25,.1411059679144385,Providence
20401,Asian,75,-.0553721643835616,Providence
20401,Black,75,.0948760508905852,Providence
20401,White,50,-.0253250385685942,Providence
20401,Pooled,50,-.0155052583228011,Providence
20401,Asian,25,-.0576429007633588,Providence
20401,Asian,-9,-.0565494722955145,Providence
20401,AIAN,75,.1415832,Providence
20401,Hispanic,-9,.0527854067197171,Providence
20401,White,-9,-.0370634844017826,Providence
20401,Pooled,75,-.0587629302577751,Providence
20401,Asian,50,-.0565075325734602,Providence
20401,Pooled,-9,-.024442347368421,Providence
20401,White,25,.0133654094488189,Providence
20401,Black,50,.1179910094025119,Providence
20401,Hispanic,75,.0011437367303609,Providence
20402,Hispanic,25,-.1337,Nantucket
20402,White,75,-.1118,Nantucket
20402,Black,75,-.01998,Nantucket
20402,Black,50,.07641,Nantucket
20402,Black,-9,.07641,Nantucket
20402,White,-9,-.1134730769230769,Nantucket
20402,Pooled,75,-.1094604444444444,Nantucket
20402,Hispanic,75,-.1773,Nantucket
20402,Pooled,-9,-.0960782352941177,Nantucket
20402,Hispanic,50,-.1555,Nantucket
20402,Black,25,.1728,Nantucket
20402,Pooled,50,-.0896780483091787,Nantucket
20402,Hispanic,-9,-.1555,Nantucket
20402,White,25,-.1176,Nantucket
20402,Pooled,25,-.069895652173913,Nantucket
20402,White,50,-.1147,Nantucket
20403,Pooled,75,-.1488857142857143,Oak Bluffs
20403,Hispanic,50,-.049705,Oak Bluffs
20403,Pooled,50,-.0978381512605042,Oak Bluffs
20403,White,75,-.188,Oak Bluffs
20403,Pooled,25,-.0467905882352941,Oak Bluffs
20403,Black,50,.045425,Oak Bluffs
20403,Black,25,.08055,Oak Bluffs
20403,Pooled,-9,-.1103164444444445,Oak Bluffs
20403,White,-9,-.17,Oak Bluffs
20403,Hispanic,25,.01309,Oak Bluffs
20403,Black,75,.0103,Oak Bluffs
20403,Black,-9,.045425,Oak Bluffs
20403,Hispanic,-9,-.049705,Oak Bluffs
20403,White,50,-.159,Oak Bluffs
20403,Hispanic,75,-.1125,Oak Bluffs
20403,White,25,-.13,Oak Bluffs
20500,Hispanic,25,.0636646613718412,Boston
20500,Asian,50,-.1239096463405097,Boston
20500,Black,75,.1010787462946817,Boston
20500,Asian,-9,-.1237253073674331,Boston
20500,White,75,-.0695852015134068,Boston
20500,Pooled,25,.022682322868688,Boston
20500,AIAN,50,.0548915052552553,Boston
20500,White,25,.0023099468177855,Boston
20500,AIAN,-9,.0542405479452055,Boston
20500,Black,50,.1207362784104988,Boston
20500,Pooled,75,-.0628692459414263,Boston
20500,Hispanic,-9,.045268416966581,Boston
20500,White,50,-.0336376273478106,Boston
20500,Asian,25,-.1328375179683756,Boston
20500,Black,25,.1403938105263158,Boston
20500,White,-9,-.0498876653529201,Boston
20500,Pooled,50,-.0200934615363691,Boston
20500,Pooled,-9,-.0334643735747169,Boston
20500,AIAN,25,.1024113888888889,Boston
20500,Hispanic,50,.0317176119359206,Boston
20500,Asian,75,-.1149817747126437,Boston
20500,Black,-9,.1275901822827939,Boston
20500,Hispanic,75,-.0002294375,Boston
20500,AIAN,75,.0073716216216216,Boston
20600,Asian,75,-.10441,Manchester
20600,AIAN,25,.022220243902439,Manchester
20600,Black,75,.019367,Manchester
20600,Pooled,50,-.0319150873969449,Manchester
20600,Pooled,75,-.0750491914484878,Manchester
20600,Hispanic,25,.0498863005780347,Manchester
20600,Asian,25,-.1208666197183099,Manchester
20600,Black,50,.0607511506024096,Manchester
20600,Asian,-9,-.110625,Manchester
20600,Asian,50,-.1126383098591549,Manchester
20600,White,25,.0100859500668747,Manchester
20600,Hispanic,-9,.0196090431547619,Manchester
20600,Black,25,.1021353012048193,Manchester
20600,AIAN,50,.0232368292682927,Manchester
20600,Hispanic,50,.0186802929270542,Manchester
20600,AIAN,-9,.0232368292682927,Manchester
20600,White,75,-.0768225223163195,Manchester
20600,Black,-9,.0639758896103896,Manchester
20600,Pooled,-9,-.0451433330344976,Manchester
20600,White,50,-.0333682861247224,Manchester
20600,AIAN,75,.0242534146341463,Manchester
20600,Pooled,25,.0112190166545981,Manchester
20600,Hispanic,75,-.0125257147239264,Manchester
20600,White,-9,-.0473404134906231,Manchester
20700,Pooled,-9,-.0752708934646374,Keene
20700,Hispanic,50,-.0048992941176471,Keene
20700,AIAN,25,.1188,Keene
20700,Black,75,-.00819,Keene
20700,AIAN,75,.1811,Keene
20700,Black,-9,.023055,Keene
20700,White,75,-.1069435483870968,Keene
20700,White,50,-.0725089332844575,Keene
20700,Black,50,.023055,Keene
20700,Pooled,25,-.0361018356456777,Keene
20700,Hispanic,25,.0358811764705882,Keene
20700,Asian,25,-.17195,Keene
20700,White,25,-.0380743181818182,Keene
20700,Black,25,.0543,Keene
20700,Pooled,75,-.1035680462606014,Keene
20700,AIAN,-9,.14995,Keene
20700,Asian,50,-.1565675,Keene
20700,Asian,75,-.141185,Keene
20700,Hispanic,-9,-.0048992941176471,Keene
20700,Asian,-9,-.1565675,Keene
20700,White,-9,-.078356320754717,Keene
20700,Pooled,50,-.0698349409531395,Keene
20700,Hispanic,75,-.0456797647058823,Keene
20700,AIAN,50,.14995,Keene
20800,Pooled,75,-.0791887710650006,Springfield
20800,AIAN,75,-.081585,Springfield
20800,AIAN,-9,.010895,Springfield
20800,Hispanic,75,.0288794259818731,Springfield
20800,Pooled,50,-.0305067426753574,Springfield
20800,Asian,-9,-.0851702459016393,Springfield
20800,Asian,75,-.0755061403508772,Springfield
20800,Black,25,.1721244923076923,Springfield
20800,Asian,50,-.0845755317139001,Springfield
20800,Hispanic,-9,.0735111022304833,Springfield
20800,White,50,-.057703617705312,Springfield
20800,Black,75,.1308060317460318,Springfield
20800,White,75,-.0903087141073658,Springfield
20800,Pooled,25,.0181752857142857,Springfield
20800,Black,-9,.1605809756097561,Springfield
20800,Asian,25,-.0936449230769231,Springfield
20800,Hispanic,25,.085025587685113,Springfield
20800,AIAN,25,.103375,Springfield
20800,AIAN,50,.010895,Springfield
20800,Pooled,-9,-.0392413359248242,Springfield
20800,Black,50,.1514652620268621,Springfield
20800,White,-9,-.068626325,Springfield
20800,Hispanic,50,.0569525068334931,Springfield
20800,White,25,-.0250985213032581,Springfield
20901,Black,25,.2009173922013616,Bridgeport
20901,AIAN,75,.0029275952380952,Bridgeport
20901,White,-9,-.0405359322657581,Bridgeport
20901,Pooled,50,.0140760361544566,Bridgeport
20901,AIAN,-9,.0652898658536585,Bridgeport
20901,White,50,-.0194423658570047,Bridgeport
20901,Pooled,25,.0725474204477193,Bridgeport
20901,Black,-9,.1869050177547118,Bridgeport
20901,Hispanic,75,.047598500394633,Bridgeport
20901,Hispanic,-9,.0921739238845144,Bridgeport
20901,Black,75,.1594634101010101,Bridgeport
20901,Asian,75,-.0679495764119601,Bridgeport
20901,White,25,.0215573807719298,Bridgeport
20901,AIAN,25,.13077025,Bridgeport
20901,AIAN,50,.0668489226190476,Bridgeport
20901,Asian,25,-.0871044632768362,Bridgeport
20901,Black,50,.1801904011511859,Bridgeport
20901,White,75,-.0604421124859393,Bridgeport
20901,Asian,-9,-.0750424947698745,Bridgeport
20901,Asian,50,-.0775270198443981,Bridgeport
20901,Hispanic,50,.0809906284906708,Bridgeport
20901,Hispanic,25,.1143827565867086,Bridgeport
20901,Pooled,-9,-.0058288530600386,Bridgeport
20901,Pooled,75,-.0443953481388062,Bridgeport
20902,Black,-9,.092935,Pittsfield
20902,Asian,25,-.1030980952380952,Pittsfield
20902,Asian,50,-.0792578571428571,Pittsfield
20902,White,-9,-.0674639317889318,Pittsfield
20902,Black,25,.1199108333333333,Pittsfield
20902,Pooled,25,-.0125139309331374,Pittsfield
20902,Pooled,-9,-.0628444960534305,Pittsfield
20902,White,50,-.059102823810549,Pittsfield
20902,Hispanic,50,-.0107659047619048,Pittsfield
20902,Hispanic,25,-.0040338095238095,Pittsfield
20902,Hispanic,-9,-.0096438888888889,Pittsfield
20902,Black,50,.0794470833333333,Pittsfield
20902,Asian,-9,-.0792578571428571,Pittsfield
20902,Black,75,.0389833333333333,Pittsfield
20902,Hispanic,75,-.017498,Pittsfield
20902,Pooled,75,-.0982815882048629,Pittsfield
20902,Asian,75,-.055417619047619,Pittsfield
20902,White,75,-.1018434876210979,Pittsfield
20902,White,25,-.01636216,Pittsfield
20902,Pooled,50,-.0553977595690002,Pittsfield
21001,AIAN,25,.0734527272727273,Ashland
21001,Asian,-9,-.110035,Ashland
21001,Hispanic,50,.0664683333333333,Ashland
21001,Hispanic,25,.0807966666666667,Ashland
21001,AIAN,-9,.033372025,Ashland
21001,White,50,-.1247264718883447,Ashland
21001,Pooled,50,-.1116896370504496,Ashland
21001,Hispanic,-9,.0664683333333333,Ashland
21001,Asian,25,-.1261,Ashland
21001,Pooled,75,-.1580757775974026,Ashland
21001,Hispanic,75,.05214,Ashland
21001,White,-9,-.1268386346863469,Ashland
21001,Asian,75,-.09397,Ashland
21001,Pooled,-9,-.1134076422558923,Ashland
21001,AIAN,75,-.0156155,Ashland
21001,AIAN,50,.0289186136363636,Ashland
21001,White,25,-.0770267953667954,Ashland
21001,Pooled,25,-.0653034965034965,Ashland
21001,White,75,-.172426148409894,Ashland
21001,Asian,50,-.110035,Ashland
21002,Hispanic,-9,-.11756,Houghton
21002,Black,75,.09625,Houghton
21002,AIAN,25,.18475,Houghton
21002,White,50,-.0985554635428316,Houghton
21002,AIAN,50,.057292,Houghton
21002,Pooled,-9,-.0975584378698225,Houghton
21002,Asian,75,-.1519,Houghton
21002,Hispanic,25,-.09222,Houghton
21002,Pooled,25,-.0335691964285714,Houghton
21002,Hispanic,75,-.1429,Houghton
21002,Pooled,50,-.090888181253155,Houghton
21002,Pooled,75,-.1482071660777385,Houghton
21002,Black,50,.119725,Houghton
21002,Hispanic,50,-.11756,Houghton
21002,Asian,50,-.13505,Houghton
21002,AIAN,75,-.070166,Houghton
21002,Black,-9,.119725,Houghton
21002,AIAN,-9,.057292,Houghton
21002,Black,25,.1432,Houghton
21002,White,-9,-.1056011134903641,Houghton
21002,Asian,25,-.1182,Houghton
21002,White,75,-.1543235741444867,Houghton
21002,Asian,-9,-.13505,Houghton
21002,White,25,-.0427873529411765,Houghton
21003,AIAN,25,.1222566666666667,Ironwood
21003,White,50,-.075795795778925,Ironwood
21003,White,25,-.0243233483146067,Ironwood
21003,Pooled,25,-.0120375051546392,Ironwood
21003,AIAN,-9,.1411983333333333,Ironwood
21003,Hispanic,75,-.06833,Ironwood
21003,White,75,-.1272682432432432,Ironwood
21003,AIAN,75,.16014,Ironwood
21003,AIAN,50,.1411983333333333,Ironwood
21003,White,-9,-.0710590674846626,Ironwood
21003,Pooled,75,-.1048008536585366,Ironwood
21003,Hispanic,50,.031735,Ironwood
21003,Pooled,-9,-.0545324469273743,Ironwood
21003,Hispanic,25,.1318,Ironwood
21003,Hispanic,-9,.031735,Ironwood
21003,Pooled,50,-.0584191794065879,Ironwood
21004,White,75,-.1429988700564972,Rhinelander
21004,Hispanic,25,.0978266666666667,Rhinelander
21004,Pooled,50,-.0837494803634452,Rhinelander
21004,White,25,-.0655424920127796,Rhinelander
21004,Hispanic,75,-.0150633333333333,Rhinelander
21004,Pooled,25,-.0476028985507246,Rhinelander
21004,AIAN,75,.2848666666666667,Rhinelander
21004,Asian,25,-.04355,Rhinelander
21004,Black,-9,.33125,Rhinelander
21004,Pooled,-9,-.085776853625171,Rhinelander
21004,White,-9,-.1066512743628186,Rhinelander
21004,Hispanic,-9,.0413816666666667,Rhinelander
21004,Black,50,.33125,Rhinelander
21004,Asian,50,-.040515,Rhinelander
21004,AIAN,25,.14134,Rhinelander
21004,AIAN,-9,.2131033333333333,Rhinelander
21004,Black,75,.3135,Rhinelander
21004,Pooled,75,-.1198960621761658,Rhinelander
21004,Asian,75,-.03748,Rhinelander
21004,Black,25,.349,Rhinelander
21004,Hispanic,50,.0413816666666667,Rhinelander
21004,Asian,-9,-.040515,Rhinelander
21004,White,50,-.1042706810346384,Rhinelander
21004,AIAN,50,.2131033333333333,Rhinelander
21101,Black,75,.043235,Rice Lake
21101,Asian,75,-.029075,Rice Lake
21101,AIAN,25,.10665325,Rice Lake
21101,Asian,25,-.07551,Rice Lake
21101,AIAN,75,.01957404,Rice Lake
21101,White,25,-.0635232857142857,Rice Lake
21101,Asian,-9,-.0522925,Rice Lake
21101,Black,-9,.10734,Rice Lake
21101,AIAN,-9,.0742119756862745,Rice Lake
21101,White,75,-.1389943548387097,Rice Lake
21101,Asian,50,-.0522925,Rice Lake
21101,Black,25,.171445,Rice Lake
21101,Hispanic,50,.0213561212121212,Rice Lake
21101,Hispanic,-9,.0213561212121212,Rice Lake
21101,Pooled,50,-.0871076733889468,Rice Lake
21101,Black,50,.10734,Rice Lake
21101,Pooled,-9,-.0845937860409556,Rice Lake
21101,Hispanic,75,-.0111883636363636,Rice Lake
21101,AIAN,50,.063113645,Rice Lake
21101,Pooled,25,-.0488443490792634,Rice Lake
21101,White,50,-.1012588202764977,Rice Lake
21101,White,-9,-.0989718181818182,Rice Lake
21101,Hispanic,25,.0539006060606061,Rice Lake
21101,Pooled,75,-.1253709976986301,Rice Lake
21102,Hispanic,75,-.0302,Amery
21102,Pooled,50,-.0905484114832536,Amery
21102,AIAN,75,.030205,Amery
21102,AIAN,25,.104365,Amery
21102,AIAN,50,.067285,Amery
21102,White,25,-.053406875,Amery
21102,White,75,-.1391541666666667,Amery
21102,Hispanic,25,-.036755,Amery
21102,Pooled,75,-.1325563684210527,Amery
21102,Asian,-9,-.048265,Amery
21102,Asian,75,-.06899,Amery
21102,Pooled,25,-.0485404545454545,Amery
21102,White,50,-.0962805208333333,Amery
21102,Asian,25,-.02754,Amery
21102,White,-9,-.1010442592592593,Amery
21102,Pooled,-9,-.0949445930232558,Amery
21102,Hispanic,-9,-.0334775,Amery
21102,Asian,50,-.048265,Amery
21102,Hispanic,50,-.0334775,Amery
21102,AIAN,-9,.067285,Amery
21201,Asian,25,-.1391666666666667,Hutchinson
21201,Black,50,-.002875,Hutchinson
21201,Hispanic,25,.0754268421052632,Hutchinson
21201,Pooled,75,-.1498681528662421,Hutchinson
21201,Black,25,.08952,Hutchinson
21201,White,75,-.1519377926421405,Hutchinson
21201,White,25,-.1058977142857143,Hutchinson
21201,Hispanic,75,-.0907228571428571,Hutchinson
21201,White,-9,-.1349398734177215,Hutchinson
21201,White,50,-.1289177534639274,Hutchinson
21201,Asian,50,-.13655,Hutchinson
21201,Pooled,50,-.1229120114980561,Hutchinson
21201,Pooled,-9,-.129378292201382,Hutchinson
21201,Black,75,-.09527,Hutchinson
21201,Asian,75,-.1339333333333333,Hutchinson
21201,Pooled,25,-.0959558701298701,Hutchinson
21201,Hispanic,-9,.0049390909090909,Hutchinson
21201,Hispanic,50,-.007648007518797,Hutchinson
21201,Black,-9,-.002875,Hutchinson
21201,Asian,-9,-.13655,Hutchinson
21202,Hispanic,-9,.1242925,Redwood Falls
21202,Asian,75,-.1778,Redwood Falls
21202,Pooled,25,-.1160037837837838,Redwood Falls
21202,Hispanic,75,.084585,Redwood Falls
21202,Pooled,75,-.1424664905660377,Redwood Falls
21202,AIAN,-9,.12685,Redwood Falls
21202,Asian,-9,-.17195,Redwood Falls
21202,White,75,-.156830612244898,Redwood Falls
21202,AIAN,75,.08805,Redwood Falls
21202,Pooled,-9,-.1315873777777778,Redwood Falls
21202,Pooled,50,-.1292351371749108,Redwood Falls
21202,Asian,25,-.1661,Redwood Falls
21202,White,25,-.1420212121212121,Redwood Falls
21202,AIAN,25,.16565,Redwood Falls
21202,White,50,-.149425912183055,Redwood Falls
21202,AIAN,50,.12685,Redwood Falls
21202,White,-9,-.150870731707317,Redwood Falls
21202,Hispanic,25,.164,Redwood Falls
21202,Hispanic,50,.1242925,Redwood Falls
21202,Asian,50,-.17195,Redwood Falls
21301,Black,75,.05447,Mankato
21301,Black,50,.0951933333333333,Mankato
21301,Hispanic,25,.0863588095238095,Mankato
21301,Hispanic,75,-.1315510714285714,Mankato
21301,AIAN,-9,.029435,Mankato
21301,Asian,75,-.14598,Mankato
21301,Hispanic,-9,-.0008051428571428,Mankato
21301,Black,-9,.0951933333333333,Mankato
21301,White,75,-.1545701232777375,Mankato
21301,Hispanic,50,-.0225961309523809,Mankato
21301,White,25,-.099289250317662,Mankato
21301,AIAN,75,.08236,Mankato
21301,Pooled,75,-.1516092515592516,Mankato
21301,Pooled,25,-.0873131676300578,Mankato
21301,Asian,25,-.127468,Mankato
21301,Pooled,-9,-.1275121490467938,Mankato
21301,AIAN,25,-.02349,Mankato
21301,Asian,50,-.136724,Mankato
21301,Pooled,50,-.1194612095946547,Mankato
21301,Asian,-9,-.136724,Mankato
21301,Black,25,.1359166666666667,Mankato
21301,AIAN,50,.029435,Mankato
21301,White,-9,-.1344842289935365,Mankato
21301,White,50,-.1269296867976997,Mankato
21302,Hispanic,-9,.0974797,Owatonna
21302,Hispanic,25,.1419567567567568,Owatonna
21302,Asian,50,-.0870322222222222,Owatonna
21302,AIAN,50,-.0104065,Owatonna
21302,Black,-9,.0545076153846154,Owatonna
21302,Asian,25,-.0957162962962963,Owatonna
21302,Asian,75,-.0783481481481481,Owatonna
21302,AIAN,75,-.01451,Owatonna
21302,Asian,-9,-.0870322222222222,Owatonna
21302,Black,25,.1425740740740741,Owatonna
21302,White,25,-.0753331313131313,Owatonna
21302,AIAN,25,-.006303,Owatonna
21302,Pooled,75,-.1314061877340824,Owatonna
21302,White,50,-.105719261734997,Owatonna
21302,Pooled,25,-.0558261669626998,Owatonna
21302,Pooled,-9,-.1053169469650521,Owatonna
21302,White,-9,-.1162491089108911,Owatonna
21302,Black,75,-.04060416,Owatonna
21302,Pooled,50,-.0936161773483911,Owatonna
21302,Hispanic,75,.0060546388888889,Owatonna
21302,AIAN,-9,-.0104065,Owatonna
21302,Black,50,.0509849570370371,Owatonna
21302,White,75,-.1361053921568628,Owatonna
21302,Hispanic,50,.0740056978228228,Owatonna
21400,AIAN,25,-.0056642666666667,St. Cloud
21400,Hispanic,-9,-.0423779787234043,St. Cloud
21400,White,75,-.1455931718061674,St. Cloud
21400,Black,75,-.00922,St. Cloud
21400,Pooled,50,-.1240557569619925,St. Cloud
21400,Black,-9,.05414,St. Cloud
21400,Pooled,75,-.1429451982942431,St. Cloud
21400,AIAN,-9,-.0330922857142857,St. Cloud
21400,Hispanic,25,-.0018401960784314,St. Cloud
21400,White,-9,-.1343674179743224,St. Cloud
21400,Black,25,.1084485714285714,St. Cloud
21400,Hispanic,75,-.0904576744186047,St. Cloud
21400,AIAN,50,-.0352021333333333,St. Cloud
21400,Hispanic,50,-.046148935248518,St. Cloud
21400,AIAN,75,-.06474,St. Cloud
21400,Black,50,.0496142857142857,St. Cloud
21400,White,25,-.1137338461538461,St. Cloud
21400,Asian,75,-.0781142222222222,St. Cloud
21400,Pooled,25,-.105166315629742,St. Cloud
21400,Asian,50,-.045881180878553,St. Cloud
21400,Pooled,-9,-.1293518138138138,St. Cloud
21400,Asian,25,-.0136481395348837,St. Cloud
21400,Asian,-9,-.04661375,St. Cloud
21400,White,50,-.1296635089800068,St. Cloud
21501,Asian,50,-.1080168185824896,Minneapolis
21501,Pooled,50,-.0755539052819339,Minneapolis
21501,Asian,-9,-.1077034988584475,Minneapolis
21501,AIAN,25,.0562985157894737,Minneapolis
21501,Hispanic,25,.0254524551386623,Minneapolis
21501,AIAN,75,.0103308458715596,Minneapolis
21501,Asian,25,-.1155364919594997,Minneapolis
21501,White,50,-.0957155939513896,Minneapolis
21501,Asian,75,-.1004971452054795,Minneapolis
21501,Pooled,25,-.0341799410946083,Minneapolis
21501,Black,25,.1455987914252607,Minneapolis
21501,Hispanic,-9,-.0059773907148726,Minneapolis
21501,Hispanic,75,-.0378755620860927,Minneapolis
21501,Black,50,.1154768291367549,Minneapolis
21501,White,75,-.1238283339701949,Minneapolis
21501,Pooled,-9,-.0918825417380595,Minneapolis
21501,White,-9,-.1095595352152837,Minneapolis
21501,Pooled,75,-.1169278694692594,Minneapolis
21501,AIAN,-9,.0405423018867925,Minneapolis
21501,AIAN,50,.0333146808305167,Minneapolis
21501,Black,75,.085354866848249,Minneapolis
21501,White,25,-.0676028539325843,Minneapolis
21501,Black,-9,.1317749623035714,Minneapolis
21501,Hispanic,50,-.0062115534737152,Minneapolis
21502,White,-9,-.0983640159045726,Pine City
21502,Black,75,-.01623,Pine City
21502,Hispanic,75,-.034939,Pine City
21502,AIAN,25,.05211,Pine City
21502,Black,-9,-.028865,Pine City
21502,White,25,-.0706480769230769,Pine City
21502,AIAN,-9,.0325425,Pine City
21502,White,75,-.1280189300411523,Pine City
21502,Black,25,-.0415,Pine City
21502,Asian,75,-.174,Pine City
21502,Asian,-9,-.1758,Pine City
21502,Pooled,25,-.067079375,Pine City
21502,Black,50,-.028865,Pine City
21502,Pooled,50,-.0939478646217712,Pine City
21502,White,50,-.0993335034821146,Pine City
21502,Pooled,-9,-.0931307549194991,Pine City
21502,AIAN,50,.0325425,Pine City
21502,Hispanic,-9,-.003747,Pine City
21502,Asian,50,-.1758,Pine City
21502,Asian,25,-.1776,Pine City
21502,Pooled,75,-.1208163542435424,Pine City
21502,Hispanic,25,.027445,Pine City
21502,Hispanic,50,-.003747,Pine City
21502,AIAN,75,.012975,Pine City
21600,Pooled,25,-.0765086964285714,Brainerd
21600,Hispanic,75,-.0731658823529412,Brainerd
21600,AIAN,75,.0137474285714286,Brainerd
21600,White,50,-.1122902042577676,Brainerd
21600,AIAN,50,.0137306865079365,Brainerd
21600,Hispanic,50,-.0275738235294118,Brainerd
21600,Black,75,.007011,Brainerd
21600,White,25,-.0849028832630098,Brainerd
21600,White,75,-.1396775252525253,Brainerd
21600,Hispanic,-9,-.0275738235294118,Brainerd
21600,Asian,-9,-.102849,Brainerd
21600,Pooled,75,-.1326488141176471,Brainerd
21600,Asian,50,-.102849,Brainerd
21600,Pooled,50,-.1045787552731093,Brainerd
21600,White,-9,-.1137661676646707,Brainerd
21600,Hispanic,25,.0180182352941177,Brainerd
21600,Asian,25,-.1033766666666667,Brainerd
21600,AIAN,25,.0137139444444444,Brainerd
21600,AIAN,-9,.0137262807017544,Brainerd
21600,Pooled,-9,-.1057125520195838,Brainerd
21600,Black,-9,.054983,Brainerd
21600,Black,50,.054983,Brainerd
21600,Asian,75,-.1023213333333333,Brainerd
21600,Black,25,.102955,Brainerd
21701,Pooled,50,-.1095784327368347,Rochester
21701,AIAN,25,-.0039,Rochester
21701,Asian,75,-.0954691666666667,Rochester
21701,AIAN,-9,.0472875,Rochester
21701,White,50,-.1181994409868606,Rochester
21701,AIAN,75,.098475,Rochester
21701,Asian,25,-.1068127272727273,Rochester
21701,Black,75,.023195652173913,Rochester
21701,White,25,-.0923450713501646,Rochester
21701,Pooled,25,-.0806791402928673,Rochester
21701,Asian,50,-.101140946969697,Rochester
21701,Black,25,.0782295652173913,Rochester
21701,White,75,-.1440538106235566,Rochester
21701,Black,50,.0507126086956522,Rochester
21701,Hispanic,75,-.0213122666666667,Rochester
21701,Asian,-9,-.1015264077669903,Rochester
21701,Pooled,-9,-.1201604191616766,Rochester
21701,Pooled,75,-.1384777251808021,Rochester
21701,White,-9,-.1287395513654096,Rochester
21701,Hispanic,-9,.0031002631578947,Rochester
21701,Hispanic,50,.0027832173160173,Rochester
21701,AIAN,50,.0472875,Rochester
21701,Hispanic,25,.0268787012987013,Rochester
21701,Black,-9,.0598849275362319,Rochester
21702,White,75,-.1375777777777778,Austin
21702,Asian,50,-.0903529411764706,Austin
21702,Pooled,25,-.0797730138568129,Austin
21702,Asian,75,-.0906011764705882,Austin
21702,Black,75,-.07357,Austin
21702,Black,25,.11955,Austin
21702,Pooled,75,-.1334907517482518,Austin
21702,Black,50,.02299,Austin
21702,White,-9,-.1197269565217391,Austin
21702,Black,-9,.02299,Austin
21702,Pooled,-9,-.1103466915422886,Austin
21702,Hispanic,-9,.00804875,Austin
21702,Asian,-9,-.0903529411764706,Austin
21702,Asian,25,-.0901047058823529,Austin
21702,White,50,-.1159688888888889,Austin
21702,Hispanic,25,.0308102739726027,Austin
21702,White,25,-.09436,Austin
21702,Pooled,50,-.1066318828025323,Austin
21702,Hispanic,50,-.0073703468846664,Austin
21702,Hispanic,75,-.0455509677419355,Austin
21801,Pooled,-9,-.08480257346586,Mason City
21801,Black,25,.1047,Mason City
21801,White,75,-.1185976,Mason City
21801,Black,-9,.060255,Mason City
21801,White,25,-.0511321645021645,Mason City
21801,Asian,25,-.18325,Mason City
21801,Black,75,.01581,Mason City
21801,Pooled,75,-.1153910091393755,Mason City
21801,Pooled,25,-.0446800799200799,Mason City
21801,Hispanic,25,.0870898113207547,Mason City
21801,Hispanic,-9,.0330596195652174,Mason City
21801,Hispanic,75,-.0403660256410256,Mason City
21801,Hispanic,50,.0233618928398645,Mason City
21801,Asian,-9,-.1483,Mason City
21801,Pooled,50,-.0800355445297277,Mason City
21801,White,50,-.0848648822510823,Mason City
21801,Asian,75,-.11335,Mason City
21801,Asian,50,-.1483,Mason City
21801,Black,50,.060255,Mason City
21801,White,-9,-.0899232382704692,Mason City
21802,Hispanic,75,.02841,Decorah
21802,Black,25,.08214,Decorah
21802,Hispanic,-9,.05927,Decorah
21802,Asian,-9,-.146,Decorah
21802,Black,75,.05163,Decorah
21802,White,25,-.0903175362318841,Decorah
21802,Pooled,25,-.0860798617511521,Decorah
21802,Hispanic,50,.05927,Decorah
21802,Pooled,-9,-.1136046137566138,Decorah
21802,Asian,25,-.1271,Decorah
21802,Pooled,50,-.1115308310712708,Decorah
21802,Asian,50,-.146,Decorah
21802,White,75,-.1407582484725051,Decorah
21802,Pooled,75,-.1369818003913895,Decorah
21802,White,-9,-.1176837127071823,Decorah
21802,Black,50,.066885,Decorah
21802,White,50,-.1155378923521946,Decorah
21802,Asian,75,-.1649,Decorah
21802,Hispanic,25,.09013,Decorah
21802,Black,-9,.066885,Decorah
21900,Black,25,.15655,Marshalltown
21900,Black,75,.19075,Marshalltown
21900,Asian,-9,-.09844875,Marshalltown
21900,White,25,.0068483590733591,Marshalltown
21900,Black,50,.17365,Marshalltown
21900,Pooled,75,-.0974864728056004,Marshalltown
21900,White,-9,-.0616989231873654,Marshalltown
21900,Black,-9,.17365,Marshalltown
21900,Hispanic,75,-.0890175609756098,Marshalltown
21900,Hispanic,-9,.0157063611111111,Marshalltown
21900,White,75,-.1022789142857143,Marshalltown
21900,Pooled,25,.0124250755186722,Marshalltown
21900,AIAN,-9,.1198677777777778,Marshalltown
21900,Hispanic,25,.0573925825242719,Marshalltown
21900,AIAN,25,.1701,Marshalltown
21900,Asian,25,-.1125225,Marshalltown
21900,Asian,50,-.09844875,Marshalltown
21900,White,50,-.0477152776061776,Marshalltown
21900,Hispanic,50,-.015812489225669,Marshalltown
21900,AIAN,75,.0696355555555556,Marshalltown
21900,Pooled,-9,-.0542325813193991,Marshalltown
21900,Asian,75,-.084375,Marshalltown
21900,AIAN,50,.1198677777777778,Marshalltown
21900,Pooled,50,-.0425306986434641,Marshalltown
22001,Black,25,.2255,Waterloo
22001,Pooled,25,-.0008865336463224,Waterloo
22001,Hispanic,25,.081084,Waterloo
22001,Black,75,.1945,Waterloo
22001,White,75,-.1144168900804289,Waterloo
22001,Black,50,.21,Waterloo
22001,AIAN,-9,.095065,Waterloo
22001,White,50,-.0707135410182766,Waterloo
22001,Pooled,50,-.0538610457329931,Waterloo
22001,Hispanic,75,-.0047835294117647,Waterloo
22001,Asian,-9,-.1180169565217391,Waterloo
22001,AIAN,50,.095065,Waterloo
22001,AIAN,25,.2393,Waterloo
22001,Black,-9,.2186558441558442,Waterloo
22001,AIAN,75,-.04917,Waterloo
22001,Hispanic,-9,.0416313513513513,Waterloo
22001,White,-9,-.0821009293680297,Waterloo
22001,White,25,-.0270101919561243,Waterloo
22001,Asian,75,-.0993992307692308,Waterloo
22001,Pooled,75,-.1068355578196638,Waterloo
22001,Asian,50,-.1208096153846154,Waterloo
22001,Hispanic,50,.0381502352941176,Waterloo
22001,Asian,25,-.14222,Waterloo
22001,Pooled,-9,-.0650574483184202,Waterloo
22002,Hispanic,75,-.11901,Iowa Falls
22002,White,50,-.0907183939562103,Iowa Falls
22002,White,25,-.0544155614973262,Iowa Falls
22002,White,-9,-.092993007518797,Iowa Falls
22002,Pooled,-9,-.0897704337349397,Iowa Falls
22002,Pooled,25,-.0480725641025641,Iowa Falls
22002,Pooled,75,-.1267299090909091,Iowa Falls
22002,Hispanic,50,-.0094075,Iowa Falls
22002,White,75,-.1270212264150943,Iowa Falls
22002,Hispanic,-9,-.0094075,Iowa Falls
22002,Hispanic,25,.100195,Iowa Falls
22002,Pooled,50,-.0874012365967366,Iowa Falls
22100,AIAN,50,-.08209,Iowa City
22100,Hispanic,25,.115669955801105,Iowa City
22100,Asian,25,-.1490368421052632,Iowa City
22100,AIAN,75,-.1964,Iowa City
22100,Pooled,-9,-.0739447037914692,Iowa City
22100,Asian,50,-.1437345321637427,Iowa City
22100,Hispanic,75,-.0203610796460177,Iowa City
22100,Asian,75,-.1384322222222222,Iowa City
22100,AIAN,25,.03222,Iowa City
22100,Hispanic,-9,.0633859183673469,Iowa City
22100,White,25,-.0277592987377279,Iowa City
22100,White,75,-.113625003219575,Iowa City
22100,Black,25,.1781903225806452,Iowa City
22100,Asian,-9,-.1420956363636364,Iowa City
22100,AIAN,-9,-.08209,Iowa City
22100,Black,75,.1061748,Iowa City
22100,White,-9,-.0866072418358341,Iowa City
22100,Pooled,25,-.0075838705539359,Iowa City
22100,Black,-9,.1460405357142857,Iowa City
22100,Pooled,75,-.1079276327261869,Iowa City
22100,White,50,-.0706921509786515,Iowa City
22100,Pooled,50,-.0577557516400614,Iowa City
22100,Hispanic,50,.0476544380775436,Iowa City
22100,Black,50,.1421825612903226,Iowa City
22200,Asian,75,-.1831,Cedar Rapids
22200,White,50,-.0573393614303959,Cedar Rapids
22200,Hispanic,50,.0230755153991201,Cedar Rapids
22200,Hispanic,-9,.020694375,Cedar Rapids
22200,White,25,-.0150422413793103,Cedar Rapids
22200,White,75,-.0996364814814815,Cedar Rapids
22200,Asian,50,-.1686,Cedar Rapids
22200,Hispanic,75,-.008673023255814,Cedar Rapids
22200,Asian,25,-.1541,Cedar Rapids
22200,Pooled,-9,-.0671313669064748,Cedar Rapids
22200,AIAN,25,.09706,Cedar Rapids
22200,Asian,-9,-.1748142857142857,Cedar Rapids
22200,Hispanic,25,.0548240540540541,Cedar Rapids
22200,AIAN,50,.009945,Cedar Rapids
22200,Pooled,25,-.0057179648473636,Cedar Rapids
22200,AIAN,-9,.009945,Cedar Rapids
22200,White,-9,-.0731234742530197,Cedar Rapids
22200,Pooled,75,-.0965716718403548,Cedar Rapids
22200,Pooled,50,-.0511448183438592,Cedar Rapids
22200,Black,50,.14715,Cedar Rapids
22200,AIAN,75,-.07717,Cedar Rapids
22200,Black,-9,.1564119402985075,Cedar Rapids
22200,Black,75,.1176,Cedar Rapids
22200,Black,25,.1767,Cedar Rapids
22300,Pooled,50,-.0403145367747666,Ottumwa
22300,Black,75,.15375,Ottumwa
22300,White,50,-.0431732394357815,Ottumwa
22300,Hispanic,25,.0815856140350877,Ottumwa
22300,Black,25,.1865,Ottumwa
22300,Hispanic,50,.018922963880289,Ottumwa
22300,Asian,25,-.111445,Ottumwa
22300,White,-9,-.0460347160068847,Ottumwa
22300,Hispanic,-9,.0224042222222222,Ottumwa
22300,Pooled,-9,-.0429191223848239,Ottumwa
22300,Hispanic,75,-.0437396862745098,Ottumwa
22300,Asian,75,-.068498675,Ottumwa
22300,Black,-9,.170125,Ottumwa
22300,White,75,-.0858019032258065,Ottumwa
22300,Black,50,.170125,Ottumwa
22300,White,25,-.0005445756457565,Ottumwa
22300,Asian,-9,-.0899718375,Ottumwa
22300,Pooled,75,-.0824676986217458,Ottumwa
22300,Asian,50,-.0899718375,Ottumwa
22300,Pooled,25,.0018386250722126,Ottumwa
22400,White,-9,-.131925387755102,Sheboygan
22400,AIAN,25,.16715,Sheboygan
22400,White,50,-.1170194285714286,Sheboygan
22400,Asian,-9,-.084719587628866,Sheboygan
22400,Hispanic,25,.1054697674418605,Sheboygan
22400,Pooled,-9,-.1224739412207988,Sheboygan
22400,Black,50,.08685,Sheboygan
22400,Hispanic,-9,.0470645333333333,Sheboygan
22400,Black,-9,.08685,Sheboygan
22400,Asian,25,-.0989058823529412,Sheboygan
22400,Black,25,.111805,Sheboygan
22400,Pooled,25,-.0689439012345679,Sheboygan
22400,Black,75,.061895,Sheboygan
22400,Pooled,50,-.1074657900966766,Sheboygan
22400,Asian,75,-.0689913043478261,Sheboygan
22400,Asian,50,-.0839485933503836,Sheboygan
22400,AIAN,-9,.0918575,Sheboygan
22400,Pooled,75,-.1459876789587853,Sheboygan
22400,Hispanic,50,.0370261337209302,Sheboygan
22400,White,75,-.1518,Sheboygan
22400,White,25,-.0822388571428571,Sheboygan
22400,Hispanic,75,-.0314175,Sheboygan
22400,AIAN,75,.016565,Sheboygan
22400,AIAN,50,.0918575,Sheboygan
22500,Hispanic,50,.0164546378621379,Oshkosh
22500,AIAN,25,.0386604102564103,Oshkosh
22500,AIAN,75,-.0196269696969697,Oshkosh
22500,Pooled,-9,-.1106970178501116,Oshkosh
22500,Asian,25,-.0946905521472393,Oshkosh
22500,White,-9,-.1171807198660714,Oshkosh
22500,Asian,75,-.0859630769230769,Oshkosh
22500,Hispanic,-9,.0193341964285714,Oshkosh
22500,Black,-9,.1087284482758621,Oshkosh
22500,AIAN,-9,.0119453611111111,Oshkosh
22500,Pooled,75,-.1347660143220578,Oshkosh
22500,White,25,-.0631750241545894,Oshkosh
22500,White,75,-.1391092781482934,Oshkosh
22500,Asian,-9,-.0906120261437909,Oshkosh
22500,Black,75,.0826296296296296,Oshkosh
22500,Hispanic,75,-.0181000649350649,Oshkosh
22500,Pooled,25,-.0554658265945946,Oshkosh
22500,White,50,-.1011421511514414,Oshkosh
22500,Hispanic,25,.0510093406593407,Oshkosh
22500,Black,25,.1314596774193548,Oshkosh
22500,Pooled,50,-.0951159204583262,Oshkosh
22500,Asian,50,-.0903268145351581,Oshkosh
22500,Black,50,.1070446535244922,Oshkosh
22500,AIAN,50,.0095167202797203,Oshkosh
22601,Asian,-9,-.1042536633663366,Green Bay
22601,White,75,-.142612915851272,Green Bay
22601,Hispanic,25,.0504051764705882,Green Bay
22601,Black,75,.0200574285714286,Green Bay
22601,Black,50,.0675421105121294,Green Bay
22601,AIAN,25,.1023031578947368,Green Bay
22601,Asian,50,-.1029896030405405,Green Bay
22601,AIAN,-9,.0632799139784946,Green Bay
22601,Pooled,75,-.1370705569808514,Green Bay
22601,Pooled,25,-.0641539457504521,Green Bay
22601,Hispanic,75,-.0237354545454545,Green Bay
22601,Asian,75,-.0982610810810811,Green Bay
22601,White,50,-.1125946318386795,Green Bay
22601,White,25,-.082576347826087,Green Bay
22601,Pooled,50,-.1006122513656518,Green Bay
22601,Black,-9,.0772548863636364,Green Bay
22601,AIAN,50,.051898134502924,Green Bay
22601,AIAN,75,.0014931111111111,Green Bay
22601,White,-9,-.1239780836707153,Green Bay
22601,Asian,25,-.107718125,Green Bay
22601,Hispanic,50,.0133348609625668,Green Bay
22601,Hispanic,-9,.0251168992248062,Green Bay
22601,Pooled,-9,-.1123143646856581,Green Bay
22601,Black,25,.1150267924528302,Green Bay
22602,Asian,75,-.1162,Shawano
22602,Hispanic,75,-.0101646666666667,Shawano
22602,White,50,-.1153621280185732,Shawano
22602,Asian,25,-.07822,Shawano
22602,Black,25,-.08683,Shawano
22602,White,25,-.0787345541401274,Shawano
22602,Hispanic,-9,.0301175,Shawano
22602,Black,75,.009872,Shawano
22602,Pooled,25,-.0439332125984252,Shawano
22602,Pooled,50,-.0881270561769632,Shawano
22602,Hispanic,50,.0301175,Shawano
22602,AIAN,-9,.1539065671641791,Shawano
22602,AIAN,50,.1457794042553192,Shawano
22602,Asian,-9,-.09721,Shawano
22602,Asian,50,-.09721,Shawano
22602,White,-9,-.1183116398243045,Shawano
22602,White,75,-.151989701897019,Shawano
22602,AIAN,25,.1659468085106383,Shawano
22602,Black,-9,-.038479,Shawano
22602,AIAN,75,.125612,Shawano
22602,Hispanic,25,.0703996666666667,Shawano
22602,Pooled,-9,-.0896934202531645,Shawano
22602,Black,50,-.038479,Shawano
22602,Pooled,75,-.1323208997555012,Shawano
22700,Asian,-9,-.0907270357142857,Wausau
22700,White,50,-.1154304918228185,Wausau
22700,Black,25,.1041825,Wausau
22700,Hispanic,25,.0016780263157895,Wausau
22700,Pooled,-9,-.1197822425184609,Wausau
22700,Hispanic,75,-.0193297368421053,Wausau
22700,Pooled,25,-.0757461183865898,Wausau
22700,White,-9,-.1252658329896907,Wausau
22700,Asian,50,-.0893084419152276,Wausau
22700,AIAN,-9,.05029875,Wausau
22700,Hispanic,50,-.0088258552631579,Wausau
22700,Asian,75,-.0845797959183673,Wausau
22700,White,75,-.1502490353697749,Wausau
22700,Black,50,.065565,Wausau
22700,Pooled,50,-.1107491914144874,Wausau
22700,Pooled,75,-.1457522644423849,Wausau
22700,White,25,-.0806119482758621,Wausau
22700,Black,-9,.065565,Wausau
22700,AIAN,50,.05029875,Wausau
22700,Asian,25,-.0940370879120879,Wausau
22700,AIAN,75,-.0032416666666667,Wausau
22700,Hispanic,-9,-.0088258552631579,Wausau
22700,Black,75,.0269475,Wausau
22700,AIAN,25,.1038391666666667,Wausau
22800,White,25,-.0884421988150099,Eau Claire
22800,Hispanic,-9,-.0180636984126984,Eau Claire
22800,Asian,75,-.0779277922077922,Eau Claire
22800,AIAN,-9,.0143918181818182,Eau Claire
22800,Black,25,.0464682352941176,Eau Claire
22800,Pooled,25,-.0836130596877869,Eau Claire
22800,White,75,-.1528710501858736,Eau Claire
22800,White,-9,-.1262114410242441,Eau Claire
22800,Black,-9,.036895,Eau Claire
22800,Hispanic,25,.0116530793650794,Eau Claire
22800,AIAN,50,.0143918181818182,Eau Claire
22800,AIAN,75,-.0181927272727273,Eau Claire
22800,Hispanic,75,-.0477804761904762,Eau Claire
22800,White,50,-.1206566245004417,Eau Claire
22800,Asian,50,-.0810888961038961,Eau Claire
22800,Asian,25,-.08425,Eau Claire
22800,Black,75,.0273217647058823,Eau Claire
22800,Black,50,.036895,Eau Claire
22800,Hispanic,50,-.0180636984126984,Eau Claire
22800,Asian,-9,-.0814840340909091,Eau Claire
22800,AIAN,25,.0469763636363636,Eau Claire
22800,Pooled,75,-.1477807647971625,Eau Claire
22800,Pooled,-9,-.1208283486757521,Eau Claire
22800,Pooled,50,-.1156969122424747,Eau Claire
22900,Hispanic,-9,.0261500462962963,La Crosse
22900,White,50,-.1079105781963334,La Crosse
22900,Pooled,75,-.1350818836858006,La Crosse
22900,AIAN,50,.1185316666666667,La Crosse
22900,AIAN,75,.0942733333333333,La Crosse
22900,Hispanic,25,.061249649122807,La Crosse
22900,Asian,25,-.1038114285714286,La Crosse
22900,Asian,-9,-.096680989010989,La Crosse
22900,AIAN,25,.14279,La Crosse
22900,White,25,-.0741508878504673,La Crosse
22900,Hispanic,50,.0240853637770898,La Crosse
22900,Pooled,50,-.1009003916742662,La Crosse
22900,Asian,75,-.0852722857142857,La Crosse
22900,Black,75,.0107321621621622,La Crosse
22900,Black,50,.0711912092862093,La Crosse
22900,Pooled,-9,-.1065431652587117,La Crosse
22900,Black,25,.1316502564102564,La Crosse
22900,White,-9,-.1142421222475323,La Crosse
22900,AIAN,-9,.1185316666666667,La Crosse
22900,Asian,50,-.0945418571428571,La Crosse
22900,White,75,-.1416702685421995,La Crosse
22900,Pooled,25,-.0667188996627319,La Crosse
22900,Hispanic,75,-.0130789215686274,La Crosse
22900,Black,-9,.0727822368421053,La Crosse
23000,White,50,-.1253513850354191,Monroe
23000,Asian,75,-.11705,Monroe
23000,Black,25,-.03399,Monroe
23000,Black,-9,-.04678075,Monroe
23000,White,25,-.09871375,Monroe
23000,Pooled,75,-.1475039726962457,Monroe
23000,Hispanic,75,.03073,Monroe
23000,Asian,-9,-.0966,Monroe
23000,Black,75,-.0595715,Monroe
23000,Pooled,25,-.0950832893258427,Monroe
23000,Asian,50,-.0966,Monroe
23000,Asian,25,-.07615,Monroe
23000,Black,50,-.04678075,Monroe
23000,Hispanic,25,.019198,Monroe
23000,Hispanic,50,.024964,Monroe
23000,Pooled,-9,-.1240448108108108,Monroe
23000,White,-9,-.1282646037982973,Monroe
23000,Pooled,50,-.1212936310110442,Monroe
23000,Hispanic,-9,.024964,Monroe
23000,White,75,-.1519890200708383,Monroe
23100,AIAN,50,.0130046551724138,Madison
23100,Pooled,25,-.0494550056369786,Madison
23100,Black,25,.17896875,Madison
23100,Hispanic,75,-.06968,Madison
23100,Black,75,.0688124657534246,Madison
23100,White,-9,-.1260202181528663,Madison
23100,AIAN,25,.1075851724137931,Madison
23100,White,25,-.0755559879912664,Madison
23100,Pooled,-9,-.1120595673146148,Madison
23100,Asian,75,-.1385518181818182,Madison
23100,White,75,-.1468049460431655,Madison
23100,Hispanic,25,.0239065714285714,Madison
23100,Asian,-9,-.1350162962962963,Madison
23100,AIAN,75,-.0815758620689655,Madison
23100,Black,50,.1238906078767123,Madison
23100,AIAN,-9,.0130046551724138,Madison
23100,Pooled,75,-.1414251126388155,Madison
23100,Asian,25,-.1308118918918919,Madison
23100,Hispanic,50,-.0228867142857143,Madison
23100,Hispanic,-9,-.0226628229665072,Madison
23100,Asian,50,-.134681855036855,Madison
23100,Black,-9,.1486238113207547,Madison
23100,Pooled,50,-.095440059137897,Madison
23100,White,50,-.1111804670172159,Madison
23200,AIAN,25,.1601,Dubuque
23200,Pooled,-9,-.1124716077898551,Dubuque
23200,Asian,25,-.1185,Dubuque
23200,Black,75,.05222,Dubuque
23200,Hispanic,25,.0354918181818182,Dubuque
23200,White,50,-.1084497603610476,Dubuque
23200,White,-9,-.1153655633473586,Dubuque
23200,Black,-9,.10861,Dubuque
23200,Pooled,50,-.1053422018580453,Dubuque
23200,Black,50,.10861,Dubuque
23200,Asian,-9,-.1155,Dubuque
23200,White,75,-.1390768878718536,Dubuque
23200,Hispanic,75,-.1257981818181818,Dubuque
23200,AIAN,75,-.06938,Dubuque
23200,Black,25,.165,Dubuque
23200,AIAN,50,.04536,Dubuque
23200,Pooled,25,-.072750631884058,Dubuque
23200,Hispanic,-9,-.0451531818181818,Dubuque
23200,Asian,50,-.1155,Dubuque
23200,AIAN,-9,.04536,Dubuque
23200,White,25,-.0778226328502415,Dubuque
23200,Pooled,75,-.1379337718320327,Dubuque
23200,Asian,75,-.1125,Dubuque
23200,Hispanic,50,-.0451531818181818,Dubuque
23301,Black,-9,.1051144444444444,Charleston
23301,White,50,.0059446118955415,Charleston
23301,Pooled,25,.0664891510277033,Charleston
23301,Black,75,.1064066666666667,Charleston
23301,Pooled,75,-.0503816946442846,Charleston
23301,Black,50,.1051144444444445,Charleston
23301,Asian,75,-.122,Charleston
23301,Hispanic,75,.0539296551724138,Charleston
23301,White,25,.0666808458646617,Charleston
23301,White,75,-.0547916220735786,Charleston
23301,Pooled,-9,.0047990970464135,Charleston
23301,Pooled,50,.0080537281917094,Charleston
23301,Hispanic,25,.0967220689655172,Charleston
23301,Black,25,.1038222222222222,Charleston
23301,Hispanic,-9,.0753258620689655,Charleston
23301,Asian,-9,-.1373,Charleston
23301,Hispanic,50,.0753258620689655,Charleston
23301,White,-9,.002397185840708,Charleston
23301,Asian,25,-.1526,Charleston
23301,Asian,50,-.1373,Charleston
23302,Black,75,-.1164,Douglas
23302,Hispanic,75,-.04215,Douglas
23302,Hispanic,-9,-.01448625,Douglas
23302,Hispanic,25,.0131775,Douglas
23302,Black,-9,.0049016666666667,Douglas
23302,Black,25,.1262033333333333,Douglas
23302,Pooled,25,.0078117265625,Douglas
23302,White,75,-.101736918429003,Douglas
23302,Pooled,-9,-.0486197413793103,Douglas
23302,Black,50,.0049016666666667,Douglas
23302,Hispanic,50,-.01448625,Douglas
23302,Asian,50,-.08719,Douglas
23302,Asian,-9,-.08719,Douglas
23302,White,25,.0058133963815789,Douglas
23302,White,50,-.047961761023712,Douglas
23302,Asian,25,-.06508,Douglas
23302,Pooled,75,-.100660288184438,Douglas
23302,Asian,75,-.1093,Douglas
23302,White,-9,-.0502482637795276,Douglas
23302,Pooled,50,-.046424280810969,Douglas
23400,Asian,-9,-.0977427272727273,Bloomington
23400,Asian,25,-.0983,Bloomington
23400,AIAN,50,.057965,Bloomington
23400,Black,25,.1963619047619047,Bloomington
23400,Black,75,.1418149152542373,Bloomington
23400,Asian,75,-.0974242857142857,Bloomington
23400,Hispanic,-9,.0203473947368421,Bloomington
23400,AIAN,75,-.08137,Bloomington
23400,White,75,-.0713942056074766,Bloomington
23400,Pooled,75,-.0628017506493506,Bloomington
23400,Asian,50,-.0978621428571429,Bloomington
23400,Hispanic,75,.0128752602739726,Bloomington
23400,Black,-9,.1738565034965035,Bloomington
23400,AIAN,-9,.057965,Bloomington
23400,Hispanic,25,.0272520253164557,Bloomington
23400,Pooled,25,.0620074001192606,Bloomington
23400,White,25,.0506560431654676,Bloomington
23400,Pooled,50,-.000397175265045,Bloomington
23400,Pooled,-9,-.0220967825748736,Bloomington
23400,Hispanic,50,.0200636427952141,Bloomington
23400,White,-9,-.0345138043478261,Bloomington
23400,AIAN,25,.1973,Bloomington
23400,Black,50,.169088410008071,Bloomington
23400,White,50,-.0103690812210045,Bloomington
23500,Asian,50,-.1346424447439353,Decatur
23500,Pooled,25,.0771656152687092,Decatur
23500,Hispanic,75,.0295801818181818,Decatur
23500,Hispanic,25,.0932404918032787,Decatur
23500,Pooled,-9,-.006444014190148,Decatur
23500,Hispanic,50,.0614103368107302,Decatur
23500,Hispanic,-9,.063056724137931,Decatur
23500,AIAN,-9,.0606725,Decatur
23500,Asian,25,-.1235682857142857,Decatur
23500,Asian,-9,-.1369076136363636,Decatur
23500,Pooled,50,.0070693708566524,Decatur
23500,AIAN,25,.10725,Decatur
23500,AIAN,50,.0606725,Decatur
23500,Black,-9,.2042914485294118,Decatur
23500,Black,75,.1510686349206349,Decatur
23500,AIAN,75,.014095,Decatur
23500,White,75,-.0735097777777778,Decatur
23500,White,25,.0403785296119809,Decatur
23500,Pooled,75,-.0630268735554045,Decatur
23500,Asian,75,-.1457166037735849,Decatur
23500,Black,50,.1857016619579251,Decatur
23500,Black,25,.2203346889952153,Decatur
23500,White,50,-.0165656240828984,Decatur
23500,White,-9,-.0333797889182058,Decatur
23600,Asian,25,-.0763825,Burlington
23600,White,50,-.0378755230673486,Burlington
23600,Asian,75,-.070175,Burlington
23600,AIAN,75,.0928,Burlington
23600,Black,75,.1155645161290322,Burlington
23600,AIAN,25,.1876,Burlington
23600,White,-9,-.045729715601612,Burlington
23600,Black,50,.1509145691756272,Burlington
23600,Hispanic,50,.0848319535814326,Burlington
23600,Asian,-9,-.07327875,Burlington
23600,AIAN,-9,.1402,Burlington
23600,Black,-9,.1574264210526316,Burlington
23600,White,25,.0124666630286494,Burlington
23600,Hispanic,-9,.08562464,Burlington
23600,Asian,50,-.07327875,Burlington
23600,Pooled,50,-.0306056045755775,Burlington
23600,Pooled,-9,-.0377439142091153,Burlington
23600,Hispanic,25,.1244662745098039,Burlington
23600,Hispanic,75,.0451976326530612,Burlington
23600,White,75,-.0882177091633466,Burlington
23600,Black,25,.1862646222222222,Burlington
23600,Pooled,25,.0200139675405743,Burlington
23600,AIAN,50,.1402,Burlington
23600,Pooled,75,-.0812251766917293,Burlington
23700,Asian,25,-.1194675,Galesburg
23700,Hispanic,-9,.0607869230769231,Galesburg
23700,Hispanic,25,.093158064516129,Galesburg
23700,Asian,75,-.09915,Galesburg
23700,White,25,.0561667123287671,Galesburg
23700,Pooled,50,-.0018016229024581,Galesburg
23700,White,-9,-.0115969009584665,Galesburg
23700,Asian,50,-.10930875,Galesburg
23700,Black,75,.132498,Galesburg
23700,White,50,-.0073363144942991,Galesburg
23700,Pooled,25,.0612109582309582,Galesburg
23700,Black,25,.2120972972972973,Galesburg
23700,Black,50,.1722976486486487,Galesburg
23700,Black,-9,.1841677192982456,Galesburg
23700,White,75,-.0708393413173653,Galesburg
23700,Asian,-9,-.10930875,Galesburg
23700,Hispanic,75,.0130009523809524,Galesburg
23700,Pooled,75,-.0648142040358744,Galesburg
23700,Hispanic,50,.0530795084485407,Galesburg
23700,Pooled,-9,-.0046826201641266,Galesburg
23801,AIAN,75,.006355,Davenport
23801,Hispanic,25,.0630219282511211,Davenport
23801,AIAN,25,.146215,Davenport
23801,Hispanic,50,.0166214374588939,Davenport
23801,Pooled,75,-.0771529951165062,Davenport
23801,White,75,-.0845133636363636,Davenport
23801,Black,75,.1238267403314917,Davenport
23801,Pooled,-9,-.030347537765402,Davenport
23801,White,50,-.0288244946978902,Davenport
23801,Pooled,50,-.0149693747836866,Davenport
23801,Pooled,25,.047214245549133,Davenport
23801,Hispanic,75,-.0297790533333333,Davenport
23801,Hispanic,-9,.0257024986595174,Davenport
23801,Asian,25,-.12453625,Davenport
23801,Asian,-9,-.1247629850746269,Davenport
23801,AIAN,-9,.076285,Davenport
23801,Black,50,.1539125733215644,Davenport
23801,Black,25,.1839984063116371,Davenport
23801,Black,-9,.1681683604651163,Davenport
23801,AIAN,50,.076285,Davenport
23801,White,25,.0268643742405832,Davenport
23801,Asian,75,-.1249702857142857,Davenport
23801,White,-9,-.0474475010109179,Davenport
23801,Asian,50,-.1247532678571429,Davenport
23802,Black,25,.2134,Clinton
23802,Pooled,75,-.0910568965517241,Clinton
23802,Black,-9,.2137466666666666,Clinton
23802,Pooled,-9,-.0537446617647059,Clinton
23802,AIAN,25,.008125,Clinton
23802,Hispanic,-9,-.0471528947368421,Clinton
23802,Asian,-9,-.11045,Clinton
23802,Asian,75,-.1132,Clinton
23802,Pooled,25,.0015428102189781,Clinton
23802,Hispanic,75,-.1172105263157895,Clinton
23802,Black,75,.2142,Clinton
23802,AIAN,75,-.1146,Clinton
23802,White,-9,-.0575467525773196,Clinton
23802,Pooled,50,-.044757043166373,Clinton
23802,Asian,25,-.1077,Clinton
23802,White,25,-.0025950649350649,Clinton
23802,Hispanic,25,.0229047368421053,Clinton
23802,AIAN,50,-.0532375,Clinton
23802,Asian,50,-.11045,Clinton
23802,White,50,-.0481533016983017,Clinton
23802,AIAN,-9,-.0532375,Clinton
23802,Hispanic,50,-.0471528947368421,Clinton
23802,Black,50,.2138,Clinton
23802,White,75,-.0937115384615385,Clinton
23900,Black,25,.226991,Peoria
23900,Hispanic,50,.0504269398627626,Peoria
23900,Asian,25,-.0973033962264151,Peoria
23900,Hispanic,75,.0198963713080169,Peoria
23900,AIAN,50,-.00653,Peoria
23900,White,25,.0462083281596452,Peoria
23900,Black,50,.1953583813559322,Peoria
23900,Pooled,75,-.0587171233312142,Peoria
23900,Pooled,25,.0698434082798001,Peoria
23900,Black,75,.1637257627118644,Peoria
23900,AIAN,75,-.04148,Peoria
23900,AIAN,-9,-.00653,Peoria
23900,White,-9,-.028181248502994,Peoria
23900,Pooled,-9,-.0108210178167797,Peoria
23900,Asian,75,-.1278062637362637,Peoria
23900,Pooled,50,.0055631424742929,Peoria
23900,White,75,-.0660905129943503,Peoria
23900,Black,-9,.2113732217573222,Peoria
23900,Hispanic,-9,.05385734082397,Peoria
23900,Asian,-9,-.1165795138888889,Peoria
23900,Asian,50,-.1125548299813394,Peoria
23900,AIAN,25,.02842,Peoria
23900,White,50,-.0099410924173525,Peoria
23900,Hispanic,25,.0809575084175084,Peoria
24000,White,-9,-.0513462808823529,Kenosha
24000,Hispanic,75,.0460320524017467,Kenosha
24000,White,50,-.0329469988184485,Kenosha
24000,White,25,.0144450913461538,Kenosha
24000,Asian,-9,-.0897462162162162,Kenosha
24000,Black,50,.1895978148565485,Kenosha
24000,AIAN,75,.0300325,Kenosha
24000,Pooled,-9,-.0246237217716781,Kenosha
24000,Black,75,.1718168345323741,Kenosha
24000,Hispanic,50,.0776577439922844,Kenosha
24000,Pooled,25,.0527332478184991,Kenosha
24000,Hispanic,25,.1092834355828221,Kenosha
24000,Asian,25,-.0891941071428572,Kenosha
24000,AIAN,25,.1152375,Kenosha
24000,Hispanic,-9,.0831851171171171,Kenosha
24000,White,75,-.0803390889830509,Kenosha
24000,AIAN,-9,.072635,Kenosha
24000,Black,25,.2073787951807229,Kenosha
24000,Black,-9,.1984562093862816,Kenosha
24000,Pooled,75,-.0676582300970874,Kenosha
24000,Pooled,50,-.0074624911392941,Kenosha
24000,Asian,50,-.0896381948757764,Kenosha
24000,AIAN,50,.072635,Kenosha
24000,Asian,75,-.0900822826086956,Kenosha
24100,White,-9,-.0986178379120879,Milwaukee
24100,White,75,-.1168576964477933,Milwaukee
24100,White,50,-.0779402960550807,Milwaukee
24100,Black,75,.1724364935064935,Milwaukee
24100,AIAN,25,.131052972972973,Milwaukee
24100,Hispanic,75,-.0071584430604982,Milwaukee
24100,Asian,25,-.0813383451536643,Milwaukee
24100,White,25,-.0390228956623681,Milwaukee
24100,Hispanic,25,.0892892891566265,Milwaukee
24100,Pooled,25,.0589053591517999,Milwaukee
24100,Black,50,.1991915605809021,Milwaukee
24100,Black,-9,.2153512426872388,Milwaukee
24100,Hispanic,-9,.0503499030172414,Milwaukee
24100,AIAN,50,.0770842007722008,Milwaukee
24100,AIAN,-9,.0845568,Milwaukee
24100,Pooled,50,-.0206568978802034,Milwaukee
24100,Hispanic,50,.0410654230480641,Milwaukee
24100,Pooled,75,-.1002191549122067,Milwaukee
24100,Asian,-9,-.0808248883928571,Milwaukee
24100,Asian,50,-.0808520266994537,Milwaukee
24100,Asian,75,-.0803657082452431,Milwaukee
24100,AIAN,75,.0231154285714286,Milwaukee
24100,Black,25,.2259466276553106,Milwaukee
24100,Pooled,-9,-.0463904916025944,Milwaukee
24200,Black,75,.1762441509433962,Bourbonnais
24200,Pooled,75,-.0388218544366899,Bourbonnais
24200,Black,-9,.2173623664122138,Bourbonnais
24200,Hispanic,-9,.0678438541666667,Bourbonnais
24200,Pooled,25,.1011005326876513,Bourbonnais
24200,White,75,-.0547869613259669,Bourbonnais
24200,Hispanic,50,.06780296875,Bourbonnais
24200,Black,25,.2277894736842105,Bourbonnais
24200,Pooled,50,.0311393391254807,Bourbonnais
24200,AIAN,25,.2339,Bourbonnais
24200,White,25,.0583333333333333,Bourbonnais
24200,AIAN,75,.01913,Bourbonnais
24200,Hispanic,25,.067925625,Bourbonnais
24200,Pooled,-9,.024368901038819,Bourbonnais
24200,Asian,-9,-.101175,Bourbonnais
24200,Asian,25,-.0979777777777778,Bourbonnais
24200,AIAN,-9,.126515,Bourbonnais
24200,Asian,75,-.1043722222222222,Bourbonnais
24200,Asian,50,-.101175,Bourbonnais
24200,Black,50,.2020168123138034,Bourbonnais
24200,Hispanic,75,.0676803125,Bourbonnais
24200,White,-9,-.0125136332179931,Bourbonnais
24200,White,50,.0017731860036832,Bourbonnais
24200,AIAN,50,.126515,Bourbonnais
24300,White,25,-.0065960618499127,Chicago
24300,Pooled,50,.017922288587212,Chicago
24300,White,50,-.0386044456577645,Chicago
24300,Asian,75,-.0984437147679325,Chicago
24300,Hispanic,75,.0186292835068315,Chicago
24300,AIAN,25,.1383978947368421,Chicago
24300,Asian,25,-.1120534235976789,Chicago
24300,Black,-9,.2040532140343278,Chicago
24300,White,-9,-.0556517364548495,Chicago
24300,Pooled,25,.0796197401426775,Chicago
24300,Pooled,75,-.0437751629682536,Chicago
24300,Asian,-9,-.1036043954316848,Chicago
24300,AIAN,75,.021218204379562,Chicago
24300,Hispanic,-9,.0400056332824427,Chicago
24300,Black,75,.1737427000315424,Chicago
24300,Pooled,-9,.0052586371246228,Chicago
24300,AIAN,50,.0798080495582021,Chicago
24300,Asian,50,-.1052485691828057,Chicago
24300,Hispanic,25,.052856107362863,Chicago
24300,Black,25,.214564144820797,Chicago
24300,White,75,-.0706128294656163,Chicago
24300,Black,50,.1941534224261697,Chicago
24300,AIAN,-9,.0862757597402597,Chicago
24300,Hispanic,50,.0357426954348472,Chicago
24400,Black,25,.1961799274486095,Rockford
24400,Hispanic,50,.0433523682248418,Rockford
24400,AIAN,50,.0513366666666667,Rockford
24400,Asian,-9,-.0970039166666667,Rockford
24400,Hispanic,-9,.0482147770979021,Rockford
24400,Asian,75,-.0915759496402878,Rockford
24400,Black,-9,.183058835978836,Rockford
24400,Hispanic,75,.0134459394572025,Rockford
24400,AIAN,25,.0649333333333333,Rockford
24400,Pooled,75,-.0660802360995467,Rockford
24400,Pooled,25,.0453297833358908,Rockford
24400,White,75,-.0764935598377282,Rockford
24400,White,50,-.0285686060236104,Rockford
24400,AIAN,-9,.0513366666666667,Rockford
24400,Pooled,-9,-.0241744819346647,Rockford
24400,Black,75,.1477130944625407,Rockford
24400,White,-9,-.0447255676701926,Rockford
24400,Pooled,50,-.010375226381828,Rockford
24400,Black,50,.1719465109555751,Rockford
24400,Asian,50,-.0976283730502324,Rockford
24400,AIAN,75,.03774,Rockford
24400,Asian,25,-.103680796460177,Rockford
24400,White,25,.0193563477905074,Rockford
24400,Hispanic,25,.0732587969924812,Rockford
24500,Asian,25,-.1471777777777778,Rolla
24500,AIAN,-9,.02847,Rolla
24500,Pooled,50,.0009797011269471,Rolla
24500,Pooled,25,.0543194670487106,Rolla
24500,Asian,-9,-.1155433333333333,Rolla
24500,Hispanic,75,-.0692553164556962,Rolla
24500,AIAN,50,.02847,Rolla
24500,White,25,.0396607092198582,Rolla
24500,Hispanic,50,-.0062479009462947,Rolla
24500,White,75,-.0676828719723183,Rolla
24500,Black,75,.0966886666666667,Rolla
24500,Asian,75,-.0839088888888889,Rolla
24500,Black,25,.180050303030303,Rolla
24500,White,-9,-.008698285268901,Rolla
24500,Pooled,-9,.0070387172941927,Rolla
24500,AIAN,75,.05576,Rolla
24500,Asian,50,-.1155433333333333,Rolla
24500,AIAN,25,.00118,Rolla
24500,Hispanic,25,.0567595145631068,Rolla
24500,Black,50,.1383694848484849,Rolla
24500,White,50,-.0140110813762301,Rolla
24500,Pooled,75,-.0523600647948164,Rolla
24500,Black,-9,.1485930817610063,Rolla
24500,Hispanic,-9,.0020607692307692,Rolla
24600,Black,50,.12331,Farmington
24600,Asian,-9,-.089615,Farmington
24600,Hispanic,75,.051505,Farmington
24600,Pooled,25,.1026233186328556,Farmington
24600,AIAN,25,-.05769,Farmington
24600,AIAN,75,-.1704,Farmington
24600,Asian,75,-.06653,Farmington
24600,Pooled,75,-.0431832210242588,Farmington
24600,Pooled,-9,.0370147968465737,Farmington
24600,AIAN,50,-.114045,Farmington
24600,White,75,-.0471103008595988,Farmington
24600,Black,75,.0460533333333333,Farmington
24600,Black,25,.2005666666666666,Farmington
24600,Black,-9,.12331,Farmington
24600,Asian,50,-.089615,Farmington
24600,AIAN,-9,-.114045,Farmington
24600,Hispanic,25,.16895,Farmington
24600,Asian,25,-.1127,Farmington
24600,White,25,.1011579490150638,Farmington
24600,White,-9,.0348599103139014,Farmington
24600,Hispanic,-9,.1102275,Farmington
24600,Pooled,50,.0297200488042984,Farmington
24600,Hispanic,50,.1102275,Farmington
24600,White,50,.0270238240777325,Farmington
24701,White,-9,-.0265043052909277,St. Louis
24701,Hispanic,-9,.0511278479452055,St. Louis
24701,White,25,.0515809835064142,St. Louis
24701,Black,75,.1913699157641396,St. Louis
24701,Pooled,25,.128320880757403,St. Louis
24701,Pooled,50,.0443031989103506,St. Louis
24701,Pooled,-9,.0278963426203982,St. Louis
24701,Black,-9,.2349267162162162,St. Louis
24701,AIAN,75,.0209473246753247,St. Louis
24701,Black,25,.2475428546531893,St. Louis
24701,Hispanic,25,.1050109779179811,St. Louis
24701,Hispanic,75,.0097696101694915,St. Louis
24701,Hispanic,50,.0573902940437363,St. Louis
24701,White,50,-.0041866331224929,St. Louis
24701,Asian,-9,-.1184069677419355,St. Louis
24701,Black,50,.2194563852086645,St. Louis
24701,AIAN,25,.1322416883116883,St. Louis
24701,AIAN,-9,.0765945064935065,St. Louis
24701,AIAN,50,.0765945064935065,St. Louis
24701,Asian,75,-.1133901465201465,St. Louis
24701,Pooled,75,-.0397144829367018,St. Louis
24701,Asian,25,-.1255402604166667,St. Louis
24701,White,75,-.0599542497514,St. Louis
24701,Asian,50,-.1194652034684066,St. Louis
24702,Hispanic,25,.1803,Mexico
24702,Black,75,.2407217391304348,Mexico
24702,Pooled,-9,-.0064368884120172,Mexico
24702,Pooled,75,-.0679990809628009,Mexico
24702,Pooled,50,-.0076033299550846,Mexico
24702,Hispanic,75,-.048605,Mexico
24702,White,25,.0350117391304348,Mexico
24702,Hispanic,-9,.0658475,Mexico
24702,Black,25,.2360416216216217,Mexico
24702,White,75,-.0853485365853658,Mexico
24702,Asian,50,-.1174,Mexico
24702,Asian,-9,-.1174,Mexico
24702,White,50,-.0251683987274655,Mexico
24702,Black,-9,.2378356666666667,Mexico
24702,White,-9,-.0248762621359223,Mexico
24702,Hispanic,50,.0658475,Mexico
24702,Black,50,.2383816803760282,Mexico
24702,Asian,25,-.1296,Mexico
24702,Pooled,25,.0527924210526316,Mexico
24702,Asian,75,-.1052,Mexico
24801,Pooled,75,-.0707470521327014,Jacksonville
24801,Asian,-9,-.104525,Jacksonville
24801,Hispanic,-9,.0618315555555556,Jacksonville
24801,Asian,75,-.09555,Jacksonville
24801,Hispanic,75,.03986,Jacksonville
24801,White,50,-.0155828438457786,Jacksonville
24801,Black,-9,.17504375,Jacksonville
24801,Black,75,.134,Jacksonville
24801,Pooled,50,-.0110083171111268,Jacksonville
24801,Black,50,.16385,Jacksonville
24801,Asian,25,-.1135,Jacksonville
24801,Hispanic,25,.0838031111111111,Jacksonville
24801,Pooled,25,.0487304179104478,Jacksonville
24801,White,75,-.0755436094674556,Jacksonville
24801,Pooled,-9,-.012458286407767,Jacksonville
24801,Hispanic,50,.0618315555555556,Jacksonville
24801,Black,25,.1937,Jacksonville
24801,White,25,.0443779217758985,Jacksonville
24801,White,-9,-.0176631153061224,Jacksonville
24801,Asian,50,-.104525,Jacksonville
24802,Asian,75,-.1028889655172414,Springfield
24802,White,75,-.0789245957011259,Springfield
24802,Pooled,25,.0714730210602759,Springfield
24802,AIAN,50,-.11752,Springfield
24802,Hispanic,75,-.022488,Springfield
24802,Hispanic,25,.05165,Springfield
24802,AIAN,25,.02776,Springfield
24802,White,-9,-.0349489045588718,Springfield
24802,Black,75,.1477019718309859,Springfield
24802,Black,25,.2190982456140351,Springfield
24802,Hispanic,-9,.014043768115942,Springfield
24802,Asian,50,-.0846519827586207,Springfield
24802,Black,50,.1834001087225105,Springfield
24802,Pooled,75,-.0709765312947922,Springfield
24802,Pooled,-9,-.0144482795389049,Springfield
24802,Asian,-9,-.0899204444444444,Springfield
24802,Black,-9,.2021446153846154,Springfield
24802,AIAN,75,-.2628,Springfield
24802,AIAN,-9,-.11752,Springfield
24802,White,25,.0435246118721461,Springfield
24802,Hispanic,50,.014581,Springfield
24802,Asian,25,-.066415,Springfield
24802,White,50,-.0176999919144899,Springfield
24802,Pooled,50,.0002482448827419,Springfield
24900,AIAN,75,.004091,Edwardsville
24900,White,50,-.0000308644237389,Edwardsville
24900,Black,75,.1321998588235294,Edwardsville
24900,Pooled,-9,.0006418855814873,Edwardsville
24900,Black,25,.2287493212669683,Edwardsville
24900,Pooled,25,.0776216710939387,Edwardsville
24900,Hispanic,50,.0574810325814536,Edwardsville
24900,Asian,-9,-.0900866666666667,Edwardsville
24900,White,75,-.0594173439716312,Edwardsville
24900,AIAN,50,.0596455,Edwardsville
24900,Hispanic,-9,.0578748318584071,Edwardsville
24900,Hispanic,75,.0129817142857143,Edwardsville
24900,Black,50,.1804745900452489,Edwardsville
24900,White,25,.0593556151241535,Edwardsville
24900,Pooled,50,.012438318966832,Edwardsville
24900,AIAN,-9,.0596455,Edwardsville
24900,Asian,75,-.094788,Edwardsville
24900,Asian,50,-.089499,Edwardsville
24900,White,-9,-.013584224738676,Edwardsville
24900,Black,-9,.2019300261437909,Edwardsville
24900,Hispanic,25,.101980350877193,Edwardsville
24900,AIAN,25,.1152,Edwardsville
24900,Asian,25,-.08421,Edwardsville
24900,Pooled,75,-.0527450331602747,Edwardsville
25000,Black,25,.2319339805825243,Quincy
25000,Hispanic,50,-.0112385731707317,Quincy
25000,White,50,-.0196403895915974,Quincy
25000,Asian,75,-.1845,Quincy
25000,Hispanic,25,.0722194878048781,Quincy
25000,Hispanic,-9,-.0112385731707317,Quincy
25000,Asian,25,-.1657,Quincy
25000,Asian,-9,-.1751,Quincy
25000,White,75,-.0885939462365591,Quincy
25000,White,25,.0493131670533643,Quincy
25000,Pooled,-9,-.0136690780196993,Quincy
25000,Pooled,25,.0579696916135881,Quincy
25000,Black,75,.1696333333333333,Quincy
25000,Black,-9,.209739375,Quincy
25000,Black,50,.2007836569579288,Quincy
25000,Hispanic,75,-.0946966341463415,Quincy
25000,White,-9,-.0222569308035714,Quincy
25000,Pooled,50,-.0120359753684846,Quincy
25000,Asian,50,-.1751,Quincy
25000,Pooled,75,-.0820416423505572,Quincy
25101,Pooled,50,-.0203319988608676,Mountain Home
25101,Black,-9,.12923,Mountain Home
25101,Black,50,.12923,Mountain Home
25101,Asian,75,-.1992,Mountain Home
25101,Black,75,.08206,Mountain Home
25101,Hispanic,75,-.0342566666666667,Mountain Home
25101,Pooled,25,.0148340236686391,Mountain Home
25101,White,25,.0106528387096774,Mountain Home
25101,Pooled,75,-.0554980213903743,Mountain Home
25101,AIAN,25,.159155,Mountain Home
25101,Asian,25,-.1534,Mountain Home
25101,Hispanic,50,-.0027,Mountain Home
25101,White,-9,-.0154381876332623,Mountain Home
25101,Asian,-9,-.1763,Mountain Home
25101,Asian,50,-.1763,Mountain Home
25101,Hispanic,-9,-.0027,Mountain Home
25101,AIAN,75,.13055,Mountain Home
25101,AIAN,-9,.1448525,Mountain Home
25101,Hispanic,25,.0288566666666667,Mountain Home
25101,Black,25,.1764,Mountain Home
25101,White,75,-.0663074842767296,Mountain Home
25101,Pooled,-9,-.010217580952381,Mountain Home
25101,White,50,-.0278273227835261,Mountain Home
25101,AIAN,50,.1448525,Mountain Home
25102,Hispanic,50,.0507625,West Plains
25102,White,-9,-.0067394683815648,West Plains
25102,Asian,50,-.018895,West Plains
25102,Pooled,-9,-.0030138054162487,West Plains
25102,Black,25,.1194,West Plains
25102,Asian,25,-.06439,West Plains
25102,Pooled,50,-.0262628325752945,West Plains
25102,White,25,.0205972022792023,West Plains
25102,Pooled,75,-.0754757414448669,West Plains
25102,Black,75,.08112,West Plains
25102,Asian,-9,-.018895,West Plains
25102,Hispanic,25,.069955,West Plains
25102,AIAN,25,.13085,West Plains
25102,White,50,-.0346086715876716,West Plains
25102,Black,-9,.10026,West Plains
25102,Black,50,.10026,West Plains
25102,Asian,75,.0266,West Plains
25102,AIAN,75,-.00487,West Plains
25102,Hispanic,75,.03157,West Plains
25102,AIAN,50,.06299,West Plains
25102,Hispanic,-9,.0507625,West Plains
25102,Pooled,25,.0229500762942779,West Plains
25102,White,75,-.0898145454545455,West Plains
25102,AIAN,-9,.06299,West Plains
25103,AIAN,-9,-.0105725,Harrison
25103,AIAN,75,-.062975,Harrison
25103,Hispanic,75,.017004,Harrison
25103,Black,-9,.114285,Harrison
25103,AIAN,50,-.0105725,Harrison
25103,White,75,-.0998009523809524,Harrison
25103,Black,25,-.04353,Harrison
25103,Asian,75,-.01729,Harrison
25103,AIAN,25,.04183,Harrison
25103,Pooled,50,-.0351174336217365,Harrison
25103,Asian,25,-.003268,Harrison
25103,Pooled,75,-.0825274098360656,Harrison
25103,Hispanic,25,.0080654,Harrison
25103,Pooled,-9,-.0172177487244898,Harrison
25103,Black,50,.114285,Harrison
25103,Hispanic,50,.0125347,Harrison
25103,White,25,.0126029859719439,Harrison
25103,Hispanic,-9,.0118071395348837,Harrison
25103,Asian,50,-.010279,Harrison
25103,Pooled,25,.0122925425925926,Harrison
25103,Asian,-9,-.010279,Harrison
25103,Black,75,.2721,Harrison
25103,White,-9,-.0206901410437236,Harrison
25103,White,50,-.0435989832045042,Harrison
25104,Hispanic,25,.0659033333333333,Heber Springs
25104,Hispanic,-9,.0368633333333333,Heber Springs
25104,White,-9,.0008526849894292,Heber Springs
25104,Black,-9,.11777,Heber Springs
25104,Black,50,.11777,Heber Springs
25104,White,25,.0287569679300292,Heber Springs
25104,White,75,-.0727716923076923,Heber Springs
25104,Black,75,.134245,Heber Springs
25104,Hispanic,50,.0368633333333333,Heber Springs
25104,Pooled,75,-.0552832,Heber Springs
25104,White,50,-.0220073621888316,Heber Springs
25104,Hispanic,75,.0078233333333333,Heber Springs
25104,Pooled,25,.0315835812672176,Heber Springs
25104,Pooled,50,-.0118498093663912,Heber Springs
25104,Pooled,-9,.0061839376218324,Heber Springs
25104,Black,25,.101295,Heber Springs
25105,Hispanic,25,.1163544,Batesville
25105,AIAN,75,.05391,Batesville
25105,Asian,75,-.0486,Batesville
25105,Pooled,25,.0799255760368664,Batesville
25105,Asian,25,.06238,Batesville
25105,Asian,50,.00689,Batesville
25105,AIAN,-9,.036705,Batesville
25105,Hispanic,50,.0843252,Batesville
25105,AIAN,50,.036705,Batesville
25105,Black,-9,.1228827777777778,Batesville
25105,White,-9,.0251773131955485,Batesville
25105,White,25,.076184875,Batesville
25105,Pooled,75,-.0530104961832061,Batesville
25105,Pooled,50,.0134575399268301,Batesville
25105,White,75,-.0639188646288209,Batesville
25105,White,50,.0061330051855895,Batesville
25105,Hispanic,-9,.0843252,Batesville
25105,Black,75,-.0166952941176471,Batesville
25105,Black,50,.1155365634674923,Batesville
25105,Asian,-9,.00689,Batesville
25105,AIAN,25,.0195,Batesville
25105,Pooled,-9,.0298835488505747,Batesville
25105,Hispanic,75,.052296,Batesville
25105,Black,25,.2477684210526316,Batesville
25200,Pooled,75,-.0232853419493807,Henderson
25200,Asian,75,-.04955,Henderson
25200,Hispanic,25,.1350175,Henderson
25200,Hispanic,50,.07540875,Henderson
25200,White,-9,.0286780369928401,Henderson
25200,White,25,.0909606319702602,Henderson
25200,Black,-9,.1767411157024794,Henderson
25200,Asian,-9,-.04638,Henderson
25200,Pooled,50,.0389528036570609,Henderson
25200,Hispanic,-9,.07540875,Henderson
25200,Hispanic,75,.0158,Henderson
25200,White,50,.0308998556859356,Henderson
25200,Pooled,25,.1011909492635025,Henderson
25200,Asian,50,-.04638,Henderson
25200,Pooled,-9,.0385480027100271,Henderson
25200,Asian,25,-.04321,Henderson
25200,Black,25,.2049318713450292,Henderson
25200,Black,50,.1568884708837822,Henderson
25200,White,75,-.0291609205983889,Henderson
25200,Black,75,.1088450704225352,Henderson
25300,Black,75,.1822631578947368,Union City
25300,White,25,.0733105789473684,Union City
25300,White,75,-.0501750489236791,Union City
25300,Pooled,50,.0299907990740335,Union City
25300,Pooled,-9,.0365838272087568,Union City
25300,Hispanic,25,.0167203703703704,Union City
25300,Asian,25,-.02794,Union City
25300,Asian,50,-.03069,Union City
25300,Black,25,.2231827272727273,Union City
25300,Hispanic,75,-.0257704,Union City
25300,Black,-9,.2126763513513513,Union City
25300,Asian,-9,-.03069,Union City
25300,White,50,.0115677650118447,Union City
25300,Asian,75,-.03344,Union City
25300,White,-9,.0149376318223867,Union City
25300,Pooled,25,.093873245924876,Union City
25300,Hispanic,50,-.0045250148148148,Union City
25300,Pooled,75,-.0338916477768091,Union City
25300,Hispanic,-9,-.0037078846153846,Union City
25300,Black,50,.202722942583732,Union City
25401,Hispanic,25,.0131044444444444,Paducah
25401,Black,25,.195544705882353,Paducah
25401,Black,75,.1017877777777778,Paducah
25401,Pooled,-9,.0132971684145589,Paducah
25401,White,75,-.0468555870967742,Paducah
25401,Hispanic,50,.0445307407407407,Paducah
25401,Asian,50,-.1367,Paducah
25401,AIAN,25,.1241,Paducah
25401,Pooled,75,-.0382655855855856,Paducah
25401,Asian,-9,-.1367,Paducah
25401,Hispanic,75,.075957037037037,Paducah
25401,Asian,25,-.1098,Paducah
25401,White,25,.053600293255132,Paducah
25401,White,-9,.0001663143445436,Paducah
25401,Hispanic,-9,.0445307407407407,Paducah
25401,White,50,.0033723530791789,Paducah
25401,Black,-9,.1676500826446281,Paducah
25401,Pooled,50,.0147358248356156,Paducah
25401,AIAN,75,.1054,Paducah
25401,Asian,75,-.1636,Paducah
25401,AIAN,50,.11475,Paducah
25401,AIAN,-9,.11475,Paducah
25401,Black,50,.1486662418300654,Paducah
25401,Pooled,25,.0677372352568167,Paducah
25402,Hispanic,75,-.03814,Murray
25402,White,25,.01302,Murray
25402,Black,25,.1972,Murray
25402,Pooled,-9,-.039603676975945,Murray
25402,Hispanic,50,.011795,Murray
25402,White,-9,-.0480954135338346,Murray
25402,Pooled,75,-.0970590508474576,Murray
25402,Asian,75,-.05465,Murray
25402,White,75,-.1074,Murray
25402,Hispanic,25,.06173,Murray
25402,Black,50,.16015,Murray
25402,Pooled,25,.0194532404181185,Murray
25402,Asian,50,-.033375,Murray
25402,White,50,-.04719,Murray
25402,Asian,-9,-.033375,Murray
25402,Asian,25,-.0121,Murray
25402,Hispanic,-9,.011795,Murray
25402,Black,-9,.16015,Murray
25402,Pooled,50,-.0388029052146696,Murray
25402,Black,75,.1231,Murray
25500,Asian,25,-.0432566666666667,Centralia
25500,White,-9,-.0202739066059226,Centralia
25500,Hispanic,75,-.00112,Centralia
25500,Black,25,.2171921568627451,Centralia
25500,Asian,75,-.0785666666666667,Centralia
25500,White,25,.0485861588541667,Centralia
25500,Asian,-9,-.0609116666666667,Centralia
25500,Asian,50,-.0609116666666667,Centralia
25500,Hispanic,25,.04222,Centralia
25500,Pooled,25,.0573168949232586,Centralia
25500,Black,75,.18208,Centralia
25500,Black,50,.1996360784313725,Centralia
25500,Pooled,75,-.0677936969111969,Centralia
25500,Hispanic,-9,.02055,Centralia
25500,Hispanic,50,.02055,Centralia
25500,Pooled,50,-.0052384009939692,Centralia
25500,Black,-9,.2073014084507042,Centralia
25500,White,50,-.0126073001275725,Centralia
25500,Pooled,-9,-.0115171853425385,Centralia
25500,White,75,-.0738007591093117,Centralia
25601,Asian,25,-.143958,Carbondale
25601,Hispanic,75,.0238330882352941,Carbondale
25601,Asian,-9,-.12687,Carbondale
25601,Hispanic,25,.0758245588235294,Carbondale
25601,Black,25,.1843252258064516,Carbondale
25601,White,50,-.0142470287738893,Carbondale
25601,Black,50,.1432537822580645,Carbondale
25601,Black,-9,.1608558294930876,Carbondale
25601,Hispanic,50,.0498288235294118,Carbondale
25601,Asian,75,-.109782,Carbondale
25601,Pooled,75,-.0625055434782609,Carbondale
25601,Black,75,.1021823387096774,Carbondale
25601,Pooled,50,-.0029708515908825,Carbondale
25601,Hispanic,-9,.0498288235294118,Carbondale
25601,Pooled,-9,-.0008089773044693,Carbondale
25601,White,-9,-.0139961346987003,Carbondale
25601,Pooled,25,.056563840296496,Carbondale
25601,White,75,-.0721579430379747,Carbondale
25601,White,25,.0436638854901961,Carbondale
25601,Asian,50,-.12687,Carbondale
25602,Hispanic,75,.03886,Harrisburg
25602,Black,25,.2399,Harrisburg
25602,Hispanic,50,.10693,Harrisburg
25602,White,75,-.0647007051282051,Harrisburg
25602,Hispanic,25,.175,Harrisburg
25602,Pooled,25,.0603394202898551,Harrisburg
25602,Pooled,50,.0009133991693178,Harrisburg
25602,White,25,.0544254271356784,Harrisburg
25602,Black,50,.162675,Harrisburg
25602,Black,75,.08545,Harrisburg
25602,Hispanic,-9,.10693,Harrisburg
25602,Pooled,75,-.0585126219512195,Harrisburg
25602,White,-9,.0020770422535211,Harrisburg
25602,Pooled,-9,.007801051212938,Harrisburg
25602,Black,-9,.162675,Harrisburg
25602,White,50,-.0051376389962634,Harrisburg
25701,AIAN,-9,.04563925,Cape Girardeau
25701,Asian,25,-.1267,Cape Girardeau
25701,White,75,-.0585605432595573,Cape Girardeau
25701,AIAN,50,.04563925,Cape Girardeau
25701,AIAN,25,.080285,Cape Girardeau
25701,Asian,75,-.0812,Cape Girardeau
25701,AIAN,75,.0109935,Cape Girardeau
25701,Asian,-9,-.10395,Cape Girardeau
25701,Black,50,.2152143493061011,Cape Girardeau
25701,White,25,.0997917579250721,Cape Girardeau
25701,Pooled,75,-.0463051194029851,Cape Girardeau
25701,Pooled,25,.1221090483619345,Cape Girardeau
25701,Hispanic,75,.0839643333333333,Cape Girardeau
25701,Hispanic,-9,.1286238333333333,Cape Girardeau
25701,Hispanic,50,.1286238333333333,Cape Girardeau
25701,Pooled,-9,.0454140662701784,Cape Girardeau
25701,Black,-9,.2342665271966527,Cape Girardeau
25701,Hispanic,25,.1732833333333333,Cape Girardeau
25701,Asian,50,-.10395,Cape Girardeau
25701,Black,25,.2431497512437811,Cape Girardeau
25701,White,50,.0206156073327574,Cape Girardeau
25701,Black,75,.187278947368421,Cape Girardeau
25701,Pooled,50,.0379019644794747,Cape Girardeau
25701,White,-9,.0224442457002457,Cape Girardeau
25702,Pooled,-9,.0511293481308411,Poplar Bluff
25702,White,-9,.0450073605095541,Poplar Bluff
25702,Black,75,.1755,Poplar Bluff
25702,Black,50,.18925,Poplar Bluff
25702,Hispanic,75,-.0533413333333333,Poplar Bluff
25702,Black,-9,.1973589743589743,Poplar Bluff
25702,Asian,25,-.09309,Poplar Bluff
25702,Asian,-9,-.06789,Poplar Bluff
25702,White,25,.0779197818181818,Poplar Bluff
25702,Hispanic,25,.16018,Poplar Bluff
25702,Asian,75,-.04269,Poplar Bluff
25702,White,50,.022949035589942,Poplar Bluff
25702,Pooled,50,.0290790477289925,Poplar Bluff
25702,Hispanic,50,.0534193333333333,Poplar Bluff
25702,Asian,50,-.06789,Poplar Bluff
25702,Hispanic,-9,.0534193333333333,Poplar Bluff
25702,Pooled,25,.0849224120603015,Poplar Bluff
25702,Black,25,.203,Poplar Bluff
25702,Pooled,75,-.0267643166023166,Poplar Bluff
25702,White,75,-.0320217106382979,Poplar Bluff
25800,White,-9,.1196476687116564,Blytheville
25800,Asian,75,.077945,Blytheville
25800,Black,25,.2380829333333333,Blytheville
25800,AIAN,75,.02462,Blytheville
25800,Black,-9,.2356297619047619,Blytheville
25800,White,75,.0428438659793814,Blytheville
25800,Pooled,50,.1273880801767124,Blytheville
25800,White,50,.1064998990913856,Blytheville
25800,AIAN,-9,.03753,Blytheville
25800,Hispanic,50,.1267563921568627,Blytheville
25800,Pooled,75,.0599524782608696,Blytheville
25800,White,25,.1701559322033898,Blytheville
25800,Pooled,-9,.1521546629986245,Blytheville
25800,Asian,-9,.044765,Blytheville
25800,Asian,50,.044765,Blytheville
25800,Asian,25,.011585,Blytheville
25800,Hispanic,-9,.13239,Blytheville
25800,AIAN,25,.05044,Blytheville
25800,AIAN,50,.03753,Blytheville
25800,Black,75,.2151866666666667,Blytheville
25800,Hispanic,25,.2168941176470588,Blytheville
25800,Hispanic,75,.0366186666666667,Blytheville
25800,Pooled,25,.1948236820925553,Blytheville
25800,Black,50,.2266348,Blytheville
25900,Pooled,75,.0061648343634116,Jonesboro
25900,Hispanic,25,.1293837241379311,Jonesboro
25900,Hispanic,75,.0825530769230769,Jonesboro
25900,White,-9,.0774929933943089,Jonesboro
25900,White,75,-.0020390161507402,Jonesboro
25900,Pooled,50,.0691816809391023,Jonesboro
25900,AIAN,75,-.0573,Jonesboro
25900,AIAN,25,.04126,Jonesboro
25900,AIAN,50,-.00802,Jonesboro
25900,Asian,50,.00754015,Jonesboro
25900,White,25,.1257315918367347,Jonesboro
25900,Asian,25,.0006403,Jonesboro
25900,White,50,.0618462878429972,Jonesboro
25900,Asian,-9,.00754015,Jonesboro
25900,Black,50,.1862488472222222,Jonesboro
25900,Pooled,-9,.0850160852383156,Jonesboro
25900,AIAN,-9,-.00802,Jonesboro
25900,Hispanic,-9,.1072456,Jonesboro
25900,Asian,75,.01444,Jonesboro
25900,Black,-9,.2075318032786885,Jonesboro
25900,Black,75,.14148125,Jonesboro
25900,Hispanic,50,.105968400530504,Jonesboro
25900,Black,25,.2310164444444445,Jonesboro
25900,Pooled,25,.1321985275147929,Jonesboro
26001,Hispanic,25,-.1119,Roseau
26001,Pooled,-9,-.11468265625,Roseau
26001,White,25,-.10915,Roseau
26001,Hispanic,-9,-.1488,Roseau
26001,AIAN,-9,.051592,Roseau
26001,Asian,-9,.008513,Roseau
26001,Pooled,75,-.127038,Roseau
26001,AIAN,75,.107,Roseau
26001,Pooled,25,-.1015301935483871,Roseau
26001,White,-9,-.1234879310344827,Roseau
26001,AIAN,50,.051592,Roseau
26001,AIAN,25,-.003816,Roseau
26001,White,50,-.12301,Roseau
26001,Asian,25,.02448,Roseau
26001,Hispanic,50,-.1488,Roseau
26001,White,75,-.13687,Roseau
26001,Pooled,50,-.1142840967741935,Roseau
26001,Asian,75,-.007454,Roseau
26001,Asian,50,.008513,Roseau
26001,Hispanic,75,-.1857,Roseau
26002,White,50,-.1078085917145093,Duluth
26002,Asian,75,-.1409314285714286,Duluth
26002,Black,50,.0961941871921182,Duluth
26002,Asian,25,-.1602422222222222,Duluth
26002,Asian,50,-.1505868253968254,Duluth
26002,AIAN,-9,.0050018461538462,Duluth
26002,AIAN,75,-.0406592857142857,Duluth
26002,Hispanic,50,.0001046685164632,Duluth
26002,Pooled,25,-.0720987524893314,Duluth
26002,White,75,-.1359170281495155,Duluth
26002,White,-9,-.1149597684515195,Duluth
26002,Black,25,.1592828571428571,Duluth
26002,Pooled,-9,-.1092374390043764,Duluth
26002,Asian,-9,-.1498441025641025,Duluth
26002,White,25,-.0797001552795031,Duluth
26002,Pooled,75,-.1324449915555555,Duluth
26002,Hispanic,75,-.0051190943396226,Duluth
26002,AIAN,25,.0218243684210526,Duluth
26002,Hispanic,-9,4.21153846154e-06,Duluth
26002,Black,75,.0331055172413793,Duluth
26002,Hispanic,25,.005328431372549,Duluth
26002,AIAN,50,-.0094174586466165,Duluth
26002,Black,-9,.10210875,Duluth
26002,Pooled,50,-.1022718720224435,Duluth
26003,White,25,-.1362,West Cook UT
26003,White,75,-.2088,West Cook UT
26003,AIAN,25,-.06018,West Cook UT
26003,AIAN,-9,.007915,West Cook UT
26003,Pooled,25,-.1085563636363636,West Cook UT
26003,Pooled,50,-.1112098484848485,West Cook UT
26003,AIAN,50,.007915,West Cook UT
26003,AIAN,75,.07601,West Cook UT
26003,Pooled,75,-.1138633333333333,West Cook UT
26003,Pooled,-9,-.1113252173913043,West Cook UT
26003,White,50,-.1725,West Cook UT
26003,White,-9,-.17492,West Cook UT
26004,White,-9,-.108713642384106,International Falls
26004,Hispanic,-9,.007735,International Falls
26004,White,50,-.10211,International Falls
26004,Pooled,50,-.089944197419742,International Falls
26004,White,75,-.1306,International Falls
26004,Hispanic,75,-.03474,International Falls
26004,Pooled,25,-.0598139393939394,International Falls
26004,Pooled,75,-.1200744554455446,International Falls
26004,AIAN,-9,.03483,International Falls
26004,Hispanic,50,.007735,International Falls
26004,White,25,-.07362,International Falls
26004,Hispanic,25,.05021,International Falls
26004,AIAN,75,.03931,International Falls
26004,Pooled,-9,-.0962589221556886,International Falls
26004,AIAN,25,.03035,International Falls
26004,AIAN,50,.03483,International Falls
26101,Hispanic,25,.1317,Moberly
26101,Asian,50,-.1651,Moberly
26101,Pooled,-9,-.0220240451612903,Moberly
26101,Asian,25,-.1552,Moberly
26101,Asian,75,-.175,Moberly
26101,Black,50,.2167030303030303,Moberly
26101,Pooled,75,-.0725994311377246,Moberly
26101,White,25,.0029180521091811,Moberly
26101,White,-9,-.0380754603399433,Moberly
26101,Asian,-9,-.1651,Moberly
26101,Black,75,.2041333333333333,Moberly
26101,Pooled,50,-.0281596078591117,Moberly
26101,Hispanic,50,.1261433333333333,Moberly
26101,Hispanic,75,.1205866666666667,Moberly
26101,Black,-9,.2190810810810811,Moberly
26101,Black,25,.2292727272727273,Moberly
26101,White,75,-.0925981848184819,Moberly
26101,White,50,-.0448400663546504,Moberly
26101,Hispanic,-9,.1261433333333333,Moberly
26101,Pooled,25,.0162802154195011,Moberly
26102,Black,75,.1596973333333333,Marshall
26102,Pooled,75,-.0716971428571428,Marshall
26102,White,-9,-.0206044698205546,Marshall
26102,Hispanic,25,.1496866666666667,Marshall
26102,White,75,-.0861938223938224,Marshall
26102,Hispanic,75,-.0498723076923077,Marshall
26102,Black,-9,.2185778947368421,Marshall
26102,Pooled,-9,-.0040171134020619,Marshall
26102,Black,25,.2569782608695652,Marshall
26102,Hispanic,-9,.0570342857142857,Marshall
26102,White,50,-.0294053010274197,Marshall
26102,Pooled,50,-.0130814030612245,Marshall
26102,Black,50,.2083377971014493,Marshall
26102,Hispanic,50,.0499071794871795,Marshall
26102,White,25,.027383220338983,Marshall
26102,Pooled,25,.0455343367346939,Marshall
26103,Hispanic,50,.007685,Brookfield
26103,White,-9,-.042871186440678,Brookfield
26103,Pooled,25,.0083699447513812,Brookfield
26103,Black,75,-.1599,Brookfield
26103,Black,25,.2322,Brookfield
26103,Black,-9,.03615,Brookfield
26103,Black,50,.03615,Brookfield
26103,Pooled,50,-.0489353353166171,Brookfield
26103,White,25,.0017271676300578,Brookfield
26103,Hispanic,-9,.007685,Brookfield
26103,Hispanic,75,-.05647,Brookfield
26103,Hispanic,25,.07184,Brookfield
26103,Pooled,-9,-.0395380064308682,Brookfield
26103,White,50,-.0521929735620203,Brookfield
26103,White,75,-.1061131147540984,Brookfield
26103,Pooled,75,-.1062406153846154,Brookfield
26104,Hispanic,-9,.141845,Trenton
26104,Pooled,75,-.1163765333333333,Trenton
26104,White,25,.0316089898989899,Trenton
26104,Hispanic,25,.2232,Trenton
26104,White,75,-.1263408450704225,Trenton
26104,Pooled,25,.0390494174757282,Trenton
26104,White,-9,-.0343582941176471,Trenton
26104,White,50,-.0473659275857163,Trenton
26104,Pooled,-9,-.0264390449438202,Trenton
26104,Hispanic,50,.141845,Trenton
26104,Hispanic,75,.06049,Trenton
26104,Pooled,50,-.0386635579288026,Trenton
26105,Pooled,-9,-.0235305691056911,Polk
26105,White,25,-.0020076470588235,Polk
26105,White,75,-.1049216666666667,Polk
26105,White,50,-.0534646568627451,Polk
26105,Hispanic,-9,.053005,Polk
26105,Hispanic,75,.0753,Polk
26105,Pooled,50,-.0421281543291474,Polk
26105,White,-9,-.0288547826086957,Polk
26105,Hispanic,25,.03071,Polk
26105,Pooled,75,-.0837191176470588,Polk
26105,Hispanic,50,.053005,Polk
26105,Pooled,25,-.000537191011236,Polk
26106,Pooled,75,-.0989558064516129,Centerville
26106,Hispanic,75,.03099,Centerville
26106,White,75,-.1023980794701987,Centerville
26106,White,25,.0159064285714286,Centerville
26106,Pooled,-9,-.0332960281690141,Centerville
26106,White,-9,-.0355747838616715,Centerville
26106,Pooled,50,-.0406827532258065,Centerville
26106,Pooled,25,.0175903,Centerville
26106,Hispanic,50,.065545,Centerville
26106,Hispanic,25,.1001,Centerville
26106,White,50,-.0432458254493851,Centerville
26106,Hispanic,-9,.065545,Centerville
26107,Asian,50,-.1513,Kirksville
26107,White,-9,-.070646871007371,Kirksville
26107,Black,25,.1985,Kirksville
26107,Pooled,-9,-.0664737737819025,Kirksville
26107,Hispanic,50,.02881,Kirksville
26107,White,50,-.0729977004732252,Kirksville
26107,White,25,-.0251583208430913,Kirksville
26107,Pooled,75,-.1162118491484185,Kirksville
26107,Pooled,25,-.0211470576496674,Kirksville
26107,Hispanic,25,.07476,Kirksville
26107,Hispanic,-9,.02881,Kirksville
26107,Hispanic,75,-.01714,Kirksville
26107,Black,75,.07225,Kirksville
26107,Pooled,50,-.068679453399043,Kirksville
26107,Black,-9,.135375,Kirksville
26107,Asian,75,-.18,Kirksville
26107,Asian,-9,-.1513,Kirksville
26107,Black,50,.135375,Kirksville
26107,White,75,-.1208370801033592,Kirksville
26107,Asian,25,-.1226,Kirksville
26201,Hispanic,25,.0110570588235294,Bismarck
26201,Hispanic,-9,-.0108502941176471,Bismarck
26201,AIAN,75,.0580242857142857,Bismarck
26201,Pooled,75,-.1449169120135364,Bismarck
26201,White,50,-.1243900334042864,Bismarck
26201,AIAN,25,.1325582222222222,Bismarck
26201,Black,25,.09587,Bismarck
26201,Hispanic,50,-.0108502941176471,Bismarck
26201,Black,-9,.023645,Bismarck
26201,AIAN,-9,.1088428787878788,Bismarck
26201,Pooled,25,-.0759394009983361,Bismarck
26201,Black,75,-.04858,Bismarck
26201,AIAN,50,.095291253968254,Bismarck
26201,Asian,-9,-.06044,Bismarck
26201,White,25,-.0977891337099812,Bismarck
26201,Black,50,.023645,Bismarck
26201,Asian,25,-.06253,Bismarck
26201,White,-9,-.1340442291541692,Bismarck
26201,Pooled,50,-.1104281565059363,Bismarck
26201,Asian,50,-.06044,Bismarck
26201,Hispanic,75,-.0327576470588235,Bismarck
26201,Asian,75,-.05835,Bismarck
26201,Pooled,-9,-.1216665002804263,Bismarck
26201,White,75,-.1509909330985915,Bismarck
26202,Pooled,25,-.1618,East Grant UT
26202,White,25,-.1618,East Grant UT
26202,White,50,-.1417,East Grant UT
26202,White,75,-.1216,East Grant UT
26202,Pooled,-9,-.1509769230769231,East Grant UT
26202,Pooled,50,-.1417,East Grant UT
26202,White,-9,-.1509769230769231,East Grant UT
26202,Pooled,75,-.1216,East Grant UT
26203,White,75,-.1927285714285714,Linton
26203,White,25,-.18165,Linton
26203,Pooled,25,-.18165,Linton
26203,White,-9,-.1853428571428571,Linton
26203,Pooled,75,-.1927285714285714,Linton
26203,Pooled,-9,-.1853428571428571,Linton
26203,Pooled,50,-.1871892857142857,Linton
26203,White,50,-.1871892857142857,Linton
26204,White,75,-.1608,Steele
26204,Pooled,25,-.159,Steele
26204,Pooled,50,-.1599,Steele
26204,White,-9,-.1596260869565217,Steele
26204,Pooled,-9,-.1596260869565217,Steele
26204,Pooled,75,-.1608,Steele
26204,White,25,-.159,Steele
26204,White,50,-.1599,Steele
26301,AIAN,75,.0589613333333333,Devils Lake
26301,White,25,-.0713112765957447,Devils Lake
26301,Hispanic,25,.016115,Devils Lake
26301,Hispanic,50,-.0326825,Devils Lake
26301,White,75,-.1341805825242719,Devils Lake
26301,AIAN,50,.1028806666666667,Devils Lake
26301,White,-9,-.1041820304568528,Devils Lake
26301,Pooled,25,-.0093444927536232,Devils Lake
26301,Hispanic,-9,-.0326825,Devils Lake
26301,AIAN,-9,.1248403333333333,Devils Lake
26301,Pooled,75,-.1119097886178862,Devils Lake
26301,Hispanic,75,-.08148,Devils Lake
26301,White,50,-.1027459295600083,Devils Lake
26301,Pooled,50,-.0606271406857547,Devils Lake
26301,Pooled,-9,-.0576798620689655,Devils Lake
26301,AIAN,25,.1468,Devils Lake
26302,Pooled,25,-.10786,Carrington
26302,Pooled,-9,-.1271472164948454,Carrington
26302,White,-9,-.1271472164948454,Carrington
26302,White,25,-.10786,Carrington
26302,Pooled,75,-.1425055555555556,Carrington
26302,White,50,-.1251827777777778,Carrington
26302,Pooled,50,-.1251827777777778,Carrington
26302,White,75,-.1425055555555556,Carrington
26303,Pooled,50,.0137626904205607,Turtle Mountain UT
26303,AIAN,75,.04963,Turtle Mountain UT
26303,Hispanic,25,.09912,Turtle Mountain UT
26303,AIAN,25,.1359,Turtle Mountain UT
26303,Hispanic,75,-.01417,Turtle Mountain UT
26303,White,-9,-.1051152083333333,Turtle Mountain UT
26303,White,75,-.1601882352941176,Turtle Mountain UT
26303,Pooled,75,-.04592275,Turtle Mountain UT
26303,Pooled,-9,.0409662585034014,Turtle Mountain UT
26303,Pooled,25,.0734481308411215,Turtle Mountain UT
26303,Hispanic,-9,.042475,Turtle Mountain UT
26303,White,50,-.1175510531309298,Turtle Mountain UT
26303,White,25,-.0749138709677419,Turtle Mountain UT
26303,Hispanic,50,.042475,Turtle Mountain UT
26303,AIAN,-9,.1178875824175824,Turtle Mountain UT
26303,AIAN,50,.092765,Turtle Mountain UT
26304,Pooled,-9,-.095084783010157,Minot
26304,Hispanic,75,-.0396,Minot
26304,White,50,-.0991850752662161,Minot
26304,Asian,75,-.04589,Minot
26304,White,25,-.0621679860302678,Minot
26304,Pooled,50,-.0898798639889915,Minot
26304,Asian,25,-.04456,Minot
26304,Asian,50,-.045225,Minot
26304,AIAN,50,-.0147836153846154,Minot
26304,Black,-9,.1045890909090909,Minot
26304,White,75,-.1362021645021645,Minot
26304,Black,25,.108,Minot
26304,AIAN,-9,-.002934347826087,Minot
26304,AIAN,75,-.105628,Minot
26304,AIAN,25,.0760607692307692,Minot
26304,Asian,-9,-.045225,Minot
26304,Hispanic,-9,.0221482608695652,Minot
26304,Black,75,.09862,Minot
26304,Pooled,25,-.0496160975609756,Minot
26304,Hispanic,25,.08951,Minot
26304,Pooled,75,-.1301436304170074,Minot
26304,Hispanic,50,.024955,Minot
26304,White,-9,-.1046255213505462,Minot
26304,Black,50,.10331,Minot
26305,Pooled,25,-.12386,Rugby
26305,Pooled,75,-.1622240506329114,Rugby
26305,White,75,-.165436,Rugby
26305,White,25,-.1385263157894737,Rugby
26305,AIAN,-9,.0264,Rugby
26305,Pooled,50,-.1430420253164557,Rugby
26305,White,-9,-.1518920529801324,Rugby
26305,AIAN,25,.1548,Rugby
26305,AIAN,50,.0264,Rugby
26305,Pooled,-9,-.1429213836477987,Rugby
26305,White,50,-.1519811578947368,Rugby
26305,AIAN,75,-.102,Rugby
26401,White,25,-.1674,Ekalaka
26401,White,75,-.19415,Ekalaka
26401,Pooled,-9,-.180775,Ekalaka
26401,Pooled,50,-.180775,Ekalaka
26401,Pooled,25,-.1674,Ekalaka
26401,Pooled,75,-.19415,Ekalaka
26401,White,-9,-.180775,Ekalaka
26401,White,50,-.180775,Ekalaka
26402,Pooled,25,-.08642,Baker
26402,Pooled,75,-.0814,Baker
26402,Pooled,-9,-.08391,Baker
26402,White,-9,-.08391,Baker
26402,White,75,-.0814,Baker
26402,White,50,-.08391,Baker
26402,Pooled,50,-.08391,Baker
26402,White,25,-.08642,Baker
26403,Pooled,50,-.1420405797101449,Bowman
26403,White,50,-.1420405797101449,Bowman
26403,Pooled,25,-.1085333333333333,Bowman
26403,Pooled,-9,-.13936,Bowman
26403,Pooled,75,-.1755478260869565,Bowman
26403,White,-9,-.13936,Bowman
26403,White,75,-.1755478260869565,Bowman
26403,White,25,-.1085333333333333,Bowman
26404,Pooled,25,-.130316,Lemmon
26404,White,25,-.130316,Lemmon
26404,White,75,-.1718689655172414,Lemmon
26404,Pooled,50,-.1510924827586207,Lemmon
26404,Pooled,75,-.1718689655172414,Lemmon
26404,Pooled,-9,-.1455696202531646,Lemmon
26404,White,-9,-.1455696202531646,Lemmon
26404,White,50,-.1510924827586207,Lemmon
26405,White,25,-.0994,Scobey
26405,White,75,-.1637,Scobey
26405,Pooled,-9,-.13155,Scobey
26405,Pooled,25,-.0994,Scobey
26405,Pooled,50,-.13155,Scobey
26405,Pooled,75,-.1637,Scobey
26405,White,-9,-.13155,Scobey
26405,White,50,-.13155,Scobey
26406,White,25,-.0910286956521739,Wolf Point
26406,Pooled,75,-.070601935483871,Wolf Point
26406,AIAN,50,.106045,Wolf Point
26406,Hispanic,-9,.068635,Wolf Point
26406,Hispanic,75,.07581,Wolf Point
26406,Hispanic,25,.06146,Wolf Point
26406,Pooled,-9,-.0096697520661157,Wolf Point
26406,Pooled,50,-.021120095258714,Wolf Point
26406,Pooled,25,.0283617449664429,Wolf Point
26406,AIAN,-9,.12708,Wolf Point
26406,AIAN,75,.07299,Wolf Point
26406,White,50,-.1059513043478261,Wolf Point
26406,AIAN,25,.1391,Wolf Point
26406,White,-9,-.1059513043478261,Wolf Point
26406,Hispanic,50,.068635,Wolf Point
26406,White,75,-.1208739130434782,Wolf Point
26407,Pooled,-9,-.1206936170212766,Plentywood
26407,White,25,-.1098,Plentywood
26407,Pooled,25,-.1098,Plentywood
26407,White,-9,-.1206936170212766,Plentywood
26407,White,75,-.1418,Plentywood
26407,Pooled,75,-.1418,Plentywood
26407,White,50,-.1258,Plentywood
26407,Pooled,50,-.1258,Plentywood
26408,AIAN,50,.0544875,Glasgow
26408,AIAN,75,.04338,Glasgow
26408,AIAN,-9,.0544875,Glasgow
26408,Hispanic,50,.034805,Glasgow
26408,Hispanic,25,.089705,Glasgow
26408,White,-9,-.110259793814433,Glasgow
26408,Pooled,50,-.0721651331369838,Glasgow
26408,White,75,-.1289915789473684,Glasgow
26408,White,50,-.1106382137161084,Glasgow
26408,Pooled,-9,-.071833488372093,Glasgow
26408,Hispanic,75,-.020095,Glasgow
26408,Pooled,75,-.0935562204724409,Glasgow
26408,AIAN,25,.065595,Glasgow
26408,White,25,-.0922848484848485,Glasgow
26408,Hispanic,-9,.034805,Glasgow
26408,Pooled,25,-.0507740458015267,Glasgow
26409,Hispanic,75,-.09584,Glendive
26409,Pooled,-9,-.1096206936416185,Glendive
26409,Hispanic,25,-.1207,Glendive
26409,Pooled,75,-.1435236781609195,Glendive
26409,White,-9,-.1096861818181818,Glendive
26409,Pooled,50,-.1094235832665063,Glendive
26409,Pooled,25,-.075323488372093,Glendive
26409,White,25,-.07311,Glendive
26409,White,75,-.1458216867469879,Glendive
26409,Hispanic,50,-.10827,Glendive
26409,Hispanic,-9,-.10827,Glendive
26409,White,50,-.109465843373494,Glendive
26410,AIAN,75,.082925,Dickinson
26410,Hispanic,50,-.07874,Dickinson
26410,AIAN,25,.05652,Dickinson
26410,Hispanic,-9,-.07874,Dickinson
26410,Hispanic,75,-.1225,Dickinson
26410,White,25,-.1209862796833773,Dickinson
26410,AIAN,-9,.0697225,Dickinson
26410,Asian,-9,-.130255,Dickinson
26410,White,50,-.1328644141397448,Dickinson
26410,Pooled,25,-.1132586861313868,Dickinson
26410,Hispanic,25,-.03498,Dickinson
26410,Asian,75,-.09551,Dickinson
26410,AIAN,50,.0697225,Dickinson
26410,White,-9,-.134049406175772,Dickinson
26410,Asian,25,-.165,Dickinson
26410,Pooled,75,-.1362284444444445,Dickinson
26410,Pooled,-9,-.1258083885209713,Dickinson
26410,Pooled,50,-.1247435652879157,Dickinson
26410,Asian,50,-.130255,Dickinson
26410,White,75,-.1447425485961123,Dickinson
26411,Hispanic,75,-.112425,Sidney
26411,Pooled,-9,-.0904654275092937,Sidney
26411,AIAN,-9,.0228116666666667,Sidney
26411,AIAN,75,-.0296833333333333,Sidney
26411,White,25,-.0749300869565217,Sidney
26411,Pooled,50,-.0905766169154229,Sidney
26411,White,-9,-.1026487336244542,Sidney
26411,White,75,-.1306105263157895,Sidney
26411,AIAN,25,.0753066666666667,Sidney
26411,Hispanic,-9,-.0860075,Sidney
26411,Hispanic,50,-.0860075,Sidney
26411,Pooled,25,-.0606666666666667,Sidney
26411,AIAN,50,.0228116666666667,Sidney
26411,Hispanic,25,-.05959,Sidney
26411,White,50,-.1027703066361556,Sidney
26411,Pooled,75,-.1204865671641791,Sidney
26412,Hispanic,75,.05716,Williston
26412,AIAN,50,.07901,Williston
26412,White,-9,-.0944226470588235,Williston
26412,Hispanic,-9,.04466,Williston
26412,White,75,-.1148241706161138,Williston
26412,AIAN,25,.1474,Williston
26412,White,25,-.0649382534246575,Williston
26412,Pooled,75,-.1091183143507973,Williston
26412,Hispanic,50,.04466,Williston
26412,AIAN,-9,.07901,Williston
26412,Pooled,-9,-.0872741042780749,Williston
26412,Pooled,25,-.0562397734627832,Williston
26412,Hispanic,25,.03216,Williston
26412,Pooled,50,-.0826790439067902,Williston
26412,White,50,-.0898812120203857,Williston
26412,AIAN,75,.01062,Williston
26501,Pooled,75,-.1542584345047923,Brookings
26501,Black,75,.08269,Brookings
26501,Hispanic,75,-.110135,Brookings
26501,AIAN,50,.0682116666666667,Brookings
26501,Asian,25,-.08992,Brookings
26501,AIAN,25,.19342,Brookings
26501,Black,-9,.034855,Brookings
26501,White,25,-.1113523076923077,Brookings
26501,AIAN,-9,.0748015789473684,Brookings
26501,Asian,-9,-.09966,Brookings
26501,Hispanic,50,-.057405,Brookings
26501,Asian,75,-.1094,Brookings
26501,White,75,-.1624375,Brookings
26501,Asian,50,-.09966,Brookings
26501,White,50,-.1368949038461538,Brookings
26501,Hispanic,25,-.004675,Brookings
26501,Pooled,25,-.0915316742081448,Brookings
26501,Black,25,-.01298,Brookings
26501,Hispanic,-9,-.057405,Brookings
26501,Black,50,.034855,Brookings
26501,Pooled,-9,-.1282984831460674,Brookings
26501,AIAN,75,-.0569966666666667,Brookings
26501,White,-9,-.1418130434782608,Brookings
26501,Pooled,50,-.1228950543564686,Brookings
26502,White,-9,-.122860725388601,Madison
26502,White,50,-.1225872820017182,Madison
26502,Pooled,-9,-.122860725388601,Madison
26502,White,25,-.0698127083333333,Madison
26502,Pooled,75,-.1753618556701031,Madison
26502,White,75,-.1753618556701031,Madison
26502,Pooled,50,-.1225872820017182,Madison
26502,Pooled,25,-.0698127083333333,Madison
26503,White,-9,-.1093528098250837,Sioux Falls
26503,Hispanic,75,-.0313605714285714,Sioux Falls
26503,Black,25,.0788778947368421,Sioux Falls
26503,White,75,-.1363181607865818,Sioux Falls
26503,Asian,-9,-.1532540540540541,Sioux Falls
26503,AIAN,-9,.1269972592592593,Sioux Falls
26503,AIAN,25,.1378147368421052,Sioux Falls
26503,AIAN,50,.1195602434210526,Sioux Falls
26503,Black,75,.00024,Sioux Falls
26503,Pooled,25,-.046571527904849,Sioux Falls
26503,Asian,75,-.15336,Sioux Falls
26503,Hispanic,50,.0034042380952381,Sioux Falls
26503,Hispanic,25,.0381690476190476,Sioux Falls
26503,Pooled,50,-.089218069769599,Sioux Falls
26503,White,50,-.0985019300801385,Sioux Falls
26503,Asian,50,-.1532447058823529,Sioux Falls
26503,Pooled,-9,-.099695757073844,Sioux Falls
26503,Asian,25,-.1531294117647059,Sioux Falls
26503,AIAN,75,.10130575,Sioux Falls
26503,Black,50,.0395589473684211,Sioux Falls
26503,White,25,-.0606856993736952,Sioux Falls
26503,Pooled,75,-.131864611634349,Sioux Falls
26503,Hispanic,-9,.0103572,Sioux Falls
26503,Black,-9,.0600048,Sioux Falls
26504,Hispanic,25,-.02157,Watertown
26504,White,-9,-.1266,Watertown
26504,AIAN,25,.1732,Watertown
26504,Black,25,.03795,Watertown
26504,AIAN,50,-.022,Watertown
26504,Pooled,75,-.1516044368600682,Watertown
26504,AIAN,75,-.2172,Watertown
26504,White,25,-.0962230188679245,Watertown
26504,Black,50,.087375,Watertown
26504,Asian,75,-.1099,Watertown
26504,Pooled,-9,-.1211834843205575,Watertown
26504,Asian,25,-.09961,Watertown
26504,Pooled,25,-.0894634163701067,Watertown
26504,Black,-9,.087375,Watertown
26504,Pooled,50,-.1205339266150875,Watertown
26504,Asian,50,-.104755,Watertown
26504,Hispanic,-9,-.078385,Watertown
26504,Hispanic,75,-.1352,Watertown
26504,White,50,-.1259420148491247,Watertown
26504,White,75,-.1556610108303249,Watertown
26504,Black,75,.1368,Watertown
26504,Hispanic,50,-.078385,Watertown
26504,Asian,-9,-.104755,Watertown
26504,AIAN,-9,-.022,Watertown
26601,Pooled,25,-.09755,Milbank
26601,Pooled,50,-.1267650819672131,Milbank
26601,AIAN,75,-.02997,Milbank
26601,Pooled,75,-.1559801639344262,Milbank
26601,AIAN,25,.01916,Milbank
26601,White,50,-.1307533871401668,Milbank
26601,AIAN,-9,-.005405,Milbank
26601,AIAN,50,-.005405,Milbank
26601,Pooled,-9,-.1258376190476191,Milbank
26601,White,75,-.1602516949152542,Milbank
26601,White,-9,-.1297862295081967,Milbank
26601,White,25,-.1012550793650794,Milbank
26602,Pooled,75,-.1399385567010309,Sisseton
26602,Hispanic,50,.03494,Sisseton
26602,Hispanic,75,.02872,Sisseton
26602,White,-9,-.1334467567567568,Sisseton
26602,Pooled,25,-.0637983916083916,Sisseton
26602,Hispanic,25,.04116,Sisseton
26602,White,50,-.1390212391774892,Sisseton
26602,AIAN,50,.0212035483870968,Sisseton
26602,White,25,-.1057541666666667,Sisseton
26602,Hispanic,-9,.03494,Sisseton
26602,AIAN,-9,.0364025531914894,Sisseton
26602,AIAN,75,-.02642,Sisseton
26602,White,75,-.1722883116883117,Sisseton
26602,Pooled,50,-.1018684741547113,Sisseton
26602,Pooled,-9,-.0945717083333333,Sisseton
26602,AIAN,25,.0688270967741935,Sisseton
26603,White,-9,-.1322123529411765,East Corson UT
26603,Pooled,75,.0780635897435897,East Corson UT
26603,White,75,-.1264070588235294,East Corson UT
26603,AIAN,75,.2360636363636364,East Corson UT
26603,AIAN,50,.1572036931818182,East Corson UT
26603,AIAN,-9,.1426,East Corson UT
26603,Pooled,25,.0032795918367347,East Corson UT
26603,White,25,-.1380176470588235,East Corson UT
26603,Pooled,50,.0406715907901622,East Corson UT
26603,White,50,-.1322123529411765,East Corson UT
26603,Pooled,-9,.0364225,East Corson UT
26603,AIAN,25,.07834375,East Corson UT
26604,AIAN,75,.08649,Mobridge
26604,AIAN,-9,.074145,Mobridge
26604,Pooled,25,-.0798479310344828,Mobridge
26604,Hispanic,50,-.0078,Mobridge
26604,Pooled,75,-.1865778723404255,Mobridge
26604,AIAN,25,.0618,Mobridge
26604,Hispanic,-9,-.0078,Mobridge
26604,Hispanic,75,-.07003,Mobridge
26604,AIAN,50,.074145,Mobridge
26604,White,25,-.101922,Mobridge
26604,Pooled,-9,-.1276222857142857,Mobridge
26604,Hispanic,25,.05443,Mobridge
26604,White,-9,-.1565292134831461,Mobridge
26604,White,50,-.1642302307692308,Mobridge
26604,White,75,-.2265384615384615,Mobridge
26604,Pooled,50,-.1332129016874541,Mobridge
26605,AIAN,75,.06698,Aberdeen
26605,AIAN,50,.078715,Aberdeen
26605,AIAN,25,.09045,Aberdeen
26605,Asian,50,-.12245,Aberdeen
26605,Asian,-9,-.12245,Aberdeen
26605,Black,50,.1202,Aberdeen
26605,Hispanic,75,-.07858,Aberdeen
26605,Pooled,75,-.131514917407878,Aberdeen
26605,Asian,75,-.1159,Aberdeen
26605,White,75,-.1389207219251337,Aberdeen
26605,Black,-9,.1202,Aberdeen
26605,Asian,25,-.129,Aberdeen
26605,Hispanic,-9,-.02918,Aberdeen
26605,Hispanic,25,.02022,Aberdeen
26605,Pooled,25,-.0679181895093063,Aberdeen
26605,White,-9,-.1119234307692308,Aberdeen
26605,AIAN,-9,.078715,Aberdeen
26605,Pooled,-9,-.1042393976777939,Aberdeen
26605,White,25,-.0753401449275362,Aberdeen
26605,Black,75,.1202,Aberdeen
26605,Black,25,.1202,Aberdeen
26605,Hispanic,50,-.02918,Aberdeen
26605,White,50,-.107130433426335,Aberdeen
26605,Pooled,50,-.0997165534585921,Aberdeen
26701,AIAN,75,-.0313908771929824,Bemidji
26701,Black,75,.0714,Bemidji
26701,White,25,-.1096960869565217,Bemidji
26701,Black,-9,.112425,Bemidji
26701,Black,25,.15345,Bemidji
26701,Hispanic,75,-.0171878,Bemidji
26701,Asian,50,-.153635,Bemidji
26701,White,50,-.1327556587087218,Bemidji
26701,Hispanic,50,-.0116336,Bemidji
26701,Pooled,25,-.0874984627855564,Bemidji
26701,Hispanic,25,-.0060794,Bemidji
26701,Asian,-9,-.153635,Bemidji
26701,White,75,-.1558152304609219,Bemidji
26701,AIAN,-9,.0037233697478992,Bemidji
26701,Pooled,50,-.1143951550839938,Bemidji
26701,Hispanic,-9,-.0116336,Bemidji
26701,AIAN,50,-.0083047148395851,Bemidji
26701,AIAN,25,.0147814475138122,Bemidji
26701,Asian,25,-.1574,Bemidji
26701,Pooled,75,-.1412918473824313,Bemidji
26701,Pooled,-9,-.1119047206119163,Bemidji
26701,Asian,75,-.14987,Bemidji
26701,Black,50,.112425,Bemidji
26701,White,-9,-.1315928068506184,Bemidji
26702,Pooled,-9,-.0901211327913279,Grafton
26702,Pooled,25,-.0599671274787535,Grafton
26702,Hispanic,25,.09125456,Grafton
26702,Hispanic,-9,.07559128,Grafton
26702,Hispanic,75,.059928,Grafton
26702,Hispanic,50,.07559128,Grafton
26702,AIAN,-9,.154665,Grafton
26702,White,-9,-.1146924390243902,Grafton
26702,AIAN,50,.154665,Grafton
26702,Pooled,75,-.1177688311688311,Grafton
26702,AIAN,75,.15515,Grafton
26702,White,75,-.1433767441860465,Grafton
26702,AIAN,25,.15418,Grafton
26702,White,50,-.1132214490161002,Grafton
26702,White,25,-.0830661538461538,Grafton
26702,Pooled,50,-.0888679793237923,Grafton
26703,AIAN,25,.1161,Thief River Falls
26703,Hispanic,50,-.088105,Thief River Falls
26703,Asian,50,-.1973,Thief River Falls
26703,AIAN,75,.1839,Thief River Falls
26703,Pooled,75,-.1323731707317073,Thief River Falls
26703,AIAN,50,.15,Thief River Falls
26703,Hispanic,25,.04659,Thief River Falls
26703,Hispanic,75,-.2228,Thief River Falls
26703,Pooled,25,-.1139548691099476,Thief River Falls
26703,Hispanic,-9,-.088105,Thief River Falls
26703,White,75,-.1332661375661376,Thief River Falls
26703,Asian,75,-.2256,Thief River Falls
26703,Asian,25,-.169,Thief River Falls
26703,Asian,-9,-.1973,Thief River Falls
26703,White,-9,-.1294335164835165,Thief River Falls
26703,White,50,-.1292802116402116,Thief River Falls
26703,AIAN,-9,.15,Thief River Falls
26703,Pooled,50,-.1231640199208275,Thief River Falls
26703,White,25,-.1252942857142857,Thief River Falls
26703,Pooled,-9,-.123489595959596,Thief River Falls
26704,Pooled,50,-.0782830472833829,Grand Forks
26704,White,25,-.0580341946308725,Grand Forks
26704,Black,75,.076752962962963,Grand Forks
26704,Black,50,.1080876936026936,Grand Forks
26704,Hispanic,25,.0933219298245614,Grand Forks
26704,AIAN,-9,.1337636363636364,Grand Forks
26704,AIAN,75,.1232909090909091,Grand Forks
26704,Asian,75,-.116785,Grand Forks
26704,Black,-9,.1112211666666667,Grand Forks
26704,White,50,-.0933522488305878,Grand Forks
26704,Pooled,25,-.0355034739099357,Grand Forks
26704,Hispanic,-9,.0478656705882353,Grand Forks
26704,AIAN,25,.139,Grand Forks
26704,Asian,-9,-.11615,Grand Forks
26704,Asian,25,-.115515,Grand Forks
26704,Pooled,75,-.1210626206568301,Grand Forks
26704,White,75,-.128670303030303,Grand Forks
26704,Black,25,.1394224242424242,Grand Forks
26704,Hispanic,50,.0243258220551378,Grand Forks
26704,Asian,50,-.11615,Grand Forks
26704,White,-9,-.1021260907944515,Grand Forks
26704,Pooled,-9,-.0868634074285714,Grand Forks
26704,Hispanic,75,-.0446702857142857,Grand Forks
26704,AIAN,50,.1311454545454545,Grand Forks
26801,Asian,75,-.1305,Fargo
26801,Black,25,.1000246153846154,Fargo
26801,White,25,-.0979772166105499,Fargo
26801,Black,-9,.0508252173913043,Fargo
26801,Black,75,-.013134,Fargo
26801,Pooled,75,-.1409799200220628,Fargo
26801,Asian,50,-.1420761904761905,Fargo
26801,AIAN,75,.0161789655172414,Fargo
26801,Pooled,25,-.0825621094527363,Fargo
26801,AIAN,50,.0416116778805719,Fargo
26801,Hispanic,50,-.0251042857142857,Fargo
26801,Hispanic,25,.0465914285714286,Fargo
26801,White,50,-.1209239748573941,Fargo
26801,AIAN,-9,.0459715714285714,Fargo
26801,Pooled,-9,-.1201460308729595,Fargo
26801,White,-9,-.1283640500568828,Fargo
26801,Hispanic,75,-.0968,Fargo
26801,Asian,25,-.153652380952381,Fargo
26801,White,75,-.1438707331042382,Fargo
26801,Asian,-9,-.14155,Fargo
26801,AIAN,25,.0670443902439024,Fargo
26801,Pooled,50,-.1117710147373996,Fargo
26801,Black,50,.0434453076923077,Fargo
26801,Hispanic,-9,.002580198019802,Fargo
26802,Hispanic,75,-.6684,Lisbon
26802,Pooled,-9,-.1461828571428571,Lisbon
26802,Hispanic,50,-.362275,Lisbon
26802,White,50,-.1336981182795699,Lisbon
26802,Hispanic,25,-.05615,Lisbon
26802,Pooled,25,-.1119346153846154,Lisbon
26802,White,-9,-.1358311377245509,Lisbon
26802,White,25,-.11495,Lisbon
26802,Pooled,75,-.1737226804123711,Lisbon
26802,White,75,-.1524462365591398,Lisbon
26802,Pooled,50,-.1428286478984933,Lisbon
26802,Hispanic,-9,-.362275,Lisbon
26803,AIAN,75,.1525,Jamestown
26803,Asian,75,-.1325,Jamestown
26803,AIAN,25,.0548,Jamestown
26803,Asian,25,-.1418,Jamestown
26803,Hispanic,50,-.083801,Jamestown
26803,Asian,50,-.13715,Jamestown
26803,Pooled,25,-.1024441493775933,Jamestown
26803,AIAN,50,.10365,Jamestown
26803,Hispanic,25,-.115105,Jamestown
26803,Pooled,75,-.14999575,Jamestown
26803,Hispanic,-9,-.083801,Jamestown
26803,Pooled,-9,-.1283323553875236,Jamestown
26803,White,75,-.1575691176470588,Jamestown
26803,White,25,-.1040897777777778,Jamestown
26803,White,50,-.1308294477124183,Jamestown
26803,Hispanic,75,-.052497,Jamestown
26803,Pooled,50,-.1262199496887967,Jamestown
26803,Asian,-9,-.13715,Jamestown
26803,AIAN,-9,.10365,Jamestown
26803,White,-9,-.1333581488933601,Jamestown
26804,Pooled,-9,-.1531,Cooperstown
26804,Pooled,75,-.1531,Cooperstown
26804,Pooled,25,-.1531,Cooperstown
26804,White,25,-.1531,Cooperstown
26804,Pooled,50,-.1531,Cooperstown
26804,White,50,-.1531,Cooperstown
26804,White,75,-.1531,Cooperstown
26804,White,-9,-.1531,Cooperstown
26901,White,75,-.1593464968152866,Fergus Falls
26901,Asian,75,-.10551,Fergus Falls
26901,Asian,50,-.11834,Fergus Falls
26901,AIAN,75,.0571125,Fergus Falls
26901,AIAN,25,.03041,Fergus Falls
26901,Black,25,.01068,Fergus Falls
26901,Asian,-9,-.11834,Fergus Falls
26901,Asian,25,-.13117,Fergus Falls
26901,Hispanic,50,-.068259010989011,Fergus Falls
26901,Pooled,50,-.1410519095734774,Fergus Falls
26901,Pooled,25,-.1300185164835165,Fergus Falls
26901,Hispanic,-9,-.0694577777777778,Fergus Falls
26901,Black,-9,.0516125,Fergus Falls
26901,White,-9,-.1475774303195105,Fergus Falls
26901,Pooled,-9,-.1417477091377091,Fergus Falls
26901,AIAN,-9,.04376125,Fergus Falls
26901,AIAN,50,.04376125,Fergus Falls
26901,White,50,-.1467282046758649,Fergus Falls
26901,White,25,-.1341099125364432,Fergus Falls
26901,Black,75,.092545,Fergus Falls
26901,Hispanic,75,-.0358923076923077,Fergus Falls
26901,Pooled,75,-.1520853026634382,Fergus Falls
26901,Black,50,.0516125,Fergus Falls
26901,Hispanic,25,-.1006257142857143,Fergus Falls
26902,Black,-9,-.0886975,Little Falls
26902,Hispanic,-9,-.1103216666666667,Little Falls
26902,Hispanic,75,-.12642,Little Falls
26902,Hispanic,50,-.1103216666666667,Little Falls
26902,Asian,75,-.1622,Little Falls
26902,White,-9,-.150175923970433,Little Falls
26902,Pooled,25,-.1237830215827338,Little Falls
26902,Black,25,-.022645,Little Falls
26902,Black,75,-.15475,Little Falls
26902,AIAN,-9,-.0054,Little Falls
26902,AIAN,25,.1769,Little Falls
26902,White,75,-.1773276595744681,Little Falls
26902,Black,50,-.0886975,Little Falls
26902,Pooled,-9,-.1470191889218596,Little Falls
26902,AIAN,75,-.1877,Little Falls
26902,Asian,25,-.126515,Little Falls
26902,Hispanic,25,-.0942233333333333,Little Falls
26902,White,25,-.1282576335877863,Little Falls
26902,Pooled,75,-.1754132747252748,Little Falls
26902,Pooled,50,-.1495981481540043,Little Falls
26902,White,50,-.1527926465811272,Little Falls
26902,Asian,50,-.1443575,Little Falls
26902,AIAN,50,-.0054,Little Falls
26902,Asian,-9,-.1443575,Little Falls
27001,White,-9,-.1350231382978724,O'Neill
27001,White,75,-.153656,O'Neill
27001,Hispanic,-9,-.044445,O'Neill
27001,Pooled,50,-.1362989006299533,O'Neill
27001,Pooled,75,-.1517699248120301,O'Neill
27001,Pooled,25,-.1208278764478765,O'Neill
27001,Hispanic,25,.03341,O'Neill
27001,White,25,-.1257438247011952,O'Neill
27001,White,50,-.1396999123505976,O'Neill
27001,Pooled,-9,-.1313260714285714,O'Neill
27001,Hispanic,75,-.1223,O'Neill
27001,Hispanic,50,-.044445,O'Neill
27002,Pooled,50,-.1381465336538462,Ord
27002,Pooled,25,-.1415836923076923,Ord
27002,White,75,-.1230284090909091,Ord
27002,Hispanic,25,.05234,Ord
27002,Pooled,-9,-.1386636283185841,Ord
27002,Hispanic,50,-.10543,Ord
27002,Pooled,75,-.134709375,Ord
27002,White,-9,-.1411957142857143,Ord
27002,Hispanic,-9,-.10543,Ord
27002,White,50,-.1386642045454545,Ord
27002,Hispanic,75,-.2632,Ord
27002,White,25,-.1543,Ord
27003,White,25,-.1331,Ainsworth
27003,Pooled,25,-.1331,Ainsworth
27003,White,75,-.1714086956521739,Ainsworth
27003,White,50,-.1522543478260869,Ainsworth
27003,Pooled,-9,-.1473112903225806,Ainsworth
27003,White,-9,-.1473112903225806,Ainsworth
27003,Pooled,75,-.1714086956521739,Ainsworth
27003,Pooled,50,-.1522543478260869,Ainsworth
27004,White,50,-.1476385706182643,Winner
27004,White,-9,-.1408283464566929,Winner
27004,White,75,-.1668585365853659,Winner
27004,Pooled,25,-.1136323404255319,Winner
27004,White,25,-.1284186046511628,Winner
27004,AIAN,75,-.14778,Winner
27004,Pooled,-9,-.1308033566433567,Winner
27004,AIAN,-9,-.05123,Winner
27004,Pooled,75,-.1637436734693878,Winner
27004,AIAN,50,-.05123,Winner
27004,AIAN,25,.04532,Winner
27004,Pooled,50,-.1386880069474598,Winner
27005,Hispanic,25,.012995,Yankton
27005,White,75,-.1611930501930502,Yankton
27005,Asian,75,-.1266,Yankton
27005,AIAN,75,.1279833333333333,Yankton
27005,Black,50,.099275,Yankton
27005,Hispanic,50,-.0490525,Yankton
27005,White,25,-.1333818181818182,Yankton
27005,AIAN,-9,.0942348333333333,Yankton
27005,Pooled,25,-.1158649252669039,Yankton
27005,White,-9,-.147450390625,Yankton
27005,Hispanic,-9,-.0490525,Yankton
27005,Black,25,.166,Yankton
27005,Asian,-9,-.10158,Yankton
27005,Black,-9,.099275,Yankton
27005,AIAN,25,.0604863333333333,Yankton
27005,Pooled,-9,-.1303455,Yankton
27005,White,50,-.1472874341874342,Yankton
27005,Black,75,.03255,Yankton
27005,Hispanic,75,-.1111,Yankton
27005,Pooled,75,-.1445233449477352,Yankton
27005,Asian,25,-.07656,Yankton
27005,AIAN,50,.0942348333333333,Yankton
27005,Asian,50,-.10158,Yankton
27005,Pooled,50,-.1301941351073196,Yankton
27006,Asian,75,.1724,Mitchell
27006,White,75,-.1488387267904509,Mitchell
27006,Black,-9,.10154,Mitchell
27006,Black,75,.1415,Mitchell
27006,Asian,25,.08557,Mitchell
27006,Pooled,75,-.1294537897310513,Mitchell
27006,White,25,-.0979314960629921,Mitchell
27006,White,50,-.1233851114267215,Mitchell
27006,Hispanic,-9,-.13305,Mitchell
27006,Hispanic,25,-.1243,Mitchell
27006,Black,50,.10154,Mitchell
27006,Pooled,25,-.087481598062954,Mitchell
27006,Pooled,-9,-.1083655717761557,Mitchell
27006,Hispanic,50,-.13305,Mitchell
27006,AIAN,-9,.17425,Mitchell
27006,Asian,-9,.128985,Mitchell
27006,Black,25,.06158,Mitchell
27006,Hispanic,75,-.1418,Mitchell
27006,White,-9,-.1232507915567282,Mitchell
27006,Pooled,50,-.1084676938970027,Mitchell
27006,AIAN,25,.1249,Mitchell
27006,AIAN,75,.2236,Mitchell
27006,AIAN,50,.17425,Mitchell
27006,Asian,50,.128985,Mitchell
27007,White,75,-.1426344262295082,Huron
27007,Pooled,50,-.1150735550269046,Huron
27007,Asian,75,-.03577,Huron
27007,White,-9,-.1187689716312057,Huron
27007,Asian,-9,-.06123,Huron
27007,Asian,50,-.06123,Huron
27007,Hispanic,25,-.05439,Huron
27007,White,50,-.1166496455471865,Huron
27007,Pooled,75,-.1406531464174455,Huron
27007,Pooled,25,-.0894939636363636,Huron
27007,Hispanic,-9,-.112195,Huron
27007,Hispanic,75,-.17,Huron
27007,White,25,-.0906648648648649,Huron
27007,Pooled,-9,-.1170478187919463,Huron
27007,Hispanic,50,-.112195,Huron
27007,Asian,25,-.08669,Huron
27008,White,25,-.1507625,Parkston
27008,Hispanic,25,-.004446,Parkston
27008,AIAN,25,.1542,Parkston
27008,Hispanic,75,-.1329,Parkston
27008,Pooled,25,-.1218933065326633,Parkston
27008,AIAN,75,.06809,Parkston
27008,White,75,-.2049673076923077,Parkston
27008,Pooled,75,-.175860243902439,Parkston
27008,Pooled,50,-.1488767752175512,Parkston
27008,Hispanic,50,-.068673,Parkston
27008,White,50,-.1778649038461538,Parkston
27008,AIAN,-9,.1177688461538461,Parkston
27008,White,-9,-.1708957142857143,Parkston
27008,Hispanic,-9,-.068673,Parkston
27008,Pooled,-9,-.1425080062111801,Parkston
27008,AIAN,50,.111145,Parkston
27009,AIAN,-9,.0833466666666667,Chamberlain
27009,AIAN,75,.0616,Chamberlain
27009,White,50,-.169304948045522,Chamberlain
27009,Pooled,25,-.0921369491525424,Chamberlain
27009,AIAN,50,.0833466666666667,Chamberlain
27009,Pooled,50,-.1160121109399076,Chamberlain
27009,AIAN,25,.1050933333333333,Chamberlain
27009,Pooled,-9,-.1151743859649123,Chamberlain
27009,White,75,-.1961162790697674,Chamberlain
27009,Pooled,75,-.1398872727272727,Chamberlain
27009,White,25,-.1424936170212766,Chamberlain
27009,White,-9,-.1681133333333334,Chamberlain
27010,White,-9,-.1655583333333333,Miller
27010,Pooled,-9,-.12222,Miller
27010,AIAN,25,.05422,Miller
27010,AIAN,75,.2214,Miller
27010,AIAN,-9,.13781,Miller
27010,Pooled,50,-.1132022222222222,Miller
27010,White,25,-.1696375,Miller
27010,AIAN,50,.13781,Miller
27010,Pooled,75,-.08164,Miller
27010,White,75,-.1574,Miller
27010,Pooled,25,-.1447644444444444,Miller
27010,White,50,-.16351875,Miller
27011,White,-9,-.1324502173913044,Pierre
27011,White,75,-.1616846590909091,Pierre
27011,AIAN,25,.1123208,Pierre
27011,Pooled,50,-.1011163078972868,Pierre
27011,White,25,-.0809976,Pierre
27011,Pooled,-9,-.1129588286604362,Pierre
27011,Pooled,75,-.1614567708333334,Pierre
27011,Hispanic,25,.007914,Pierre
27011,AIAN,-9,.0289951351351351,Pierre
27011,AIAN,75,-.1446,Pierre
27011,AIAN,50,-.0161396,Pierre
27011,Pooled,25,-.0407758449612403,Pierre
27011,Hispanic,-9,-.097043,Pierre
27011,Hispanic,75,-.202,Pierre
27011,White,50,-.1213411295454546,Pierre
27011,Hispanic,50,-.097043,Pierre
27012,AIAN,50,-.060785,Gettysburg
27012,Pooled,75,-.1916533333333333,Gettysburg
27012,AIAN,25,.06803,Gettysburg
27012,White,25,-.1495,Gettysburg
27012,Pooled,50,-.1498595238095238,Gettysburg
27012,Pooled,25,-.1080657142857143,Gettysburg
27012,AIAN,-9,-.060785,Gettysburg
27012,AIAN,75,-.1896,Gettysburg
27012,White,-9,-.1663535714285714,Gettysburg
27012,White,75,-.1924,Gettysburg
27012,White,50,-.17095,Gettysburg
27012,Pooled,-9,-.1428938888888889,Gettysburg
27101,Black,75,.1325,Willmar
27101,White,25,-.1194262711864407,Willmar
27101,Hispanic,50,.0355934375,Willmar
27101,White,50,-.1374890231671848,Willmar
27101,Black,50,.1515,Willmar
27101,AIAN,50,.066455,Willmar
27101,AIAN,75,.0447,Willmar
27101,Hispanic,25,.098941875,Willmar
27101,Asian,25,-.105975,Willmar
27101,Hispanic,75,-.027755,Willmar
27101,Asian,75,-.10123,Willmar
27101,White,75,-.155551775147929,Willmar
27101,Black,25,.1705,Willmar
27101,Pooled,50,-.117943226618705,Willmar
27101,AIAN,25,.08821,Willmar
27101,Pooled,75,-.146863,Willmar
27101,Black,-9,.1515,Willmar
27101,Pooled,-9,-.1216601880877743,Willmar
27101,White,-9,-.1406987804878049,Willmar
27101,Asian,-9,-.1036025,Willmar
27101,Hispanic,-9,.0643881818181818,Willmar
27101,AIAN,-9,.066455,Willmar
27101,Asian,50,-.1036025,Willmar
27101,Pooled,25,-.0890234532374101,Willmar
27102,Asian,50,-.05561475,Marshall
27102,Asian,75,-.04139,Marshall
27102,Pooled,50,-.1368742478005865,Marshall
27102,Black,50,-.016825,Marshall
27102,Hispanic,50,-.049417385620915,Marshall
27102,Pooled,25,-.1235856774193548,Marshall
27102,White,50,-.1439453693106788,Marshall
27102,Black,75,-.07573,Marshall
27102,AIAN,25,-.2623,Marshall
27102,AIAN,-9,-.1992,Marshall
27102,Pooled,-9,-.1385587144686299,Marshall
27102,White,25,-.1325583061889251,Marshall
27102,AIAN,75,-.1361,Marshall
27102,Pooled,75,-.1501628181818181,Marshall
27102,Black,-9,-.016825,Marshall
27102,Asian,-9,-.05561475,Marshall
27102,Hispanic,25,-.0004288888888889,Marshall
27102,Hispanic,-9,-.0480177142857143,Marshall
27102,Hispanic,75,-.0984058823529412,Marshall
27102,AIAN,50,-.1992,Marshall
27102,Black,25,.04208,Marshall
27102,White,-9,-.1455401960784314,Marshall
27102,Asian,25,-.0698395,Marshall
27102,White,75,-.1553324324324324,Marshall
27201,Pooled,25,-.1505296944801027,Sioux Center
27201,Pooled,-9,-.1603024754285714,Sioux Center
27201,Hispanic,-9,-.0162274117647059,Sioux Center
27201,Pooled,75,-.168142842430484,Sioux Center
27201,Hispanic,25,-.0412018823529412,Sioux Center
27201,Hispanic,50,-.0162274117647059,Sioux Center
27201,Asian,50,-.115725,Sioux Center
27201,White,-9,-.164058432304038,Sioux Center
27201,Asian,-9,-.115725,Sioux Center
27201,White,75,-.1719882729211087,Sioux Center
27201,White,50,-.1630379702407153,Sioux Center
27201,Pooled,50,-.1593362684552934,Sioux Center
27201,Asian,75,-.13065,Sioux Center
27201,Hispanic,75,.0087470588235294,Sioux Center
27201,White,25,-.1540876675603217,Sioux Center
27201,Asian,25,-.1008,Sioux Center
27202,Asian,-9,-.0823429032258065,Worthington
27202,Black,50,-.05603,Worthington
27202,Asian,75,-.09005,Worthington
27202,Pooled,75,-.1614084169453735,Worthington
27202,Hispanic,75,-.0747670212765957,Worthington
27202,White,50,-.1449174497421189,Worthington
27202,Pooled,-9,-.1317903768278965,Worthington
27202,White,75,-.1704253694581281,Worthington
27202,Black,75,-.0228,Worthington
27202,Pooled,25,-.101634438138479,Worthington
27202,Asian,25,-.0751175,Worthington
27202,Pooled,50,-.1315214275419263,Worthington
27202,Hispanic,25,.0672746666666667,Worthington
27202,White,-9,-.1456610266159696,Worthington
27202,White,25,-.1194095300261097,Worthington
27202,Black,25,-.08926,Worthington
27202,Hispanic,50,-.0037461773049645,Worthington
27202,Black,-9,-.05603,Worthington
27202,Hispanic,-9,.0125536885245902,Worthington
27202,Asian,50,-.08258375,Worthington
27301,Pooled,75,-.1254888935281837,Spencer
27301,Hispanic,25,-.0022975,Spencer
27301,White,50,-.1126172697643564,Spencer
27301,Hispanic,75,.0086325,Spencer
27301,Pooled,50,-.1067914344184129,Spencer
27301,White,-9,-.1143849282296651,Spencer
27301,Pooled,25,-.088093975308642,Spencer
27301,Pooled,-9,-.1083566063348416,Spencer
27301,Hispanic,-9,.0031675,Spencer
27301,Asian,-9,-.016425,Spencer
27301,White,25,-.0926475065616798,Spencer
27301,White,75,-.132587032967033,Spencer
27301,Hispanic,50,.0031675,Spencer
27301,Asian,75,.009975,Spencer
27301,Asian,50,-.016425,Spencer
27301,Asian,25,-.042825,Spencer
27302,Hispanic,-9,.05163572,Fairmont
27302,Asian,25,-.1678,Fairmont
27302,Asian,50,-.1568,Fairmont
27302,Pooled,50,-.1119668612378613,Fairmont
27302,Pooled,75,-.1476224324324324,Fairmont
27302,Hispanic,75,.0408628,Fairmont
27302,Pooled,25,-.0763112900432901,Fairmont
27302,White,-9,-.1189845389048992,Fairmont
27302,White,25,-.0793851840490798,Fairmont
27302,White,50,-.1167247931114964,Fairmont
27302,Hispanic,25,.06240864,Fairmont
27302,Pooled,-9,-.1140043224489796,Fairmont
27302,White,75,-.1540644021739131,Fairmont
27302,Asian,-9,-.1568,Fairmont
27302,Hispanic,50,.05163572,Fairmont
27302,Asian,75,-.1458,Fairmont
27401,Hispanic,25,.0095670967741935,Storm Lake
27401,White,25,-.0881539274924471,Storm Lake
27401,Asian,75,-.07966,Storm Lake
27401,Hispanic,-9,.0408886956521739,Storm Lake
27401,Black,75,.2873,Storm Lake
27401,White,50,-.1082500707958319,Storm Lake
27401,Pooled,50,-.0972116819770804,Storm Lake
27401,Asian,-9,-.0888569230769231,Storm Lake
27401,Pooled,75,-.1149535784313725,Storm Lake
27401,Black,25,-.02067,Storm Lake
27401,Black,-9,.133315,Storm Lake
27401,Hispanic,75,.10562,Storm Lake
27401,White,75,-.1283462140992167,Storm Lake
27401,White,-9,-.1097136554621849,Storm Lake
27401,Pooled,-9,-.0980067733674776,Storm Lake
27401,Black,50,.133315,Storm Lake
27401,Asian,25,-.09674,Storm Lake
27401,Hispanic,50,.0575935483870968,Storm Lake
27401,Asian,50,-.0882,Storm Lake
27401,Pooled,25,-.0794697855227882,Storm Lake
27402,Hispanic,25,.0049002769230769,Fort Dodge
27402,Asian,75,-.0504233333333333,Fort Dodge
27402,White,75,-.120643654822335,Fort Dodge
27402,Black,-9,.05325,Fort Dodge
27402,Hispanic,75,-.0736115384615385,Fort Dodge
27402,Asian,-9,-.05042,Fort Dodge
27402,Pooled,50,-.0722795080702302,Fort Dodge
27402,Asian,25,-.0504166666666667,Fort Dodge
27402,Asian,50,-.05042,Fort Dodge
27402,White,-9,-.0819824641833811,Fort Dodge
27402,White,25,-.0318755263157895,Fort Dodge
27402,AIAN,75,.1373,Fort Dodge
27402,AIAN,-9,.15705,Fort Dodge
27402,AIAN,50,.15705,Fort Dodge
27402,Pooled,-9,-.0775331608316566,Fort Dodge
27402,Hispanic,-9,-.0343556307692308,Fort Dodge
27402,Pooled,25,-.0287617510297483,Fort Dodge
27402,Pooled,75,-.1157972651107122,Fort Dodge
27402,Black,25,.05407,Fort Dodge
27402,Black,50,.05325,Fort Dodge
27402,White,50,-.0762595905690623,Fort Dodge
27402,AIAN,25,.1768,Fort Dodge
27402,Hispanic,50,-.0343556307692308,Fort Dodge
27402,Black,75,.05243,Fort Dodge
27501,Black,25,.1796493765586035,Des Moines
27501,Black,-9,.1647469283154122,Des Moines
27501,Hispanic,50,.0310040687825763,Des Moines
27501,White,50,-.0437430257925354,Des Moines
27501,Asian,75,-.1032516379310345,Des Moines
27501,Hispanic,75,.0027201470588235,Des Moines
27501,AIAN,75,.0543466666666667,Des Moines
27501,White,75,-.0913709995920033,Des Moines
27501,Pooled,75,-.0861728283274158,Des Moines
27501,Pooled,50,-.0346667602203764,Des Moines
27501,White,25,.0038849480069324,Des Moines
27501,Asian,50,-.1041799494002998,Des Moines
27501,Black,50,.153166681909875,Des Moines
27501,AIAN,50,.10924,Des Moines
27501,Black,75,.1266839872611465,Des Moines
27501,Pooled,-9,-.0504135095226162,Des Moines
27501,White,-9,-.0608785270457698,Des Moines
27501,Asian,-9,-.1040728365384615,Des Moines
27501,AIAN,25,.1641333333333334,Des Moines
27501,Pooled,25,.0168393078866631,Des Moines
27501,Hispanic,25,.0592879905063291,Des Moines
27501,Asian,25,-.1051082608695652,Des Moines
27501,Hispanic,-9,.0370959903846154,Des Moines
27501,AIAN,-9,.10924,Des Moines
27502,White,-9,-.0601938626609442,Creston
27502,White,50,-.066362518683624,Creston
27502,White,75,-.1142724137931034,Creston
27502,White,25,-.0184526235741445,Creston
27502,Hispanic,50,.0073635,Creston
27502,Pooled,75,-.1111338418604651,Creston
27502,Hispanic,25,.0727666666666667,Creston
27502,Pooled,-9,-.0568849306122449,Creston
27502,Hispanic,75,-.0580396666666667,Creston
27502,Pooled,25,-.0144721454545455,Creston
27502,Pooled,50,-.0628029936575053,Creston
27502,Hispanic,-9,.0073635,Creston
27503,Hispanic,-9,.1295924999999999,Atlantic
27503,White,-9,-.0952487737843552,Atlantic
27503,Hispanic,75,.251095,Atlantic
27503,Pooled,75,-.1115397446808511,Atlantic
27503,Pooled,-9,-.0878920040899795,Atlantic
27503,White,25,-.0684230487804878,Atlantic
27503,White,50,-.096371436284517,Atlantic
27503,Hispanic,50,.1295925,Atlantic
27503,Pooled,25,-.066013188976378,Atlantic
27503,White,75,-.1243198237885463,Atlantic
27503,Pooled,50,-.0887764668286145,Atlantic
27503,Hispanic,25,.00809,Atlantic
27504,Asian,50,-.11421325,Carroll
27504,White,50,-.1062690455094644,Carroll
27504,Asian,25,-.1050975,Carroll
27504,Hispanic,-9,.0841711111111111,Carroll
27504,Hispanic,75,.084836,Carroll
27504,Hispanic,25,.0835979310344828,Carroll
27504,White,25,-.0798061538461538,Carroll
27504,Pooled,75,-.1257882782608696,Carroll
27504,Asian,-9,-.11421325,Carroll
27504,Pooled,-9,-.101593856,Carroll
27504,White,75,-.1327319371727749,Carroll
27504,White,-9,-.1084025459688826,Carroll
27504,Hispanic,50,.0842169655172414,Carroll
27504,Pooled,25,-.0735701007194245,Carroll
27504,Pooled,50,-.099679189490147,Carroll
27504,Asian,75,-.123329,Carroll
27601,White,50,-.0980694957422135,Rapid City
27601,Pooled,25,-.0405099206842924,Rapid City
27601,Pooled,50,-.0840099786432512,Rapid City
27601,AIAN,25,.0964605688073395,Rapid City
27601,Hispanic,-9,-.0088564545454545,Rapid City
27601,Black,50,.1140884889434889,Rapid City
27601,Asian,25,-.0974111111111111,Rapid City
27601,AIAN,75,-.0425716571428571,Rapid City
27601,Black,25,.1758324324324324,Rapid City
27601,Pooled,75,-.12751003660221,Rapid City
27601,Black,75,.0523445454545454,Rapid City
27601,AIAN,50,.0269444558322412,Rapid City
27601,Black,-9,.1176167142857143,Rapid City
27601,White,-9,-.1017914627111661,Rapid City
27601,Hispanic,75,-.0598144554455446,Rapid City
27601,Asian,-9,-.1027211111111111,Rapid City
27601,Pooled,-9,-.0865875241404536,Rapid City
27601,AIAN,-9,.0626680138888889,Rapid City
27601,Hispanic,25,.0343936134453781,Rapid City
27601,Asian,75,-.1080311111111111,Rapid City
27601,White,25,-.0614977798165138,Rapid City
27601,White,75,-.1346412116679133,Rapid City
27601,Hispanic,50,-.0127104210000832,Rapid City
27601,Asian,50,-.1027211111111111,Rapid City
27602,AIAN,75,-.0647608,Eagle Butte
27602,Hispanic,75,.3846,Eagle Butte
27602,AIAN,-9,.0634021428571428,Eagle Butte
27602,Hispanic,50,.169225,Eagle Butte
27602,AIAN,25,.1177084745762712,Eagle Butte
27602,Hispanic,-9,.169225,Eagle Butte
27602,Pooled,50,.0275380857142857,Eagle Butte
27602,Pooled,75,-.0037524,Eagle Butte
27602,White,50,-.0964529411764706,Eagle Butte
27602,White,75,-.0967882352941176,Eagle Butte
27602,White,-9,-.0964529411764706,Eagle Butte
27602,White,25,-.0961176470588235,Eagle Butte
27602,Pooled,25,.0588285714285714,Eagle Butte
27602,Hispanic,25,-.04615,Eagle Butte
27602,Pooled,-9,.0354774626865672,Eagle Butte
27602,AIAN,50,.0264738372881356,Eagle Butte
27603,AIAN,-9,.088895,Southwest Jackson UT
27603,AIAN,25,.07379,Southwest Jackson UT
27603,White,50,-.1878272727272727,Southwest Jackson UT
27603,White,75,-.1924545454545455,Southwest Jackson UT
27603,Pooled,75,-.1134,Southwest Jackson UT
27603,Pooled,-9,-.1140346666666667,Southwest Jackson UT
27603,AIAN,75,.104,Southwest Jackson UT
27603,White,25,-.1832,Southwest Jackson UT
27603,White,-9,-.1878272727272727,Southwest Jackson UT
27603,Pooled,50,-.1140346666666667,Southwest Jackson UT
27603,Pooled,25,-.1146693333333333,Southwest Jackson UT
27603,AIAN,50,.088895,Southwest Jackson UT
27604,White,-9,-.13135,Murdo
27604,White,50,-.13135,Murdo
27604,White,25,-.1499,Murdo
27604,Pooled,25,-.1499,Murdo
27604,Pooled,50,-.13135,Murdo
27604,Pooled,-9,-.13135,Murdo
27604,Pooled,75,-.1128,Murdo
27604,White,75,-.1128,Murdo
27605,AIAN,50,.0176809523809524,Mission
27605,White,25,-.091635,Mission
27605,AIAN,75,-.0617266666666667,Mission
27605,Hispanic,50,.01249,Mission
27605,White,50,-.1162675,Mission
27605,AIAN,-9,.0658462295081967,Mission
27605,Hispanic,25,.1037,Mission
27605,Pooled,25,.0727714754098361,Mission
27605,White,75,-.1409,Mission
27605,Hispanic,-9,.01249,Mission
27605,AIAN,25,.0970885714285714,Mission
27605,Hispanic,75,-.07872,Mission
27605,Pooled,75,-.09095,Mission
27605,White,-9,-.1162675,Mission
27605,Pooled,50,-.009089262295082,Mission
27605,Pooled,-9,.0265442352941176,Mission
27701,Pooled,-9,-.050222600967118,Scottsbluff
27701,Hispanic,50,.0367987454171913,Scottsbluff
27701,AIAN,75,.08605,Scottsbluff
27701,White,-9,-.0759972235157159,Scottsbluff
27701,Hispanic,25,.1091132984293194,Scottsbluff
27701,Black,75,.1448,Scottsbluff
27701,Asian,25,-.02148,Scottsbluff
27701,Black,-9,.1939,Scottsbluff
27701,Pooled,50,-.0478086551541825,Scottsbluff
27701,Pooled,75,-.0987478382271468,Scottsbluff
27701,Hispanic,75,-.0355158075949367,Scottsbluff
27701,White,25,-.0298573342175066,Scottsbluff
27701,AIAN,-9,.105175,Scottsbluff
27701,Asian,-9,.032325,Scottsbluff
27701,Hispanic,-9,.0667958933333333,Scottsbluff
27701,Black,50,.1939,Scottsbluff
27701,Pooled,25,.0031305279187817,Scottsbluff
27701,Asian,50,.032325,Scottsbluff
27701,AIAN,50,.105175,Scottsbluff
27701,Asian,75,.08613,Scottsbluff
27701,AIAN,25,.1243,Scottsbluff
27701,Black,25,.243,Scottsbluff
27701,White,50,-.0709716131668446,Scottsbluff
27701,White,75,-.1120858921161826,Scottsbluff
27702,Hispanic,25,.0743771555555555,Cheyenne
27702,White,-9,-.0367555886524823,Cheyenne
27702,Pooled,25,.0377106158152554,Cheyenne
27702,Asian,75,-.09445,Cheyenne
27702,AIAN,-9,.07386,Cheyenne
27702,Asian,25,-.06083,Cheyenne
27702,Hispanic,50,.0336973199161426,Cheyenne
27702,Hispanic,-9,.0406891666666667,Cheyenne
27702,Hispanic,75,-.0069825157232704,Cheyenne
27702,Asian,50,-.07764,Cheyenne
27702,Black,50,.14405,Cheyenne
27702,White,25,.0252987477954145,Cheyenne
27702,Black,25,.1509,Cheyenne
27702,White,50,-.0265972275257803,Cheyenne
27702,AIAN,75,.01822,Cheyenne
27702,Asian,-9,-.07764,Cheyenne
27702,Black,-9,.1452954545454545,Cheyenne
27702,AIAN,25,.1295,Cheyenne
27702,Pooled,-9,-.0226286538461538,Cheyenne
27702,White,75,-.0784932028469751,Cheyenne
27702,Pooled,50,-.0151617089433465,Cheyenne
27702,AIAN,50,.07386,Cheyenne
27702,Black,75,.1372,Cheyenne
27702,Pooled,75,-.0680340337019484,Cheyenne
27703,Pooled,25,-.0201133215547703,Torrington
27703,Pooled,-9,-.0490043321299639,Torrington
27703,Hispanic,75,-.0342557142857143,Torrington
27703,Hispanic,50,.0027961083743842,Torrington
27703,White,-9,-.0547313888888889,Torrington
27703,Pooled,75,-.0791746494464945,Torrington
27703,Pooled,50,-.0496439855006324,Torrington
27703,White,50,-.0549535656692913,Torrington
27703,White,25,-.0269592913385827,Torrington
27703,Hispanic,25,.0398479310344828,Torrington
27703,Hispanic,-9,.0087244,Torrington
27703,White,75,-.08294784,Torrington
27704,Hispanic,25,.082355,Gordon
27704,AIAN,75,.0717356,Gordon
27704,Pooled,25,-.0492158083832335,Gordon
27704,White,25,-.0963706451612903,Gordon
27704,Hispanic,-9,.0021725,Gordon
27704,White,75,-.1148051428571428,Gordon
27704,Pooled,75,-.0674876576576576,Gordon
27704,AIAN,-9,.0808967307692308,Gordon
27704,Pooled,-9,-.0565114028776978,Gordon
27704,Pooled,50,-.0583517330204456,Gordon
27704,White,50,-.1055878940092166,Gordon
27704,Hispanic,75,-.07801,Gordon
27704,AIAN,25,.0893792592592593,Gordon
27704,AIAN,50,.0805574296296296,Gordon
27704,White,-9,-.1030222680412371,Gordon
27704,Hispanic,50,.0021725,Gordon
27801,White,-9,-.1116041895261845,Virginia Beach
27801,Black,25,.1792,Virginia Beach
27801,Hispanic,-9,.0089285714285714,Virginia Beach
27801,Asian,75,-.2164,Virginia Beach
27801,Asian,25,-.2206,Virginia Beach
27801,Asian,50,-.2185,Virginia Beach
27801,AIAN,50,.056031,Virginia Beach
27801,Pooled,75,-.128288563617245,Virginia Beach
27801,Pooled,25,-.067799754601227,Virginia Beach
27801,Hispanic,75,-.0361725,Virginia Beach
27801,White,75,-.1352398210290828,Virginia Beach
27801,AIAN,-9,.056031,Virginia Beach
27801,Black,-9,.1863,Virginia Beach
27801,Pooled,-9,-.1003732865232163,Virginia Beach
27801,AIAN,25,.1058,Virginia Beach
27801,White,50,-.1085415443173583,Virginia Beach
27801,Pooled,50,-.098044159109236,Virginia Beach
27801,White,25,-.0818432676056338,Virginia Beach
27801,Hispanic,25,.026969,Virginia Beach
27801,Black,75,.1934,Virginia Beach
27801,Asian,-9,-.2185,Virginia Beach
27801,AIAN,75,.006262,Virginia Beach
27801,Black,50,.1863,Virginia Beach
27801,Hispanic,50,-.00460175,Virginia Beach
27802,Asian,25,-.1462,Columbus
27802,AIAN,75,.1289,Columbus
27802,White,50,-.1256550233606691,Columbus
27802,Asian,-9,-.09948,Columbus
27802,Black,25,-.04826,Columbus
27802,Asian,50,-.09948,Columbus
27802,Hispanic,75,.1425652432432432,Columbus
27802,Black,50,.11267,Columbus
27802,Hispanic,50,.05301926997327,Columbus
27802,AIAN,50,.10583,Columbus
27802,Asian,75,-.05276,Columbus
27802,Black,-9,.11267,Columbus
27802,Hispanic,-9,.0152420625,Columbus
27802,Pooled,75,-.1311102107317073,Columbus
27802,White,25,-.1035291338582677,Columbus
27802,Pooled,25,-.09476251995439,Columbus
27802,AIAN,-9,.10583,Columbus
27802,Hispanic,25,-.0365267032967033,Columbus
27802,White,75,-.1477809128630705,Columbus
27802,White,-9,-.1282444959443801,Columbus
27802,Black,75,.2736,Columbus
27802,Pooled,50,-.1129363653430486,Columbus
27802,AIAN,25,.08276,Columbus
27802,Pooled,-9,-.114350523659306,Columbus
27901,Pooled,50,-.0925583813482309,Hastings
27901,Hispanic,25,.0524673043478261,Hastings
27901,AIAN,75,.0481,Hastings
27901,AIAN,50,.051335,Hastings
27901,White,75,-.1384883161512027,Hastings
27901,White,25,-.0598196734693878,Hastings
27901,Black,25,.1385,Hastings
27901,Hispanic,-9,-.0090855238095238,Hastings
27901,Hispanic,75,-.0835968421052631,Hastings
27901,Asian,-9,-.20405,Hastings
27901,Pooled,75,-.132749664,Hastings
27901,AIAN,25,.05457,Hastings
27901,Asian,50,-.20405,Hastings
27901,Asian,25,-.1951,Hastings
27901,Black,50,.10295,Hastings
27901,Pooled,-9,-.0956021273666093,Hastings
27901,Pooled,25,-.0523670986964618,Hastings
27901,White,-9,-.1025297014925373,Hastings
27901,White,50,-.0991539948102952,Hastings
27901,Asian,75,-.213,Hastings
27901,AIAN,-9,.051335,Hastings
27901,Black,75,.0674,Hastings
27901,Hispanic,50,-.0155647688787185,Hastings
27901,Black,-9,.10295,Hastings
27902,Pooled,25,-.0992366459627329,York
27902,Hispanic,25,.017845,York
27902,White,50,-.1350494997960621,York
27902,White,-9,-.1379124848484848,York
27902,White,25,-.105524966442953,York
27902,Pooled,50,-.129059514691211,York
27902,Hispanic,-9,-.0177525,York
27902,Pooled,75,-.1588823834196891,York
27902,Asian,-9,-.10578,York
27902,Asian,75,-.1124,York
27902,Hispanic,50,-.0177525,York
27902,Asian,25,-.09916,York
27902,Hispanic,75,-.05335,York
27902,White,75,-.1645740331491712,York
27902,Pooled,-9,-.1317553672316384,York
27902,Asian,50,-.10578,York
27903,Black,25,.1369,Grand Island
27903,Asian,75,-.08889,Grand Island
27903,Black,-9,.13275,Grand Island
27903,Pooled,-9,-.0769379832935561,Grand Island
27903,Pooled,25,-.0374353972153972,Grand Island
27903,AIAN,75,-.04545,Grand Island
27903,Hispanic,-9,.0442262711864407,Grand Island
27903,Pooled,75,-.1142408894044857,Grand Island
27903,AIAN,25,.01727,Grand Island
27903,Hispanic,25,.0471995454545455,Grand Island
27903,White,-9,-.0914646528403967,Grand Island
27903,AIAN,-9,-.01409,Grand Island
27903,Pooled,50,-.0758381433099414,Grand Island
27903,Black,50,.13275,Grand Island
27903,Asian,25,-.1197,Grand Island
27903,White,75,-.12410615640599,Grand Island
27903,Asian,-9,-.1031946428571429,Grand Island
27903,Hispanic,75,.0355046666666667,Grand Island
27903,AIAN,50,-.01409,Grand Island
27903,Hispanic,50,.0413521060606061,Grand Island
27903,White,50,-.0884767986754359,Grand Island
27903,Asian,50,-.104295,Grand Island
27903,White,25,-.0528474409448819,Grand Island
27903,Black,75,.1286,Grand Island
28001,Asian,75,-.1485623636363636,Sioux City
28001,Hispanic,25,.0301977471264368,Sioux City
28001,AIAN,75,.1234275,Sioux City
28001,Hispanic,50,-.0135831718913271,Sioux City
28001,AIAN,50,.1218630092592593,Sioux City
28001,Black,75,.05334,Sioux City
28001,Pooled,25,-.0130884442655936,Sioux City
28001,Pooled,50,-.0543231693327968,Sioux City
28001,Pooled,75,-.0955578944,Sioux City
28001,Hispanic,75,-.0573640909090909,Sioux City
28001,Hispanic,-9,.0091676113537118,Sioux City
28001,Black,-9,.1089123076923077,Sioux City
28001,AIAN,-9,.1214627906976744,Sioux City
28001,Asian,-9,-.1560029104477612,Sioux City
28001,White,50,-.0620459841231712,Sioux City
28001,AIAN,25,.1202985185185185,Sioux City
28001,Black,25,.1336111111111111,Sioux City
28001,White,75,-.1000669889502762,Sioux City
28001,Black,50,.0934755555555556,Sioux City
28001,White,25,-.0240249792960663,Sioux City
28001,White,-9,-.0696375849212925,Sioux City
28001,Pooled,-9,-.0590273090909091,Sioux City
28001,Asian,25,-.1611830379746835,Sioux City
28001,Asian,50,-.1548727008055236,Sioux City
28002,White,25,-.0732410606060606,West Point
28002,White,-9,-.1080698007968127,West Point
28002,AIAN,25,.1075,West Point
28002,White,75,-.1467033613445378,West Point
28002,Pooled,25,-.047428962962963,West Point
28002,AIAN,75,.1303,West Point
28002,Pooled,75,-.1106562589928057,West Point
28002,Hispanic,75,.0861733333333333,West Point
28002,Pooled,50,-.0790426109778843,West Point
28002,AIAN,-9,.1145153846153846,West Point
28002,AIAN,50,.1189,West Point
28002,Hispanic,50,.045142,West Point
28002,Pooled,-9,-.0766269501661129,West Point
28002,Hispanic,25,.0041106666666667,West Point
28002,Hispanic,-9,.045142,West Point
28002,White,50,-.1099722109752992,West Point
28101,Black,75,.1002,Lincoln
28101,Pooled,50,-.0744442114099362,Lincoln
28101,White,25,-.0402170048701299,Lincoln
28101,Hispanic,-9,.0198498447204969,Lincoln
28101,Pooled,-9,-.0876246843151877,Lincoln
28101,Asian,-9,-.165043,Lincoln
28101,White,50,-.0840656096669851,Lincoln
28101,Hispanic,25,.0651290395480226,Lincoln
28101,Pooled,25,-.0257079591141397,Lincoln
28101,Hispanic,75,-.035422,Lincoln
28101,White,-9,-.0982157641561298,Lincoln
28101,Asian,50,-.1645059595959596,Lincoln
28101,Pooled,75,-.1231804637057328,Lincoln
28101,Black,50,.1368,Lincoln
28101,Asian,25,-.1698763636363636,Lincoln
28101,AIAN,-9,.1102661538461538,Lincoln
28101,AIAN,75,.03729,Lincoln
28101,White,75,-.1279142144638404,Lincoln
28101,Hispanic,50,.0148535197740113,Lincoln
28101,AIAN,50,.089995,Lincoln
28101,AIAN,25,.1427,Lincoln
28101,Black,-9,.1554734693877551,Lincoln
28101,Asian,75,-.1591355555555556,Lincoln
28101,Black,25,.1734,Lincoln
28102,White,50,-.0769696490004649,Nebraska City
28102,AIAN,50,.036795,Nebraska City
28102,Pooled,75,-.1052521014492754,Nebraska City
28102,AIAN,25,.0295,Nebraska City
28102,Hispanic,50,-.0317725,Nebraska City
28102,Hispanic,-9,-.0317725,Nebraska City
28102,Hispanic,75,-.119605,Nebraska City
28102,White,-9,-.0777990224032587,Nebraska City
28102,Asian,25,-.08355,Nebraska City
28102,Pooled,25,-.038891102661597,Nebraska City
28102,White,75,-.1082944444444445,Nebraska City
28102,Asian,50,-.0445325,Nebraska City
28102,AIAN,75,.04409,Nebraska City
28102,Pooled,-9,-.0728718738404453,Nebraska City
28102,Asian,-9,-.0445325,Nebraska City
28102,Hispanic,25,.05606,Nebraska City
28102,Pooled,50,-.0720716020554362,Nebraska City
28102,White,25,-.0456448535564853,Nebraska City
28102,Asian,75,-.005515,Nebraska City
28102,AIAN,-9,.036795,Nebraska City
28201,White,50,-.0647170084550261,Red Oak
28201,Hispanic,25,.1049875,Red Oak
28201,Hispanic,-9,.08079625,Red Oak
28201,White,25,-.0197097359735974,Red Oak
28201,Pooled,-9,-.0585354049844237,Red Oak
28201,Asian,75,-.2026,Red Oak
28201,Pooled,25,-.0150695046439629,Red Oak
28201,Hispanic,50,.08079625,Red Oak
28201,Asian,50,-.1732,Red Oak
28201,White,-9,-.0644179568106312,Red Oak
28201,Asian,25,-.1438,Red Oak
28201,White,75,-.1097242809364549,Red Oak
28201,Asian,-9,-.1732,Red Oak
28201,Pooled,75,-.1025463322884013,Red Oak
28201,Hispanic,75,.056605,Red Oak
28201,Pooled,50,-.0588079184661821,Red Oak
28202,Asian,-9,-.1119420125786163,Omaha
28202,White,25,-.0000188086560364,Omaha
28202,AIAN,-9,.0612952571428571,Omaha
28202,Hispanic,75,.0034316392857143,Omaha
28202,Black,-9,.1885865484880083,Omaha
28202,Pooled,25,.0351107229529062,Omaha
28202,White,75,-.0942291723948309,Omaha
28202,AIAN,75,.0445476153846154,Omaha
28202,Pooled,75,-.0837009606805293,Omaha
28202,Pooled,-9,-.0394224978259151,Omaha
28202,Pooled,50,-.0242951188638115,Omaha
28202,White,-9,-.0635535931763397,Omaha
28202,Black,50,.1657342819741533,Omaha
28202,Hispanic,-9,.02887036,Omaha
28202,Hispanic,25,.046902870886076,Omaha
28202,Asian,50,-.1137317016949153,Omaha
28202,Hispanic,50,.0251672550858951,Omaha
28202,Asian,25,-.1206722033898305,Omaha
28202,AIAN,50,.0578696031468531,Omaha
28202,Asian,75,-.1067912,Omaha
28202,AIAN,25,.0711915909090909,Omaha
28202,Black,25,.2145434659090909,Omaha
28202,White,50,-.0471239905254337,Omaha
28202,Black,75,.1169250980392157,Omaha
28301,Hispanic,-9,.0600971171875,Sterling
28301,Pooled,25,-.0369266042692939,Sterling
28301,Pooled,-9,-.0716667323321555,Sterling
28301,Hispanic,75,.0103715777777778,Sterling
28301,White,25,-.0572158687258687,Sterling
28301,White,75,-.126231914893617,Sterling
28301,White,-9,-.0900473886639676,Sterling
28301,Pooled,75,-.1121193862332696,Sterling
28301,White,50,-.0917238918097429,Sterling
28301,Hispanic,25,.0870567469879518,Sterling
28301,Asian,50,.009228,Sterling
28301,Hispanic,50,.0487141623828648,Sterling
28301,Asian,-9,.009228,Sterling
28301,Asian,75,.02798,Sterling
28301,Asian,25,-.009524,Sterling
28301,Pooled,50,-.0745229952512818,Sterling
28302,Hispanic,-9,-.0013855,Ogallala
28302,Pooled,-9,-.0824636431924883,Ogallala
28302,Pooled,50,-.0831340342272407,Ogallala
28302,White,25,-.064892688172043,Ogallala
28302,Pooled,25,-.054575376146789,Ogallala
28302,White,-9,-.0967979005524862,Ogallala
28302,White,50,-.0977042986314761,Ogallala
28302,Hispanic,25,.005394,Ogallala
28302,Pooled,75,-.1116926923076923,Ogallala
28302,Hispanic,75,-.008165,Ogallala
28302,Hispanic,50,-.0013855,Ogallala
28302,White,75,-.1305159090909091,Ogallala
28303,Pooled,-9,-.1370545454545455,Oshkosh
28303,Pooled,50,-.1398,Oshkosh
28303,Pooled,25,-.1096,Oshkosh
28303,White,25,-.1096,Oshkosh
28303,White,50,-.1398,Oshkosh
28303,Pooled,75,-.17,Oshkosh
28303,White,-9,-.1370545454545455,Oshkosh
28303,White,75,-.17,Oshkosh
28304,Hispanic,-9,.11674,Valentine
28304,White,75,-.1683321951219512,Valentine
28304,AIAN,50,.144,Valentine
28304,AIAN,-9,.144,Valentine
28304,AIAN,25,.1243,Valentine
28304,Hispanic,50,.11674,Valentine
28304,White,25,-.13756,Valentine
28304,Hispanic,75,.04978,Valentine
28304,Pooled,75,-.1234224489795918,Valentine
28304,AIAN,75,.1637,Valentine
28304,Pooled,25,-.1042388571428572,Valentine
28304,Pooled,50,-.1138306530612245,Valentine
28304,Hispanic,25,.1837,Valentine
28304,Pooled,-9,-.1121379831932773,Valentine
28304,White,-9,-.1498091262135922,Valentine
28304,White,50,-.1529460975609756,Valentine
28305,Pooled,50,-.1200265450861195,Broken Bow
28305,Hispanic,-9,.00836,Broken Bow
28305,Hispanic,75,-.04919,Broken Bow
28305,White,-9,-.1280739597315436,Broken Bow
28305,Hispanic,25,.06591,Broken Bow
28305,White,75,-.1189054237288135,Broken Bow
28305,Pooled,25,-.1255740425531915,Broken Bow
28305,Pooled,75,-.1144790476190476,Broken Bow
28305,White,25,-.1340844444444445,Broken Bow
28305,Pooled,-9,-.1211219108280255,Broken Bow
28305,Hispanic,50,.00836,Broken Bow
28305,White,50,-.126494934086629,Broken Bow
28306,AIAN,50,.066,North Platte
28306,Hispanic,50,.023865,North Platte
28306,Hispanic,-9,.0272663888888889,North Platte
28306,Hispanic,75,.01162,North Platte
28306,Black,75,.1141,North Platte
28306,Pooled,25,-.03311375,North Platte
28306,White,75,-.1011155844155844,North Platte
28306,Pooled,-9,-.067700430292599,North Platte
28306,Asian,75,-.1039,North Platte
28306,Asian,-9,-.1109,North Platte
28306,Black,50,.13435,North Platte
28306,Pooled,75,-.0934586786786787,North Platte
28306,Asian,25,-.1179,North Platte
28306,Black,-9,.13435,North Platte
28306,Hispanic,25,.03611,North Platte
28306,AIAN,25,.1745,North Platte
28306,AIAN,-9,.066,North Platte
28306,Asian,50,-.1109,North Platte
28306,White,-9,-.0787545873320537,North Platte
28306,Pooled,50,-.0632862143393394,North Platte
28306,Black,25,.1546,North Platte
28306,White,50,-.0737679800012194,North Platte
28306,White,25,-.0464203755868545,North Platte
28306,AIAN,75,-.0425,North Platte
28401,Hispanic,-9,.0191977044609665,Colorado Springs
28401,Pooled,75,-.0881878998849252,Colorado Springs
28401,White,75,-.1056199794497089,Colorado Springs
28401,Black,25,.17837425,Colorado Springs
28401,Asian,25,-.1243938271604938,Colorado Springs
28401,Pooled,50,-.0351777161545058,Colorado Springs
28401,Hispanic,75,-.0237209922822492,Colorado Springs
28401,AIAN,25,.0711571794871795,Colorado Springs
28401,Hispanic,25,.050464578313253,Colorado Springs
28401,AIAN,50,.0249598397435897,Colorado Springs
28401,Asian,50,-.1173857815047752,Colorado Springs
28401,Asian,-9,-.1164488770053476,Colorado Springs
28401,AIAN,-9,.0295145070422535,Colorado Springs
28401,Asian,75,-.1103777358490566,Colorado Springs
28401,Black,75,.1065353909465021,Colorado Springs
28401,AIAN,75,-.0212375,Colorado Springs
28401,White,-9,-.0702884558303887,Colorado Springs
28401,White,50,-.0592518604352978,Colorado Springs
28401,Black,50,.142454820473251,Colorado Springs
28401,Hispanic,50,.0133717930155019,Colorado Springs
28401,Pooled,-9,-.0429137078021978,Colorado Springs
28401,Black,-9,.1531110911722142,Colorado Springs
28401,White,25,-.0128837414208867,Colorado Springs
28401,Pooled,25,.0178324675759135,Colorado Springs
28402,White,50,-.10525,Limon
28402,White,75,-.1387,Limon
28402,Pooled,50,-.0665346405228758,Limon
28402,Hispanic,25,.09015,Limon
28402,White,-9,-.0930863636363636,Limon
28402,Pooled,75,-.0803222222222222,Limon
28402,White,25,-.0718,Limon
28402,Hispanic,-9,.107075,Limon
28402,Hispanic,75,.124,Limon
28402,Pooled,25,-.0527470588235294,Limon
28402,Hispanic,50,.107075,Limon
28402,Pooled,-9,-.0622923076923077,Limon
28501,Hispanic,25,-.02786,Springfield
28501,White,25,-.0714,Springfield
28501,Hispanic,75,-.1482,Springfield
28501,White,50,-.075065,Springfield
28501,Pooled,-9,-.07569875,Springfield
28501,Pooled,25,-.0662776470588235,Springfield
28501,Hispanic,50,-.08803,Springfield
28501,Hispanic,-9,-.08803,Springfield
28501,Pooled,50,-.0824281092436975,Springfield
28501,White,75,-.07873,Springfield
28501,White,-9,-.0732325,Springfield
28501,Pooled,75,-.0985785714285714,Springfield
28502,Asian,50,-.0594582352941176,Pueblo
28502,AIAN,-9,.0680738235294118,Pueblo
28502,Hispanic,25,.0785046599131693,Pueblo
28502,Pooled,25,.0437031867816092,Pueblo
28502,Black,75,.05942,Pueblo
28502,AIAN,25,.1802941176470588,Pueblo
28502,Hispanic,75,.0032520424836601,Pueblo
28502,White,50,-.043072707545679,Pueblo
28502,Pooled,75,-.0608166666666667,Pueblo
28502,White,75,-.0906211126961484,Pueblo
28502,Hispanic,-9,.0554080692076229,Pueblo
28502,Asian,75,-.0391341176470588,Pueblo
28502,Pooled,-9,-.0007953646864687,Pueblo
28502,Black,25,.1715,Pueblo
28502,Black,50,.11546,Pueblo
28502,Pooled,50,-.0085567399425287,Pueblo
28502,AIAN,75,-.0441464705882353,Pueblo
28502,AIAN,50,.0680738235294118,Pueblo
28502,Asian,-9,-.0594582352941176,Pueblo
28502,Asian,25,-.0797823529411765,Pueblo
28502,Hispanic,50,.0408783511984147,Pueblo
28502,White,25,.0044756976047904,Pueblo
28502,White,-9,-.0442188707085464,Pueblo
28502,Black,-9,.13414,Pueblo
28503,Hispanic,-9,.0534905263157895,Trinidad
28503,Pooled,75,-.0431920253164557,Trinidad
28503,White,50,-.0410794221967963,Trinidad
28503,Hispanic,25,.0775607407407407,Trinidad
28503,White,-9,-.0339268032786885,Trinidad
28503,Pooled,25,.0342103184713376,Trinidad
28503,Hispanic,50,.0359849158249158,Trinidad
28503,Pooled,50,-.0044908534225591,Trinidad
28503,White,75,-.0701667391304348,Trinidad
28503,Pooled,-9,.0083002118644068,Trinidad
28503,Hispanic,75,-.0055909090909091,Trinidad
28503,White,25,-.0119921052631579,Trinidad
28504,Hispanic,50,.0204266666666667,Burlington
28504,White,25,-.0721677551020408,Burlington
28504,Hispanic,25,.0781233333333333,Burlington
28504,Pooled,50,-.0755756475409836,Burlington
28504,Hispanic,-9,.0204266666666667,Burlington
28504,Pooled,-9,-.0753031404958678,Burlington
28504,Pooled,75,-.108549,Burlington
28504,Hispanic,75,-.03727,Burlington
28504,Pooled,25,-.0426022950819672,Burlington
28504,White,75,-.12636875,Burlington
28504,White,-9,-.0989888659793815,Burlington
28504,White,50,-.0992682525510204,Burlington
28601,Pooled,75,-.141159,Oberlin
28601,Hispanic,-9,.0674675,Oberlin
28601,White,25,-.1248381818181818,Oberlin
28601,Pooled,50,-.1239803474576271,Oberlin
28601,Hispanic,75,-.006265,Oberlin
28601,White,50,-.140492702020202,Oberlin
28601,White,75,-.1561472222222222,Oberlin
28601,Hispanic,25,.1412,Oberlin
28601,White,-9,-.1372241758241758,Oberlin
28601,Hispanic,50,.0674675,Oberlin
28601,Pooled,25,-.1068016949152543,Oberlin
28601,Pooled,-9,-.1206834343434343,Oberlin
28602,Hispanic,-9,.016125,Norton
28602,Pooled,75,-.1192136842105263,Norton
28602,Pooled,25,-.0617497777777778,Norton
28602,Hispanic,25,-.05242,Norton
28602,White,50,-.10293,Norton
28602,White,-9,-.0991714666666667,Norton
28602,White,25,-.06266,Norton
28602,Hispanic,75,.08467,Norton
28602,White,75,-.1432,Norton
28602,Pooled,50,-.090481730994152,Norton
28602,Pooled,-9,-.0880585542168675,Norton
28602,Hispanic,50,.016125,Norton
28603,Pooled,25,-.0601120253164557,Phillipsburg
28603,White,25,-.0705446666666667,Phillipsburg
28603,Hispanic,50,.043875,Phillipsburg
28603,Hispanic,-9,.043875,Phillipsburg
28603,White,75,-.1177183050847458,Phillipsburg
28603,Pooled,75,-.113275873015873,Phillipsburg
28603,White,50,-.0941314858757062,Phillipsburg
28603,Pooled,-9,-.0836988028169014,Phillipsburg
28603,Hispanic,75,-.04775,Phillipsburg
28603,Pooled,50,-.0866939491661644,Phillipsburg
28603,Hispanic,25,.1355,Phillipsburg
28603,White,-9,-.0913151492537314,Phillipsburg
28604,White,75,-.1302152073732719,Colby
28604,White,25,-.0657454106280193,Colby
28604,Hispanic,-9,.075435,Colby
28604,Pooled,25,-.0591651162790698,Colby
28604,Hispanic,75,.03977,Colby
28604,White,50,-.0979803090006456,Colby
28604,Hispanic,50,.075435,Colby
28604,White,-9,-.0987405660377358,Colby
28604,Pooled,50,-.0916682025839793,Colby
28604,Hispanic,25,.1111,Colby
28604,Pooled,75,-.1241712888888889,Colby
28604,Pooled,-9,-.0924069090909091,Colby
28605,Pooled,75,-.0936625954198473,Goodland
28605,Hispanic,-9,.1112327777777778,Goodland
28605,Pooled,25,-.037103007518797,Goodland
28605,Hispanic,25,.0768377777777778,Goodland
28605,Pooled,50,-.0653828014693222,Goodland
28605,Hispanic,50,.1112327777777778,Goodland
28605,White,75,-.1317796460176991,Goodland
28605,White,25,-.0549372173913043,Goodland
28605,Hispanic,75,.1456277777777778,Goodland
28605,White,50,-.0933584317045017,Goodland
28605,Pooled,-9,-.0651685606060606,Goodland
28605,White,-9,-.0930214035087719,Goodland
28606,Pooled,75,-.1694461538461538,Wano
28606,Pooled,50,-.117938665158371,Wano
28606,White,25,-.0664311764705882,Wano
28606,White,75,-.1694461538461538,Wano
28606,Pooled,25,-.0664311764705882,Wano
28606,Pooled,-9,-.111071,Wano
28606,White,-9,-.111071,Wano
28606,White,50,-.117938665158371,Wano
28607,Hispanic,25,.1759,McCook
28607,White,25,-.0748255060728745,McCook
28607,Pooled,-9,-.0816472328244275,McCook
28607,Hispanic,75,.07434,McCook
28607,Pooled,50,-.0817318113281762,McCook
28607,Hispanic,50,.12512,McCook
28607,White,-9,-.0950955081300813,McCook
28607,Hispanic,-9,.12512,McCook
28607,Pooled,75,-.1038913793103448,McCook
28607,White,50,-.0951782428323556,McCook
28607,Pooled,25,-.0595722433460076,McCook
28607,White,75,-.1155309795918367,McCook
28608,Pooled,-9,-.1101480709219858,Kearney
28608,White,-9,-.1174652511415525,Kearney
28608,Black,25,.1348,Kearney
28608,White,75,-.1535761394101877,Kearney
28608,Hispanic,-9,.00324625,Kearney
28608,Black,75,.1188,Kearney
28608,Hispanic,50,-.0091922222222222,Kearney
28608,White,25,-.0700379225352113,Kearney
28608,Pooled,75,-.1495729113924051,Kearney
28608,Hispanic,75,-.1087,Kearney
28608,Pooled,50,-.1047430524703961,Kearney
28608,Hispanic,25,.0903155555555556,Kearney
28608,Black,-9,.1268,Kearney
28608,Black,50,.1268,Kearney
28608,Asian,50,-.19975,Kearney
28608,Asian,75,-.1877,Kearney
28608,Asian,-9,-.19975,Kearney
28608,Asian,25,-.2118,Kearney
28608,Pooled,25,-.0599131935483871,Kearney
28608,White,50,-.1118070309726995,Kearney
28609,Hispanic,-9,.0393575229357798,Lexington
28609,Pooled,75,-.1227700657894737,Lexington
28609,Hispanic,50,.0236434893419833,Lexington
28609,White,-9,-.0973022882882883,Lexington
28609,Asian,75,-.1372,Lexington
28609,Hispanic,25,.0536931325301205,Lexington
28609,Black,75,.07859,Lexington
28609,White,50,-.0983402495126706,Lexington
28609,Black,50,.146645,Lexington
28609,Hispanic,75,-.0064061538461538,Lexington
28609,Pooled,25,-.0339902659574468,Lexington
28609,Asian,-9,-.19535,Lexington
28609,Asian,25,-.2535,Lexington
28609,Pooled,50,-.0783801658734602,Lexington
28609,Asian,50,-.19535,Lexington
28609,White,25,-.0599356842105263,Lexington
28609,Black,25,.2147,Lexington
28609,Pooled,-9,-.0736800588235294,Lexington
28609,Black,-9,.146645,Lexington
28609,White,75,-.1367448148148148,Lexington
28701,White,25,-.06906,Salida
28701,Hispanic,75,-.08102,Salida
28701,Hispanic,25,.01682,Salida
28701,Pooled,75,-.1196004137931034,Salida
28701,Hispanic,50,-.0321,Salida
28701,Hispanic,-9,-.0286057142857143,Salida
28701,Pooled,25,-.0605288741721854,Salida
28701,Pooled,50,-.0900646439826444,Salida
28701,White,-9,-.0958244776119403,Salida
28701,Pooled,-9,-.089465945945946,Salida
28701,White,75,-.1234,Salida
28701,White,50,-.09623,Salida
28702,Black,25,.099255,Glenwood Springs
28702,Black,50,.0506525,Glenwood Springs
28702,Hispanic,25,.0218784714285714,Glenwood Springs
28702,Asian,75,-.2046,Glenwood Springs
28702,Pooled,-9,-.0794420066445183,Glenwood Springs
28702,Pooled,75,-.1143528501469148,Glenwood Springs
28702,Black,75,.00205,Glenwood Springs
28702,White,25,-.0470943029259897,Glenwood Springs
28702,AIAN,25,.061345,Glenwood Springs
28702,White,75,-.1229482326111744,Glenwood Springs
28702,AIAN,-9,.0766625,Glenwood Springs
28702,White,50,-.0850212677685821,Glenwood Springs
28702,Black,-9,.0506525,Glenwood Springs
28702,White,-9,-.0927211179698217,Glenwood Springs
28702,AIAN,75,.09198,Glenwood Springs
28702,Asian,-9,-.18025,Glenwood Springs
28702,Hispanic,-9,-.0037407,Glenwood Springs
28702,Asian,50,-.18025,Glenwood Springs
28702,AIAN,50,.0766625,Glenwood Springs
28702,Pooled,50,-.0741942620161325,Glenwood Springs
28702,Hispanic,75,-.04857425,Glenwood Springs
28702,Asian,25,-.1559,Glenwood Springs
28702,Pooled,25,-.0340356738853503,Glenwood Springs
28702,Hispanic,50,-.0133478892857143,Glenwood Springs
28703,Pooled,50,-.10136,Granby
28703,Pooled,-9,-.1025032,Granby
28703,Hispanic,25,-.06934,Granby
28703,Hispanic,75,-.09673,Granby
28703,Pooled,25,-.07278,Granby
28703,Hispanic,-9,-.083035,Granby
28703,White,75,-.1447,Granby
28703,White,25,-.0745,Granby
28703,Pooled,75,-.12994,Granby
28703,White,50,-.1096,Granby
28703,White,-9,-.1116647058823529,Granby
28703,Hispanic,50,-.083035,Granby
28704,AIAN,25,.1364,Laramie
28704,White,-9,-.1004340669856459,Laramie
28704,Hispanic,-9,-.0017304347826087,Laramie
28704,Hispanic,25,.04914,Laramie
28704,AIAN,50,.03282,Laramie
28704,White,25,-.0610938364779874,Laramie
28704,Black,75,-.02968,Laramie
28704,Asian,50,-.1515,Laramie
28704,Hispanic,75,-.0622904761904762,Laramie
28704,Black,25,.05219,Laramie
28704,Black,-9,.011255,Laramie
28704,Pooled,-9,-.0879517213114754,Laramie
28704,AIAN,75,-.07076,Laramie
28704,White,75,-.1245850193050193,Laramie
28704,AIAN,-9,.03282,Laramie
28704,Pooled,50,-.0804576111266424,Laramie
28704,Asian,-9,-.1515,Laramie
28704,Pooled,75,-.1185526712328767,Laramie
28704,Hispanic,50,-.0065752380952381,Laramie
28704,Asian,25,-.143,Laramie
28704,White,50,-.0928394278915034,Laramie
28704,Asian,75,-.16,Laramie
28704,Black,50,.011255,Laramie
28704,Pooled,25,-.0423625510204082,Laramie
28800,Pooled,50,-.0437705517671571,Fort Collins
28800,Asian,25,-.0981646808510638,Fort Collins
28800,Pooled,25,.0101030181166634,Fort Collins
28800,AIAN,75,.0380428571428571,Fort Collins
28800,AIAN,-9,.0523424137931034,Fort Collins
28800,Hispanic,25,.0928175898801598,Fort Collins
28800,Black,25,.1302527272727273,Fort Collins
28800,Asian,-9,-.0993636923076923,Fort Collins
28800,AIAN,25,.0656886666666667,Fort Collins
28800,Black,50,.1034933636363636,Fort Collins
28800,Pooled,-9,-.0522707243460765,Fort Collins
28800,White,75,-.1078320130932897,Fort Collins
28800,Asian,75,-.1000426506024096,Fort Collins
28800,White,-9,-.0789280967402734,Fort Collins
28800,Pooled,75,-.0976441216509776,Fort Collins
28800,White,25,-.0269860588235294,Fort Collins
28800,Hispanic,-9,.0597399534016775,Fort Collins
28800,Hispanic,50,.0377053166792103,Fort Collins
28800,Black,75,.076734,Fort Collins
28800,Hispanic,75,-.0174069565217391,Fort Collins
28800,Black,-9,.1047676190476191,Fort Collins
28800,White,50,-.0674090359584096,Fort Collins
28800,Asian,50,-.0991036657267367,Fort Collins
28800,AIAN,50,.0518657619047619,Fort Collins
28900,Asian,50,-.129599578259753,Denver
28900,Black,-9,.1671254744162941,Denver
28900,White,75,-.0969691327544722,Denver
28900,Black,75,.1273181578947368,Denver
28900,AIAN,50,.06673198023649,Denver
28900,Pooled,25,.0277034674680745,Denver
28900,Hispanic,-9,.0467210537861046,Denver
28900,Pooled,75,-.0804101618471784,Denver
28900,Black,50,.1558349294811762,Denver
28900,Black,25,.1843517010676157,Denver
28900,Asian,75,-.1271313854351687,Denver
28900,AIAN,25,.1124181412639405,Denver
28900,White,50,-.0552428356080053,Denver
28900,Hispanic,25,.0728485609448023,Denver
28900,Hispanic,75,.0044460743919886,Denver
28900,White,-9,-.072304507719518,Denver
28900,White,25,-.0135165384615385,Denver
28900,Asian,-9,-.129448369462771,Denver
28900,Pooled,-9,-.0392758619608588,Denver
28900,Hispanic,50,.0386473176683954,Denver
28900,AIAN,75,.0210458192090395,Denver
28900,Asian,25,-.1320677710843373,Denver
28900,Pooled,50,-.026353347189552,Denver
28900,AIAN,-9,.0761560313901345,Denver
29001,White,50,-.0595451836561872,Pratt
29001,Hispanic,-9,-.01775,Pratt
29001,Hispanic,25,-.0236266666666667,Pratt
29001,Hispanic,50,-.01775,Pratt
29001,White,25,.0049940298507463,Pratt
29001,Pooled,75,-.1152835294117647,Pratt
29001,Pooled,50,-.0563209427880741,Pratt
29001,Pooled,25,.0026416438356164,Pratt
29001,White,-9,-.061188,Pratt
29001,Hispanic,75,-.0118733333333333,Pratt
29001,Pooled,-9,-.0577013377926421,Pratt
29001,White,75,-.1240843971631206,Pratt
29002,Pooled,25,-.03097,Coldwater
29002,Pooled,50,-.076035,Coldwater
29002,White,75,-.1211,Coldwater
29002,White,-9,-.076035,Coldwater
29002,White,25,-.03097,Coldwater
29002,Pooled,-9,-.076035,Coldwater
29002,Pooled,75,-.1211,Coldwater
29002,White,50,-.076035,Coldwater
29003,AIAN,-9,.26265,Dodge City
29003,White,50,-.0400797497152325,Dodge City
29003,AIAN,50,.26265,Dodge City
29003,Asian,75,-.1343,Dodge City
29003,AIAN,75,.2874,Dodge City
29003,Hispanic,25,.0761811764705882,Dodge City
29003,White,75,-.0895393793103448,Dodge City
29003,Black,-9,.07055,Dodge City
29003,AIAN,25,.2379,Dodge City
29003,Hispanic,50,.0181232596638655,Dodge City
29003,Pooled,-9,-.0143874795918367,Dodge City
29003,Hispanic,75,-.0399346571428571,Dodge City
29003,Black,50,.07055,Dodge City
29003,Pooled,25,.0372232970451011,Dodge City
29003,White,25,.0093798798798799,Dodge City
29003,White,-9,-.0466486067708333,Dodge City
29003,Black,75,.0254,Dodge City
29003,Asian,-9,-.1279588235294118,Dodge City
29003,Hispanic,-9,.0524147777777778,Dodge City
29003,Pooled,75,-.0766496360225141,Dodge City
29003,Asian,50,-.1294,Dodge City
29003,Black,25,.1157,Dodge City
29003,Asian,25,-.1245,Dodge City
29003,Pooled,50,-.0197131694887065,Dodge City
29004,Black,75,.24645,Great Bend
29004,Hispanic,75,-.1302985714285714,Great Bend
29004,White,75,-.1041611009174312,Great Bend
29004,Pooled,75,-.0959430494505495,Great Bend
29004,White,25,.0033484894259819,Great Bend
29004,White,-9,-.0500795288753799,Great Bend
29004,Black,25,.09256,Great Bend
29004,AIAN,75,.08552,Great Bend
29004,Black,-9,.169505,Great Bend
29004,White,50,-.0504063057457247,Great Bend
29004,Asian,50,-.078375,Great Bend
29004,Asian,25,-.04675,Great Bend
29004,Pooled,25,.0141674934725849,Great Bend
29004,Asian,75,-.11,Great Bend
29004,Asian,-9,-.078375,Great Bend
29004,AIAN,-9,.03625,Great Bend
29004,Hispanic,50,-.0121437301587302,Great Bend
29004,AIAN,25,-.01302,Great Bend
29004,Hispanic,-9,.018949649122807,Great Bend
29004,Pooled,-9,-.0394874431057564,Great Bend
29004,Hispanic,25,.1060111111111111,Great Bend
29004,AIAN,50,.03625,Great Bend
29004,Pooled,50,-.0408877779889823,Great Bend
29004,Black,50,.169505,Great Bend
29005,Pooled,50,-.0156573188840742,Hutchinson
29005,White,50,-.0257034707287718,Hutchinson
29005,Hispanic,-9,.0755060897435897,Hutchinson
29005,White,75,-.0771331389365352,Hutchinson
29005,AIAN,75,-.03562,Hutchinson
29005,AIAN,50,.07294,Hutchinson
29005,AIAN,-9,.07294,Hutchinson
29005,Pooled,25,.037578281535649,Hutchinson
29005,AIAN,25,.1815,Hutchinson
29005,Asian,50,-.06751,Hutchinson
29005,Hispanic,25,.1022230927835052,Hutchinson
29005,White,-9,-.0308998583569405,Hutchinson
29005,Black,25,.2050172413793103,Hutchinson
29005,Black,-9,.1463473076923077,Hutchinson
29005,Asian,75,-.04829,Hutchinson
29005,Hispanic,75,.0315815254237288,Hutchinson
29005,White,25,.0257261974789916,Hutchinson
29005,Pooled,75,-.0688929193037975,Hutchinson
29005,Black,75,.0723721739130435,Hutchinson
29005,Pooled,-9,-.0194953392705683,Hutchinson
29005,Black,50,.1386947076461769,Hutchinson
29005,Asian,-9,-.06751,Hutchinson
29005,Asian,25,-.08673,Hutchinson
29005,Hispanic,50,.066902309103617,Hutchinson
29006,Hispanic,50,.1364583333333333,Hays
29006,Pooled,75,-.1288615142857143,Hays
29006,White,25,-.0549707936507937,Hays
29006,Asian,75,-.191,Hays
29006,White,-9,-.1003703247863248,Hays
29006,Hispanic,-9,.1364583333333333,Hays
29006,White,50,-.0948487601887602,Hays
29006,Hispanic,75,.0865722222222222,Hays
29006,Pooled,-9,-.0930285460420032,Hays
29006,Pooled,50,-.0876336195963887,Hays
29006,White,75,-.1347267267267267,Hays
29006,Black,75,-.06317,Hays
29006,Hispanic,25,.1863444444444445,Hays
29006,Asian,-9,-.2042,Hays
29006,Black,-9,.038665,Hays
29006,Black,25,.1405,Hays
29006,Pooled,25,-.0464057249070632,Hays
29006,Asian,50,-.2042,Hays
29006,Black,50,.038665,Hays
29006,Asian,25,-.2174,Hays
29007,Pooled,25,-.0213233333333333,Township 11
29007,White,25,-.0301816883116883,Township 11
29007,Hispanic,75,.04494,Township 11
29007,White,-9,-.0743582014388489,Township 11
29007,Hispanic,25,.1492,Township 11
29007,Hispanic,-9,.09707,Township 11
29007,Pooled,-9,-.0650287755102041,Township 11
29007,Pooled,75,-.1186672727272727,Township 11
29007,Pooled,50,-.069995303030303,Township 11
29007,White,75,-.1292225806451613,Township 11
29007,Hispanic,50,.09707,Township 11
29007,White,50,-.0797021344784248,Township 11
29008,Pooled,25,-.0260347777777778,Center
29008,Hispanic,50,.05826,Center
29008,Hispanic,75,-.05008,Center
29008,White,75,-.136,Center
29008,Pooled,50,-.0756473888888889,Center
29008,White,25,-.050114125,Center
29008,White,-9,-.0901942,Center
29008,Hispanic,-9,.05826,Center
29008,Pooled,-9,-.072729,Center
29008,Hispanic,25,.1666,Center
29008,Pooled,75,-.12526,Center
29008,White,50,-.0930570625,Center
29101,Hispanic,-9,-.0366,Concordia
29101,Pooled,-9,-.0887487455197132,Concordia
29101,White,75,-.136618487394958,Concordia
29101,Hispanic,25,.054105,Concordia
29101,Pooled,50,-.092637155511811,Concordia
29101,Hispanic,50,-.0366,Concordia
29101,White,25,-.0549840277777778,Concordia
29101,Hispanic,75,-.127305,Concordia
29101,White,-9,-.0919212927756654,Concordia
29101,White,50,-.0958012575863679,Concordia
29101,Pooled,25,-.0492425,Concordia
29101,Pooled,75,-.1360318110236221,Concordia
29102,Hispanic,75,.1001,Superior
29102,Hispanic,25,-.02864,Superior
29102,Pooled,75,-.1346938461538462,Superior
29102,White,25,-.116724,Superior
29102,White,75,-.1500901639344262,Superior
29102,Hispanic,-9,.03573,Superior
29102,Pooled,25,-.1122640506329114,Superior
29102,Hispanic,50,.03573,Superior
29102,White,-9,-.131689705882353,Superior
29102,Pooled,50,-.1234789483933788,Superior
29102,White,50,-.1334070819672131,Superior
29102,Pooled,-9,-.1223886111111111,Superior
29103,Pooled,25,-.0611771794871795,Beloit
29103,White,75,-.125895,Beloit
29103,Pooled,-9,-.0939456962025316,Beloit
29103,White,-9,-.0939456962025316,Beloit
29103,Pooled,50,-.0935360897435897,Beloit
29103,Pooled,75,-.125895,Beloit
29103,White,25,-.0611771794871795,Beloit
29103,White,50,-.0935360897435897,Beloit
29104,Black,-9,.209041935483871,Salina
29104,Pooled,-9,-.0152487537387837,Salina
29104,Pooled,75,-.0722066153846154,Salina
29104,White,75,-.0820630374753452,Salina
29104,AIAN,25,.1842,Salina
29104,Hispanic,-9,.0926421052631579,Salina
29104,Black,75,.1761,Salina
29104,Asian,75,-.06431,Salina
29104,Black,25,.2205,Salina
29104,Hispanic,50,.08470825,Salina
29104,Asian,50,-.06533,Salina
29104,Asian,-9,-.06526625,Salina
29104,Hispanic,75,.020104,Salina
29104,Hispanic,25,.1493125,Salina
29104,White,50,-.0221370135293393,Salina
29104,White,25,.0377890104166667,Salina
29104,White,-9,-.0304096296296296,Salina
29104,Pooled,25,.0546052275249723,Salina
29104,AIAN,-9,.13548,Salina
29104,AIAN,75,.08676,Salina
29104,Pooled,50,-.0088006939298216,Salina
29104,AIAN,50,.13548,Salina
29104,Black,50,.1983,Salina
29104,Asian,25,-.06635,Salina
29201,Hispanic,75,-.067145,Hiawatha
29201,Pooled,50,-.0869877962746408,Hiawatha
29201,Hispanic,25,.0176215,Hiawatha
29201,Hispanic,50,-.02476175,Hiawatha
29201,Pooled,75,-.1225757876712329,Hiawatha
29201,Pooled,-9,-.0849213967741936,Hiawatha
29201,Pooled,25,-.0513998048780488,Hiawatha
29201,Black,75,.01972,Hiawatha
29201,Black,25,.1656,Hiawatha
29201,White,75,-.135,Hiawatha
29201,AIAN,-9,.0571104545454545,Hiawatha
29201,White,50,-.1013491095890411,Hiawatha
29201,White,25,-.0676982191780822,Hiawatha
29201,AIAN,25,.1085,Hiawatha
29201,Black,50,.09266,Hiawatha
29201,AIAN,50,.0519715,Hiawatha
29201,White,-9,-.0992688727272728,Hiawatha
29201,AIAN,75,-.004557,Hiawatha
29201,Black,-9,.09266,Hiawatha
29201,Hispanic,-9,-.02476175,Hiawatha
29202,Hispanic,-9,-.02182,Marysville
29202,White,50,-.1230067511750463,Marysville
29202,Pooled,50,-.1196894708783154,Marysville
29202,White,75,-.144606779661017,Marysville
29202,Pooled,25,-.1013291056910569,Marysville
29202,White,25,-.1014067226890756,Marysville
29202,Pooled,-9,-.1196145306122449,Marysville
29202,Pooled,75,-.1380498360655738,Marysville
29202,Hispanic,25,-.09902,Marysville
29202,White,-9,-.122915611814346,Marysville
29202,Hispanic,75,.05538,Marysville
29202,Hispanic,50,-.02182,Marysville
29203,Hispanic,25,.0584652435233161,Manhattan
29203,Pooled,-9,-.0138466288570187,Manhattan
29203,Asian,50,-.152838,Manhattan
29203,Black,75,.1330621951219512,Manhattan
29203,White,25,.0208667942283563,Manhattan
29203,Pooled,50,-.0114447572301435,Manhattan
29203,White,-9,-.0446416163556531,Manhattan
29203,Asian,25,-.154984,Manhattan
29203,Pooled,25,.0520806061427281,Manhattan
29203,Hispanic,75,-.003772064,Manhattan
29203,Pooled,75,-.0749701206030151,Manhattan
29203,Asian,-9,-.152838,Manhattan
29203,AIAN,-9,.0240683333333333,Manhattan
29203,Hispanic,-9,.034000893081761,Manhattan
29203,White,75,-.0955784,Manhattan
29203,Black,25,.1926031746031746,Manhattan
29203,AIAN,50,.0240683333333333,Manhattan
29203,Black,-9,.1745870848708487,Manhattan
29203,Black,50,.1628326848625629,Manhattan
29203,AIAN,75,-.02818,Manhattan
29203,White,50,-.0373558028858218,Manhattan
29203,AIAN,25,.0763166666666667,Manhattan
29203,Hispanic,50,.027346589761658,Manhattan
29203,Asian,75,-.150692,Manhattan
29204,AIAN,-9,.09757828125,Topeka
29204,AIAN,50,.0832964841126324,Topeka
29204,AIAN,75,.0223608163265306,Topeka
29204,Black,50,.1873870974178404,Topeka
29204,White,50,-.0252011144742278,Topeka
29204,Hispanic,25,.0870737123745819,Topeka
29204,Hispanic,50,.0355119593263044,Topeka
29204,Asian,25,-.103576,Topeka
29204,White,25,.0316066534309946,Topeka
29204,Black,75,.1571695,Topeka
29204,Hispanic,75,-.0160497937219731,Topeka
29204,Asian,50,-.0934039090909091,Topeka
29204,Asian,75,-.0832318181818182,Topeka
29204,Black,25,.2176046948356807,Topeka
29204,Asian,-9,-.0914794594594594,Topeka
29204,Black,-9,.2011036177474403,Topeka
29204,Pooled,-9,-.0162963995444737,Topeka
29204,White,-9,-.0400978044653015,Topeka
29204,Pooled,75,-.0701981937321937,Topeka
29204,AIAN,25,.1442321518987342,Topeka
29204,Pooled,25,.0609712249124854,Topeka
29204,White,75,-.0820088823794502,Topeka
29204,Hispanic,-9,.0430190344827586,Topeka
29204,Pooled,50,-.0046134844098542,Topeka
29301,Pooled,25,.0953577376732195,Wichita
29301,Black,-9,.2184786895475819,Wichita
29301,Black,50,.2025512358900814,Wichita
29301,White,75,-.0501220448820701,Wichita
29301,AIAN,75,.0253246341463415,Wichita
29301,Asian,25,-.0953711111111111,Wichita
29301,AIAN,50,.0976306504065041,Wichita
29301,Pooled,75,-.0375295921663638,Wichita
29301,Black,25,.2425884821428572,Wichita
29301,Hispanic,75,.0393584362139918,Wichita
29301,Pooled,50,.0289140727534278,Wichita
29301,White,25,.0678352745731426,Wichita
29301,Black,75,.1625139896373057,Wichita
29301,Asian,-9,-.088796267281106,Wichita
29301,Hispanic,-9,.0903019130434782,Wichita
29301,Asian,50,-.0888264271151886,Wichita
29301,Hispanic,50,.0834736458178392,Wichita
29301,Pooled,-9,.0136557832671301,Wichita
29301,AIAN,-9,.1033176404494382,Wichita
29301,Hispanic,25,.1275888554216867,Wichita
29301,AIAN,25,.1699366666666667,Wichita
29301,Asian,75,-.082281743119266,Wichita
29301,White,50,.0088566148455363,Wichita
29301,White,-9,-.0110015197428834,Wichita
29302,Black,50,.13487,Newton
29302,Hispanic,50,.0610751167945439,Newton
29302,AIAN,75,-.0425655,Newton
29302,White,50,-.0720242686220603,Newton
29302,White,-9,-.0794474336283186,Newton
29302,AIAN,50,.06464475,Newton
29302,Pooled,25,-.0177889989235737,Newton
29302,White,25,-.0351981280788177,Newton
29302,Pooled,75,-.1007874186222559,Newton
29302,Hispanic,25,.109868115942029,Newton
29302,Black,75,.09214,Newton
29302,Hispanic,75,.0122821176470588,Newton
29302,Asian,75,-.096535,Newton
29302,Asian,50,-.0831825,Newton
29302,Asian,-9,-.0831825,Newton
29302,Black,-9,.13487,Newton
29302,Pooled,-9,-.0665182933333333,Newton
29302,Hispanic,-9,.0683940666666667,Newton
29302,AIAN,-9,.06464475,Newton
29302,Asian,25,-.06983,Newton
29302,AIAN,25,.171855,Newton
29302,Black,25,.1776,Newton
29302,Pooled,50,-.0592882087729148,Newton
29302,White,75,-.1088504091653028,Newton
29303,Black,-9,.176515,Winfield
29303,Asian,75,-.04805,Winfield
29303,Pooled,25,.056477805907173,Winfield
29303,White,25,.0461718327974277,Winfield
29303,Black,75,.09213,Winfield
29303,White,75,-.0539359459459459,Winfield
29303,Asian,50,-.0499,Winfield
29303,Asian,25,-.05175,Winfield
29303,Black,25,.2609,Winfield
29303,White,50,-.0038820565742591,Winfield
29303,Pooled,75,-.046334419306184,Winfield
29303,AIAN,50,.0525694736842105,Winfield
29303,Pooled,50,.0050716933004945,Winfield
29303,Hispanic,75,.0112,Winfield
29303,Hispanic,-9,.0879463414634146,Winfield
29303,Asian,-9,-.0499,Winfield
29303,AIAN,-9,.0525694736842105,Winfield
29303,AIAN,75,.0068842105263158,Winfield
29303,Black,50,.176515,Winfield
29303,AIAN,25,.0982547368421053,Winfield
29303,Pooled,-9,.0068675400291121,Winfield
29303,White,-9,-.0026451400329489,Winfield
29303,Hispanic,50,.074132,Winfield
29303,Hispanic,25,.137064,Winfield
29401,Hispanic,50,.05815736,Ottawa
29401,Asian,75,.01244,Ottawa
29401,Black,75,.11523,Ottawa
29401,Asian,50,.012835,Ottawa
29401,White,75,-.0482830513595166,Ottawa
29401,AIAN,75,-.0126505,Ottawa
29401,Pooled,50,-.0014668769720969,Ottawa
29401,Pooled,-9,.0007850403645833,Ottawa
29401,AIAN,25,.137395,Ottawa
29401,Pooled,75,-.0436491334250344,Ottawa
29401,AIAN,50,.06237225,Ottawa
29401,Pooled,25,.0407153794808405,Ottawa
29401,Asian,-9,.012835,Ottawa
29401,Hispanic,75,-.06041328,Ottawa
29401,Black,25,.14365,Ottawa
29401,Hispanic,25,.176728,Ottawa
29401,White,-9,-.0057221891891892,Ottawa
29401,Black,-9,.12944,Ottawa
29401,White,50,-.0080676130453497,Ottawa
29401,Hispanic,-9,.05815736,Ottawa
29401,AIAN,-9,.06237225,Ottawa
29401,Asian,25,.01323,Ottawa
29401,White,25,.0321478252688172,Ottawa
29401,Black,50,.12944,Ottawa
29402,Pooled,50,-.0309694577763922,Emporia
29402,Asian,-9,-.11325,Emporia
29402,AIAN,50,.071095,Emporia
29402,White,75,-.0909348688046647,Emporia
29402,AIAN,75,-.06861,Emporia
29402,Hispanic,25,.0576908450704225,Emporia
29402,AIAN,25,.2108,Emporia
29402,White,25,.00840832,Emporia
29402,Black,25,.1254,Emporia
29402,Asian,75,-.1029,Emporia
29402,Hispanic,75,-.0272276923076923,Emporia
29402,Asian,50,-.11325,Emporia
29402,Hispanic,-9,.034929175257732,Emporia
29402,Hispanic,50,.0152315763813651,Emporia
29402,Black,75,.1292,Emporia
29402,Pooled,75,-.083356318537859,Emporia
29402,White,50,-.0412632744023324,Emporia
29402,Pooled,-9,-.034471643454039,Emporia
29402,Black,-9,.1273,Emporia
29402,White,-9,-.0490532546374368,Emporia
29402,Black,50,.1273,Emporia
29402,Pooled,25,.0214174029850746,Emporia
29402,Asian,25,-.1236,Emporia
29402,AIAN,-9,.071095,Emporia
29403,Hispanic,50,.031944125,Bartlesville
29403,Asian,50,-.1142628,Bartlesville
29403,Asian,-9,-.1142628,Bartlesville
29403,Black,50,.1772574242424242,Bartlesville
29403,AIAN,-9,.0511516946564885,Bartlesville
29403,Asian,75,-.1101368,Bartlesville
29403,AIAN,75,.0180812743362832,Bartlesville
29403,Asian,25,-.1183888,Bartlesville
29403,White,25,.0560547408207343,Bartlesville
29403,AIAN,50,.047156610322504,Bartlesville
29403,Black,-9,.1903739583333333,Bartlesville
29403,Hispanic,75,-.015924875,Bartlesville
29403,Black,25,.2122348484848485,Bartlesville
29403,Black,75,.14228,Bartlesville
29403,Pooled,25,.0656119254658385,Bartlesville
29403,Pooled,-9,.0062884861928474,Bartlesville
29403,Pooled,50,.0050548656904054,Bartlesville
29403,White,-9,-.0061536334576452,Bartlesville
29403,AIAN,25,.0762319463087248,Bartlesville
29403,Pooled,75,-.0555021940850277,Bartlesville
29403,Hispanic,25,.079813125,Bartlesville
29403,White,50,-.0053359629229662,Bartlesville
29403,Hispanic,-9,.041517925,Bartlesville
29403,White,75,-.0667266666666667,Bartlesville
29501,Black,-9,.1636774074074074,Leavenworth
29501,White,75,-.0582238983050848,Leavenworth
29501,Hispanic,25,.1205496774193548,Leavenworth
29501,Pooled,50,.0213035612823062,Leavenworth
29501,AIAN,75,-.24799,Leavenworth
29501,AIAN,25,.013569,Leavenworth
29501,Pooled,25,.09092485,Leavenworth
29501,Asian,-9,-.0861705555555556,Leavenworth
29501,Asian,50,-.0861705555555556,Leavenworth
29501,White,50,.006657101480369,Leavenworth
29501,White,25,.0715381012658228,Leavenworth
29501,Pooled,75,-.0483177274353877,Leavenworth
29501,Hispanic,50,.0552404495792426,Leavenworth
29501,Asian,75,-.1104055555555555,Leavenworth
29501,Asian,25,-.0619355555555556,Leavenworth
29501,Pooled,-9,-.0008694048492792,Leavenworth
29501,AIAN,50,-.1172105,Leavenworth
29501,Black,75,.109676724137931,Leavenworth
29501,Black,25,.2043532467532468,Leavenworth
29501,Black,50,.1570149854455889,Leavenworth
29501,White,-9,-.01818015625,Leavenworth
29501,AIAN,-9,-.1172105,Leavenworth
29501,Hispanic,75,-.0100687782608696,Leavenworth
29501,Hispanic,-9,.0425178727272727,Leavenworth
29502,Black,25,.2574674446925106,Kansas City
29502,Hispanic,25,.1094675788043478,Kansas City
29502,AIAN,25,.1618872727272727,Kansas City
29502,Asian,-9,-.0944385700934579,Kansas City
29502,AIAN,75,.0528728695652174,Kansas City
29502,Black,-9,.2387328582134292,Kansas City
29502,AIAN,50,.1073800711462451,Kansas City
29502,White,50,.0170395751427975,Kansas City
29502,Black,75,.1858358338108882,Kansas City
29502,White,75,-.0455961139361781,Kansas City
29502,Pooled,-9,.0310922765172119,Kansas City
29502,Hispanic,-9,.0712746796699175,Kansas City
29502,Pooled,75,-.0300108632272372,Kansas City
29502,Hispanic,75,.0241892964824121,Kansas City
29502,Pooled,50,.0455548013289146,Kansas City
29502,Black,50,.2216516392516995,Kansas City
29502,Hispanic,50,.0668284376433799,Kansas City
29502,Asian,25,-.0921661916461917,Kansas City
29502,Asian,75,-.0964983875278396,Kansas City
29502,White,25,.079675264221773,Kansas City
29502,Asian,50,-.0943322895870156,Kansas City
29502,AIAN,-9,.1103667671232876,Kansas City
29502,White,-9,-.0032623952183459,Kansas City
29502,Pooled,25,.1211204658850663,Kansas City
29503,Black,50,.1465878888888889,St. Joseph
29503,Pooled,-9,.0001874811791383,St. Joseph
29503,White,25,.0512327179487179,St. Joseph
29503,Asian,-9,-.039845,St. Joseph
29503,White,50,-.0057445496794872,St. Joseph
29503,Asian,50,-.039845,St. Joseph
29503,AIAN,50,.1087566666666667,St. Joseph
29503,Asian,25,-.05762,St. Joseph
29503,Black,75,.10065,St. Joseph
29503,AIAN,-9,.1087566666666667,St. Joseph
29503,AIAN,25,.0798333333333333,St. Joseph
29503,Black,25,.1925257777777778,St. Joseph
29503,Hispanic,25,.0845117021276596,St. Joseph
29503,AIAN,75,.13768,St. Joseph
29503,Pooled,25,.0584627239150508,St. Joseph
29503,Hispanic,75,-.0271287826086957,St. Joseph
29503,White,75,-.0627218173076923,St. Joseph
29503,Hispanic,-9,.0292916774193548,St. Joseph
29503,Pooled,50,.0012002861999496,St. Joseph
29503,Black,-9,.1642563076923077,St. Joseph
29503,Pooled,75,-.0560621515151515,St. Joseph
29503,White,-9,-.0075825260545906,St. Joseph
29503,Asian,75,-.02207,St. Joseph
29503,Hispanic,50,.028691459759482,St. Joseph
29504,Hispanic,75,.0108743243243243,Sedalia
29504,Pooled,75,-.071348814957265,Sedalia
29504,White,50,-.013684946566854,Sedalia
29504,Black,-9,.1735035483870968,Sedalia
29504,Black,75,.1168747826086956,Sedalia
29504,Asian,-9,-.117415,Sedalia
29504,Hispanic,50,.0420408414074452,Sedalia
29504,AIAN,75,.04696495,Sedalia
29504,White,75,-.0814568075117371,Sedalia
29504,Asian,50,-.117415,Sedalia
29504,Pooled,50,-.0060679783796664,Sedalia
29504,Black,25,.2069,Sedalia
29504,Pooled,-9,.0058479123144105,Sedalia
29504,Pooled,25,.0592128581979321,Sedalia
29504,Hispanic,25,.073207358490566,Sedalia
29504,White,25,.0540869143780291,Sedalia
29504,Asian,25,-.08193,Sedalia
29504,Black,50,.1618873913043478,Sedalia
29504,Asian,75,-.1529,Sedalia
29504,AIAN,-9,.083512475,Sedalia
29504,White,-9,-.0011682296650718,Sedalia
29504,AIAN,50,.083512475,Sedalia
29504,AIAN,25,.12006,Sedalia
29504,Hispanic,-9,.0475815555555556,Sedalia
29505,White,75,-.1197186885245902,Polk
29505,Hispanic,-9,-.055725,Polk
29505,Pooled,-9,-.0703618101265823,Polk
29505,Asian,25,-.1553,Polk
29505,Hispanic,75,-.192135,Polk
29505,Pooled,75,-.12408,Polk
29505,White,-9,-.0688143261455526,Polk
29505,White,25,-.0192638031914894,Polk
29505,Pooled,25,-.017986575,Polk
29505,Asian,-9,-.1714,Polk
29505,Asian,50,-.1714,Polk
29505,Pooled,50,-.0710332875,Polk
29505,Hispanic,25,.080685,Polk
29505,Asian,75,-.1875,Polk
29505,Hispanic,50,-.055725,Polk
29505,White,50,-.0694912458580398,Polk
29506,White,-9,-.0598254187192118,Bethany
29506,Pooled,25,-.0217328838951311,Bethany
29506,Pooled,-9,-.0572138578199052,Bethany
29506,White,25,-.022922471042471,Bethany
29506,Pooled,75,-.1183326967741935,Bethany
29506,Pooled,50,-.0700327903346623,Bethany
29506,White,50,-.0738836845008274,Bethany
29506,Hispanic,25,.01678,Bethany
29506,Hispanic,-9,.0090545,Bethany
29506,Hispanic,50,.0090545,Bethany
29506,Hispanic,75,.001329,Bethany
29506,White,75,-.1248448979591837,Bethany
29601,Hispanic,25,.0774385633802817,Columbia
29601,White,-9,-.0701230473244664,Columbia
29601,Black,-9,.1936541397849462,Columbia
29601,Asian,-9,-.1318992857142857,Columbia
29601,Hispanic,75,-.0129954929577465,Columbia
29601,Asian,50,-.1297207777777778,Columbia
29601,Black,75,.1154660416666667,Columbia
29601,White,50,-.0580623574810311,Columbia
29601,Hispanic,50,.0322215352112676,Columbia
29601,AIAN,75,.0377933333333333,Columbia
29601,Asian,25,-.122096,Columbia
29601,White,25,.0005725451713396,Columbia
29601,Pooled,-9,-.0482411951951952,Columbia
29601,Pooled,25,.0303972839268527,Columbia
29601,AIAN,-9,.04456,Columbia
29601,Black,25,.22085,Columbia
29601,White,75,-.1166972601334017,Columbia
29601,AIAN,25,.0513266666666667,Columbia
29601,Asian,75,-.1373455555555556,Columbia
29601,Pooled,50,-.0380400525008169,Columbia
29601,Black,50,.1681580208333334,Columbia
29601,Hispanic,-9,.0322215352112676,Columbia
29601,AIAN,50,.04456,Columbia
29601,Pooled,75,-.1064773889284866,Columbia
29602,White,-9,.0008453974895398,Eldon
29602,Asian,50,-.0667,Eldon
29602,Black,50,.2249,Eldon
29602,AIAN,-9,-.039195,Eldon
29602,AIAN,50,-.039195,Eldon
29602,AIAN,25,.02158,Eldon
29602,Hispanic,25,.0744833333333333,Eldon
29602,White,75,-.0781526482213439,Eldon
29602,Black,75,.2249333333333333,Eldon
29602,Hispanic,75,-.01606,Eldon
29602,Pooled,25,.0479082459677419,Eldon
29602,Black,-9,.2249,Eldon
29602,Asian,25,-.0737,Eldon
29602,Asian,-9,-.0667,Eldon
29602,AIAN,75,-.09997,Eldon
29602,Hispanic,-9,.0292116666666667,Eldon
29602,Pooled,-9,.0075002176696543,Eldon
29602,Asian,75,-.0597,Eldon
29602,White,25,.0439197629310345,Eldon
29602,Hispanic,50,.0292116666666667,Eldon
29602,White,50,-.0171164426451547,Eldon
29602,Black,25,.2248666666666666,Eldon
29602,Pooled,50,-.0074578419284097,Eldon
29602,Pooled,75,-.0628239298245614,Eldon
29700,AIAN,-9,.0156759569230769,Springfield
29700,AIAN,75,-.0960304129032258,Springfield
29700,Black,50,.1745592500951656,Springfield
29700,White,75,-.0933206307895898,Springfield
29700,Asian,25,-.1259023529411765,Springfield
29700,Asian,75,-.1399782608695652,Springfield
29700,Pooled,50,-.0369156392712367,Springfield
29700,AIAN,25,.1175258823529412,Springfield
29700,Hispanic,75,-.0258106451612903,Springfield
29700,Black,25,.186456338028169,Springfield
29700,Black,-9,.1783046296296296,Springfield
29700,Pooled,75,-.0881554019834711,Springfield
29700,Asian,50,-.1329403069053708,Springfield
29700,White,50,-.0419704525888659,Springfield
29700,Pooled,25,.0143241234409978,Springfield
29700,Hispanic,-9,.0203160402684564,Springfield
29700,Pooled,-9,-.0303848095907698,Springfield
29700,AIAN,50,.0107477347248577,Springfield
29700,Asian,-9,-.1315821052631579,Springfield
29700,Hispanic,50,.0136886429365962,Springfield
29700,White,25,.009379725611858,Springfield
29700,Black,75,.1626621621621622,Springfield
29700,Hispanic,25,.0531879310344828,Springfield
29700,White,-9,-.0356709144736842,Springfield
29800,Asian,25,-.0631475,Aurora
29800,Asian,50,-.07497125,Aurora
29800,Pooled,25,.029967085399449,Aurora
29800,AIAN,-9,.05429375,Aurora
29800,White,75,-.0775909339407745,Aurora
29800,Pooled,75,-.0679317010816126,Aurora
29800,White,50,-.024196042727963,Aurora
29800,AIAN,25,.070675,Aurora
29800,Black,25,.13155,Aurora
29800,Pooled,-9,-.0051893644067797,Aurora
29800,Black,-9,.121995,Aurora
29800,White,25,.0291988484848485,Aurora
29800,Hispanic,-9,-.0110166071428571,Aurora
29800,Asian,75,-.086795,Aurora
29800,Hispanic,75,-.0696637209302326,Aurora
29800,Black,75,.11244,Aurora
29800,Asian,-9,-.07497125,Aurora
29800,Hispanic,50,-.022066063363667,Aurora
29800,White,-9,-.0078903243670886,Aurora
29800,Hispanic,25,.0255315942028985,Aurora
29800,Pooled,50,-.0189823078410818,Aurora
29800,AIAN,75,.0379125,Aurora
29800,AIAN,50,.05429375,Aurora
29800,Black,50,.121995,Aurora
29901,Pooled,-9,.0163356109266526,Joplin
29901,AIAN,50,.0470563576678099,Joplin
29901,Pooled,50,.0064082926362607,Joplin
29901,White,75,-.0618863643533123,Joplin
29901,Hispanic,25,.086833893129771,Joplin
29901,Hispanic,50,.0655706032813034,Joplin
29901,Black,25,.19295,Joplin
29901,White,50,.0008427250697207,Joplin
29901,Black,-9,.144015,Joplin
29901,Asian,-9,-.0598815757575758,Joplin
29901,Black,50,.1370242857142857,Joplin
29901,Asian,75,-.0701793939393939,Joplin
29901,White,25,.0635718144927536,Joplin
29901,Asian,50,-.0598815757575758,Joplin
29901,AIAN,-9,.0686905322580645,Joplin
29901,Hispanic,-9,.0724435858585859,Joplin
29901,Pooled,75,-.0556468120733022,Joplin
29901,White,-9,.0104208052121617,Joplin
29901,Asian,25,-.0495837575757576,Joplin
29901,Pooled,25,.0684633973458236,Joplin
29901,AIAN,25,.1283484076433121,Joplin
29901,Black,75,.0810985714285714,Joplin
29901,AIAN,75,-.0342356923076923,Joplin
29901,Hispanic,75,.0443073134328358,Joplin
29902,AIAN,75,-.0303,Center
29902,White,50,-.0314661320324272,Center
29902,White,-9,-.0131633903576983,Center
29902,Pooled,25,.0306427231121281,Center
29902,AIAN,-9,.000115,Center
29902,Pooled,50,-.0283638945414969,Center
29902,Hispanic,25,.043515,Center
29902,White,25,.0301499040767386,Center
29902,AIAN,25,.03053,Center
29902,AIAN,50,.000115,Center
29902,Pooled,75,-.087370512195122,Center
29902,Hispanic,-9,.011277,Center
29902,Hispanic,75,-.020961,Center
29902,White,75,-.0930821681415929,Center
29902,Pooled,-9,-.011862775988287,Center
29902,Hispanic,50,.011277,Center
30000,Asian,50,-.0570697,Russellville
30000,White,-9,.026411,Russellville
30000,Pooled,25,.0723737752221641,Russellville
30000,Hispanic,50,-.0094734479591837,Russellville
30000,White,50,.0123590401266826,Russellville
30000,White,75,-.0481792775665399,Russellville
30000,White,25,.0728973578199052,Russellville
30000,Black,75,.1459928205128205,Russellville
30000,Hispanic,-9,.005382612987013,Russellville
30000,AIAN,25,.140252,Russellville
30000,Hispanic,75,-.0639456714285714,Russellville
30000,Hispanic,25,.0449987755102041,Russellville
30000,Black,25,.1654446808510638,Russellville
30000,Pooled,50,.0156013270568848,Russellville
30000,Asian,25,-.0598892,Russellville
30000,Black,-9,.156623488372093,Russellville
30000,Asian,-9,-.0570697,Russellville
30000,Black,50,.1557187506819422,Russellville
30000,Pooled,-9,.0280044797452229,Russellville
30000,Asian,75,-.0542502,Russellville
30000,AIAN,50,.072937,Russellville
30000,AIAN,-9,.072937,Russellville
30000,AIAN,75,.005622,Russellville
30000,Pooled,75,-.0411711211083945,Russellville
30100,Pooled,50,.0359003816040654,Fort Smith
30100,Asian,75,-.046341,Fort Smith
30100,White,50,.03220736,Fort Smith
30100,Black,25,.2007510040160643,Fort Smith
30100,Black,-9,.1810903834355828,Fort Smith
30100,Black,50,.1591317682417984,Fort Smith
30100,Pooled,-9,.0497128535612536,Fort Smith
30100,White,75,-.02617,Fort Smith
30100,Hispanic,75,.0044905,Fort Smith
30100,Asian,25,-.0697824657534246,Fort Smith
30100,Hispanic,25,.076199880952381,Fort Smith
30100,Asian,50,-.0580617328767123,Fort Smith
30100,Asian,-9,-.060030816,Fort Smith
30100,White,-9,.0441528718278188,Fort Smith
30100,AIAN,75,.0091075174193548,Fort Smith
30100,Pooled,25,.0919781463009144,Fort Smith
30100,AIAN,25,.1057952048192771,Fort Smith
30100,White,25,.09058472,Fort Smith
30100,Hispanic,-9,.0561212542857143,Fort Smith
30100,Pooled,75,-.0201773830927835,Fort Smith
30100,Black,75,.1175125324675325,Fort Smith
30100,AIAN,50,.057451361119316,Fort Smith
30100,AIAN,-9,.0795029389473684,Fort Smith
30100,Hispanic,50,.0403451904761905,Fort Smith
30200,Asian,25,-.08934,Muskogee
30200,Black,-9,.1841939115646258,Muskogee
30200,Hispanic,25,.0851460975609756,Muskogee
30200,AIAN,75,-.0217505785123967,Muskogee
30200,White,-9,.033610021141649,Muskogee
30200,Asian,75,-.0864,Muskogee
30200,Asian,-9,-.08787,Muskogee
30200,AIAN,50,.0280650737801053,Muskogee
30200,AIAN,-9,.0494482075471698,Muskogee
30200,Hispanic,-9,.0710293650793651,Muskogee
30200,AIAN,25,.0778807260726073,Muskogee
30200,Pooled,-9,.0512491240648379,Muskogee
30200,Black,75,.0787347272727273,Muskogee
30200,Pooled,50,.0347119336277516,Muskogee
30200,Hispanic,75,.0447209090909091,Muskogee
30200,White,25,.0709229360967185,Muskogee
30200,Black,50,.1435987443895017,Muskogee
30200,Asian,50,-.08787,Muskogee
30200,Pooled,25,.0872379800853485,Muskogee
30200,White,50,.0228329939339178,Muskogee
30200,Black,25,.2084627615062762,Muskogee
30200,White,75,-.0252569482288828,Muskogee
30200,Hispanic,50,.0649335033259424,Muskogee
30200,Pooled,75,-.0178141128298453,Muskogee
30300,Pooled,50,.0134688912979208,Fayetteville
30300,Hispanic,-9,.0333714590163934,Fayetteville
30300,AIAN,50,.0679381467391304,Fayetteville
30300,AIAN,75,.02693325,Fayetteville
30300,Black,25,.1476,Fayetteville
30300,AIAN,25,.1089430434782609,Fayetteville
30300,White,50,.0119016397644408,Fayetteville
30300,Pooled,-9,.0205491053653799,Fayetteville
30300,Hispanic,50,.0193887538507274,Fayetteville
30300,Asian,50,-.0586947883597884,Fayetteville
30300,Black,-9,.13782,Fayetteville
30300,Hispanic,75,-.002150261682243,Fayetteville
30300,White,-9,.0162623040179826,Fayetteville
30300,Asian,25,-.0651581481481481,Fayetteville
30300,Hispanic,25,.0409277693836978,Fayetteville
30300,White,25,.0631214552045572,Fayetteville
30300,Asian,75,-.0522314285714286,Fayetteville
30300,Pooled,75,-.0357105382870108,Fayetteville
30300,White,75,-.0393181756756757,Fayetteville
30300,Black,50,.1313,Fayetteville
30300,Black,75,.115,Fayetteville
30300,AIAN,-9,.0877792258064516,Fayetteville
30300,Pooled,25,.0626483208828523,Fayetteville
30300,Asian,-9,-.0585772727272727,Fayetteville
30401,Pooled,25,.0803344327731093,Stillwater
30401,AIAN,-9,.0860461538461538,Stillwater
30401,White,50,-.0019050190620742,Stillwater
30401,White,25,.0666025319693095,Stillwater
30401,Pooled,75,-.0623620295983087,Stillwater
30401,Black,75,.1905,Stillwater
30401,AIAN,75,-.037575,Stillwater
30401,Hispanic,50,.0523874509803922,Stillwater
30401,Black,-9,.2042384615384615,Stillwater
30401,Black,50,.2004222222222222,Stillwater
30401,Hispanic,75,-.0294133333333333,Stillwater
30401,AIAN,25,.1409888888888889,Stillwater
30401,White,75,-.0704125700934579,Stillwater
30401,Asian,-9,-.1531,Stillwater
30401,Hispanic,-9,.0664910344827586,Stillwater
30401,Pooled,50,.0089862015874003,Stillwater
30401,Pooled,-9,.0092117492096944,Stillwater
30401,Asian,50,-.1531,Stillwater
30401,Asian,25,-.1677,Stillwater
30401,Hispanic,25,.1341882352941176,Stillwater
30401,White,-9,-.0049999877899878,Stillwater
30401,Black,25,.2103444444444444,Stillwater
30401,Asian,75,-.1385,Stillwater
30401,AIAN,50,.0517069444444444,Stillwater
30402,Asian,75,-.0900309514563107,Tulsa
30402,Hispanic,75,.0373464226700252,Tulsa
30402,AIAN,25,.1054523293172691,Tulsa
30402,White,-9,.0066929245752176,Tulsa
30402,Pooled,-9,.0322112221284982,Tulsa
30402,White,75,-.0433359970331912,Tulsa
30402,AIAN,75,.0073877055421687,Tulsa
30402,AIAN,50,.0564200174297189,Tulsa
30402,White,50,.0133532670386991,Tulsa
30402,Hispanic,-9,.0718800263250883,Tulsa
30402,Black,-9,.2127797767857143,Tulsa
30402,Black,75,.1612585858585859,Tulsa
30402,Asian,-9,-.0910107459459459,Tulsa
30402,Pooled,75,-.0302962965707095,Tulsa
30402,AIAN,-9,.0704292493975904,Tulsa
30402,Hispanic,50,.0639396467091622,Tulsa
30402,Asian,50,-.0911362074354724,Tulsa
30402,Pooled,25,.0950052006953224,Tulsa
30402,White,25,.0700425311105893,Tulsa
30402,Hispanic,25,.0905328707482993,Tulsa
30402,Asian,25,-.0922414634146341,Tulsa
30402,Pooled,50,.0323544520623065,Tulsa
30402,Black,25,.227394670487106,Tulsa
30402,Black,50,.194326628172846,Tulsa
30403,AIAN,75,.0611406896551724,Okmulgee
30403,Black,50,.1206261904761905,Okmulgee
30403,Asian,25,-.1655,Okmulgee
30403,Pooled,-9,.078076525862069,Okmulgee
30403,Black,75,.0207666666666667,Okmulgee
30403,AIAN,25,.1392421052631579,Okmulgee
30403,Pooled,25,.1169960516129032,Okmulgee
30403,White,25,.0888811764705882,Okmulgee
30403,White,75,-.0107307299270073,Okmulgee
30403,Hispanic,25,.1418259259259259,Okmulgee
30403,Pooled,75,-.000267974025974,Okmulgee
30403,White,-9,.0524896266666667,Okmulgee
30403,Asian,50,-.15115,Okmulgee
30403,Black,25,.2204857142857143,Okmulgee
30403,AIAN,50,.1001913974591652,Okmulgee
30403,Asian,-9,-.15115,Okmulgee
30403,Asian,75,-.1368,Okmulgee
30403,AIAN,-9,.1176712380952381,Okmulgee
30403,White,50,.0390752232717905,Okmulgee
30403,Pooled,50,.0583640387934646,Okmulgee
30403,Hispanic,50,.0682198677248677,Okmulgee
30403,Hispanic,75,-.0053861904761905,Okmulgee
30403,Black,-9,.1852411764705882,Okmulgee
30403,Hispanic,-9,.077420625,Okmulgee
30501,White,-9,.0133005440340909,Woodward
30501,Asian,-9,-.096425,Woodward
30501,AIAN,25,.1553,Woodward
30501,Pooled,-9,.0210633167475728,Woodward
30501,White,75,-.0524717275747508,Woodward
30501,Hispanic,50,.0810167073170732,Woodward
30501,Black,25,.2177,Woodward
30501,Hispanic,75,.03247,Woodward
30501,Black,75,.01227,Woodward
30501,AIAN,75,.01682,Woodward
30501,White,50,.0049770059396717,Woodward
30501,Asian,50,-.096425,Woodward
30501,AIAN,-9,.08606,Woodward
30501,Asian,25,-.09775,Woodward
30501,Asian,75,-.0951,Woodward
30501,Pooled,50,.0133950998391434,Woodward
30501,White,25,.0624257394540943,Woodward
30501,Black,-9,.114985,Woodward
30501,Hispanic,-9,.0877593055555555,Woodward
30501,Hispanic,25,.1295634146341463,Woodward
30501,Pooled,25,.0698112670940171,Woodward
30501,Pooled,75,-.0430210674157303,Woodward
30501,Black,50,.114985,Woodward
30501,AIAN,50,.08606,Woodward
30502,White,-9,.015978106205813,Enid
30502,Hispanic,-9,.0806295744680851,Enid
30502,White,75,-.0414547377622378,Enid
30502,White,50,.0106936291217342,Enid
30502,AIAN,50,.0804848421052632,Enid
30502,White,25,.0628419960057061,Enid
30502,AIAN,25,.1763826666666667,Enid
30502,Asian,50,-.061705,Enid
30502,Hispanic,75,.0620043243243243,Enid
30502,Black,75,.1885333333333333,Enid
30502,Pooled,25,.0776256176927675,Enid
30502,Asian,-9,-.061705,Enid
30502,Black,-9,.2340591836734694,Enid
30502,Black,25,.2488243243243243,Enid
30502,Hispanic,25,.092719649122807,Enid
30502,Pooled,-9,.0302480867114094,Enid
30502,Pooled,50,.0236145073926729,Enid
30502,AIAN,75,-.0154129824561403,Enid
30502,Asian,25,-.05607,Enid
30502,Pooled,75,-.0303966029074216,Enid
30502,Hispanic,50,.0773619867235657,Enid
30502,Black,50,.2186788288288288,Enid
30502,AIAN,-9,.0935618181818182,Enid
30502,Asian,75,-.06734,Enid
30601,White,-9,.0004228882294758,El Paso
30601,Black,50,.1538739557889595,El Paso
30601,AIAN,-9,.1153645434782609,El Paso
30601,Hispanic,25,.1128679269061122,El Paso
30601,Pooled,50,.0566712991201897,El Paso
30601,White,75,-.038455899122807,El Paso
30601,Asian,75,-.0772873770491803,El Paso
30601,Pooled,75,.0069597733398677,El Paso
30601,White,25,.0590787262200165,El Paso
30601,Hispanic,75,.0381207063829787,El Paso
30601,Black,25,.1651359550561798,El Paso
30601,Black,-9,.1574611111111111,El Paso
30601,Black,75,.1426119565217391,El Paso
30601,AIAN,75,.0602906206896552,El Paso
30601,AIAN,50,.1005033262178435,El Paso
30601,Pooled,-9,.0748710608884747,El Paso
30601,Pooled,25,.1063828249005117,El Paso
30601,Asian,-9,-.0828052542372881,El Paso
30601,Hispanic,-9,.0965305187657293,El Paso
30601,AIAN,25,.1407160317460318,El Paso
30601,White,50,.0103114135486048,El Paso
30601,Asian,50,-.0829988639631866,El Paso
30601,Hispanic,50,.0754943166445455,El Paso
30601,Asian,25,-.088710350877193,El Paso
30602,AIAN,75,.1872,Alamogordo
30602,Hispanic,75,-.0552846596858639,Alamogordo
30602,Pooled,-9,.0141789285714286,Alamogordo
30602,Asian,75,-.1158,Alamogordo
30602,AIAN,25,.1432,Alamogordo
30602,Black,-9,.1067375,Alamogordo
30602,Hispanic,25,.074408785046729,Alamogordo
30602,White,-9,-.0143567906336088,Alamogordo
30602,Asian,-9,-.1112,Alamogordo
30602,White,75,-.0657496703296703,Alamogordo
30602,Black,75,.08187,Alamogordo
30602,Asian,25,-.1066,Alamogordo
30602,Pooled,25,.0599052112676056,Alamogordo
30602,White,50,-.0142148213526805,Alamogordo
30602,Hispanic,-9,.0402883333333333,Alamogordo
30602,AIAN,-9,.1552,Alamogordo
30602,Hispanic,50,.0095620626804326,Alamogordo
30602,AIAN,50,.1652,Alamogordo
30602,White,25,.0373200276243094,Alamogordo
30602,Pooled,75,-.0497298523622047,Alamogordo
30602,Pooled,50,.0050876794527005,Alamogordo
30602,Asian,50,-.1112,Alamogordo
30602,Black,50,.103185,Alamogordo
30602,Black,25,.1245,Alamogordo
30603,White,-9,.0198,Truth or Consequences
30603,White,50,-.00004,Truth or Consequences
30603,Hispanic,25,.03893,Truth or Consequences
30603,Pooled,-9,.0265545555555556,Truth or Consequences
30603,White,25,.0326,Truth or Consequences
30603,Pooled,50,.0133982638888889,Truth or Consequences
30603,Pooled,25,.0353254166666667,Truth or Consequences
30603,White,75,-.03268,Truth or Consequences
30603,Hispanic,75,.02166,Truth or Consequences
30603,Hispanic,50,.030295,Truth or Consequences
30603,Hispanic,-9,.0353874358974359,Truth or Consequences
30603,Pooled,75,-.0085288888888889,Truth or Consequences
30604,Black,75,.22815,Deming
30604,Hispanic,25,.0911304487179487,Deming
30604,Hispanic,50,.0792510138326586,Deming
30604,Pooled,-9,.0519491967455621,Deming
30604,Hispanic,75,.0673715789473684,Deming
30604,White,50,-.0187962280923637,Deming
30604,AIAN,50,.09627,Deming
30604,AIAN,-9,.09627,Deming
30604,Asian,50,-.12345,Deming
30604,Pooled,25,.0740776765676568,Deming
30604,Black,25,.19055,Deming
30604,Asian,-9,-.12345,Deming
30604,Black,-9,.20935,Deming
30604,AIAN,75,.04029,Deming
30604,Pooled,50,.0403105154847313,Deming
30604,White,75,-.0617133051643192,Deming
30604,Pooled,75,.0065433544018059,Deming
30604,AIAN,25,.15225,Deming
30604,Asian,25,-.1154,Deming
30604,Asian,75,-.1315,Deming
30604,White,25,.0241208489795918,Deming
30604,White,-9,-.0157976550218341,Deming
30604,Black,50,.20935,Deming
30604,Hispanic,-9,.0855847665847666,Deming
30605,White,75,-.03705,Van Horn
30605,Pooled,50,.1225777777777778,Van Horn
30605,Hispanic,50,.16715,Van Horn
30605,Hispanic,-9,.1694230769230769,Van Horn
30605,Pooled,25,.1742333333333334,Van Horn
30605,White,-9,.065825,Van Horn
30605,White,25,.1687,Van Horn
30605,Pooled,75,.0709222222222222,Van Horn
30605,Hispanic,75,.1573,Van Horn
30605,Hispanic,25,.177,Van Horn
30605,White,50,.065825,Van Horn
30605,Pooled,-9,.1299571428571429,Van Horn
30701,Asian,50,-.077595,Roswell
30701,Black,-9,.1507441379310345,Roswell
30701,AIAN,75,.087175,Roswell
30701,White,-9,.0233932291666667,Roswell
30701,Hispanic,75,.0676592513368984,Roswell
30701,Asian,75,-.08884,Roswell
30701,White,50,.0244197633521494,Roswell
30701,Pooled,75,.0030811205673759,Roswell
30701,Pooled,25,.0935567408726625,Roswell
30701,Hispanic,25,.1087697580645161,Roswell
30701,Hispanic,-9,.099243531598513,Roswell
30701,Asian,25,-.06635,Roswell
30701,AIAN,25,.10774,Roswell
30701,Black,50,.1495517401960784,Roswell
30701,Hispanic,50,.0882145047007073,Roswell
30701,Pooled,-9,.0586632439824945,Roswell
30701,Asian,-9,-.077595,Roswell
30701,AIAN,-9,.0974575,Roswell
30701,Pooled,50,.0483189307200192,Roswell
30701,AIAN,50,.0974575,Roswell
30701,White,25,.0736934042553192,Roswell
30701,White,75,-.0248538775510204,Roswell
30701,Black,25,.1564676470588235,Roswell
30701,Black,75,.1426358333333333,Roswell
30702,Hispanic,25,.0507813953488372,Santa Rosa
30702,White,25,.0309276470588235,Santa Rosa
30702,White,75,-.1016464705882353,Santa Rosa
30702,White,50,-.0353594117647059,Santa Rosa
30702,Pooled,25,.0475045631067961,Santa Rosa
30702,Pooled,-9,.0200868055555556,Santa Rosa
30702,Pooled,75,-.0487919512195122,Santa Rosa
30702,Hispanic,50,.0197140310077519,Santa Rosa
30702,Hispanic,75,-.0113533333333333,Santa Rosa
30702,Hispanic,-9,.0372247272727273,Santa Rosa
30702,White,-9,-.0353594117647059,Santa Rosa
30702,Pooled,50,-.000643694056358,Santa Rosa
30801,Asian,25,-.03873,Hobbs
30801,Pooled,-9,.1225791946308725,Hobbs
30801,AIAN,-9,.147975,Hobbs
30801,AIAN,50,.147975,Hobbs
30801,Black,50,.2036353002070393,Hobbs
30801,Hispanic,50,.17304954699983,Hobbs
30801,Pooled,75,.0519968039538715,Hobbs
30801,Black,75,.1948619047619048,Hobbs
30801,Pooled,25,.1640942248062016,Hobbs
30801,White,-9,.0657417206703911,Hobbs
30801,Hispanic,25,.2013472072072072,Hobbs
30801,Hispanic,-9,.1922714069591528,Hobbs
30801,White,25,.1114185815602837,Hobbs
30801,Hispanic,75,.1447518867924528,Hobbs
30801,AIAN,75,.08305,Hobbs
30801,Pooled,50,.1080455143800365,Hobbs
30801,White,50,.0681126594242096,Hobbs
30801,Black,-9,.2069089552238806,Hobbs
30801,AIAN,25,.2129,Hobbs
30801,White,75,.0248067372881356,Hobbs
30801,Asian,75,.02132,Hobbs
30801,Black,25,.2124086956521739,Hobbs
30801,Asian,50,-.008705,Hobbs
30801,Asian,-9,-.008705,Hobbs
30802,AIAN,25,.1887684210526316,Lubbock
30802,White,50,.0621264034320512,Lubbock
30802,Hispanic,25,.2293161751563897,Lubbock
30802,White,75,-.0045154810736407,Lubbock
30802,Asian,75,-.06468,Lubbock
30802,Black,25,.272356814159292,Lubbock
30802,Pooled,25,.1895690524603498,Lubbock
30802,AIAN,75,.0886878947368421,Lubbock
30802,Asian,50,-.0714,Lubbock
30802,Black,-9,.2526536312849162,Lubbock
30802,Pooled,75,.0235396989768444,Lubbock
30802,Hispanic,50,.1798273979230224,Lubbock
30802,White,25,.1287682879377432,Lubbock
30802,AIAN,50,.1387281578947369,Lubbock
30802,Pooled,-9,.1181333459221501,Lubbock
30802,AIAN,-9,.1387281578947369,Lubbock
30802,Black,75,.1789298013245033,Lubbock
30802,White,-9,.0507105223700121,Lubbock
30802,Hispanic,75,.1303386206896552,Lubbock
30802,Hispanic,-9,.20894464158978,Lubbock
30802,Asian,25,-.07812,Lubbock
30802,Pooled,50,.1065543757185971,Lubbock
30802,Black,50,.2256433077418977,Lubbock
30802,Asian,-9,-.0701657142857143,Lubbock
30901,White,50,.0114791326785846,Clovis
30901,Black,-9,.1862854545454545,Clovis
30901,Hispanic,75,.0077919827160494,Clovis
30901,Asian,75,-.04322,Clovis
30901,Pooled,50,.0408262332244386,Clovis
30901,AIAN,-9,.040085,Clovis
30901,Black,25,.2045338983050848,Clovis
30901,Asian,25,-.01665,Clovis
30901,White,-9,.0125344777227723,Clovis
30901,Pooled,-9,.0539731636632201,Clovis
30901,Hispanic,50,.0699873208377935,Clovis
30901,Hispanic,-9,.1085863011709602,Clovis
30901,AIAN,75,-.06313,Clovis
30901,Asian,-9,-.029935,Clovis
30901,White,25,.0541150724637681,Clovis
30901,White,75,-.031156807106599,Clovis
30901,Black,75,.1491593103448276,Clovis
30901,AIAN,25,.1433,Clovis
30901,Black,50,.1768466043249562,Clovis
30901,AIAN,50,.040085,Clovis
30901,Pooled,75,-.015684699518768,Clovis
30901,Pooled,25,.0973371659676453,Clovis
30901,Asian,50,-.029935,Clovis
30901,Hispanic,25,.1321826589595376,Clovis
30902,White,50,.0373171791216487,Littlefield
30902,Black,25,.2421,Littlefield
30902,Hispanic,50,.1596520310633214,Littlefield
30902,Black,75,.2270523076923077,Littlefield
30902,White,-9,.0384556375,Littlefield
30902,Black,-9,.2348548148148148,Littlefield
30902,Hispanic,25,.2010225806451613,Littlefield
30902,White,75,-.0196057397959184,Littlefield
30902,Pooled,75,.030608097826087,Littlefield
30902,Hispanic,75,.1182814814814815,Littlefield
30902,Pooled,-9,.1291883386411889,Littlefield
30902,White,25,.0942400980392157,Littlefield
30902,Black,50,.2345761538461539,Littlefield
30902,Pooled,50,.1003247546187492,Littlefield
30902,Pooled,25,.1700414114114114,Littlefield
30902,Hispanic,-9,.1918668032786885,Littlefield
30903,Asian,50,-.0444574975490196,Amarillo
30903,AIAN,25,.1939823529411764,Amarillo
30903,AIAN,50,.1223070588235294,Amarillo
30903,Hispanic,25,.1845642438452521,Amarillo
30903,Hispanic,75,.1037443859649123,Amarillo
30903,Black,25,.25427625,Amarillo
30903,Asian,-9,-.0436506593406593,Amarillo
30903,Black,50,.2118319345238096,Amarillo
30903,White,50,.0589581718282618,Amarillo
30903,White,25,.1280289747455711,Amarillo
30903,Pooled,75,.0066614378238342,Amarillo
30903,Asian,25,-.0377827450980392,Amarillo
30903,Black,-9,.2366261386138614,Amarillo
30903,AIAN,-9,.1223070588235294,Amarillo
30903,Black,75,.169387619047619,Amarillo
30903,Asian,75,-.05113225,Amarillo
30903,White,75,-.0101126310890475,Amarillo
30903,Hispanic,-9,.1675180573543016,Amarillo
30903,Pooled,-9,.0879016955416956,Amarillo
30903,Pooled,50,.0799605365442639,Amarillo
30903,Hispanic,50,.1441543149050822,Amarillo
30903,White,-9,.0522579748127978,Amarillo
30903,AIAN,75,.0506317647058824,Amarillo
30903,Pooled,25,.1532596352646936,Amarillo
30904,Black,-9,.2121725,Pampa
30904,AIAN,75,.0819,Pampa
30904,White,25,.1394414715719064,Pampa
30904,Asian,25,-.02831,Pampa
30904,AIAN,25,.09105,Pampa
30904,White,50,.0778654715884223,Pampa
30904,Black,50,.2121725,Pampa
30904,AIAN,-9,.086475,Pampa
30904,Asian,-9,-.027234,Pampa
30904,White,75,.0162894716049383,Pampa
30904,White,-9,.0685940852272727,Pampa
30904,Pooled,50,.0897019207045887,Pampa
30904,Asian,50,-.027234,Pampa
30904,Black,75,.164995,Pampa
30904,Hispanic,75,.1124564788732394,Pampa
30904,Asian,75,-.026158,Pampa
30904,Pooled,25,.1522112862108922,Pampa
30904,Hispanic,25,.1961572769953051,Pampa
30904,Black,25,.25935,Pampa
30904,Pooled,-9,.0872655868596882,Pampa
30904,AIAN,50,.086475,Pampa
30904,Hispanic,-9,.1752320774647887,Pampa
30904,Pooled,75,.0271925551982851,Pampa
30904,Hispanic,50,.1543068779342723,Pampa
30905,White,50,.0191659105180534,Wellington
30905,Pooled,75,.0074663636363636,Wellington
30905,White,-9,.0446618666666667,Wellington
30905,Pooled,-9,.0807633628318584,Wellington
30905,Hispanic,75,-.048962,Wellington
30905,Hispanic,25,.1239666666666667,Wellington
30905,Pooled,25,.1275034782608696,Wellington
30905,Black,75,.31018,Wellington
30905,White,75,-.0639730769230769,Wellington
30905,Hispanic,-9,.0453627272727273,Wellington
30905,Black,50,.298665,Wellington
30905,Pooled,50,.0674849209486166,Wellington
30905,Black,-9,.298665,Wellington
30905,Hispanic,50,.0375023333333333,Wellington
30905,White,25,.1023048979591837,Wellington
30905,Black,25,.28715,Wellington
30906,Hispanic,75,.3054285714285714,Memphis
30906,White,50,.0556412915601023,Memphis
30906,Pooled,-9,.1646243820224719,Memphis
30906,Hispanic,25,.1288705263157895,Memphis
30906,Pooled,25,.1594688,Memphis
30906,Pooled,50,.1653514512820513,Memphis
30906,White,-9,.06751575,Memphis
30906,Black,-9,.32665,Memphis
30906,Hispanic,-9,.2037739393939394,Memphis
30906,Black,25,.30305,Memphis
30906,Black,50,.32665,Memphis
30906,Black,75,.35025,Memphis
30906,White,75,-.0235217647058823,Memphis
30906,Hispanic,50,.2171495488721805,Memphis
30906,White,25,.134804347826087,Memphis
30906,Pooled,75,.1712341025641026,Memphis
30907,Pooled,25,.03158,Matador
30907,White,-9,-.035875,Matador
30907,Hispanic,-9,-.200125,Matador
30907,White,25,.02691,Matador
30907,White,50,-.035875,Matador
30907,Hispanic,25,.03625,Matador
30907,Hispanic,75,-.4365,Matador
30907,Pooled,75,-.26758,Matador
30907,Hispanic,50,-.200125,Matador
30907,White,75,-.09866,Matador
30907,Pooled,-9,-.118,Matador
30907,Pooled,50,-.118,Matador
30908,Black,50,.2805068181818182,Plainview
30908,White,50,.0579113394472976,Plainview
30908,Black,-9,.2887933333333333,Plainview
30908,Pooled,50,.1239167342669121,Plainview
30908,Pooled,25,.2028779741100324,Plainview
30908,Hispanic,50,.2008642320085929,Plainview
30908,Hispanic,25,.228165306122449,Plainview
30908,Asian,50,-.0046015,Plainview
30908,AIAN,75,.03742,Plainview
30908,Pooled,75,.0449554944237918,Plainview
30908,Asian,25,.003177,Plainview
30908,White,25,.1270154022988506,Plainview
30908,Asian,-9,-.0046015,Plainview
30908,Hispanic,-9,.2212336302895323,Plainview
30908,Pooled,-9,.1549849109357385,Plainview
30908,Black,25,.2982636363636363,Plainview
30908,AIAN,50,.10631,Plainview
30908,Black,75,.26275,Plainview
30908,Asian,75,-.01238,Plainview
30908,AIAN,25,.1752,Plainview
30908,White,75,-.0111927234042553,Plainview
30908,Hispanic,75,.1735631578947369,Plainview
30908,White,-9,.0552388066298343,Plainview
30908,AIAN,-9,.10631,Plainview
31001,Pooled,50,-.0064361504856224,Garden City
31001,AIAN,-9,-.05178,Garden City
31001,Pooled,-9,-.0000880896805897,Garden City
31001,Black,-9,.11005,Garden City
31001,Hispanic,-9,.0718085035211267,Garden City
31001,Black,25,.107,Garden City
31001,Hispanic,75,.0402651219512195,Garden City
31001,Pooled,25,.0503476022099447,Garden City
31001,AIAN,25,.06424,Garden City
31001,Pooled,75,-.0632199031811895,Garden City
31001,White,75,-.0850357142857143,Garden City
31001,Hispanic,50,.0603961789531378,Garden City
31001,Black,75,.1131,Garden City
31001,White,-9,-.0358117842323651,Garden City
31001,Asian,-9,-.1296766666666667,Garden City
31001,Asian,50,-.12945,Garden City
31001,White,50,-.0263081541725601,Garden City
31001,White,25,.0324194059405941,Garden City
31001,Black,50,.11005,Garden City
31001,AIAN,75,-.1678,Garden City
31001,AIAN,50,-.05178,Garden City
31001,Hispanic,25,.0805272359550562,Garden City
31001,Asian,25,-.1303,Garden City
31001,Asian,75,-.1286,Garden City
31002,Hispanic,75,.0486505882352941,Ulysses
31002,White,50,-.0279317720907774,Ulysses
31002,Hispanic,25,.1306721052631579,Ulysses
31002,White,75,-.0689288073394495,Ulysses
31002,Hispanic,50,.089661346749226,Ulysses
31002,Pooled,25,.0522675438596491,Ulysses
31002,White,-9,-.0352447567567568,Ulysses
31002,Pooled,75,-.0530649206349206,Ulysses
31002,Pooled,50,-.0003986883876358,Ulysses
31002,White,25,.0130652631578947,Ulysses
31002,Hispanic,-9,.10532,Ulysses
31002,Pooled,-9,-.003032,Ulysses
31003,Pooled,75,-.1439653435114504,Scott City
31003,Hispanic,75,-.2580233333333333,Scott City
31003,Hispanic,-9,-.0990816666666667,Scott City
31003,Pooled,25,.0210505426356589,Scott City
31003,White,25,.0121798095238095,Scott City
31003,Hispanic,50,-.0990816666666667,Scott City
31003,White,75,-.1183822429906542,Scott City
31003,Pooled,-9,-.0620920769230769,Scott City
31003,White,-9,-.0537170754716981,Scott City
31003,Pooled,50,-.0614574004378957,Scott City
31003,White,50,-.0531012167334223,Scott City
31003,Hispanic,25,.05986,Scott City
31004,Asian,75,-.146,Liberal
31004,Black,75,.1653,Liberal
31004,Hispanic,25,.133183606557377,Liberal
31004,Pooled,25,.0922492105263158,Liberal
31004,White,-9,.0014058231707317,Liberal
31004,Asian,25,-.1243,Liberal
31004,Hispanic,-9,.1155690666666667,Liberal
31004,White,75,-.0394915300546448,Liberal
31004,Asian,50,-.13515,Liberal
31004,Black,25,.2304,Liberal
31004,Hispanic,50,.0860018032786885,Liberal
31004,AIAN,25,.07725,Liberal
31004,Pooled,-9,.0449341449814126,Liberal
31004,AIAN,50,.161775,Liberal
31004,Hispanic,75,.03882,Liberal
31004,AIAN,75,.2463,Liberal
31004,Asian,-9,-.13379375,Liberal
31004,Black,-9,.2118,Liberal
31004,White,50,.0067647866968155,Liberal
31004,Pooled,75,-.016535,Liberal
31004,Black,50,.19785,Liberal
31004,Pooled,50,.0378571052631579,Liberal
31004,AIAN,-9,.161775,Liberal
31004,White,25,.0530211034482759,Liberal
31005,White,-9,.0239215765765766,Perryton
31005,Hispanic,-9,.0788721764705882,Perryton
31005,Hispanic,75,.0199318604651163,Perryton
31005,White,75,-.0445878899082569,Perryton
31005,Pooled,25,.0935549584487535,Perryton
31005,White,50,.0227090196476415,Perryton
31005,Hispanic,25,.0988283464566929,Perryton
31005,AIAN,50,.03306,Perryton
31005,Pooled,50,.0296493565477968,Perryton
31005,AIAN,25,.1101,Perryton
31005,Pooled,-9,.0389816031746032,Perryton
31005,AIAN,75,-.04398,Perryton
31005,White,25,.0900059292035398,Perryton
31005,Hispanic,50,.0593801034609046,Perryton
31005,AIAN,-9,.03306,Perryton
31005,Pooled,75,-.0342562453531599,Perryton
31006,Pooled,25,.0502465432098766,Guymon
31006,White,75,-.05400875,Guymon
31006,Pooled,75,-.0454690441176471,Guymon
31006,Black,25,.02325,Guymon
31006,White,25,.0493512244897959,Guymon
31006,Pooled,50,.0023887495461147,Guymon
31006,AIAN,-9,.03815,Guymon
31006,Black,50,.061925,Guymon
31006,Black,-9,.061925,Guymon
31006,Asian,25,-.09277,Guymon
31006,Asian,-9,-.124685,Guymon
31006,Asian,75,-.1566,Guymon
31006,Asian,50,-.124685,Guymon
31006,Black,75,.1006,Guymon
31006,White,-9,-.0038638118811881,Guymon
31006,AIAN,25,.1836,Guymon
31006,White,50,-.002328762755102,Guymon
31006,AIAN,75,-.1073,Guymon
31006,Hispanic,25,.0547538461538462,Guymon
31006,AIAN,50,.03815,Guymon
31006,Hispanic,50,.0295349230769231,Guymon
31006,Pooled,-9,.0065642617449664,Guymon
31006,Hispanic,75,.004316,Guymon
31006,Hispanic,-9,.0407433333333333,Guymon
31007,Hispanic,75,.1117745945945946,Dumas
31007,Hispanic,-9,.1622913483146067,Dumas
31007,Asian,25,.01799,Dumas
31007,Hispanic,50,.1436610561625455,Dumas
31007,AIAN,50,.059590665,Dumas
31007,Black,50,.324975,Dumas
31007,AIAN,25,.1192,Dumas
31007,White,25,.1413908609271523,Dumas
31007,AIAN,-9,.059590665,Dumas
31007,AIAN,75,-.00001867,Dumas
31007,Pooled,-9,.1121398064466019,Dumas
31007,Black,-9,.324975,Dumas
31007,White,75,.0095955519480519,Dumas
31007,Hispanic,25,.1755475177304965,Dumas
31007,Pooled,75,.0439392285990338,Dumas
31007,White,-9,.0748450327868852,Dumas
31007,Black,75,.39925,Dumas
31007,Black,25,.2507,Dumas
31007,Asian,75,.07203,Dumas
31007,Pooled,25,.1579759090909091,Dumas
31007,Pooled,50,.1009575688449715,Dumas
31007,Asian,50,.04501,Dumas
31007,Asian,-9,.04501,Dumas
31007,White,50,.0754932064376021,Dumas
31101,Black,75,.1583609900990099,Victoria
31101,White,-9,.053254796812749,Victoria
31101,Pooled,75,.0399316993776927,Victoria
31101,Hispanic,25,.2439354786806114,Victoria
31101,Hispanic,-9,.2158135933806146,Victoria
31101,Asian,25,-.0839105263157895,Victoria
31101,AIAN,-9,.145565,Victoria
31101,AIAN,75,.09363,Victoria
31101,AIAN,25,.1975,Victoria
31101,Black,-9,.229737005988024,Victoria
31101,Hispanic,75,.1379616926503341,Victoria
31101,Black,25,.2606768240343348,Victoria
31101,Pooled,50,.1181111675616972,Victoria
31101,Pooled,25,.1962906357457017,Victoria
31101,Asian,50,-.0933457894736842,Victoria
31101,White,25,.1272421643286573,Victoria
31101,Asian,-9,-.0933457894736842,Victoria
31101,Pooled,-9,.1251285838779956,Victoria
31101,Asian,75,-.1027810526315789,Victoria
31101,AIAN,50,.145565,Victoria
31101,White,50,.0658306919526885,Victoria
31101,Hispanic,50,.1909485856654727,Victoria
31101,White,75,.0044192195767196,Victoria
31101,Black,50,.2095189070666724,Victoria
31102,Black,-9,.2555678082191781,La Grange
31102,White,75,-.0445890697674419,La Grange
31102,Black,75,.1046129032258065,La Grange
31102,Pooled,-9,.0637502807775378,La Grange
31102,Hispanic,50,.0838222522159549,La Grange
31102,Pooled,25,.1359519922630561,La Grange
31102,Pooled,75,-.0275169193154034,La Grange
31102,Hispanic,75,.0247417647058824,La Grange
31102,White,50,.0076927307412791,La Grange
31102,Black,25,.29626,La Grange
31102,White,25,.05997453125,La Grange
31102,Hispanic,25,.1429027397260274,La Grange
31102,Black,50,.2004364516129032,La Grange
31102,Hispanic,-9,.1205834444444445,La Grange
31102,White,-9,.0000247333333333,La Grange
31102,Pooled,50,.0542175364738263,La Grange
31103,Pooled,-9,.136011615720524,Gonzales
31103,White,75,-.02531,Gonzales
31103,White,25,.1032,Gonzales
31103,Pooled,50,.107761140348726,Gonzales
31103,Black,75,.3231,Gonzales
31103,Hispanic,50,.19365,Gonzales
31103,Black,50,.2964,Gonzales
31103,Black,25,.2697,Gonzales
31103,White,-9,.0493481904761905,Gonzales
31103,Pooled,25,.1676626112759644,Gonzales
31103,White,50,.038945,Gonzales
31103,Hispanic,-9,.1958811320754717,Gonzales
31103,Black,-9,.2889833333333333,Gonzales
31103,Hispanic,75,.1909,Gonzales
31103,Hispanic,25,.1964,Gonzales
31103,Pooled,75,.0478596694214876,Gonzales
31201,AIAN,75,.025189347826087,Austin
31201,Hispanic,75,.0811104344597104,Austin
31201,Black,75,.1783382425742574,Austin
31201,Black,-9,.2365045107564191,Austin
31201,Pooled,50,.0640961905226089,Austin
31201,AIAN,-9,.1019407291666667,Austin
31201,White,75,-.0378480763009558,Austin
31201,Hispanic,25,.1796039600071416,Austin
31201,Pooled,75,-.009490841676942,Austin
31201,AIAN,25,.172552,Austin
31201,Asian,75,-.1257628703703704,Austin
31201,Pooled,-9,.0592716038628301,Austin
31201,White,25,.0710993529695799,Austin
31201,White,-9,-.0011682032079766,Austin
31201,Black,50,.2187517394163476,Austin
31201,AIAN,50,.0988706739130435,Austin
31201,White,50,.0166256383343121,Austin
31201,Pooled,25,.1376832227221597,Austin
31201,Asian,50,-.1248258407795908,Austin
31201,Asian,25,-.1238888111888112,Austin
31201,Hispanic,50,.130357197233426,Austin
31201,Black,25,.2591652362584378,Austin
31201,Asian,-9,-.1250163788300836,Austin
31201,Hispanic,-9,.1476238461538462,Austin
31202,Black,-9,.21035,Burnet
31202,White,50,.0467898303571429,Burnet
31202,Asian,50,.060735,Burnet
31202,Asian,75,.07262,Burnet
31202,AIAN,75,.1323,Burnet
31202,AIAN,50,.20285,Burnet
31202,Hispanic,50,.0843650366188769,Burnet
31202,Asian,25,.04885,Burnet
31202,Pooled,50,.0573386037906736,Burnet
31202,Pooled,-9,.0655808028301887,Burnet
31202,Pooled,25,.0958830051813472,Burnet
31202,Hispanic,25,.1074285925925926,Burnet
31202,Black,50,.21035,Burnet
31202,Black,25,.2724,Burnet
31202,Asian,-9,.060735,Burnet
31202,Hispanic,-9,.098814493373494,Burnet
31202,Pooled,75,.0187942024,Burnet
31202,Black,75,.1483,Burnet
31202,White,-9,.0521323243243243,Burnet
31202,AIAN,-9,.20285,Burnet
31202,White,75,.007255375,Burnet
31202,AIAN,25,.2734,Burnet
31202,Hispanic,75,.0613014806451613,Burnet
31202,White,25,.0863242857142857,Burnet
31301,Pooled,50,.0838230237129552,San Antonio
31301,White,-9,.0093187094736842,San Antonio
31301,Asian,-9,-.0797881699346405,San Antonio
31301,Black,-9,.201387185,San Antonio
31301,White,25,.0818213109243697,San Antonio
31301,AIAN,75,.072483,San Antonio
31301,Asian,75,-.0746671241830065,San Antonio
31301,AIAN,50,.1174115408163265,San Antonio
31301,Hispanic,-9,.1539774553311726,San Antonio
31301,White,75,-.031700987385103,San Antonio
31301,Pooled,25,.1551894478178368,San Antonio
31301,Black,50,.1890779341880342,San Antonio
31301,Black,25,.2242472222222223,San Antonio
31301,Black,75,.1539086461538461,San Antonio
31301,Asian,25,-.0849092156862745,San Antonio
31301,AIAN,-9,.1219548764044944,San Antonio
31301,Pooled,75,.0124565996080737,San Antonio
31301,White,50,.0250601617696334,San Antonio
31301,Hispanic,75,.0803196795475966,San Antonio
31301,Pooled,-9,.0942587363894931,San Antonio
31301,Hispanic,50,.1303944827116514,San Antonio
31301,Asian,50,-.0797881699346405,San Antonio
31301,Hispanic,25,.1804692858757062,San Antonio
31301,AIAN,25,.1623400816326531,San Antonio
31302,Hispanic,50,.201911324570273,Beeville
31302,AIAN,-9,.1976,Beeville
31302,Hispanic,25,.2568806201550388,Beeville
31302,Black,75,.2008,Beeville
31302,Hispanic,-9,.2336825688073395,Beeville
31302,Asian,75,-.1364,Beeville
31302,Black,50,.23015,Beeville
31302,White,25,.1381063716814159,Beeville
31302,White,50,.0667369807125028,Beeville
31302,Black,25,.2595,Beeville
31302,Asian,50,-.09822,Beeville
31302,Asian,25,-.06004,Beeville
31302,Pooled,25,.2189204627249358,Beeville
31302,Pooled,-9,.1633663878583474,Beeville
31302,White,-9,.0654957739130435,Beeville
31302,Asian,-9,-.09822,Beeville
31302,Hispanic,75,.1469420289855072,Beeville
31302,Pooled,75,.0574323921568627,Beeville
31302,Pooled,50,.1381764274408993,Beeville
31302,AIAN,25,.231,Beeville
31302,White,75,-.0046324102564103,Beeville
31302,AIAN,50,.1976,Beeville
31302,Black,-9,.23015,Beeville
31302,AIAN,75,.1642,Beeville
31303,White,75,-.0469637837837838,Kerrville
31303,White,-9,.0067950612244898,Kerrville
31303,Pooled,-9,.0467317571428571,Kerrville
31303,AIAN,50,.21785,Kerrville
31303,Hispanic,75,.0554236363636364,Kerrville
31303,Hispanic,50,.1069565550239234,Kerrville
31303,Asian,25,-.08236,Kerrville
31303,Black,-9,.21095,Kerrville
31303,Asian,-9,-.02226,Kerrville
31303,Asian,75,.03784,Kerrville
31303,Pooled,25,.0923741040462428,Kerrville
31303,Hispanic,25,.1584894736842105,Kerrville
31303,AIAN,75,.1376,Kerrville
31303,Pooled,50,.0326551454810653,Kerrville
31303,Black,25,.2762,Kerrville
31303,White,25,.0513266417910448,Kerrville
31303,Black,50,.21095,Kerrville
31303,Asian,50,-.02226,Kerrville
31303,White,50,.0021814290036305,Kerrville
31303,Pooled,75,-.0270638130841122,Kerrville
31303,Hispanic,-9,.1401047567567567,Kerrville
31303,AIAN,-9,.21785,Kerrville
31303,AIAN,25,.2981,Kerrville
31303,Black,75,.1457,Kerrville
31304,White,75,-.07815,Mason
31304,Hispanic,-9,.1612,Mason
31304,Hispanic,75,.1567,Mason
31304,Pooled,75,.039275,Mason
31304,White,25,.04519,Mason
31304,Pooled,-9,.07236,Mason
31304,White,-9,-.01648,Mason
31304,Hispanic,50,.1612,Mason
31304,White,50,-.01648,Mason
31304,Pooled,25,.105445,Mason
31304,Hispanic,25,.1657,Mason
31304,Pooled,50,.07236,Mason
31401,Black,25,.2576092682926829,Midland
31401,Hispanic,50,.193992881484084,Midland
31401,Asian,75,-.1022409090909091,Midland
31401,Pooled,25,.2018852347858753,Midland
31401,AIAN,-9,.1580717647058824,Midland
31401,AIAN,75,.1054670588235294,Midland
31401,Asian,25,-.106516,Midland
31401,Hispanic,75,.1517436856368563,Midland
31401,White,25,.1562369220369536,Midland
31401,AIAN,25,.2106764705882353,Midland
31401,Asian,50,-.1043784545454545,Midland
31401,Black,75,.1792993103448276,Midland
31401,Hispanic,25,.2362420773313116,Midland
31401,Asian,-9,-.1042766666666667,Midland
31401,White,50,.0920514865015348,Midland
31401,White,75,.0278660509661159,Midland
31401,White,-9,.0770637993091537,Midland
31401,Hispanic,-9,.2177705687203791,Midland
31401,Black,-9,.240339391634981,Midland
31401,Pooled,-9,.1329690680937819,Midland
31401,Pooled,75,.0511791279536335,Midland
31401,Pooled,50,.1265321813697544,Midland
31401,Black,50,.2184542893187552,Midland
31401,AIAN,50,.1580717647058824,Midland
31402,White,25,.1559969696969697,Pecos
31402,Pooled,75,.1136946118721461,Pecos
31402,White,75,.0777852482269503,Pecos
31402,Hispanic,75,.166730303030303,Pecos
31402,White,50,.11689110896196,Pecos
31402,Black,75,.2439333333333333,Pecos
31402,Hispanic,-9,.2267665722379603,Pecos
31402,Pooled,25,.21652343387471,Pecos
31402,Black,-9,.2755333333333334,Pecos
31402,Black,50,.2755333333333334,Pecos
31402,Hispanic,25,.2405728222996515,Pecos
31402,Pooled,-9,.1818780307692307,Pecos
31402,Hispanic,50,.2036515626649773,Pecos
31402,White,-9,.1156019047619048,Pecos
31402,Black,25,.3071333333333334,Pecos
31402,Pooled,50,.165109022873428,Pecos
31403,Pooled,75,.1172348717948718,Fort Stockton
31403,Pooled,-9,.1798468292682927,Fort Stockton
31403,Pooled,25,.2089166666666666,Fort Stockton
31403,White,25,.12994,Fort Stockton
31403,White,75,.0579469767441861,Fort Stockton
31403,Black,50,.37245,Fort Stockton
31403,Hispanic,50,.1944112903225806,Fort Stockton
31403,Hispanic,25,.2313967741935483,Fort Stockton
31403,Black,-9,.37245,Fort Stockton
31403,Hispanic,-9,.2166025806451613,Fort Stockton
31403,Black,25,.3018,Fort Stockton
31403,Pooled,50,.1630757692307692,Fort Stockton
31403,Black,75,.4431,Fort Stockton
31403,Hispanic,75,.1574258064516129,Fort Stockton
31403,White,50,.093943488372093,Fort Stockton
31403,White,-9,.0926424096385542,Fort Stockton
31404,Pooled,75,-.0115937224489796,Alpine
31404,White,75,-.0490814074074074,Alpine
31404,White,25,.07459,Alpine
31404,Pooled,25,.1605234782608696,Alpine
31404,Pooled,-9,.115423249197861,Alpine
31404,Hispanic,-9,.1564925791044776,Alpine
31404,Hispanic,25,.1804723214285714,Alpine
31404,White,-9,.0115875849056604,Alpine
31404,White,50,.0127542962962963,Alpine
31404,Hispanic,75,.0344138909090909,Alpine
31404,Hispanic,50,.1074431061688312,Alpine
31404,Pooled,50,.074464877905945,Alpine
31501,White,50,.0462252173913044,Crystal City
31501,Black,50,.105605,Crystal City
31501,White,-9,.0462252173913044,Crystal City
31501,Pooled,-9,.1768532721712538,Crystal City
31501,Hispanic,75,.1383055555555556,Crystal City
31501,Hispanic,-9,.1889290540540541,Crystal City
31501,Black,25,.3035,Crystal City
31501,Pooled,25,.1939521960072595,Crystal City
31501,White,25,.1109417391304348,Crystal City
31501,Black,-9,.105605,Crystal City
31501,White,75,-.0184913043478261,Crystal City
31501,Hispanic,25,.1959384615384615,Crystal City
31501,Black,75,-.09229,Crystal City
31501,Pooled,75,.0853823300970874,Crystal City
31501,Hispanic,50,.1671220085470085,Crystal City
31501,Pooled,50,.1396672630521734,Crystal City
31502,Pooled,50,.1447051781170483,Pearsall
31502,Hispanic,75,.1264,Pearsall
31502,White,-9,.0559151315789474,Pearsall
31502,Pooled,-9,.1969762658227848,Pearsall
31502,Pooled,75,.0652933333333333,Pearsall
31502,Hispanic,25,.2372857142857143,Pearsall
31502,White,75,-.0235890909090909,Pearsall
31502,White,25,.11693,Pearsall
31502,Hispanic,50,.1818428571428571,Pearsall
31502,Hispanic,-9,.2239125628140703,Pearsall
31502,Pooled,25,.2241170229007634,Pearsall
31502,White,50,.0466704545454545,Pearsall
31503,Black,75,.1449,Laredo
31503,Asian,50,.001415,Laredo
31503,Pooled,25,.1822195415802811,Laredo
31503,Asian,-9,.001415,Laredo
31503,Hispanic,75,.101934184675835,Laredo
31503,Black,25,.3065,Laredo
31503,AIAN,-9,.084605,Laredo
31503,White,50,.0699744349477683,Laredo
31503,Black,50,.2257,Laredo
31503,Hispanic,25,.1847122115384615,Laredo
31503,AIAN,75,-.01129,Laredo
31503,Pooled,75,.0897032033195021,Laredo
31503,Asian,25,-.01913,Laredo
31503,Pooled,50,.1359613724498916,Laredo
31503,White,25,.1210794871794872,Laredo
31503,Pooled,-9,.1621181734583484,Laredo
31503,White,75,.0188693827160494,Laredo
31503,AIAN,25,.1805,Laredo
31503,Black,-9,.2257,Laredo
31503,Hispanic,-9,.1684379683275396,Laredo
31503,White,-9,.0690101886792453,Laredo
31503,Hispanic,50,.1433231981071483,Laredo
31503,AIAN,50,.084605,Laredo
31503,Asian,75,.02196,Laredo
31600,Pooled,50,.10672775549786,Brownsville
31600,Pooled,75,.0515326386321627,Brownsville
31600,AIAN,75,.09804,Brownsville
31600,Hispanic,75,.080960472972973,Brownsville
31600,Pooled,-9,.1408980117936983,Brownsville
31600,Asian,25,-.058798,Brownsville
31600,White,-9,.0362313237924866,Brownsville
31600,Asian,-9,-.0579230666666667,Brownsville
31600,White,50,.0410323342838271,Brownsville
31600,Black,75,.1524569230769231,Brownsville
31600,Asian,50,-.0580688888888889,Brownsville
31600,White,25,.0993750487329435,Brownsville
31600,Hispanic,25,.1665065659500291,Brownsville
31600,White,75,-.0173103801652893,Brownsville
31600,Hispanic,50,.123733519461501,Brownsville
31600,Pooled,25,.1619228723635573,Brownsville
31600,AIAN,-9,.10477,Brownsville
31600,Hispanic,-9,.1539524541398116,Brownsville
31600,Asian,75,-.0573397777777778,Brownsville
31600,Black,-9,.1534411764705882,Brownsville
31600,Black,25,.1540504761904762,Brownsville
31600,Black,50,.1532536996336996,Brownsville
31600,AIAN,25,.1115,Brownsville
31600,AIAN,50,.10477,Brownsville
31700,AIAN,-9,.1072631315789474,Corpus Christi
31700,Hispanic,-9,.2153879831550193,Corpus Christi
31700,Asian,-9,-.0410622365591398,Corpus Christi
31700,Black,50,.2031948954774858,Corpus Christi
31700,Asian,75,-.0508714174757281,Corpus Christi
31700,White,25,.1335455955235811,Corpus Christi
31700,Asian,25,-.0288893975903614,Corpus Christi
31700,Hispanic,50,.190430424262669,Corpus Christi
31700,Pooled,25,.2119133749338974,Corpus Christi
31700,Hispanic,25,.2435241560854754,Corpus Christi
31700,Hispanic,75,.1373366924398625,Corpus Christi
31700,Black,25,.2436643765903308,Corpus Christi
31700,Pooled,-9,.1549882015548702,Corpus Christi
31700,AIAN,50,.1072631315789474,Corpus Christi
31700,AIAN,75,.0319683684210526,Corpus Christi
31700,Black,75,.1627254143646409,Corpus Christi
31700,AIAN,25,.1825578947368421,Corpus Christi
31700,Pooled,75,.0668841723686364,Corpus Christi
31700,Asian,50,-.0398804075330448,Corpus Christi
31700,Black,-9,.2181418118466899,Corpus Christi
31700,Pooled,50,.1393987736512669,Corpus Christi
31700,White,50,.0759813437652408,Corpus Christi
31700,White,75,.0184170920069005,Corpus Christi
31700,White,-9,.0665862418060201,Corpus Christi
31800,Black,75,.1858709923664122,College Station
31800,AIAN,75,.08749,College Station
31800,Asian,50,-.12245,College Station
31800,AIAN,-9,.07976,College Station
31800,Black,50,.2248248545556631,College Station
31800,Asian,25,-.1374,College Station
31800,Hispanic,-9,.1414573839662447,College Station
31800,Asian,75,-.1075,College Station
31800,White,50,.0387511750842853,College Station
31800,AIAN,25,.07203,College Station
31800,Pooled,25,.1631299315895372,College Station
31800,Hispanic,75,.0450504201680672,College Station
31800,AIAN,50,.07976,College Station
31800,White,75,-.0279618834080717,College Station
31800,Hispanic,50,.1094122523375547,College Station
31800,Pooled,-9,.0824254618986803,College Station
31800,Black,-9,.2505242857142857,College Station
31800,White,25,.1054642335766423,College Station
31800,Black,25,.2637787167449139,College Station
31800,Pooled,75,-.0081984003615002,College Station
31800,Pooled,50,.0774657656140185,College Station
31800,White,-9,.0228141666666667,College Station
31800,Asian,-9,-.1180529411764706,College Station
31800,Hispanic,25,.1737740845070423,College Station
31900,Black,25,.2720742049469965,Pearland
31900,AIAN,75,.0843173684210526,Pearland
31900,Asian,50,-.0733901136363636,Pearland
31900,White,75,.0470079193548387,Pearland
31900,Pooled,75,.0667407283668811,Pearland
31900,AIAN,-9,.140813947368421,Pearland
31900,Black,-9,.2559654040404041,Pearland
31900,Asian,-9,-.0735110752688172,Pearland
31900,Asian,75,-.07564,Pearland
31900,Hispanic,25,.1999436363636364,Pearland
31900,White,50,.107014246758759,Pearland
31900,Pooled,50,.1274631083484077,Pearland
31900,White,25,.1670205741626794,Pearland
31900,Pooled,-9,.1247926917244367,Pearland
31900,Hispanic,-9,.180274812967581,Pearland
31900,Hispanic,75,.1373468253968254,Pearland
31900,AIAN,25,.1973105263157895,Pearland
31900,Black,75,.2156221238938053,Pearland
31900,Asian,25,-.0711402272727273,Pearland
31900,Black,50,.2438481644204009,Pearland
31900,Hispanic,50,.1686452308802309,Pearland
31900,AIAN,50,.140813947368421,Pearland
31900,Pooled,25,.1881854883299343,Pearland
31900,White,-9,.0901794251290878,Pearland
32000,AIAN,25,.1922702702702703,Houston
32000,Asian,-9,-.1083513518219929,Houston
32000,Pooled,25,.1498393787314017,Houston
32000,Asian,25,-.1098740474254743,Houston
32000,Hispanic,25,.134789368355222,Houston
32000,White,50,.0637919584418655,Houston
32000,Asian,75,-.1069682756923077,Houston
32000,White,-9,.0421795491092543,Houston
32000,Black,25,.2501530042656917,Houston
32000,Hispanic,-9,.1189592968433956,Houston
32000,Pooled,75,.0259406103008803,Houston
32000,Black,75,.1942062368605466,Houston
32000,AIAN,50,.1322930542102796,Houston
32000,AIAN,75,.072315838150289,Houston
32000,Asian,50,-.108421161558891,Houston
32000,Pooled,-9,.0893610304157514,Houston
32000,White,75,.0036500296901095,Houston
32000,Hispanic,50,.1049145717426775,Houston
32000,Pooled,50,.087889994516141,Houston
32000,Black,-9,.2357148024233656,Houston
32000,Black,50,.2221796205631191,Houston
32000,Hispanic,75,.075039775130133,Houston
32000,AIAN,-9,.1343034636871508,Houston
32000,White,25,.1239338871936214,Houston
32100,White,-9,.1065417182283552,Beaumont
32100,AIAN,50,.1590183720930233,Beaumont
32100,Asian,25,-.0774503157894737,Beaumont
32100,White,25,.1822918699186992,Beaumont
32100,White,50,.1148967349593496,Beaumont
32100,Black,-9,.2675185161699429,Beaumont
32100,AIAN,-9,.1590183720930233,Beaumont
32100,AIAN,75,.1352809302325581,Beaumont
32100,Asian,75,-.0809880327868853,Beaumont
32100,Black,75,.2304628242074928,Beaumont
32100,Hispanic,-9,.1482951149425287,Beaumont
32100,Pooled,50,.1380113593751227,Beaumont
32100,Hispanic,75,.095886327077748,Beaumont
32100,Hispanic,25,.1774284649776453,Beaumont
32100,Pooled,-9,.1432069547931085,Beaumont
32100,White,75,.0475016,Beaumont
32100,Black,50,.2542176316159415,Beaumont
32100,Asian,50,-.0792191742881795,Beaumont
32100,AIAN,25,.1827558139534884,Beaumont
32100,Pooled,25,.207330197260274,Beaumont
32100,Black,25,.2779724390243902,Beaumont
32100,Asian,-9,-.0788336538461538,Beaumont
32100,Hispanic,50,.1366573960276966,Beaumont
32100,Pooled,75,.0686925214899713,Beaumont
32201,Asian,25,-.104765,Huntsville
32201,AIAN,75,-.01563,Huntsville
32201,Pooled,25,.1841833846153846,Huntsville
32201,White,50,.0903914338506011,Huntsville
32201,White,-9,.0929889150738151,Huntsville
32201,White,25,.1534661194029851,Huntsville
32201,AIAN,25,.1619,Huntsville
32201,Black,25,.2649325373134329,Huntsville
32201,Pooled,-9,.1323436010600707,Huntsville
32201,Black,-9,.2608344473007712,Huntsville
32201,White,75,.0273167482982172,Huntsville
32201,Asian,75,-.07616,Huntsville
32201,Black,75,.2354111111111111,Huntsville
32201,Hispanic,50,.1325699992079835,Huntsville
32201,Asian,-9,-.0904625,Huntsville
32201,Hispanic,75,.0995572881355932,Huntsville
32201,AIAN,-9,.073135,Huntsville
32201,Pooled,75,.0465230478552279,Huntsville
32201,Black,50,.250171824212272,Huntsville
32201,Hispanic,25,.1655827102803738,Huntsville
32201,Pooled,50,.1153532162353062,Huntsville
32201,AIAN,50,.073135,Huntsville
32201,Hispanic,-9,.1513134798534798,Huntsville
32201,Asian,50,-.0904625,Huntsville
32202,AIAN,25,.1735,Nacogdoches
32202,Asian,75,-.1372,Nacogdoches
32202,Asian,25,-.1114,Nacogdoches
32202,Black,75,.2365545454545454,Nacogdoches
32202,Asian,-9,-.1243,Nacogdoches
32202,Pooled,75,.0347371049136786,Nacogdoches
32202,White,25,.1427053708439898,Nacogdoches
32202,White,75,.0113299678456592,Nacogdoches
32202,Black,50,.2562348869404707,Nacogdoches
32202,Asian,50,-.1243,Nacogdoches
32202,AIAN,75,-.1754,Nacogdoches
32202,AIAN,50,-.00095,Nacogdoches
32202,White,-9,.0845034472934473,Nacogdoches
32202,Hispanic,25,.1161260839160839,Nacogdoches
32202,Black,-9,.2702678260869565,Nacogdoches
32202,Pooled,50,.1062857921572138,Nacogdoches
32202,Pooled,-9,.1262289607279694,Nacogdoches
32202,Black,25,.2759152284263959,Nacogdoches
32202,White,50,.0770176693448245,Nacogdoches
32202,AIAN,-9,-.00095,Nacogdoches
32202,Hispanic,-9,.1177293229166667,Nacogdoches
32202,Hispanic,50,.119267123590695,Nacogdoches
32202,Pooled,25,.1778344794007491,Nacogdoches
32202,Hispanic,75,.1224081632653061,Nacogdoches
32301,White,75,-.0149603780068729,San Angelo
32301,Black,75,.1572,San Angelo
32301,Asian,-9,-.12715,San Angelo
32301,Black,25,.2344,San Angelo
32301,Hispanic,50,.1379328857972958,San Angelo
32301,Black,-9,.2131034482758621,San Angelo
32301,Black,50,.1958,San Angelo
32301,AIAN,-9,.08805,San Angelo
32301,Hispanic,75,.0806345614035088,San Angelo
32301,AIAN,25,.1047,San Angelo
32301,White,25,.1088343203285421,San Angelo
32301,Pooled,75,.0104614857142857,San Angelo
32301,AIAN,50,.08805,San Angelo
32301,White,50,.0469369711608346,San Angelo
32301,Hispanic,-9,.1647078037383178,San Angelo
32301,Pooled,25,.1545233291323315,San Angelo
32301,Hispanic,25,.1952312101910828,San Angelo
32301,Asian,75,-.1387,San Angelo
32301,White,-9,.0414362712815716,San Angelo
32301,AIAN,75,.0714,San Angelo
32301,Asian,50,-.12715,San Angelo
32301,Asian,25,-.1156,San Angelo
32301,Pooled,50,.0824924074233086,San Angelo
32301,Pooled,-9,.0921546091258933,San Angelo
32302,Pooled,50,.094263366453517,Brady
32302,White,75,-.0040497014925373,Brady
32302,Black,-9,.1393,Brady
32302,Pooled,-9,.1177283171521036,Brady
32302,White,25,.1180033928571429,Brady
32302,Black,75,-.01255,Brady
32302,White,-9,.0723187150837989,Brady
32302,Pooled,75,.0333333684210526,Brady
32302,White,50,.0569768456823028,Brady
32302,Pooled,25,.1551933644859813,Brady
32302,Hispanic,-9,.1860017543859649,Brady
32302,Black,25,.29115,Brady
32302,Black,50,.1393,Brady
32302,Hispanic,75,.17692,Brady
32302,Hispanic,25,.1879340425531914,Brady
32302,Hispanic,50,.1824270212765957,Brady
32303,Hispanic,75,.0100728095238095,Junction
32303,Pooled,75,-.0182281458333333,Junction
32303,White,75,-.04024,Junction
32303,White,-9,.048998125,Junction
32303,Hispanic,50,.0675764047619048,Junction
32303,Pooled,25,.0977701923076923,Junction
32303,Hispanic,25,.12508,Junction
32303,Hispanic,-9,.0819523035714286,Junction
32303,Pooled,50,.0397710232371795,Junction
32303,White,50,.0218386956521739,Junction
32303,White,25,.0839173913043478,Junction
32303,Pooled,-9,.0611391381578947,Junction
32304,White,-9,.0185570121951219,Uvalde
32304,White,50,.02175409919821,Uvalde
32304,Hispanic,-9,.1533170648464164,Uvalde
32304,Black,75,.201,Uvalde
32304,White,25,.0800121290322581,Uvalde
32304,White,75,-.0365039306358381,Uvalde
32304,Asian,25,-.1514,Uvalde
32304,Hispanic,75,.0311884615384615,Uvalde
32304,Black,50,.1814,Uvalde
32304,Asian,-9,-.1565,Uvalde
32304,Asian,50,-.1565,Uvalde
32304,Pooled,75,-.0094074402730375,Uvalde
32304,Black,25,.1618,Uvalde
32304,Hispanic,50,.105428463134376,Uvalde
32304,Black,-9,.1814,Uvalde
32304,Asian,75,-.1616,Uvalde
32304,Pooled,50,.0711655601085042,Uvalde
32304,Pooled,25,.1517385604900459,Uvalde
32304,Hispanic,25,.1796684647302904,Uvalde
32304,Pooled,-9,.1018275898520084,Uvalde
32305,Pooled,-9,.1066653221556886,Del Rio
32305,Hispanic,50,.1237856147633662,Del Rio
32305,Pooled,50,.0861089139462623,Del Rio
32305,Asian,75,-.09771,Del Rio
32305,Pooled,25,.1480749820143885,Del Rio
32305,White,50,.014639635610766,Del Rio
32305,Hispanic,25,.166555408388521,Del Rio
32305,Hispanic,75,.0810158211382114,Del Rio
32305,AIAN,75,.1123,Del Rio
32305,Black,75,.1661,Del Rio
32305,White,25,.0651376190476191,Del Rio
32305,White,-9,.0023563423423423,Del Rio
32305,Black,-9,.1313452380952381,Del Rio
32305,AIAN,-9,.11235,Del Rio
32305,Hispanic,-9,.1482891423611111,Del Rio
32305,Black,50,.132925,Del Rio
32305,Asian,25,-.03458,Del Rio
32305,Black,25,.09975,Del Rio
32305,Pooled,75,.0241428458781362,Del Rio
32305,AIAN,25,.1124,Del Rio
32305,White,75,-.035858347826087,Del Rio
32305,Asian,50,-.066145,Del Rio
32305,AIAN,50,.11235,Del Rio
32305,Asian,-9,-.066145,Del Rio
32306,Pooled,-9,.1633550911640954,Eagle Pass
32306,White,75,.0352,Eagle Pass
32306,Pooled,25,.1761105785123967,Eagle Pass
32306,Hispanic,50,.137465,Eagle Pass
32306,AIAN,75,.06981,Eagle Pass
32306,Pooled,50,.1340056596265687,Eagle Pass
32306,AIAN,-9,.142755,Eagle Pass
32306,AIAN,50,.142755,Eagle Pass
32306,White,-9,.0915952380952381,Eagle Pass
32306,White,50,.08075,Eagle Pass
32306,Asian,75,-.05775,Eagle Pass
32306,Black,-9,.2563,Eagle Pass
32306,Black,25,.2374,Eagle Pass
32306,Asian,25,-.09485,Eagle Pass
32306,Hispanic,25,.1784,Eagle Pass
32306,Pooled,75,.0919007407407407,Eagle Pass
32306,Hispanic,-9,.1676147305389222,Eagle Pass
32306,White,25,.1263,Eagle Pass
32306,Black,75,.2752,Eagle Pass
32306,Asian,50,-.0763,Eagle Pass
32306,Asian,-9,-.0763,Eagle Pass
32306,Black,50,.2563,Eagle Pass
32306,Hispanic,75,.09653,Eagle Pass
32306,AIAN,25,.2157,Eagle Pass
32401,White,50,.1067557737852185,Big Spring
32401,AIAN,75,.03383,Big Spring
32401,Pooled,25,.2173487910028116,Big Spring
32401,AIAN,25,.2521,Big Spring
32401,White,-9,.1041981057268723,Big Spring
32401,Asian,75,-.05109,Big Spring
32401,Asian,50,-.050175,Big Spring
32401,AIAN,50,.142965,Big Spring
32401,AIAN,-9,.142965,Big Spring
32401,Asian,25,-.04926,Big Spring
32401,Hispanic,25,.2559039007092199,Big Spring
32401,Hispanic,75,.1739371875,Big Spring
32401,Pooled,75,.0767196918335901,Big Spring
32401,Black,75,.1478374193548387,Big Spring
32401,Black,50,.2100413511868534,Big Spring
32401,Pooled,-9,.1641621445221445,Big Spring
32401,Black,-9,.2263328571428572,Big Spring
32401,White,25,.1648148387096774,Big Spring
32401,Hispanic,-9,.2407424277456647,Big Spring
32401,Asian,-9,-.050175,Big Spring
32401,Black,25,.272245283018868,Big Spring
32401,White,75,.0486967088607595,Big Spring
32401,Pooled,50,.1470342414182009,Big Spring
32401,Hispanic,50,.2149205441046099,Big Spring
32402,Hispanic,75,.1477,Sweetwater
32402,Black,75,.0234777777777778,Sweetwater
32402,Black,-9,.1636368421052632,Sweetwater
32402,Black,50,.1566288888888889,Sweetwater
32402,White,50,.1179811650485437,Sweetwater
32402,Black,25,.28978,Sweetwater
32402,Pooled,-9,.1655872607260726,Sweetwater
32402,Hispanic,-9,.23755,Sweetwater
32402,Pooled,75,.0605031481481482,Sweetwater
32402,White,25,.1907223300970874,Sweetwater
32402,White,-9,.1266784782608696,Sweetwater
32402,Pooled,50,.1421454202279202,Sweetwater
32402,Pooled,25,.2237876923076923,Sweetwater
32402,Hispanic,25,.2572731707317073,Sweetwater
32402,White,75,.04524,Sweetwater
32402,Hispanic,50,.2024865853658536,Sweetwater
32403,Pooled,75,.0721267955801105,Snyder
32403,Black,25,.269,Snyder
32403,Pooled,-9,.1502593160377358,Snyder
32403,White,-9,.1038414122137404,Snyder
32403,Hispanic,25,.2359946428571428,Snyder
32403,Hispanic,75,.1724970588235294,Snyder
32403,White,75,.0369413669064748,Snyder
32403,Hispanic,-9,.2212075342465753,Snyder
32403,Pooled,25,.2084567901234567,Snyder
32403,Hispanic,50,.2042458508403361,Snyder
32403,White,50,.1081926346727496,Snyder
32403,Black,-9,.26295,Snyder
32403,Pooled,50,.1402917928517836,Snyder
32403,Black,50,.26295,Snyder
32403,White,25,.1794439024390244,Snyder
32403,Black,75,.2569,Snyder
32501,Hispanic,75,.1160015224913495,Abilene
32501,AIAN,75,.1367005882352941,Abilene
32501,Asian,50,-.022035,Abilene
32501,White,75,.0015617222731439,Abilene
32501,Black,-9,.2111824880382775,Abilene
32501,AIAN,50,.2228561764705882,Abilene
32501,Hispanic,-9,.192296574500768,Abilene
32501,Pooled,75,.0207812765636775,Abilene
32501,White,25,.1471480586712683,Abilene
32501,Hispanic,25,.2140628825271471,Abilene
32501,Asian,25,-.02197,Abilene
32501,Black,50,.1880362453066333,Abilene
32501,Asian,-9,-.022035,Abilene
32501,Black,75,.1217682352941176,Abilene
32501,AIAN,25,.3090117647058823,Abilene
32501,AIAN,-9,.2228561764705882,Abilene
32501,White,-9,.0765548617777778,Abilene
32501,White,50,.0743548904722061,Abilene
32501,Pooled,50,.0970358295386693,Abilene
32501,Pooled,25,.1732903825136612,Abilene
32501,Asian,75,-.0221,Abilene
32501,Pooled,-9,.1091853512828635,Abilene
32501,Hispanic,50,.1650322025092483,Abilene
32501,Black,25,.2543042553191489,Abilene
32502,Hispanic,-9,.1538820512820513,Childress
32502,Pooled,50,.0718235507446222,Childress
32502,White,75,.0006770689655172,Childress
32502,White,25,.0773887179487179,Childress
32502,Black,25,.29545,Childress
32502,Hispanic,75,.132,Childress
32502,Hispanic,25,.1636074074074074,Childress
32502,Black,75,-.131695,Childress
32502,Pooled,-9,.0841401219512195,Childress
32502,White,-9,.0446734558823529,Childress
32502,White,50,.0390328934571176,Childress
32502,Hispanic,50,.1478037037037037,Childress
32502,Black,50,.0818775,Childress
32502,Pooled,25,.1324210810810811,Childress
32502,Pooled,75,.0112260204081633,Childress
32502,Black,-9,.0818775,Childress
32503,Pooled,25,.1353405472636816,Haskell
32503,Hispanic,-9,.1801212244897959,Haskell
32503,Pooled,-9,.1076744114285714,Haskell
32503,Hispanic,25,.19768,Haskell
32503,White,25,.0756397435897436,Haskell
32503,Black,75,.1613933333333333,Haskell
32503,Hispanic,75,.1523968421052632,Haskell
32503,Black,-9,.2159633333333333,Haskell
32503,White,75,.0094031494252874,Haskell
32503,White,50,.0425214465075155,Haskell
32503,Pooled,75,.0703529798657718,Haskell
32503,Black,50,.2159633333333333,Haskell
32503,Hispanic,50,.1750384210526316,Haskell
32503,Pooled,50,.1028467635647267,Haskell
32503,White,-9,.0473917843137255,Haskell
32503,Black,25,.2705333333333333,Haskell
32601,AIAN,25,.2317,Wichita Falls
32601,Black,25,.2592827586206897,Wichita Falls
32601,Black,75,.1930866666666667,Wichita Falls
32601,Pooled,25,.1670931428571429,Wichita Falls
32601,White,25,.1459343942992874,Wichita Falls
32601,Hispanic,-9,.1730391585760518,Wichita Falls
32601,Asian,-9,-.1135590909090909,Wichita Falls
32601,AIAN,75,.02596,Wichita Falls
32601,Asian,50,-.1148,Wichita Falls
32601,Pooled,75,.0255369957081545,Wichita Falls
32601,AIAN,-9,.1381818181818182,Wichita Falls
32601,White,-9,.0727285572687225,Wichita Falls
32601,Pooled,50,.0963150692826487,Wichita Falls
32601,Black,50,.2261847126436782,Wichita Falls
32601,Black,-9,.2423094017094017,Wichita Falls
32601,Asian,75,-.1057,Wichita Falls
32601,AIAN,50,.12883,Wichita Falls
32601,Hispanic,75,.1182291666666667,Wichita Falls
32601,White,75,.009443839835729,Wichita Falls
32601,Pooled,-9,.099087818556701,Wichita Falls
32601,Hispanic,25,.1977422535211268,Wichita Falls
32601,Asian,25,-.1239,Wichita Falls
32601,Hispanic,50,.1579857100938967,Wichita Falls
32601,White,50,.0776891170675082,Wichita Falls
32602,AIAN,50,.22795,Graham
32602,Hispanic,50,.0902789887640449,Graham
32602,AIAN,25,.3045,Graham
32602,White,75,.0269262204724409,Graham
32602,White,25,.1484732673267327,Graham
32602,Black,75,-.2201,Graham
32602,Black,-9,-.0049,Graham
32602,Hispanic,25,.1397579775280899,Graham
32602,Pooled,75,.0252015181518152,Graham
32602,Hispanic,-9,.1129906557377049,Graham
32602,Pooled,25,.1503733988212181,Graham
32602,Pooled,50,.0877874584865166,Graham
32602,AIAN,-9,.22795,Graham
32602,Pooled,-9,.1036651724137931,Graham
32602,AIAN,75,.1514,Graham
32602,Hispanic,75,.0408,Graham
32602,White,-9,.1015538905775076,Graham
32602,Black,50,-.0049,Graham
32602,Black,25,.2103,Graham
32602,White,50,.0876997438995868,Graham
32603,Hispanic,75,.01447,Seymour
32603,Pooled,25,.091102,Seymour
32603,Hispanic,50,.089335,Seymour
32603,Black,75,.4461000000000001,Seymour
32603,White,75,-.05417,Seymour
32603,Hispanic,-9,.089335,Seymour
32603,White,-9,.0243793333333333,Seymour
32603,Pooled,-9,.0783959016393443,Seymour
32603,White,25,.05629,Seymour
32603,Black,-9,.3713,Seymour
32603,Pooled,75,.0541938095238095,Seymour
32603,Hispanic,25,.1642,Seymour
32603,Pooled,50,.0726479047619048,Seymour
32603,White,50,.00106,Seymour
32603,Black,50,.3713,Seymour
32603,Black,25,.2965,Seymour
32604,Pooled,75,.0758462213438735,Vernon
32604,Black,75,.18494,Vernon
32604,Hispanic,50,.226780873015873,Vernon
32604,Pooled,50,.1305084328676408,Vernon
32604,Hispanic,-9,.2127156626506024,Vernon
32604,White,75,.0202762307692308,Vernon
32604,Black,25,.2624609756097561,Vernon
32604,Pooled,25,.1851706443914081,Vernon
32604,White,25,.1636819672131148,Vernon
32604,Hispanic,25,.199631746031746,Vernon
32604,Black,-9,.234601875,Vernon
32604,Hispanic,75,.25393,Vernon
32604,White,-9,.1024147276995305,Vernon
32604,AIAN,-9,.17635,Vernon
32604,Pooled,-9,.1440113005952381,Vernon
32604,AIAN,50,.17635,Vernon
32604,White,50,.0919790989911728,Vernon
32604,AIAN,75,.136,Vernon
32604,AIAN,25,.2167,Vernon
32604,Black,50,.223700487804878,Vernon
32701,White,75,.0197745765765766,Brownwood
32701,Hispanic,-9,.1642839130434783,Brownwood
32701,Asian,25,-.02476,Brownwood
32701,Pooled,25,.1577177392218717,Brownwood
32701,Hispanic,25,.1713126033057851,Brownwood
32701,AIAN,-9,.17025,Brownwood
32701,AIAN,50,.17025,Brownwood
32701,AIAN,75,.2177,Brownwood
32701,Asian,-9,-.033875,Brownwood
32701,White,25,.1487763076923077,Brownwood
32701,Black,50,.2836178463094035,Brownwood
32701,Pooled,-9,.1180638256274769,Brownwood
32701,Black,-9,.2754954545454545,Brownwood
32701,AIAN,25,.1228,Brownwood
32701,White,50,.0842754421344421,Brownwood
32701,Hispanic,75,.143022125,Brownwood
32701,Pooled,75,.0510818152753108,Brownwood
32701,Black,25,.2568139534883721,Brownwood
32701,Asian,50,-.033875,Brownwood
32701,White,-9,.0964209433272395,Brownwood
32701,Pooled,50,.1043997772485913,Brownwood
32701,Asian,75,-.04299,Brownwood
32701,Black,75,.3104217391304347,Brownwood
32701,Hispanic,50,.1571673641528926,Brownwood
32702,Asian,25,-.1138,Stephenville
32702,Asian,50,-.09725,Stephenville
32702,White,25,.1283975265017668,Stephenville
32702,AIAN,-9,.108893,Stephenville
32702,Asian,75,-.0807,Stephenville
32702,White,75,.0047447584541063,Stephenville
32702,Pooled,25,.1301542079207921,Stephenville
32702,Hispanic,25,.134343119266055,Stephenville
32702,White,50,.0665711424779365,Stephenville
32702,Pooled,75,.0155510375,Stephenville
32702,Asian,-9,-.09725,Stephenville
32702,Hispanic,75,.0971495238095238,Stephenville
32702,AIAN,50,.108893,Stephenville
32702,Black,-9,.2774,Stephenville
32702,Black,25,.299,Stephenville
32702,Hispanic,-9,.1283349230769231,Stephenville
32702,Pooled,-9,.087444951863354,Stephenville
32702,AIAN,25,.2154,Stephenville
32702,AIAN,75,.002386,Stephenville
32702,White,-9,.0761605408163265,Stephenville
32702,Black,75,.2558,Stephenville
32702,Hispanic,50,.1157463215377894,Stephenville
32702,Pooled,50,.072852622710396,Stephenville
32702,Black,50,.2774,Stephenville
32801,White,25,.1335264591439689,Waco
32801,Asian,50,-.0137120879120879,Waco
32801,Hispanic,50,.1499059417706476,Waco
32801,Hispanic,-9,.1684296453900709,Waco
32801,Pooled,-9,.1214063104723961,Waco
32801,Pooled,50,.107541806831286,Waco
32801,White,75,.0133286894463668,Waco
32801,Pooled,75,.0363139328621908,Waco
32801,Asian,25,-.0314957142857143,Waco
32801,AIAN,50,.112765,Waco
32801,Black,25,.2762504065040651,Waco
32801,AIAN,75,.01753,Waco
32801,Black,75,.191595918367347,Waco
32801,Hispanic,75,.1185888888888889,Waco
32801,Black,-9,.2621891525423729,Waco
32801,White,-9,.0699052953296703,Waco
32801,Asian,-9,-.0143707407407407,Waco
32801,Pooled,25,.1787696808003811,Waco
32801,Black,50,.233923162435706,Waco
32801,Hispanic,25,.1812229946524064,Waco
32801,AIAN,25,.208,Waco
32801,AIAN,-9,.112765,Waco
32801,Asian,75,.0040715384615385,Waco
32801,White,50,.0734275742951678,Waco
32802,Black,50,.2421808650588001,Corsicana
32802,Asian,50,-.032685,Corsicana
32802,AIAN,50,.19337,Corsicana
32802,White,25,.1959526992287918,Corsicana
32802,Hispanic,25,.1731870646766169,Corsicana
32802,Hispanic,50,.1713025487317511,Corsicana
32802,AIAN,25,.2665,Corsicana
32802,Black,-9,.2800772277227723,Corsicana
32802,Asian,25,-.02468,Corsicana
32802,Pooled,-9,.1638351959890611,Corsicana
32802,Asian,-9,-.032685,Corsicana
32802,AIAN,-9,.19337,Corsicana
32802,Pooled,25,.2175806968124537,Corsicana
32802,Black,25,.2953410404624278,Corsicana
32802,Pooled,75,.0780332071005917,Corsicana
32802,White,75,.0613134472934473,Corsicana
32802,Hispanic,75,.1694180327868852,Corsicana
32802,Asian,75,-.04069,Corsicana
32802,Hispanic,-9,.1723095419847328,Corsicana
32802,White,-9,.132090027027027,Corsicana
32802,White,50,.1286330732611195,Corsicana
32802,AIAN,75,.12024,Corsicana
32802,Black,75,.1890206896551724,Corsicana
32802,Pooled,50,.1478069519565227,Corsicana
32900,White,50,.0441840724223567,Killeen
32900,Pooled,75,.0191006714316656,Killeen
32900,AIAN,-9,.0933733333333333,Killeen
32900,White,-9,.0423213202698362,Killeen
32900,Pooled,25,.1349769958531716,Killeen
32900,AIAN,75,.0718180952380952,Killeen
32900,Asian,-9,-.0598123931623932,Killeen
32900,AIAN,50,.0933733333333333,Killeen
32900,Pooled,50,.0770388336424186,Killeen
32900,Asian,75,-.0676982352941176,Killeen
32900,Black,25,.2117933333333333,Killeen
32900,White,75,-.0121144465174129,Killeen
32900,Hispanic,75,.0561145051194539,Killeen
32900,Asian,25,-.0537187878787879,Killeen
32900,Hispanic,-9,.1012833165322581,Killeen
32900,Pooled,-9,.0868999838245866,Killeen
32900,White,25,.1004825913621262,Killeen
32900,Black,-9,.1940419379258138,Killeen
32900,AIAN,25,.1149285714285714,Killeen
32900,Hispanic,50,.0881656216584394,Killeen
32900,Black,75,.1440199421965318,Killeen
32900,Black,50,.1779066377649325,Killeen
32900,Asian,50,-.0607085115864528,Killeen
32900,Hispanic,25,.1202167381974249,Killeen
33000,AIAN,25,.1954961038961039,Fort Worth
33000,AIAN,75,.1197859589041096,Fort Worth
33000,Black,-9,.2621905001799208,Fort Worth
33000,White,25,.1541061361100781,Fort Worth
33000,Pooled,-9,.1061217344431233,Fort Worth
33000,AIAN,50,.1576410314001067,Fort Worth
33000,Hispanic,25,.1752429351650193,Fort Worth
33000,Hispanic,50,.1389421633042209,Fort Worth
33000,Black,75,.2251084685956246,Fort Worth
33000,Asian,75,-.0671765416666667,Fort Worth
33000,Black,50,.2499939952251246,Fort Worth
33000,White,50,.0908196619918653,Fort Worth
33000,Pooled,75,.0436090089687825,Fort Worth
33000,Hispanic,-9,.1538053364817001,Fort Worth
33000,Hispanic,75,.1026413914434226,Fort Worth
33000,Asian,25,-.0833941761658031,Fort Worth
33000,Pooled,50,.1080343209951547,Fort Worth
33000,White,75,.0275331878736525,Fort Worth
33000,Asian,-9,-.0758469113573407,Fort Worth
33000,White,-9,.0765926115659594,Fort Worth
33000,Black,25,.2748795218546245,Fort Worth
33000,Asian,50,-.0752853589162349,Fort Worth
33000,AIAN,-9,.1586505,Fort Worth
33000,Pooled,25,.1724596330215269,Fort Worth
33100,Hispanic,50,.1169949529528344,Dallas
33100,White,25,.1298768189509306,Dallas
33100,White,75,.008522978388998,Dallas
33100,Pooled,25,.1623646128538463,Dallas
33100,Black,75,.2090372560275545,Dallas
33100,Black,-9,.2546804566084445,Dallas
33100,Pooled,50,.0951842790254789,Dallas
33100,AIAN,-9,.1369409583333333,Dallas
33100,Hispanic,75,.0856261016243232,Dallas
33100,Asian,75,-.101997885380117,Dallas
33100,AIAN,75,.070602654028436,Dallas
33100,AIAN,25,.1889758364312268,Dallas
33100,Black,50,.239049166990084,Dallas
33100,AIAN,50,.1297892452298314,Dallas
33100,Asian,25,-.0998098774509804,Dallas
33100,Pooled,75,.0280039451971115,Dallas
33100,Asian,50,-.1009038814155487,Dallas
33100,Hispanic,-9,.1315163348618723,Dallas
33100,White,50,.0691998986699643,Dallas
33100,Black,25,.2690610779526135,Dallas
33100,Asian,-9,-.1009294147217235,Dallas
33100,Hispanic,25,.1483638042813456,Dallas
33100,Pooled,-9,.0936338367520032,Dallas
33100,White,-9,.0488453845577211,Dallas
33200,White,-9,.100616245984533,Paris
33200,Hispanic,-9,.147435119047619,Paris
33200,White,25,.1500802173913043,Paris
33200,White,50,.0954488534394104,Paris
33200,AIAN,75,.0048275,Paris
33200,Black,75,.2022076923076923,Paris
33200,Hispanic,25,.1461860504201681,Paris
33200,Pooled,75,.054770954494382,Paris
33200,Pooled,25,.1726792614920874,Paris
33200,Pooled,-9,.125345750789355,Paris
33200,Hispanic,75,.1504685714285715,Paris
33200,AIAN,25,.09631,Paris
33200,Asian,75,-.0234133333333333,Paris
33200,AIAN,50,.05056875,Paris
33200,AIAN,-9,.05056875,Paris
33200,Black,25,.2792838461538462,Paris
33200,Black,-9,.2664378205128206,Paris
33200,Asian,25,-.0399433333333333,Paris
33200,Black,50,.2407457692307692,Paris
33200,Pooled,50,.1137251079932347,Paris
33200,Hispanic,50,.1483273109243697,Paris
33200,White,75,.0408174894875164,Paris
33200,Asian,50,-.0316783333333333,Paris
33200,Asian,-9,-.0316783333333333,Paris
33300,Black,75,.2393372822299652,Tyler
33300,Hispanic,75,.0828723076923077,Tyler
33300,Hispanic,-9,.1283728057553957,Tyler
33300,Asian,50,-.0475965925925926,Tyler
33300,AIAN,-9,.1605216666666666,Tyler
33300,Pooled,75,.0491181671226063,Tyler
33300,Pooled,25,.1709581907795474,Tyler
33300,White,75,.0325371449275362,Tyler
33300,Asian,25,-.0512457777777778,Tyler
33300,AIAN,25,.2408016666666667,Tyler
33300,AIAN,75,.0802416666666667,Tyler
33300,White,-9,.0921430377094972,Tyler
33300,Asian,-9,-.0475965925925926,Tyler
33300,Black,-9,.2678843708609271,Tyler
33300,Black,50,.2569603827339523,Tyler
33300,White,25,.1475716981132076,Tyler
33300,AIAN,50,.1605216666666667,Tyler
33300,White,50,.0900544215203719,Tyler
33300,Hispanic,50,.1100747559966915,Tyler
33300,Asian,75,-.0439474074074074,Tyler
33300,Pooled,-9,.1218976324854797,Tyler
33300,Hispanic,25,.1372772043010753,Tyler
33300,Black,25,.2745834832379395,Tyler
33300,Pooled,50,.1100381789510768,Tyler
33400,Hispanic,-9,.133690752688172,Longview
33400,AIAN,75,.023945,Longview
33400,Black,-9,.2553576726342712,Longview
33400,Hispanic,25,.1464690307328606,Longview
33400,AIAN,50,.0852975,Longview
33400,AIAN,25,.14665,Longview
33400,Pooled,75,.0396695606969437,Longview
33400,Black,50,.2416901412995105,Longview
33400,Hispanic,75,.0936521481481481,Longview
33400,Black,75,.2203992857142857,Longview
33400,White,-9,.0796748807901907,Longview
33400,Black,25,.2629809968847353,Longview
33400,Asian,25,-.0676090909090909,Longview
33400,Asian,75,-.0703692727272727,Longview
33400,White,75,.0222120598006645,Longview
33400,Pooled,25,.1727308073196986,Longview
33400,Asian,50,-.0689891818181818,Longview
33400,AIAN,-9,.0852975,Longview
33400,Asian,-9,-.0689891818181818,Longview
33400,Pooled,50,.1062001840083212,Longview
33400,White,25,.1401092243186583,Longview
33400,Pooled,-9,.1155435467714216,Longview
33400,Hispanic,50,.1200605894405044,Longview
33400,White,50,.0811606420596614,Longview
33500,AIAN,75,.1358075,Texarkana
33500,Asian,50,.001605,Texarkana
33500,AIAN,-9,.148435,Texarkana
33500,Hispanic,50,.1335139293139293,Texarkana
33500,Pooled,50,.1226108392102847,Texarkana
33500,Hispanic,75,.1372946153846154,Texarkana
33500,Pooled,25,.1831314222222222,Texarkana
33500,Black,25,.2593481149012567,Texarkana
33500,White,25,.1532578256794752,Texarkana
33500,White,50,.094865983698021,Texarkana
33500,Asian,-9,.001605,Texarkana
33500,Pooled,-9,.1344736777408638,Texarkana
33500,Hispanic,-9,.1316992,Texarkana
33500,White,-9,.0967004301594973,Texarkana
33500,Pooled,75,.0620902561983471,Texarkana
33500,Asian,75,.01354,Texarkana
33500,Black,50,.2433748387006284,Texarkana
33500,Asian,25,-.01033,Texarkana
33500,Black,75,.2274015625,Texarkana
33500,AIAN,25,.1610625,Texarkana
33500,White,75,.0364741417165669,Texarkana
33500,Hispanic,25,.1297332432432433,Texarkana
33500,Black,-9,.2533785401459854,Texarkana
33500,AIAN,50,.148435,Texarkana
33601,Asian,50,-.0485575,Lawton
33601,Hispanic,50,.0794944158283031,Lawton
33601,Black,50,.1842922687219901,Lawton
33601,White,-9,.042012408142999,Lawton
33601,Asian,-9,-.0485310526315789,Lawton
33601,Pooled,25,.1307306571018651,Lawton
33601,AIAN,25,.1440232558139535,Lawton
33601,Black,75,.1501600619195047,Lawton
33601,Asian,25,-.04839,Lawton
33601,Black,25,.2184244755244756,Lawton
33601,Asian,75,-.048725,Lawton
33601,AIAN,75,.0354284210526316,Lawton
33601,White,25,.1043684235517569,Lawton
33601,Black,-9,.1971822736030829,Lawton
33601,White,75,-.0263131737773153,Lawton
33601,White,50,.0390276248872208,Lawton
33601,Hispanic,-9,.0971338953846154,Lawton
33601,Pooled,75,.0013011538758195,Lawton
33601,Pooled,-9,.0755133649226719,Lawton
33601,AIAN,50,.0897258384332925,Lawton
33601,Hispanic,25,.136255117370892,Lawton
33601,AIAN,-9,.1107441935483871,Lawton
33601,Hispanic,75,.0227337142857143,Lawton
33601,Pooled,50,.0660159054888423,Lawton
33602,AIAN,50,.0535883333333333,Altus
33602,Hispanic,50,.0770370058479532,Altus
33602,Asian,-9,-.072805,Altus
33602,AIAN,-9,.0535883333333333,Altus
33602,Black,75,.0718772727272727,Altus
33602,Black,-9,.1722481012658228,Altus
33602,White,-9,.0269477403035413,Altus
33602,Pooled,75,-.0312986344238976,Altus
33602,Asian,75,-.06165,Altus
33602,White,75,-.0446563043478261,Altus
33602,Pooled,25,.1130135856992639,Altus
33602,Hispanic,25,.1389046783625731,Altus
33602,Hispanic,-9,.1011804878048781,Altus
33602,AIAN,75,-.0483233333333333,Altus
33602,Black,50,.1414324960127592,Altus
33602,AIAN,25,.1555,Altus
33602,Hispanic,75,.0151693333333333,Altus
33602,Black,25,.2109877192982456,Altus
33602,Pooled,-9,.0516765296251511,Altus
33602,Pooled,50,.0408574756376832,Altus
33602,Asian,50,-.072805,Altus
33602,Asian,25,-.08396,Altus
33602,White,50,.0223171948292415,Altus
33602,White,25,.0892906940063092,Altus
33603,Pooled,25,.1598410526315789,Frederick
33603,White,50,.067425,Frederick
33603,AIAN,-9,.09704,Frederick
33603,White,75,.01735,Frederick
33603,Pooled,75,.0367492558139535,Frederick
33603,Black,-9,.1905,Frederick
33603,AIAN,75,.1261,Frederick
33603,Hispanic,50,.1184355,Frederick
33603,White,-9,.0794147887323944,Frederick
33603,Hispanic,-9,.18091775,Frederick
33603,AIAN,25,.06798,Frederick
33603,Pooled,-9,.1153625042016807,Frederick
33603,Black,25,.2161,Frederick
33603,Pooled,50,.0982951542227662,Frederick
33603,White,25,.1175,Frederick
33603,Hispanic,25,.2434,Frederick
33603,Black,50,.1905,Frederick
33603,Hispanic,75,-.006529,Frederick
33603,AIAN,50,.09704,Frederick
33603,Black,75,.1649,Frederick
33700,AIAN,-9,.061066814516129,Ardmore
33700,AIAN,50,.0473019722281716,Ardmore
33700,Hispanic,25,.1135492708333333,Ardmore
33700,AIAN,75,.0011711494252874,Ardmore
33700,Black,25,.2172803149606299,Ardmore
33700,Pooled,25,.0978875073349633,Ardmore
33700,Asian,25,-.038303,Ardmore
33700,White,75,-.0282162005277045,Ardmore
33700,Hispanic,-9,.0872929375,Ardmore
33700,Hispanic,75,.0479084375,Ardmore
33700,Black,50,.1786550697610167,Ardmore
33700,AIAN,25,.0934327950310559,Ardmore
33700,Black,-9,.1933494565217391,Ardmore
33700,Pooled,-9,.0568621436210848,Ardmore
33700,Pooled,75,-.0114856109979633,Ardmore
33700,White,25,.0867466019417476,Ardmore
33700,White,-9,.043044593781344,Ardmore
33700,Asian,50,-.051674,Ardmore
33700,Hispanic,50,.0807288541666667,Ardmore
33700,Black,75,.1400298245614035,Ardmore
33700,Asian,75,-.065045,Ardmore
33700,White,50,.0292652007070215,Ardmore
33700,Asian,-9,-.051674,Ardmore
33700,Pooled,50,.0432009481685,Ardmore
33801,Hispanic,50,.0535410865681338,Elk City
33801,Hispanic,-9,.0917637078651685,Elk City
33801,AIAN,25,.18974,Elk City
33801,Asian,25,-.06744,Elk City
33801,White,-9,.0201469871244635,Elk City
33801,Black,50,.186303597037037,Elk City
33801,White,75,-.0371618419243986,Elk City
33801,White,50,.011929912371134,Elk City
33801,Asian,-9,-.04367,Elk City
33801,Hispanic,25,.134536641221374,Elk City
33801,Asian,75,-.0199,Elk City
33801,Pooled,75,-.0275787236467236,Elk City
33801,White,25,.0610216666666667,Elk City
33801,AIAN,50,.101922,Elk City
33801,Pooled,25,.0814948752399232,Elk City
33801,AIAN,-9,.1194856,Elk City
33801,Hispanic,75,-.0274544680851064,Elk City
33801,Black,25,.2464740740740741,Elk City
33801,AIAN,75,.014104,Elk City
33801,Asian,50,-.04367,Elk City
33801,Black,75,.12613312,Elk City
33801,Pooled,-9,.03759025,Elk City
33801,Pooled,50,.0269580757965998,Elk City
33801,Black,-9,.1886178461538462,Elk City
33802,White,75,-.01870375,Chickasha
33802,Asian,-9,-.100585,Chickasha
33802,Black,25,.2794461538461538,Chickasha
33802,Asian,50,-.100585,Chickasha
33802,White,50,.0361394711538462,Chickasha
33802,Black,75,.20912,Chickasha
33802,Hispanic,75,.07933,Chickasha
33802,Pooled,-9,.0653435028248587,Chickasha
33802,Hispanic,-9,.1129151724137931,Chickasha
33802,AIAN,75,.0210773684210526,Chickasha
33802,AIAN,50,.0935465789473684,Chickasha
33802,Pooled,75,-.0062779300291545,Chickasha
33802,Asian,75,-.11823,Chickasha
33802,Black,-9,.2572378947368421,Chickasha
33802,Hispanic,25,.1257095238095238,Chickasha
33802,White,-9,.0443902212389381,Chickasha
33802,Pooled,25,.1106685055350553,Chickasha
33802,Hispanic,50,.1025197619047619,Chickasha
33802,Pooled,50,.0521952877529504,Chickasha
33802,AIAN,-9,.1370281052631579,Chickasha
33802,Black,50,.2442830769230769,Chickasha
33802,Asian,25,-.08294,Chickasha
33802,White,25,.0909826923076923,Chickasha
33802,AIAN,25,.1660157894736842,Chickasha
33803,Pooled,-9,.0465046241712053,Oklahoma City
33803,AIAN,25,.1521384544618215,Oklahoma City
33803,AIAN,50,.0779205658332402,Oklahoma City
33803,AIAN,-9,.0992889863744076,Oklahoma City
33803,Hispanic,50,.0767785647702657,Oklahoma City
33803,Asian,75,-.1092088172043011,Oklahoma City
33803,White,-9,.0204574044186775,Oklahoma City
33803,White,50,.0257329426541653,Oklahoma City
33803,Black,75,.1686156634304207,Oklahoma City
33803,AIAN,75,.0037026772046589,Oklahoma City
33803,Pooled,50,.0449622418442686,Oklahoma City
33803,Hispanic,25,.1137745645055665,Oklahoma City
33803,Black,50,.1999075840961627,Oklahoma City
33803,White,75,-.0347131704856608,Oklahoma City
33803,Pooled,75,-.0203358089492512,Oklahoma City
33803,Black,-9,.2148663907657657,Oklahoma City
33803,Asian,50,-.108686796661852,Oklahoma City
33803,Asian,25,-.108164776119403,Oklahoma City
33803,Hispanic,75,.039782565034965,Oklahoma City
33803,Asian,-9,-.1086665633074935,Oklahoma City
33803,Hispanic,-9,.0901776512042819,Oklahoma City
33803,White,25,.0861790557939914,Oklahoma City
33803,Black,25,.2311995047619047,Oklahoma City
33803,Pooled,25,.1102602926377884,Oklahoma City
33901,Asian,75,.02118,Ada
33901,Asian,50,.005375,Ada
33901,Black,75,.1484728,Ada
33901,Hispanic,75,-.0112117142857143,Ada
33901,White,25,.0492817151162791,Ada
33901,Hispanic,-9,.0716720833333333,Ada
33901,White,75,-.0484121546961326,Ada
33901,AIAN,75,-.0756723783783784,Ada
33901,Black,25,.196392,Ada
33901,White,50,.0004347802100732,Ada
33901,Pooled,-9,.0269097008426966,Ada
33901,AIAN,-9,.0341982372881356,Ada
33901,Asian,25,-.01043,Ada
33901,Hispanic,25,.1500756756756757,Ada
33901,AIAN,25,.084386049382716,Ada
33901,Black,-9,.1724324,Ada
33901,White,-9,.0156005904761905,Ada
33901,AIAN,50,.0043568355021688,Ada
33901,Pooled,25,.0629951304347826,Ada
33901,Pooled,75,-.0389605277777778,Ada
33901,Pooled,50,.0120173013285024,Ada
33901,Asian,-9,.005375,Ada
33901,Hispanic,50,.0694319806949807,Ada
33901,Black,50,.1724324,Ada
33902,Asian,-9,.034783,Sherman
33902,Asian,25,.0356545,Sherman
33902,Hispanic,-9,.1753521367521368,Sherman
33902,Pooled,-9,.1308768546391753,Sherman
33902,Hispanic,50,.1595205128205128,Sherman
33902,Asian,50,.034783,Sherman
33902,Black,-9,.2648958041958042,Sherman
33902,Pooled,50,.1235678559307359,Sherman
33902,AIAN,-9,.1136941095890411,Sherman
33902,Pooled,25,.1781042309090909,Sherman
33902,White,50,.1134186096491228,Sherman
33902,Pooled,75,.0690314809523809,Sherman
33902,Hispanic,75,.112025641025641,Sherman
33902,White,-9,.1177323663929248,Sherman
33902,White,25,.1671877192982456,Sherman
33902,Hispanic,25,.2070153846153846,Sherman
33902,White,75,.0596495,Sherman
33902,AIAN,50,.0975708974358974,Sherman
33902,Asian,75,.0339115,Sherman
33902,Black,75,.21335,Sherman
33902,AIAN,25,.1355384615384616,Sherman
33902,AIAN,75,.0596033333333333,Sherman
33902,Black,50,.2491317961165049,Sherman
33902,Black,25,.2849135922330097,Sherman
34001,White,75,-.0367087509025271,Hot Springs
34001,AIAN,-9,.10344,Hot Springs
34001,Pooled,75,-.01823505,Hot Springs
34001,Hispanic,-9,.08937140625,Hot Springs
34001,Asian,25,-.23065,Hot Springs
34001,AIAN,75,.05908,Hot Springs
34001,AIAN,25,.1478,Hot Springs
34001,Hispanic,25,.0911836752136752,Hot Springs
34001,White,-9,.0260738415331808,Hot Springs
34001,Hispanic,75,.0865442666666667,Hot Springs
34001,Black,75,.1583096296296296,Hot Springs
34001,Black,-9,.2110483720930233,Hot Springs
34001,White,50,.015277971777538,Hot Springs
34001,White,25,.067264694457603,Hot Springs
34001,Pooled,-9,.0593054750331418,Hot Springs
34001,Black,25,.2196006006006006,Hot Springs
34001,AIAN,50,.10344,Hot Springs
34001,Pooled,25,.1017063089542037,Hot Springs
34001,Pooled,50,.0417356294771018,Hot Springs
34001,Asian,75,-.17925,Hot Springs
34001,Asian,50,-.20495,Hot Springs
34001,Black,50,.1889551151151151,Hot Springs
34001,Asian,-9,-.20495,Hot Springs
34001,Hispanic,50,.0888639709401709,Hot Springs
34002,AIAN,-9,.0931570338983051,Idabel
34002,Pooled,75,-.0214066666666667,Idabel
34002,White,25,.0721065539112051,Idabel
34002,Pooled,25,.0952434518518518,Idabel
34002,Pooled,50,.0369183925925926,Idabel
34002,Hispanic,75,-.1352620833333333,Idabel
34002,AIAN,25,.1246896590909091,Idabel
34002,White,75,-.0383025,Idabel
34002,White,-9,.0407042813918305,Idabel
34002,Black,25,.2185420289855072,Idabel
34002,Hispanic,25,.0917964444444444,Idabel
34002,Hispanic,-9,.0128195652173913,Idabel
34002,Hispanic,50,-.0217328194444444,Idabel
34002,AIAN,50,.0626754962121212,Idabel
34002,AIAN,75,.0006613333333333,Idabel
34002,White,50,.0169020269556025,Idabel
34002,Pooled,-9,.0619148465608466,Idabel
34002,Black,-9,.2033703092783505,Idabel
34002,Black,50,.1922624430641822,Idabel
34002,Black,75,.1659828571428572,Idabel
34101,AIAN,-9,-.03577,Sand Point
34101,AIAN,75,-.04809,Sand Point
34101,Hispanic,25,.09155,Sand Point
34101,Asian,75,-.06652,Sand Point
34101,Hispanic,-9,-.042925,Sand Point
34101,Asian,50,-.04305,Sand Point
34101,Asian,-9,-.04305,Sand Point
34101,Hispanic,75,-.1774,Sand Point
34101,Pooled,50,-.05514125,Sand Point
34101,Pooled,-9,-.05514125,Sand Point
34101,Pooled,75,-.1273025,Sand Point
34101,White,25,.01956,Sand Point
34101,Asian,25,-.01958,Sand Point
34101,Hispanic,50,-.042925,Sand Point
34101,AIAN,50,-.03577,Sand Point
34101,White,50,-.09882,Sand Point
34101,White,-9,-.09882,Sand Point
34101,White,75,-.2172,Sand Point
34101,Pooled,25,.01702,Sand Point
34101,AIAN,25,-.02345,Sand Point
34102,White,-9,-.0626178524112348,Anchorage
34102,Black,25,.1574742553191489,Anchorage
34102,Asian,75,-.0954737254901961,Anchorage
34102,AIAN,75,-.0366273387978142,Anchorage
34102,Hispanic,50,.0177079288848645,Anchorage
34102,Asian,-9,-.0934618348623853,Anchorage
34102,Black,75,.1026705691056911,Anchorage
34102,White,25,-.0118030241935484,Anchorage
34102,AIAN,50,-.0006905339474021,Anchorage
34102,Pooled,25,.0077653707893414,Anchorage
34102,Hispanic,75,-.0071878156996587,Anchorage
34102,AIAN,25,.03524627090301,Anchorage
34102,Asian,25,-.0916927586206897,Anchorage
34102,White,75,-.0913777800829875,Anchorage
34102,Black,50,.13007241221242,Anchorage
34102,Pooled,50,-.0347067170592103,Anchorage
34102,White,50,-.051590402138268,Anchorage
34102,AIAN,-9,.0079581576763485,Anchorage
34102,Pooled,75,-.0771788049077619,Anchorage
34102,Black,-9,.1357994855305466,Anchorage
34102,Hispanic,25,.0426036734693878,Anchorage
34102,Asian,50,-.0935832420554429,Anchorage
34102,Hispanic,-9,.019665141509434,Anchorage
34102,Pooled,-9,-.042428914849856,Anchorage
34103,AIAN,50,-.02724,Valdez
34103,Hispanic,75,.09558,Valdez
34103,Asian,-9,-.032878,Valdez
34103,Pooled,50,-.0257914057971015,Valdez
34103,Asian,75,-.07003,Valdez
34103,Black,25,.2697,Valdez
34103,AIAN,-9,-.02724,Valdez
34103,Pooled,25,-.0114793333333333,Valdez
34103,White,75,-.1008,Valdez
34103,Pooled,-9,-.0269700470588235,Valdez
34103,White,-9,-.0867092452830189,Valdez
34103,Black,-9,.2818,Valdez
34103,AIAN,75,-.02464,Valdez
34103,Black,75,.2939,Valdez
34103,Asian,25,.004274,Valdez
34103,Hispanic,50,.06621,Valdez
34103,White,25,-.06833,Valdez
34103,AIAN,25,-.02984,Valdez
34103,White,50,-.084565,Valdez
34103,Hispanic,-9,.06621,Valdez
34103,Hispanic,25,.03684,Valdez
34103,Black,50,.2818,Valdez
34103,Asian,50,-.032878,Valdez
34103,Pooled,75,-.0401034782608696,Valdez
34104,Pooled,75,-.11438,Bristol Bay
34104,Pooled,-9,-.0804975,Bristol Bay
34104,AIAN,75,-.1853,Bristol Bay
34104,AIAN,50,-.125795,Bristol Bay
34104,AIAN,-9,-.125795,Bristol Bay
34104,AIAN,25,-.06629,Bristol Bay
34104,Pooled,25,-.046615,Bristol Bay
34104,White,25,-.02694,Bristol Bay
34104,White,-9,-.0352,Bristol Bay
34104,White,50,-.0352,Bristol Bay
34104,Pooled,50,-.0804975,Bristol Bay
34104,White,75,-.04346,Bristol Bay
34105,White,25,-.07822,Kotzebue
34105,AIAN,75,-.01419,Kotzebue
34105,White,75,-.04417,Kotzebue
34105,AIAN,-9,.043582,Kotzebue
34105,AIAN,25,.06459,Kotzebue
34105,White,-9,-.061195,Kotzebue
34105,Pooled,50,.0137330405405405,Kotzebue
34105,Pooled,25,.0491510810810811,Kotzebue
34105,White,50,-.061195,Kotzebue
34105,Pooled,-9,.0277666037735849,Kotzebue
34105,Pooled,75,-.021685,Kotzebue
34105,AIAN,50,.0252,Kotzebue
34106,Asian,75,-.05421,Nome
34106,Pooled,75,-.04258992,Nome
34106,White,75,-.1039,Nome
34106,Asian,-9,-.06021,Nome
34106,AIAN,25,-.05521,Nome
34106,White,25,-.06263,Nome
34106,Hispanic,75,.01926,Nome
34106,Hispanic,-9,-.04922,Nome
34106,Asian,25,-.06621,Nome
34106,Hispanic,50,-.04922,Nome
34106,Pooled,-9,-.0539220520833333,Nome
34106,AIAN,75,-.003417,Nome
34106,White,-9,-.0891607142857143,Nome
34106,AIAN,50,-.0293135,Nome
34106,Pooled,50,-.0518880796581197,Nome
34106,AIAN,-9,-.0411644406779661,Nome
34106,Pooled,25,-.0611862393162393,Nome
34106,White,50,-.083265,Nome
34106,Asian,50,-.06021,Nome
34106,Hispanic,25,-.1177,Nome
34107,Pooled,50,-.1098286486486486,Dillingham
34107,Hispanic,25,-.09321,Dillingham
34107,White,50,-.138375,Dillingham
34107,Pooled,75,-.11086,Dillingham
34107,White,-9,-.138375,Dillingham
34107,AIAN,25,-.1059464,Dillingham
34107,Pooled,-9,-.1096088524590164,Dillingham
34107,White,75,-.15125,Dillingham
34107,White,25,-.1255,Dillingham
34107,AIAN,75,-.0790866666666667,Dillingham
34107,Hispanic,50,-.109305,Dillingham
34107,Pooled,25,-.1087972972972973,Dillingham
34107,Hispanic,75,-.1254,Dillingham
34107,Hispanic,-9,-.109305,Dillingham
34107,AIAN,50,-.0925165333333333,Dillingham
34107,AIAN,-9,-.0972351351351351,Dillingham
34108,Asian,-9,-.0488795,Kodiak
34108,Asian,50,-.050105,Kodiak
34108,Black,-9,.119695,Kodiak
34108,Hispanic,75,-.1147,Kodiak
34108,Hispanic,50,-.08971,Kodiak
34108,White,75,-.1329,Kodiak
34108,Pooled,25,-.0373455639097744,Kodiak
34108,Asian,25,-.04602,Kodiak
34108,Pooled,-9,-.080135472972973,Kodiak
34108,White,25,-.06058,Kodiak
34108,Black,75,.06949,Kodiak
34108,Pooled,75,-.1150499386503067,Kodiak
34108,AIAN,-9,-.05384,Kodiak
34108,Hispanic,-9,-.08971,Kodiak
34108,AIAN,50,-.05384,Kodiak
34108,Asian,75,-.05419,Kodiak
34108,White,-9,-.1042584158415841,Kodiak
34108,Pooled,50,-.0761977512800406,Kodiak
34108,Black,25,.1699,Kodiak
34108,Hispanic,25,-.06472,Kodiak
34108,AIAN,75,-.129,Kodiak
34108,Black,50,.119695,Kodiak
34108,White,50,-.09674,Kodiak
34108,AIAN,25,.02132,Kodiak
34109,White,50,-.0857663540319485,Juneau
34109,Black,-9,.091115,Juneau
34109,AIAN,25,-.0428674545454545,Juneau
34109,Pooled,75,-.1130871869328493,Juneau
34109,AIAN,75,-.0416142105263158,Juneau
34109,Asian,75,-.02004,Juneau
34109,Pooled,-9,-.0874215249406176,Juneau
34109,White,25,-.0445574460093897,Juneau
34109,Hispanic,75,-.0671,Juneau
34109,Hispanic,-9,-.018135,Juneau
34109,Black,50,.091115,Juneau
34109,Black,25,.05593,Juneau
34109,Pooled,25,-.0388243436426117,Juneau
34109,AIAN,50,-.0422408325358852,Juneau
34109,Asian,25,-.05917,Juneau
34109,Pooled,50,-.0759557652877305,Juneau
34109,Hispanic,25,.03083,Juneau
34109,White,75,-.1269752620545073,Juneau
34109,Asian,-9,-.0382075,Juneau
34109,Hispanic,50,-.018135,Juneau
34109,AIAN,-9,-.0422866829268293,Juneau
34109,White,-9,-.1015332405797101,Juneau
34109,Black,75,.1263,Juneau
34109,Asian,50,-.039605,Juneau
34110,White,25,-.0588645333333333,Sitka
34110,Asian,50,-.11765,Sitka
34110,AIAN,75,-.0763666666666667,Sitka
34110,White,75,-.1761619834710744,Sitka
34110,Asian,25,-.1092,Sitka
34110,Pooled,-9,-.121750696969697,Sitka
34110,Asian,75,-.1261,Sitka
34110,Asian,-9,-.11765,Sitka
34110,Pooled,75,-.1611858064516129,Sitka
34110,AIAN,50,-.0684884444444444,Sitka
34110,Hispanic,25,-.09737,Sitka
34110,Hispanic,-9,-.128985,Sitka
34110,AIAN,-9,-.0684884444444444,Sitka
34110,Pooled,50,-.1134295270790175,Sitka
34110,Hispanic,75,-.1606,Sitka
34110,Hispanic,50,-.128985,Sitka
34110,AIAN,25,-.0606102222222222,Sitka
34110,White,50,-.1175132584022039,Sitka
34110,White,-9,-.1312777551020408,Sitka
34110,Pooled,25,-.065673247706422,Sitka
34111,White,-9,-.0767181923076923,Ketchikan
34111,Asian,-9,-.05939,Ketchikan
34111,White,50,-.0682803689519896,Ketchikan
34111,Pooled,75,-.0971156281407035,Ketchikan
34111,AIAN,75,-.0697341666666667,Ketchikan
34111,White,75,-.1061050943396227,Ketchikan
34111,Asian,25,-.08075,Ketchikan
34111,Pooled,-9,-.0660789367816092,Ketchikan
34111,White,25,-.0304556435643564,Ketchikan
34111,Pooled,50,-.0608714382314256,Ketchikan
34111,Hispanic,50,-.056915,Ketchikan
34111,Asian,50,-.05939,Ketchikan
34111,Asian,75,-.03803,Ketchikan
34111,Hispanic,75,-.05968,Ketchikan
34111,AIAN,50,-.0272770833333333,Ketchikan
34111,Hispanic,-9,-.056915,Ketchikan
34111,AIAN,-9,-.0212117857142857,Ketchikan
34111,AIAN,25,.01518,Ketchikan
34111,Pooled,25,-.0246272483221476,Ketchikan
34111,Hispanic,25,-.05415,Ketchikan
34112,Pooled,75,-.0693166060606061,Bethel
34112,Pooled,-9,-.0618103582089552,Bethel
34112,AIAN,-9,-.0475605882352941,Bethel
34112,Asian,25,-.1559,Bethel
34112,Pooled,50,-.0643372139213921,Bethel
34112,Hispanic,75,-.1383,Bethel
34112,Hispanic,25,-.04541,Bethel
34112,Pooled,25,-.0593578217821782,Bethel
34112,AIAN,25,-.0495117647058824,Bethel
34112,White,75,-.056096,Bethel
34112,White,25,-.122675,Bethel
34112,AIAN,75,-.0378047058823529,Bethel
34112,Asian,75,-.1607,Bethel
34112,Hispanic,-9,-.091855,Bethel
34112,Asian,-9,-.1583,Bethel
34112,AIAN,50,-.0436582352941177,Bethel
34112,White,50,-.0893855,Bethel
34112,Asian,50,-.1583,Bethel
34112,White,-9,-.0893855,Bethel
34112,Hispanic,50,-.091855,Bethel
34113,Pooled,50,.0291482330827068,Barrow
34113,Asian,-9,.02917,Barrow
34113,Pooled,-9,.02979125,Barrow
34113,Hispanic,75,.1301,Barrow
34113,AIAN,25,.08153,Barrow
34113,Hispanic,25,-.04147,Barrow
34113,Asian,50,.02917,Barrow
34113,White,25,-.0552,Barrow
34113,AIAN,-9,.058540625,Barrow
34113,Asian,25,.03136,Barrow
34113,Asian,75,.02698,Barrow
34113,Pooled,25,.0162878947368421,Barrow
34113,White,50,-.04161,Barrow
34113,AIAN,75,.04066,Barrow
34113,White,75,-.02802,Barrow
34113,AIAN,50,.061095,Barrow
34113,Hispanic,-9,.044315,Barrow
34113,Hispanic,50,.044315,Barrow
34113,White,-9,-.04161,Barrow
34113,Pooled,75,.0420085714285714,Barrow
34114,Black,50,.148775,Unalaska
34114,AIAN,50,.03112,Unalaska
34114,Black,75,.1992,Unalaska
34114,Pooled,50,.0369848,Unalaska
34114,Hispanic,50,.02431,Unalaska
34114,White,75,-.07272,Unalaska
34114,White,-9,-.006805,Unalaska
34114,White,50,-.006805,Unalaska
34114,Pooled,75,.0391836,Unalaska
34114,Pooled,-9,.0369848,Unalaska
34114,Black,25,.09835,Unalaska
34114,Asian,75,.002978,Unalaska
34114,White,25,.05911,Unalaska
34114,Black,-9,.148775,Unalaska
34114,Asian,-9,-.012476,Unalaska
34114,Asian,25,-.02793,Unalaska
34114,Asian,50,-.012476,Unalaska
34114,Hispanic,-9,.02431,Unalaska
34114,Hispanic,75,.1036,Unalaska
34114,AIAN,-9,.03112,Unalaska
34114,Hispanic,25,-.05498,Unalaska
34114,AIAN,25,.09938,Unalaska
34114,AIAN,75,-.03714,Unalaska
34114,Pooled,25,.034786,Unalaska
34115,Asian,50,-.0834044,Fairbanks
34115,Asian,75,-.093488,Fairbanks
34115,Hispanic,25,-.0233725,Fairbanks
34115,Asian,25,-.0733208,Fairbanks
34115,Hispanic,50,-.0295036968085106,Fairbanks
34115,Asian,-9,-.085085,Fairbanks
34115,AIAN,25,-.01756584,Fairbanks
34115,Pooled,75,-.0690448786558805,Fairbanks
34115,AIAN,75,-.0641688888888889,Fairbanks
34115,AIAN,50,-.0408673644444444,Fairbanks
34115,White,25,-.00671,Fairbanks
34115,Black,25,.14235,Fairbanks
34115,Black,75,.1228408,Fairbanks
34115,Pooled,25,.0062061293842556,Fairbanks
34115,Pooled,-9,-.0356375972318339,Fairbanks
34115,White,-9,-.0541957497700092,Fairbanks
34115,Black,-9,.1343544262295082,Fairbanks
34115,Hispanic,-9,-.0294391578947368,Fairbanks
34115,AIAN,-9,-.0326803423423424,Fairbanks
34115,Black,50,.1325954,Fairbanks
34115,White,75,-.0857559571209801,Fairbanks
34115,White,50,-.04623297856049,Fairbanks
34115,Pooled,50,-.0314193746358124,Fairbanks
34115,Hispanic,75,-.0356348936170213,Fairbanks
34201,White,25,-.0918014159292035,Havre
34201,AIAN,-9,.1087825925925926,Havre
34201,White,75,-.1448639097744361,Havre
34201,Pooled,-9,-.0734818987341772,Havre
34201,White,-9,-.120489674796748,Havre
34201,Hispanic,-9,.03412,Havre
34201,Hispanic,25,.08603,Havre
34201,AIAN,50,.0932352827817344,Havre
34201,Hispanic,50,.03412,Havre
34201,AIAN,75,.0567329032258065,Havre
34201,Pooled,75,-.1184016613418531,Havre
34201,Hispanic,75,-.01779,Havre
34201,White,50,-.1183326628518198,Havre
34201,Pooled,50,-.0739043416427134,Havre
34201,AIAN,25,.1297376623376623,Havre
34201,Pooled,25,-.0294070219435737,Havre
34202,Hispanic,75,.0096,Shelby
34202,Hispanic,-9,-.0353716666666667,Shelby
34202,White,-9,-.0943447058823529,Shelby
34202,White,75,-.1200533673469388,Shelby
34202,White,50,-.0953148440508279,Shelby
34202,Pooled,25,-.0105944041450777,Shelby
34202,AIAN,75,-.052358375,Shelby
34202,AIAN,50,.0164907458333333,Shelby
34202,Pooled,-9,-.0455563761755486,Shelby
34202,Hispanic,25,-.0803433333333333,Shelby
34202,Hispanic,50,-.0353716666666667,Shelby
34202,White,25,-.070576320754717,Shelby
34202,Pooled,75,-.0991092380952381,Shelby
34202,AIAN,-9,.0611291868131868,Shelby
34202,Pooled,50,-.0548518211201579,Shelby
34202,AIAN,25,.0853398666666667,Shelby
34203,Hispanic,50,.0258882051282051,Great Falls
34203,Black,25,.1201,Great Falls
34203,White,-9,-.0847766324284666,Great Falls
34203,Black,75,.05547,Great Falls
34203,AIAN,75,.27922,Great Falls
34203,Pooled,50,-.0683370939824329,Great Falls
34203,Asian,25,-.06661,Great Falls
34203,Asian,-9,-.04857,Great Falls
34203,White,50,-.0823071153280416,Great Falls
34203,Hispanic,75,-.0354607692307692,Great Falls
34203,AIAN,25,.0783910256410256,Great Falls
34203,Pooled,75,-.1165610311284047,Great Falls
34203,Black,-9,.0968332,Great Falls
34203,White,25,-.0355577846630519,Great Falls
34203,AIAN,-9,.1256449019607843,Great Falls
34203,Hispanic,25,.0872371794871795,Great Falls
34203,Pooled,25,-.0201131568364611,Great Falls
34203,Hispanic,-9,.038158,Great Falls
34203,Asian,50,-.04857,Great Falls
34203,White,75,-.1290564459930313,Great Falls
34203,Pooled,-9,-.069131819380356,Great Falls
34203,AIAN,50,.1788055128205128,Great Falls
34203,Black,50,.087785,Great Falls
34203,Asian,75,-.03053,Great Falls
34204,White,-9,-.1279559523809524,Lewistown
34204,Pooled,50,-.1235227221122112,Lewistown
34204,Hispanic,-9,.050025,Lewistown
34204,Hispanic,50,.050025,Lewistown
34204,Hispanic,75,.02994,Lewistown
34204,White,25,-.1057329896907217,Lewistown
34204,Pooled,-9,-.1198659090909091,Lewistown
34204,Pooled,25,-.0987689108910891,Lewistown
34204,White,75,-.1583169014084507,Lewistown
34204,Pooled,75,-.1482765333333333,Lewistown
34204,Hispanic,25,.07011,Lewistown
34204,White,50,-.1320249455495862,Lewistown
34301,Asian,50,-.109575,Cody
34301,White,75,-.1245777777777778,Cody
34301,Pooled,25,-.029472274952919,Cody
34301,AIAN,25,.1046,Cody
34301,Hispanic,75,-.0083434782608696,Cody
34301,Asian,25,-.1562,Cody
34301,Black,50,.1357,Cody
34301,Pooled,75,-.1120822827938671,Cody
34301,Hispanic,50,.0169217436281859,Cody
34301,Asian,75,-.06295,Cody
34301,AIAN,75,.1672,Cody
34301,Pooled,-9,-.0728462236135957,Cody
34301,White,25,-.0372259414225941,Cody
34301,Hispanic,-9,.0198369615384615,Cody
34301,Hispanic,25,.0421869655172414,Cody
34301,Asian,-9,-.109575,Cody
34301,Black,25,.1667,Cody
34301,White,-9,-.0835618860510805,Cody
34301,Black,-9,.1357,Cody
34301,Pooled,50,-.0707772788733931,Cody
34301,White,50,-.080901859600186,Cody
34301,Black,75,.1047,Cody
34301,AIAN,50,.1359,Cody
34301,AIAN,-9,.1359,Cody
34302,White,75,-.1096375,Worland
34302,Pooled,25,-.015906354978355,Worland
34302,AIAN,75,.1353,Worland
34302,AIAN,-9,.15365,Worland
34302,White,50,-.06849802,Worland
34302,Pooled,50,-.0631909245247506,Worland
34302,Pooled,75,-.1104754940711462,Worland
34302,Hispanic,-9,-.0921036363636364,Worland
34302,White,25,-.02735854,Worland
34302,White,-9,-.0708266698113208,Worland
34302,Hispanic,75,-.2130428571428571,Worland
34302,Pooled,-9,-.0653402231404959,Worland
34302,AIAN,25,.172,Worland
34302,Hispanic,50,-.0973618633540373,Worland
34302,AIAN,50,.15365,Worland
34302,Hispanic,25,.0183191304347826,Worland
34303,AIAN,25,.1793,Riverton
34303,Black,-9,.083275,Riverton
34303,Pooled,75,-.0731478028747433,Riverton
34303,Hispanic,-9,.0721704,Riverton
34303,White,25,.003917,Riverton
34303,Asian,75,-.062,Riverton
34303,Black,50,.083275,Riverton
34303,Black,25,.1421,Riverton
34303,White,75,-.08594,Riverton
34303,Pooled,-9,-.0198595908183633,Riverton
34303,Asian,25,-.1137,Riverton
34303,Hispanic,50,.04611,Riverton
34303,Hispanic,25,.1185,Riverton
34303,White,-9,-.0425972117647059,Riverton
34303,White,50,-.0410115,Riverton
34303,AIAN,-9,.1824714285714286,Riverton
34303,Pooled,25,.0305313980582524,Riverton
34303,AIAN,75,.1941,Riverton
34303,Asian,-9,-.08785,Riverton
34303,Hispanic,75,-.02628,Riverton
34303,AIAN,50,.1867,Riverton
34303,Asian,50,-.08785,Riverton
34303,Black,75,.02445,Riverton
34303,Pooled,50,-.0213082024082455,Riverton
34304,Pooled,50,-.0521786163522013,Sheridan
34304,Asian,50,-.21125,Sheridan
34304,Black,25,.1557,Sheridan
34304,White,-9,-.0850924763705104,Sheridan
34304,AIAN,50,.1447450980392157,Sheridan
34304,Asian,75,-.234,Sheridan
34304,Asian,25,-.1885,Sheridan
34304,Pooled,-9,-.0521786163522013,Sheridan
34304,AIAN,25,.1872635294117647,Sheridan
34304,Black,-9,.122395,Sheridan
34304,Pooled,75,-.1042878301886793,Sheridan
34304,Black,75,.08909,Sheridan
34304,Hispanic,-9,.0629285714285714,Sheridan
34304,AIAN,75,.1022266666666667,Sheridan
34304,Hispanic,75,-.0097428571428571,Sheridan
34304,Hispanic,25,.1356,Sheridan
34304,White,25,-.0462845306122449,Sheridan
34304,Pooled,25,-.0000694025157233,Sheridan
34304,Asian,-9,-.21125,Sheridan
34304,AIAN,-9,.1710660317460317,Sheridan
34304,Black,50,.122395,Sheridan
34304,White,50,-.0824278462920379,Sheridan
34304,Hispanic,50,.0629285714285714,Sheridan
34304,White,75,-.118571161971831,Sheridan
34305,White,-9,-.1002402366863905,Miles City
34305,AIAN,75,.01528,Miles City
34305,White,50,-.099717203698515,Miles City
34305,Pooled,25,-.0599037362637363,Miles City
34305,Hispanic,25,.1567,Miles City
34305,Pooled,75,-.1204829787234043,Miles City
34305,Pooled,50,-.0901933574935703,Miles City
34305,White,75,-.1291813953488372,Miles City
34305,White,25,-.0702530120481928,Miles City
34305,Pooled,-9,-.0906845405405405,Miles City
34305,AIAN,-9,-.02324,Miles City
34305,Hispanic,-9,.043735,Miles City
34305,AIAN,50,-.02324,Miles City
34305,Hispanic,75,-.06923,Miles City
34305,Hispanic,50,.043735,Miles City
34305,AIAN,25,-.06176,Miles City
34306,White,50,-.18825,Jordan
34306,Pooled,50,-.18825,Jordan
34306,White,-9,-.18825,Jordan
34306,Pooled,75,-.1864,Jordan
34306,White,75,-.1864,Jordan
34306,Pooled,25,-.1901,Jordan
34306,White,25,-.1901,Jordan
34306,Pooled,-9,-.18825,Jordan
34307,Pooled,-9,.0192507228915663,Colstrip
34307,White,-9,-.0827146808510638,Colstrip
34307,AIAN,25,.1812,Colstrip
34307,Hispanic,-9,.130975,Colstrip
34307,Pooled,50,.0138548333333333,Colstrip
34307,White,50,-.0795133608058608,Colstrip
34307,AIAN,50,.14145,Colstrip
34307,Hispanic,25,.2291,Colstrip
34307,White,25,-.0494209523809524,Colstrip
34307,Pooled,75,-.050125,Colstrip
34307,White,75,-.1096057692307692,Colstrip
34307,AIAN,75,.1017,Colstrip
34307,Hispanic,75,.03285,Colstrip
34307,Pooled,25,.0778346666666667,Colstrip
34307,AIAN,-9,.1584857142857143,Colstrip
34307,Hispanic,50,.130975,Colstrip
34308,Hispanic,75,-.0439395744680851,Billings
34308,Pooled,-9,-.0640044791875856,Billings
34308,Black,75,.0005358,Billings
34308,Asian,25,-.143,Billings
34308,Hispanic,50,.0108073360536287,Billings
34308,Asian,-9,-.13715,Billings
34308,Black,25,.07635,Billings
34308,Pooled,25,-.0171158566344687,Billings
34308,Asian,75,-.1313,Billings
34308,Hispanic,-9,.0226691666666667,Billings
34308,AIAN,50,.10348,Billings
34308,Pooled,75,-.102194922484472,Billings
34308,Hispanic,25,.0655542465753425,Billings
34308,Black,50,.0384429,Billings
34308,AIAN,-9,.1379459016393443,Billings
34308,AIAN,25,.1713,Billings
34308,White,50,-.0703110053131674,Billings
34308,Black,-9,.0384429,Billings
34308,White,-9,-.0754494720965309,Billings
34308,White,25,-.0339394379391101,Billings
34308,AIAN,75,.03566,Billings
34308,Asian,50,-.13715,Billings
34308,Pooled,50,-.0596553895594704,Billings
34308,White,75,-.1066825726872246,Billings
34309,Pooled,-9,-.129475,Harlowton
34309,Pooled,25,-.11565,Harlowton
34309,White,75,-.1433,Harlowton
34309,Pooled,75,-.1433,Harlowton
34309,White,50,-.129475,Harlowton
34309,Pooled,50,-.129475,Harlowton
34309,White,25,-.11565,Harlowton
34309,White,-9,-.129475,Harlowton
34401,Hispanic,-9,-.07905,Dillon
34401,Hispanic,50,-.07905,Dillon
34401,Hispanic,75,-.1312,Dillon
34401,Hispanic,25,-.0269,Dillon
34401,Pooled,-9,-.1032545038167939,Dillon
34401,Pooled,75,-.1482625,Dillon
34401,White,-9,-.1048287804878049,Dillon
34401,White,50,-.10589,Dillon
34401,White,75,-.1494,Dillon
34401,Pooled,50,-.1042621455223881,Dillon
34401,Pooled,25,-.0602617910447761,Dillon
34401,White,25,-.06238,Dillon
34402,White,-9,-.1360537871033777,Bozeman
34402,Asian,-9,-.15365,Bozeman
34402,Black,75,-.06979,Bozeman
34402,White,75,-.1639482625482626,Bozeman
34402,Hispanic,50,-.0575501866666667,Bozeman
34402,White,50,-.1342610049124755,Bozeman
34402,AIAN,75,-.0121788235294118,Bozeman
34402,Black,25,-.1342,Bozeman
34402,Asian,50,-.15365,Bozeman
34402,AIAN,25,.0582417647058823,Bozeman
34402,AIAN,50,.0230314705882353,Bozeman
34402,Asian,25,-.1338,Bozeman
34402,Asian,75,-.1735,Bozeman
34402,Hispanic,75,-.0914653066666667,Bozeman
34402,Pooled,-9,-.1310621928846154,Bozeman
34402,Pooled,75,-.159006113921747,Bozeman
34402,White,25,-.1045737472766884,Bozeman
34402,Black,50,-.101995,Bozeman
34402,Hispanic,-9,-.0575501866666667,Bozeman
34402,Pooled,50,-.1293815697029734,Bozeman
34402,Hispanic,25,-.0236350666666667,Bozeman
34402,Black,-9,-.101995,Bozeman
34402,Pooled,25,-.0997570254841998,Bozeman
34402,AIAN,-9,.0230314705882353,Bozeman
34403,Pooled,-9,-.0968096843687375,Helena
34403,Pooled,25,-.0464012398609502,Helena
34403,AIAN,25,.121156,Helena
34403,Hispanic,25,.0308645454545455,Helena
34403,Asian,75,-.1385,Helena
34403,AIAN,-9,.119961052631579,Helena
34403,Asian,-9,-.1598,Helena
34403,Asian,25,-.1811,Helena
34403,Pooled,50,-.0908033825077037,Helena
34403,Black,75,.02208,Helena
34403,Black,25,-.1022,Helena
34403,Black,-9,-.04006,Helena
34403,Hispanic,75,-.030041935483871,Helena
34403,Hispanic,-9,.00136296875,Helena
34403,AIAN,75,.1186333333333333,Helena
34403,Hispanic,50,.0004113049853372,Helena
34403,AIAN,50,.1198946666666667,Helena
34403,White,-9,-.1045543071965628,Helena
34403,Pooled,75,-.1352055251544572,Helena
34403,White,75,-.1436897003745318,Helena
34403,Black,50,-.04006,Helena
34403,Asian,50,-.1598,Helena
34403,White,25,-.0519137531486146,Helena
34403,White,50,-.0978017267615732,Helena
34404,Asian,-9,-.1181,Butte-Silver Bow
34404,Pooled,75,-.103131456162643,Butte-Silver Bow
34404,Asian,50,-.1181,Butte-Silver Bow
34404,White,25,-.0207525082212257,Butte-Silver Bow
34404,Hispanic,-9,-.0326426875,Butte-Silver Bow
34404,AIAN,50,.027318,Butte-Silver Bow
34404,AIAN,25,.1361,Butte-Silver Bow
34404,White,75,-.1046383402489627,Butte-Silver Bow
34404,Hispanic,25,.008833375,Butte-Silver Bow
34404,Asian,25,-.0882,Butte-Silver Bow
34404,Hispanic,50,-.0326426875,Butte-Silver Bow
34404,Asian,75,-.148,Butte-Silver Bow
34404,Pooled,50,-.0590963965669968,Butte-Silver Bow
34404,AIAN,-9,.027318,Butte-Silver Bow
34404,AIAN,75,-.081464,Butte-Silver Bow
34404,Hispanic,75,-.07411875,Butte-Silver Bow
34404,Pooled,-9,-.0606608,Butte-Silver Bow
34404,Pooled,25,-.0150613369713506,Butte-Silver Bow
34404,White,50,-.0626954242350942,Butte-Silver Bow
34404,White,-9,-.0643225201149425,Butte-Silver Bow
34501,Hispanic,75,-.07546,Bonners Ferry
34501,Hispanic,50,-.11228,Bonners Ferry
34501,AIAN,-9,.023775,Bonners Ferry
34501,White,75,-.1893,Bonners Ferry
34501,AIAN,50,.023775,Bonners Ferry
34501,Pooled,25,-.1336342372881356,Bonners Ferry
34501,Hispanic,25,-.1491,Bonners Ferry
34501,White,-9,-.1630898734177215,Bonners Ferry
34501,AIAN,75,-.02637,Bonners Ferry
34501,Pooled,75,-.1585477777777778,Bonners Ferry
34501,Hispanic,-9,-.11228,Bonners Ferry
34501,Pooled,50,-.1460910075329567,Bonners Ferry
34501,White,50,-.169,Bonners Ferry
34501,AIAN,25,.07392,Bonners Ferry
34501,White,25,-.1487,Bonners Ferry
34501,Pooled,-9,-.1430751578947368,Bonners Ferry
34502,White,-9,-.1059588235294118,Libby
34502,Hispanic,75,.06839,Libby
34502,White,25,-.08772,Libby
34502,AIAN,75,-.1075,Libby
34502,Pooled,75,-.1264443902439024,Libby
34502,Hispanic,25,-.00659,Libby
34502,Hispanic,50,.0309,Libby
34502,Pooled,-9,-.0959127272727273,Libby
34502,Pooled,25,-.0777707246376812,Libby
34502,Pooled,50,-.1021075574407918,Libby
34502,Hispanic,-9,.0309,Libby
34502,White,75,-.138,Libby
34502,White,50,-.11286,Libby
34502,AIAN,50,.03345,Libby
34502,AIAN,-9,.03345,Libby
34502,AIAN,25,.1744,Libby
34503,White,50,-.1331571600274725,Kalispell
34503,Black,75,-.032015,Kalispell
34503,Pooled,-9,-.1154785412979351,Kalispell
34503,Hispanic,75,-.0836196875,Kalispell
34503,Asian,25,.01856,Kalispell
34503,Asian,50,.02398,Kalispell
34503,Pooled,50,-.1190873291865189,Kalispell
34503,Hispanic,-9,-.051462552631579,Kalispell
34503,AIAN,-9,.0461802205882353,Kalispell
34503,Black,25,.129745,Kalispell
34503,Pooled,25,-.089429654174885,Kalispell
34503,White,-9,-.1304918719211823,Kalispell
34503,White,25,-.1073927083333333,Kalispell
34503,Asian,-9,.02398,Kalispell
34503,Black,-9,.048865,Kalispell
34503,Hispanic,50,-.0558476164772727,Kalispell
34503,AIAN,25,.0710469306930693,Kalispell
34503,AIAN,75,-.025578,Kalispell
34503,White,75,-.1589216117216117,Kalispell
34503,Asian,75,.0294,Kalispell
34503,Hispanic,25,-.0280755454545455,Kalispell
34503,Pooled,75,-.1487450041981528,Kalispell
34503,AIAN,50,.0227344653465347,Kalispell
34503,Black,50,.048865,Kalispell
34504,Asian,75,-.1635105263157895,Missoula
34504,Asian,25,-.1701,Missoula
34504,AIAN,-9,.07635475,Missoula
34504,Hispanic,75,-.1309555555555556,Missoula
34504,Black,75,-.070725,Missoula
34504,AIAN,75,.0562913043478261,Missoula
34504,Black,25,-.0164705,Missoula
34504,White,25,-.0855108306188925,Missoula
34504,White,75,-.1501657685241886,Missoula
34504,Pooled,-9,-.1128308723591549,Missoula
34504,Hispanic,25,-.0316303703703704,Missoula
34504,AIAN,50,.0703709153318078,Missoula
34504,White,50,-.1178382995715406,Missoula
34504,Asian,50,-.1668052631578947,Missoula
34504,White,-9,-.1188383285984848,Missoula
34504,Black,-9,-.04359775,Missoula
34504,Asian,-9,-.1668052631578947,Missoula
34504,Pooled,50,-.1123712047642733,Missoula
34504,AIAN,25,.0844505263157895,Missoula
34504,Pooled,25,-.0783158316478287,Missoula
34504,Hispanic,-9,-.0713604444444444,Missoula
34504,Hispanic,50,-.081292962962963,Missoula
34504,Pooled,75,-.146426577880718,Missoula
34504,Black,50,-.04359775,Missoula
34601,Pooled,25,.0227601782789317,Gillette
34601,AIAN,50,.086895,Gillette
34601,White,25,.0177543016393443,Gillette
34601,Black,75,.09894,Gillette
34601,Pooled,75,-.0595699108734403,Gillette
34601,Asian,50,-.06265,Gillette
34601,White,50,-.0241627548407052,Gillette
34601,Asian,25,-.06494,Gillette
34601,Pooled,-9,-.0286732070378619,Gillette
34601,Pooled,50,-.0184048662972543,Gillette
34601,AIAN,75,.02239,Gillette
34601,Hispanic,25,.069043904,Gillette
34601,AIAN,25,.1514,Gillette
34601,Hispanic,75,.0715631578947368,Gillette
34601,White,75,-.0660798113207547,Gillette
34601,Asian,75,-.06036,Gillette
34601,Hispanic,50,.0703035309473684,Gillette
34601,Black,-9,.11552,Gillette
34601,AIAN,-9,.086895,Gillette
34601,Black,50,.11552,Gillette
34601,Black,25,.1321,Gillette
34601,Asian,-9,-.06265,Gillette
34601,White,-9,-.0354577700598802,Gillette
34601,Hispanic,-9,.0702712328205128,Gillette
34602,White,25,.01326,Rawlins
34602,Hispanic,75,-.005373,Rawlins
34602,White,-9,-.0240522340425532,Rawlins
34602,Hispanic,-9,.060241375,Rawlins
34602,Pooled,50,-.0062190447761194,Rawlins
34602,Asian,-9,-.13095,Rawlins
34602,Pooled,25,.036688,Rawlins
34602,Hispanic,25,.09961,Rawlins
34602,Hispanic,50,.0471185,Rawlins
34602,Asian,50,-.13095,Rawlins
34602,White,75,-.05051,Rawlins
34602,AIAN,50,.13326,Rawlins
34602,Black,-9,.00355,Rawlins
34602,Pooled,-9,-.0104394098360656,Rawlins
34602,AIAN,75,.05822,Rawlins
34602,Black,25,.1607,Rawlins
34602,Asian,25,-.1167,Rawlins
34602,Black,75,-.1536,Rawlins
34602,Black,50,.00355,Rawlins
34602,AIAN,-9,.13326,Rawlins
34602,White,50,-.018625,Rawlins
34602,Asian,75,-.1452,Rawlins
34602,AIAN,25,.2083,Rawlins
34602,Pooled,75,-.0491260895522388,Rawlins
34603,White,75,-.0649536942675159,Casper
34603,Hispanic,75,-.0042434461538462,Casper
34603,Black,50,.11963,Casper
34603,AIAN,25,.1793470588235294,Casper
34603,AIAN,75,.0831176470588235,Casper
34603,Hispanic,25,.0949045714285714,Casper
34603,Pooled,75,-.0605387681246255,Casper
34603,Asian,50,-.09739,Casper
34603,Hispanic,50,.0453305626373626,Casper
34603,Black,25,.1769,Casper
34603,Asian,75,-.09504,Casper
34603,Asian,-9,-.09739,Casper
34603,White,50,-.0085627092027235,Casper
34603,Asian,25,-.09974,Casper
34603,Pooled,-9,-.0130779887798036,Casper
34603,AIAN,50,.1312323529411765,Casper
34603,White,25,.047828275862069,Casper
34603,Pooled,50,-.0033290712981538,Casper
34603,Hispanic,-9,.0569950352941176,Casper
34603,Black,-9,.11963,Casper
34603,Pooled,25,.0538806255283178,Casper
34603,White,-9,-.0199099387911247,Casper
34603,Black,75,.06236,Casper
34603,AIAN,-9,.1312323529411765,Casper
34604,Pooled,75,-.1024,Lusk
34604,Pooled,50,-.080835,Lusk
34604,Pooled,25,-.05927,Lusk
34604,White,75,-.1024,Lusk
34604,Pooled,-9,-.080835,Lusk
34604,White,25,-.05927,Lusk
34604,White,-9,-.080835,Lusk
34604,White,50,-.080835,Lusk
34701,White,75,-.1014,Honolulu
34701,Hispanic,25,.03418,Honolulu
34701,Hispanic,50,-.00197,Honolulu
34701,Hispanic,-9,.00044,Honolulu
34701,White,25,-.009345,Honolulu
34701,Black,-9,.1390360655737705,Honolulu
34701,Pooled,25,-.0304378370221328,Honolulu
34701,Black,25,.1784,Honolulu
34701,Asian,-9,-.1519583333333333,Honolulu
34701,Asian,50,-.15285,Honolulu
34701,Black,75,.07835,Honolulu
34701,White,50,-.0553725,Honolulu
34701,Hispanic,75,-.03812,Honolulu
34701,AIAN,75,-.04454,Honolulu
34701,Black,50,.128375,Honolulu
34701,Asian,75,-.1475,Honolulu
34701,AIAN,-9,.027235,Honolulu
34701,AIAN,25,.09901,Honolulu
34701,Asian,25,-.1582,Honolulu
34701,White,-9,-.069367347972973,Honolulu
34701,AIAN,50,.027235,Honolulu
34701,Pooled,-9,-.0708658075892228,Honolulu
34701,Pooled,75,-.1002196445093742,Honolulu
34701,Pooled,50,-.0653287407657535,Honolulu
34702,Hispanic,50,-.07535,Kapaa
34702,Hispanic,75,-.09925,Kapaa
34702,Pooled,-9,-.1139365991561181,Kapaa
34702,Black,75,-.006731,Kapaa
34702,AIAN,-9,.11925,Kapaa
34702,Black,25,.1615,Kapaa
34702,Hispanic,25,-.05145,Kapaa
34702,White,-9,-.1466481481481481,Kapaa
34702,White,50,-.1474,Kapaa
34702,White,25,-.1271,Kapaa
34702,Pooled,50,-.1134604173200285,Kapaa
34702,AIAN,25,.1131,Kapaa
34702,Asian,75,-.1389,Kapaa
34702,Asian,50,-.13715,Kapaa
34702,Asian,-9,-.137409900990099,Kapaa
34702,White,75,-.1677,Kapaa
34702,Asian,25,-.1354,Kapaa
34702,AIAN,75,.1254,Kapaa
34702,AIAN,50,.11925,Kapaa
34702,Pooled,75,-.1295825737704918,Kapaa
34702,Pooled,25,-.0973382608695652,Kapaa
34702,Hispanic,-9,-.0722858974358974,Kapaa
34702,Black,-9,.0773845,Kapaa
34702,Black,50,.0773845,Kapaa
34703,Hispanic,25,-.007105,Kahului
34703,White,25,-.1171,Kahului
34703,Hispanic,-9,-.0353727083333333,Kahului
34703,Black,-9,-.01769,Kahului
34703,White,75,-.1755,Kahului
34703,Asian,25,-.1317,Kahului
34703,Asian,-9,-.1258857142857143,Kahului
34703,Black,75,-.0584,Kahului
34703,Black,25,.02302,Kahului
34703,AIAN,75,-.1519,Kahului
34703,Black,50,-.01769,Kahului
34703,Hispanic,75,-.06878,Kahului
34703,AIAN,25,-.05246,Kahului
34703,White,-9,-.1483137931034483,Kahului
34703,Asian,50,-.12675,Kahului
34703,White,50,-.1463,Kahului
34703,AIAN,50,-.10218,Kahului
34703,AIAN,-9,-.10218,Kahului
34703,Asian,75,-.1218,Kahului
34703,Pooled,25,-.0991393047337278,Kahului
34703,Hispanic,50,-.0379425,Kahului
34703,Pooled,75,-.1348873449131514,Kahului
34703,Pooled,50,-.1170133248234396,Kahului
34703,Pooled,-9,-.1185812213225371,Kahului
34801,AIAN,50,.1853,Las Vegas
34801,AIAN,25,.2187,Las Vegas
34801,White,25,-.0144230882352941,Las Vegas
34801,AIAN,75,.1519,Las Vegas
34801,Pooled,-9,.0023124768946396,Las Vegas
34801,Black,75,-.05045,Las Vegas
34801,Pooled,50,-.0116524903058666,Las Vegas
34801,Hispanic,25,.0298235294117647,Las Vegas
34801,Pooled,25,.0210533419689119,Las Vegas
34801,Hispanic,-9,.01491505,Las Vegas
34801,Asian,75,-.1373,Las Vegas
34801,White,75,-.0729012244897959,Las Vegas
34801,Pooled,75,-.0443583225806452,Las Vegas
34801,Black,-9,-.053605,Las Vegas
34801,Hispanic,75,-.0336168085106383,Las Vegas
34801,Black,50,-.053605,Las Vegas
34801,White,50,-.043662156362545,Las Vegas
34801,Hispanic,50,-.0018966395494368,Las Vegas
34801,AIAN,-9,.1853,Las Vegas
34801,Asian,-9,-.15195,Las Vegas
34801,White,-9,-.0389139316239316,Las Vegas
34801,Asian,25,-.1666,Las Vegas
34801,Black,25,-.05676,Las Vegas
34801,Asian,50,-.15195,Las Vegas
34802,Black,50,.0418704615384615,Santa Fe
34802,Pooled,25,-.001786866066702,Santa Fe
34802,Asian,75,-.1657,Santa Fe
34802,Pooled,50,-.0490133580467415,Santa Fe
34802,Pooled,75,-.0962398500267809,Santa Fe
34802,Pooled,-9,-.0487367385516507,Santa Fe
34802,AIAN,75,.007702,Santa Fe
34802,Hispanic,25,.0193867083333333,Santa Fe
34802,Asian,25,-.1539,Santa Fe
34802,Asian,-9,-.1598,Santa Fe
34802,AIAN,25,.0903783606557377,Santa Fe
34802,AIAN,-9,.0670344470588235,Santa Fe
34802,Hispanic,-9,-.0032618684210526,Santa Fe
34802,Asian,50,-.1598,Santa Fe
34802,White,-9,-.1155681852315394,Santa Fe
34802,White,25,-.0703089101338432,Santa Fe
34802,Black,75,.0115809230769231,Santa Fe
34802,Hispanic,75,-.042088,Santa Fe
34802,Black,-9,.0418704615384615,Santa Fe
34802,Hispanic,50,-.0113506458333333,Santa Fe
34802,Black,25,.07216,Santa Fe
34802,White,75,-.1375873488372093,Santa Fe
34802,AIAN,50,.0490401803278688,Santa Fe
34802,White,50,-.1039481294855263,Santa Fe
34803,Black,-9,.092795,Tucumcari
34803,White,-9,-.035588447761194,Tucumcari
34803,White,75,-.0966307407407407,Tucumcari
34803,Black,50,.092795,Tucumcari
34803,Black,25,.1525,Tucumcari
34803,Pooled,-9,.0299392535211267,Tucumcari
34803,Hispanic,50,.0469390909090909,Tucumcari
34803,Pooled,75,-.0623355813953488,Tucumcari
34803,Pooled,25,.0700182222222222,Tucumcari
34803,Hispanic,25,.1108581818181818,Tucumcari
34803,Hispanic,75,-.01698,Tucumcari
34803,White,25,.0056151,Tucumcari
34803,Hispanic,-9,.0879617910447761,Tucumcari
34803,Pooled,50,.0038413204134367,Tucumcari
34803,White,50,-.0455078203703704,Tucumcari
34803,Black,75,.03309,Tucumcari
34804,Hispanic,25,.0809,Clayton
34804,Hispanic,50,-.014,Clayton
34804,Hispanic,75,-.1089,Clayton
34804,Pooled,50,-.0409518970189702,Clayton
34804,White,75,-.08444,Clayton
34804,Pooled,25,.0134073170731707,Clayton
34804,White,50,-.07095,Clayton
34804,White,25,-.05746,Clayton
34804,Pooled,-9,-.0197610169491525,Clayton
34804,White,-9,-.0664533333333333,Clayton
34804,Hispanic,-9,.0285413793103448,Clayton
34804,Pooled,75,-.0953111111111111,Clayton
34805,White,25,-.0525993939393939,Alamosa
34805,Hispanic,-9,.0120070445544554,Alamosa
34805,Hispanic,25,.0200377762711864,Alamosa
34805,Pooled,75,-.0917312219321149,Alamosa
34805,AIAN,75,-.103915,Alamosa
34805,White,50,-.090129696969697,Alamosa
34805,Pooled,25,-.0121852898799314,Alamosa
34805,AIAN,25,.074012,Alamosa
34805,Black,75,-.06189,Alamosa
34805,White,75,-.12766,Alamosa
34805,AIAN,-9,-.0149515,Alamosa
34805,Hispanic,75,-.009727504587156,Alamosa
34805,Black,50,-.050515,Alamosa
34805,Pooled,-9,-.0437236873706004,Alamosa
34805,AIAN,50,-.0149515,Alamosa
34805,Black,25,-.03914,Alamosa
34805,Hispanic,50,.0051551358420152,Alamosa
34805,White,-9,-.0891074708171206,Alamosa
34805,Black,-9,-.050515,Alamosa
34805,Pooled,50,-.0519582559060231,Alamosa
34901,Hispanic,-9,.0422821906858202,Albuquerque
34901,Pooled,75,-.0606871775950668,Albuquerque
34901,Asian,25,-.1159259393939394,Albuquerque
34901,White,-9,-.0585046610843626,Albuquerque
34901,White,50,-.0458758047164382,Albuquerque
34901,Asian,75,-.1273534591194968,Albuquerque
34901,Pooled,-9,-.0050038996487707,Albuquerque
34901,Asian,-9,-.1215338888888889,Albuquerque
34901,Hispanic,50,.0312187575392332,Albuquerque
34901,AIAN,50,.0644653560954164,Albuquerque
34901,Black,25,.1346544848484848,Albuquerque
34901,Black,-9,.0986607116104869,Albuquerque
34901,Pooled,50,-.0062867986994942,Albuquerque
34901,White,25,.0001410121177149,Albuquerque
34901,White,75,-.0918926215505913,Albuquerque
34901,AIAN,-9,.0913522595936795,Albuquerque
34901,Hispanic,75,-.0071344773689352,Albuquerque
34901,AIAN,25,.1151500294985251,Albuquerque
34901,AIAN,75,.0137806826923077,Albuquerque
34901,Pooled,25,.0481135801960784,Albuquerque
34901,Black,50,.0875449875222816,Albuquerque
34901,Hispanic,25,.0695719924474015,Albuquerque
34901,Asian,50,-.1216396992567181,Albuquerque
34901,Black,75,.0404354901960784,Albuquerque
34902,Pooled,-9,-.0054509644670051,Socorro
34902,Pooled,25,.0350219455252918,Socorro
34902,Hispanic,-9,.0257645360824742,Socorro
34902,White,50,-.0761977552238806,Socorro
34902,White,-9,-.073390985915493,Socorro
34902,AIAN,75,.03128,Socorro
34902,Pooled,75,-.081374598540146,Socorro
34902,Hispanic,75,-.0457466666666667,Socorro
34902,Hispanic,25,.0492750684931507,Socorro
34902,Hispanic,50,.001764200913242,Socorro
34902,White,25,-.0263776,Socorro
34902,AIAN,25,.154,Socorro
34902,Asian,25,-.0659,Socorro
34902,AIAN,-9,.1130933333333333,Socorro
34902,White,75,-.1260179104477612,Socorro
34902,Pooled,50,-.0231763265074271,Socorro
34902,Asian,-9,-.09215,Socorro
34902,Asian,75,-.1184,Socorro
34902,AIAN,50,.09264,Socorro
34902,Asian,50,-.09215,Socorro
35001,Black,-9,.1805065712290503,Phoenix
35001,White,50,-.0082868990314817,Phoenix
35001,AIAN,25,.1346872928176796,Phoenix
35001,White,25,.0335926596980256,Phoenix
35001,Hispanic,50,.0762050680704121,Phoenix
35001,Hispanic,75,.0491964004674718,Phoenix
35001,Pooled,75,-.031177549735333,Phoenix
35001,Black,50,.1691211504359693,Phoenix
35001,AIAN,50,.1078897939498234,Phoenix
35001,Asian,75,-.0960718841698842,Phoenix
35001,Pooled,25,.0688533408977556,Phoenix
35001,White,75,-.050166457760989,Phoenix
35001,Hispanic,-9,.0862020193841246,Phoenix
35001,Pooled,-9,.0157704689255618,Phoenix
35001,AIAN,-9,.1211778099173554,Phoenix
35001,Black,25,.1983921065862242,Phoenix
35001,AIAN,75,.0810922950819672,Phoenix
35001,Asian,-9,-.0988963974175036,Phoenix
35001,Black,75,.1398501942857143,Phoenix
35001,Asian,25,-.1024533614262561,Phoenix
35001,White,-9,-.0190414684937419,Phoenix
35001,Hispanic,25,.1032137356733524,Phoenix
35001,Asian,50,-.0992626227980701,Phoenix
35001,Pooled,50,.0188378955812113,Phoenix
35002,Asian,25,-.07255,Safford
35002,AIAN,-9,.139374375,Safford
35002,Asian,-9,-.08453,Safford
35002,Hispanic,-9,.1031680405405405,Safford
35002,White,-9,-.0061768273092369,Safford
35002,Hispanic,50,.1004813772175537,Safford
35002,AIAN,75,.0933633333333333,Safford
35002,Black,25,.2386,Safford
35002,Pooled,75,.0019431391304348,Safford
35002,Pooled,-9,.0480665450733753,Safford
35002,Asian,75,-.09651,Safford
35002,White,75,-.0372642857142857,Safford
35002,White,25,.0386256862745098,Safford
35002,Hispanic,75,.0824074603174603,Safford
35002,Black,50,.11914775,Safford
35002,AIAN,25,.1499923076923077,Safford
35002,Black,75,-.0003045,Safford
35002,Black,-9,.11914775,Safford
35002,Pooled,25,.0910154655870445,Safford
35002,Asian,50,-.08453,Safford
35002,White,50,.000680700280112,Safford
35002,Pooled,50,.0464793023587397,Safford
35002,Hispanic,25,.1185552941176471,Safford
35002,AIAN,50,.1216778205128205,Safford
35100,White,50,-.0397713607600372,Tucson
35100,Hispanic,25,.0853026056338028,Tucson
35100,Asian,75,-.0891742857142857,Tucson
35100,Asian,-9,-.09077285,Tucson
35100,Hispanic,75,.0091265168539326,Tucson
35100,Pooled,50,-.0025388036438498,Tucson
35100,White,-9,-.0482962749546279,Tucson
35100,Pooled,75,-.057417181842991,Tucson
35100,Black,75,.0905412903225806,Tucson
35100,Hispanic,50,.0472145612438677,Tucson
35100,Black,-9,.1240982456140351,Tucson
35100,Pooled,-9,.0003149098827182,Tucson
35100,Pooled,25,.0523395745552914,Tucson
35100,Asian,25,-.0928073863636364,Tucson
35100,Black,50,.1159598478190976,Tucson
35100,AIAN,-9,.1277743595041322,Tucson
35100,White,25,.0053220253636703,Tucson
35100,White,75,-.0848647468837446,Tucson
35100,AIAN,50,.0994318058801357,Tucson
35100,Asian,50,-.090990836038961,Tucson
35100,AIAN,75,.0493668571428571,Tucson
35100,Hispanic,-9,.0620731864904552,Tucson
35100,Black,25,.1413784053156146,Tucson
35100,AIAN,25,.1494967546174143,Tucson
35201,AIAN,-9,.0018814,Grand Junction
35201,White,75,-.1194407100046104,Grand Junction
35201,Hispanic,-9,.0003876983870968,Grand Junction
35201,Pooled,75,-.1118757732342007,Grand Junction
35201,Black,75,.088765,Grand Junction
35201,Asian,25,-.1499248,Grand Junction
35201,White,50,-.0811905402777806,Grand Junction
35201,Black,-9,.069055,Grand Junction
35201,Pooled,25,-.0318328381027048,Grand Junction
35201,Hispanic,75,-.0458759516129032,Grand Junction
35201,Black,25,.049345,Grand Junction
35201,Hispanic,25,.0202149769585253,Grand Junction
35201,White,25,-.0429403705509507,Grand Junction
35201,White,-9,-.0822600947867299,Grand Junction
35201,Pooled,-9,-.0708078875703942,Grand Junction
35201,Asian,-9,-.1492684,Grand Junction
35201,Black,50,.069055,Grand Junction
35201,AIAN,25,.0420172,Grand Junction
35201,AIAN,75,-.0382544,Grand Junction
35201,AIAN,50,.0018814,Grand Junction
35201,Pooled,50,-.0718543056684528,Grand Junction
35201,Asian,50,-.1492684,Grand Junction
35201,Asian,75,-.148612,Grand Junction
35201,Hispanic,50,-.0128304873271889,Grand Junction
35202,Hispanic,50,-.05972,Gunnison
35202,Hispanic,-9,-.05972,Gunnison
35202,White,50,-.1409800059612519,Gunnison
35202,White,25,-.1044534545454546,Gunnison
35202,Pooled,25,-.1026376271186441,Gunnison
35202,Pooled,75,-.1691535384615385,Gunnison
35202,Pooled,-9,-.1375048387096774,Gunnison
35202,Hispanic,75,-.04177,Gunnison
35202,White,-9,-.1428693103448276,Gunnison
35202,Hispanic,25,-.07767,Gunnison
35202,Pooled,50,-.1358955827900913,Gunnison
35202,White,75,-.1775065573770492,Gunnison
35300,Black,75,.0523611111111111,Farmington
35300,AIAN,-9,.1184139024390244,Farmington
35300,Pooled,50,.0058919797721118,Farmington
35300,White,25,-.0101844,Farmington
35300,Pooled,-9,.011826779252111,Farmington
35300,AIAN,25,.1373241502683363,Farmington
35300,White,-9,-.0536918289962825,Farmington
35300,White,75,-.0861811428571429,Farmington
35300,Pooled,75,-.0510958438061041,Farmington
35300,Asian,75,-.097895,Farmington
35300,Hispanic,-9,.040050972972973,Farmington
35300,Asian,25,-.14365,Farmington
35300,Black,25,.0979444444444445,Farmington
35300,Asian,-9,-.1207725,Farmington
35300,Hispanic,50,.0323908558558559,Farmington
35300,Black,50,.0751527777777778,Farmington
35300,White,50,-.0481827714285714,Farmington
35300,AIAN,75,.0593589944134078,Farmington
35300,Hispanic,75,-.0059097297297297,Farmington
35300,Hispanic,25,.0706914414414414,Farmington
35300,Black,-9,.0751527777777778,Farmington
35300,Pooled,25,.0628798033503278,Farmington
35300,AIAN,50,.0983415723408721,Farmington
35300,Asian,50,-.1207725,Farmington
35401,Hispanic,75,-.0044242290076336,Flagstaff
35401,Pooled,50,-.0251652707009267,Flagstaff
35401,White,50,-.0550629171000281,Flagstaff
35401,White,25,-.0149636757301108,Flagstaff
35401,Black,50,.1245725367647059,Flagstaff
35401,Asian,25,-.1362666666666666,Flagstaff
35401,AIAN,25,.1467070731707317,Flagstaff
35401,Pooled,75,-.0729507087378641,Flagstaff
35401,Hispanic,25,.0466982532751092,Flagstaff
35401,Black,75,.06702625,Flagstaff
35401,Hispanic,-9,.02809535,Flagstaff
35401,Black,-9,.1344943103448276,Flagstaff
35401,Asian,-9,-.1289055555555555,Flagstaff
35401,Pooled,25,.0226201673360107,Flagstaff
35401,Black,25,.1821188235294118,Flagstaff
35401,White,-9,-.0570765088474414,Flagstaff
35401,Asian,50,-.1289055555555556,Flagstaff
35401,Asian,75,-.1215444444444444,Flagstaff
35401,Hispanic,50,.0211370121337378,Flagstaff
35401,AIAN,50,.1164783118662647,Flagstaff
35401,White,75,-.0951621584699454,Flagstaff
35401,AIAN,-9,.130645223880597,Flagstaff
35401,Pooled,-9,-.0225508185668902,Flagstaff
35401,AIAN,75,.0862495505617978,Flagstaff
35402,White,25,-.0623803333333333,Cortez
35402,Hispanic,-9,.0112923111111111,Cortez
35402,White,-9,-.0888823628691983,Cortez
35402,White,75,-.1160639316239316,Cortez
35402,Asian,25,-.08739,Cortez
35402,AIAN,25,.1510818181818182,Cortez
35402,Pooled,75,-.0819697142857143,Cortez
35402,Asian,75,-.01366,Cortez
35402,Pooled,25,-.003626345177665,Cortez
35402,Hispanic,50,.0092507931034483,Cortez
35402,Hispanic,25,.0163175862068966,Cortez
35402,AIAN,-9,.1249744262295082,Cortez
35402,Pooled,-9,-.0379992193732194,Cortez
35402,Hispanic,75,.002184,Cortez
35402,AIAN,50,.1042420855614973,Cortez
35402,White,50,-.0892221324786325,Cortez
35402,AIAN,75,.0574023529411765,Cortez
35402,Asian,-9,-.050525,Cortez
35402,Pooled,50,-.0427980297316896,Cortez
35402,Asian,50,-.050525,Cortez
35500,White,50,-.0379198475609756,Gallup
35500,Asian,75,-.0323133333333333,Gallup
35500,Hispanic,-9,.0658216666666667,Gallup
35500,Hispanic,75,.0294263636363636,Gallup
35500,AIAN,25,.1472772151898734,Gallup
35500,White,25,.0103769715447154,Gallup
35500,AIAN,75,.1113010169491525,Gallup
35500,Pooled,50,.0644360489171448,Gallup
35500,Asian,25,-.052338,Gallup
35500,Pooled,-9,.0844685781772575,Gallup
35500,Hispanic,50,.0571561183261183,Gallup
35500,White,-9,-.0449631336805556,Gallup
35500,Black,50,.110395,Gallup
35500,AIAN,-9,.1401062837837838,Gallup
35500,Pooled,75,.0109563502673797,Gallup
35500,Asian,-9,-.0423256666666667,Gallup
35500,Pooled,25,.11791574756691,Gallup
35500,Black,25,.11349,Gallup
35500,Hispanic,25,.084885873015873,Gallup
35500,AIAN,50,.129289116069513,Gallup
35500,White,75,-.0862166666666667,Gallup
35500,Black,-9,.110395,Gallup
35500,Black,75,.1073,Gallup
35500,Asian,50,-.0423256666666667,Gallup
35600,Asian,50,-.15575,Hilo
35600,Asian,25,-.1554,Hilo
35600,Black,25,.08141,Hilo
35600,AIAN,-9,-.07314,Hilo
35600,White,-9,-.1444482587064677,Hilo
35600,Asian,-9,-.1558152542372881,Hilo
35600,Pooled,50,-.1227163828647925,Hilo
35600,Pooled,75,-.1461136546184739,Hilo
35600,Black,75,-.01959,Hilo
35600,Hispanic,25,-.02278,Hilo
35600,AIAN,75,-.09731,Hilo
35600,White,50,-.14525,Hilo
35600,Hispanic,75,-.1057,Hilo
35600,Hispanic,-9,-.04997776,Hilo
35600,White,25,-.1306,Hilo
35600,Black,-9,.03091,Hilo
35600,Hispanic,50,-.06424,Hilo
35600,Black,50,.03091,Hilo
35600,AIAN,50,-.07314,Hilo
35600,White,75,-.1599,Hilo
35600,Pooled,-9,-.1217696724470135,Hilo
35600,Pooled,25,-.0993191111111111,Hilo
35600,Asian,75,-.1561,Hilo
35600,AIAN,25,-.04897,Hilo
35701,Hispanic,75,-.060445652173913,Twin Falls
35701,AIAN,50,.001479,Twin Falls
35701,AIAN,-9,.001479,Twin Falls
35701,Hispanic,-9,-.0267658383838384,Twin Falls
35701,Pooled,25,-.0305699211663067,Twin Falls
35701,Black,75,.0173,Twin Falls
35701,Asian,75,-.0828184,Twin Falls
35701,White,-9,-.0804625436757512,Twin Falls
35701,Pooled,75,-.1259177177419355,Twin Falls
35701,Black,25,.09321,Twin Falls
35701,Asian,50,-.0801146,Twin Falls
35701,Hispanic,50,-.0385094576659039,Twin Falls
35701,AIAN,25,-.002449,Twin Falls
35701,Black,-9,.055255,Twin Falls
35701,Pooled,50,-.0782438194541211,Twin Falls
35701,Black,50,.055255,Twin Falls
35701,Pooled,-9,-.0730482209580838,Twin Falls
35701,White,50,-.083100939654307,Twin Falls
35701,White,75,-.1327791586715867,Twin Falls
35701,Asian,25,-.0774108,Twin Falls
35701,Asian,-9,-.0801146,Twin Falls
35701,AIAN,75,.005407,Twin Falls
35701,Hispanic,25,-.0165732631578947,Twin Falls
35701,White,25,-.0334227206370272,Twin Falls
35702,White,25,-.050142,Burley
35702,Hispanic,50,.0300554022556391,Burley
35702,Asian,25,-.1457,Burley
35702,Pooled,75,-.1276778132911392,Burley
35702,AIAN,75,-.167395,Burley
35702,Pooled,50,-.0734300137884268,Burley
35702,AIAN,-9,-.0382175,Burley
35702,White,50,-.0927981929824561,Burley
35702,Asian,75,-.1866,Burley
35702,Hispanic,25,.0420123308270677,Burley
35702,Pooled,-9,-.0657645638586956,Burley
35702,White,-9,-.0935599107142857,Burley
35702,Asian,50,-.16615,Burley
35702,Hispanic,75,.0180984736842105,Burley
35702,Hispanic,-9,.0390230986842105,Burley
35702,AIAN,25,.09096,Burley
35702,White,75,-.1354543859649123,Burley
35702,AIAN,50,-.0382175,Burley
35702,Asian,-9,-.16615,Burley
35702,Pooled,25,-.0191822142857143,Burley
35801,AIAN,25,.0751648214285714,Boise City
35801,AIAN,50,.0773320357142857,Boise City
35801,Hispanic,50,.0162072624909979,Boise City
35801,Hispanic,25,.0495944335981839,Boise City
35801,AIAN,75,.07949925,Boise City
35801,Black,75,.0100609555555556,Boise City
35801,White,75,-.1132818623702895,Boise City
35801,Hispanic,75,-.017179908616188,Boise City
35801,White,25,-.0180317665491579,Boise City
35801,Black,-9,.0859526982758621,Boise City
35801,Black,25,.1340530985915493,Boise City
35801,AIAN,-9,.0769708333333333,Boise City
35801,Asian,-9,-.1288824742268041,Boise City
35801,Asian,25,-.132235,Boise City
35801,Hispanic,-9,.0293613852848101,Boise City
35801,Black,50,.0720570270735524,Boise City
35801,Pooled,75,-.1071398876802429,Boise City
35801,Pooled,25,-.0073021155957378,Boise City
35801,Asian,75,-.1265298245614035,Boise City
35801,Pooled,-9,-.063282074893617,Boise City
35801,Pooled,50,-.0572210016379903,Boise City
35801,Asian,50,-.1293824122807017,Boise City
35801,White,-9,-.0741549927594529,Boise City
35801,White,50,-.0656568144597237,Boise City
35802,Hispanic,50,.0312342607709751,Ontario
35802,Hispanic,25,.0748849659863946,Ontario
35802,Pooled,25,-.0063042157534247,Ontario
35802,Black,75,.2493,Ontario
35802,White,25,-.0357111270983213,Ontario
35802,AIAN,75,.07942,Ontario
35802,AIAN,50,.04674675,Ontario
35802,Asian,75,-.17665,Ontario
35802,AIAN,25,.0140735,Ontario
35802,White,75,-.1248211356466877,Ontario
35802,Black,25,.3435,Ontario
35802,Asian,-9,-.168625,Ontario
35802,Black,50,.2964,Ontario
35802,Hispanic,75,-.0124164444444444,Ontario
35802,White,-9,-.0741959673024523,Ontario
35802,Asian,50,-.168625,Ontario
35802,Hispanic,-9,.0577109180327869,Ontario
35802,Black,-9,.2964000000000001,Ontario
35802,AIAN,-9,.04674675,Ontario
35802,White,50,-.0802661313725045,Ontario
35802,Asian,25,-.1606,Ontario
35802,Pooled,75,-.1066915067024129,Ontario
35802,Pooled,-9,-.0454311327063741,Ontario
35802,Pooled,50,-.0564978612279188,Ontario
35803,Hispanic,25,.002805,McCall
35803,Hispanic,75,-.1280535,McCall
35803,White,-9,-.1016390196078431,McCall
35803,White,50,-.1131568132746901,McCall
35803,White,25,-.0544160655737705,McCall
35803,Pooled,75,-.1595904561403509,McCall
35803,Pooled,25,-.042525974025974,McCall
35803,Pooled,50,-.1010582150831624,McCall
35803,Hispanic,50,-.06262425,McCall
35803,Pooled,-9,-.0923220597014925,McCall
35803,White,75,-.1718975609756097,McCall
35803,Hispanic,-9,-.06262425,McCall
35901,Pooled,50,-.1121090096149988,St. George
35901,Asian,75,-.1297,St. George
35901,White,25,-.0917002177068215,St. George
35901,Hispanic,25,.0138098333333333,St. George
35901,Pooled,75,-.1451091431754875,St. George
35901,Black,-9,.0100555,St. George
35901,White,-9,-.1251814657980456,St. George
35901,Hispanic,75,-.0202506896551724,St. George
35901,AIAN,-9,.0972692307692308,St. George
35901,Asian,25,-.0957,St. George
35901,Pooled,-9,-.1146216097122302,St. George
35901,Hispanic,-9,.0019091686746988,St. George
35901,Asian,50,-.1127,St. George
35901,Black,50,.0100555,St. George
35901,Black,25,.01302,St. George
35901,Hispanic,50,-.0032204281609195,St. George
35901,Asian,-9,-.1127,St. George
35901,AIAN,50,.0866981566820277,St. George
35901,AIAN,25,.1416677419354839,St. George
35901,AIAN,75,.0317285714285714,St. George
35901,White,75,-.1524492907801419,St. George
35901,White,50,-.1220747542434817,St. George
35901,Pooled,25,-.0791088760545101,St. George
35901,Black,75,.007091,St. George
35902,Hispanic,-9,.0023909615384615,Price
35902,AIAN,25,.1086366666666667,Price
35902,Hispanic,75,-.041729387755102,Price
35902,White,25,-.0558538016528926,Price
35902,Hispanic,25,.0416981818181818,Price
35902,Black,25,.2091,Price
35902,Black,75,-.01727,Price
35902,Black,50,.095915,Price
35902,AIAN,75,-.0948333333333333,Price
35902,AIAN,-9,.0069016666666667,Price
35902,Asian,-9,-.20885,Price
35902,Pooled,50,-.0731761803240817,Price
35902,White,75,-.1131676724137931,Price
35902,Asian,50,-.20885,Price
35902,White,-9,-.0896592711864407,Price
35902,Hispanic,50,-.0000156029684601,Price
35902,Pooled,-9,-.0784640469208211,Price
35902,Pooled,25,-.0381633160621762,Price
35902,Pooled,75,-.1081890445859873,Price
35902,Black,-9,.095915,Price
35902,White,50,-.0845107370333428,Price
35902,Asian,75,-.2131,Price
35902,Asian,25,-.2046,Price
35902,AIAN,50,.0069016666666667,Price
35903,Pooled,50,-.0914884781197598,Moab
35903,Pooled,25,-.0525178195488722,Moab
35903,Pooled,-9,-.092348125,Moab
35903,White,-9,-.1029563025210084,Moab
35903,Hispanic,25,-.04403,Moab
35903,AIAN,50,-.003,Moab
35903,Hispanic,50,-.031505,Moab
35903,Hispanic,75,-.01898,Moab
35903,White,75,-.1351,Moab
35903,Hispanic,-9,-.031505,Moab
35903,White,50,-.102125,Moab
35903,AIAN,-9,-.003,Moab
35903,AIAN,25,.1791,Moab
35903,White,25,-.06915,Moab
35903,AIAN,75,-.1851,Moab
35903,Pooled,75,-.1304591366906475,Moab
35904,Pooled,-9,-.0837707299703264,Richfield
35904,AIAN,-9,.1189575,Richfield
35904,Pooled,25,-.034887033557047,Richfield
35904,White,25,-.0484669172932331,Richfield
35904,Hispanic,25,.0031915,Richfield
35904,White,50,-.0956846214373142,Richfield
35904,White,-9,-.1017222950819672,Richfield
35904,Pooled,50,-.0787003465657575,Richfield
35904,White,75,-.1429023255813953,Richfield
35904,Pooled,75,-.1225136595744681,Richfield
35904,Hispanic,75,.108214,Richfield
35904,Hispanic,-9,.05570275,Richfield
35904,AIAN,75,.085115,Richfield
35904,Hispanic,50,.05570275,Richfield
35904,AIAN,25,.1528,Richfield
35904,AIAN,50,.1189575,Richfield
35905,White,25,-.1703,Loa
35905,White,-9,-.14845,Loa
35905,White,75,-.1266,Loa
35905,Pooled,75,-.1266,Loa
35905,White,50,-.14845,Loa
35905,Pooled,50,-.14845,Loa
35905,Pooled,-9,-.14845,Loa
35905,Pooled,25,-.1703,Loa
36000,Pooled,25,-.0826057408289662,Provo
36000,Asian,75,-.11368125,Provo
36000,Pooled,-9,-.1218952738615097,Provo
36000,AIAN,-9,.0534316666666667,Provo
36000,Black,25,-.02218,Provo
36000,Asian,25,-.1051977777777778,Provo
36000,AIAN,50,.0567586285714286,Provo
36000,Asian,-9,-.1106272,Provo
36000,Black,75,-.007208,Provo
36000,Hispanic,25,-.0326237373737374,Provo
36000,Black,-9,-.0141181538461538,Provo
36000,Pooled,75,-.1410162406677487,Provo
36000,White,75,-.1453267008046818,Provo
36000,Hispanic,75,-.0705945945945946,Provo
36000,White,25,-.0902232356134636,Provo
36000,White,-9,-.1282476863536934,Provo
36000,AIAN,75,.0767204,Provo
36000,AIAN,25,.0367968571428571,Provo
36000,Hispanic,50,-.051609165984166,Provo
36000,Black,50,-.014694,Provo
36000,Asian,50,-.1094395138888889,Provo
36000,Hispanic,-9,-.0488656069364162,Provo
36000,White,50,-.1177749682090727,Provo
36000,Pooled,50,-.1118109907483574,Provo
36100,Pooled,50,-.0770243260511735,Salt Lake City
36100,Black,50,.0714567690282957,Salt Lake City
36100,White,-9,-.1017228607959829,Salt Lake City
36100,Pooled,75,-.1189382920974155,Salt Lake City
36100,Asian,25,-.1276094972067039,Salt Lake City
36100,Pooled,-9,-.0908502036435742,Salt Lake City
36100,Asian,-9,-.1239067506297229,Salt Lake City
36100,AIAN,-9,.0819416494252874,Salt Lake City
36100,Hispanic,75,-.031490150257732,Salt Lake City
36100,White,50,-.0867937790459477,Salt Lake City
36100,AIAN,25,.1096640350877193,Salt Lake City
36100,Asian,75,-.1208664220183486,Salt Lake City
36100,Hispanic,50,-.0023761343748265,Salt Lake City
36100,AIAN,75,.0292691166666667,Salt Lake City
36100,Hispanic,25,.026737881508079,Salt Lake City
36100,Black,25,.0992110638297873,Salt Lake City
36100,Pooled,25,-.0351103600049316,Salt Lake City
36100,Black,-9,.0765878151260504,Salt Lake City
36100,Hispanic,-9,.0028304991534392,Salt Lake City
36100,Asian,50,-.1242379596125263,Salt Lake City
36100,White,75,-.125101425225828,Salt Lake City
36100,White,25,-.0484861328660673,Salt Lake City
36100,AIAN,50,.069466575877193,Salt Lake City
36100,Black,75,.0437024742268041,Salt Lake City
36200,AIAN,75,.16896,Logan
36200,AIAN,50,.1133525,Logan
36200,Pooled,75,-.1577481315325895,Logan
36200,Black,50,.0036,Logan
36200,Hispanic,50,-.0075200321969697,Logan
36200,Black,-9,.0036,Logan
36200,Asian,-9,-.1533773913043478,Logan
36200,Hispanic,-9,.0060880955882353,Logan
36200,White,75,-.1630069452980946,Logan
36200,Black,75,-.057995,Logan
36200,Hispanic,75,-.0537876666666667,Logan
36200,Black,25,.065195,Logan
36200,AIAN,25,.057745,Logan
36200,Asian,25,-.1626363636363636,Logan
36200,Pooled,-9,-.1318139637924599,Logan
36200,Asian,75,-.14489,Logan
36200,White,-9,-.1416001406752412,Logan
36200,AIAN,-9,.1133525,Logan
36200,Hispanic,25,.0387476022727273,Logan
36200,White,50,-.1320777177129265,Logan
36200,Pooled,25,-.0865620297131148,Logan
36200,Pooled,50,-.1221550806228522,Logan
36200,White,25,-.1011484901277584,Logan
36200,Asian,50,-.1537631818181818,Logan
36301,White,50,-.091708003998634,Pocatello
36301,Hispanic,-9,.0030955294117647,Pocatello
36301,White,-9,-.1006705273972603,Pocatello
36301,Black,75,.018213,Pocatello
36301,Asian,50,-.1361555882352941,Pocatello
36301,Hispanic,25,.0185915009380863,Pocatello
36301,White,25,-.0531853250791823,Pocatello
36301,Black,25,.0631233333333333,Pocatello
36301,Pooled,25,-.0407945510253317,Pocatello
36301,AIAN,75,.0426855319148936,Pocatello
36301,Black,50,.0406681666666667,Pocatello
36301,AIAN,25,.1057082716049383,Pocatello
36301,Pooled,-9,-.0898577920222266,Pocatello
36301,Pooled,75,-.1241350773638969,Pocatello
36301,AIAN,50,.0741969017599159,Pocatello
36301,White,75,-.1302306829180857,Pocatello
36301,AIAN,-9,.082567109375,Pocatello
36301,Pooled,50,-.0824648141946143,Pocatello
36301,Black,-9,.0406681666666667,Pocatello
36301,Asian,25,-.1284523529411765,Pocatello
36301,Asian,75,-.1438588235294118,Pocatello
36301,Hispanic,50,-.0057415306554548,Pocatello
36301,Asian,-9,-.1361555882352941,Pocatello
36301,Hispanic,75,-.030074562248996,Pocatello
36302,White,25,-.0993190140845071,Salmon
36302,Pooled,75,-.1360939622641509,Salmon
36302,Pooled,-9,-.1063964484848485,Salmon
36302,White,75,-.1532333333333333,Salmon
36302,Hispanic,-9,-.006073825,Salmon
36302,White,-9,-.1202340517241379,Salmon
36302,Pooled,50,-.1112833811320755,Salmon
36302,White,50,-.1262761737089202,Salmon
36302,Hispanic,50,-.006073825,Salmon
36302,Hispanic,25,.02753735,Salmon
36302,Hispanic,75,-.039685,Salmon
36302,Pooled,25,-.0864728,Salmon
36303,Pooled,75,-.140116,Jackson
36303,White,25,-.1329921951219512,Jackson
36303,AIAN,75,-.149,Jackson
36303,Hispanic,25,-.01823,Jackson
36303,White,75,-.1667140845070423,Jackson
36303,Pooled,25,-.0703563076923077,Jackson
36303,Pooled,-9,-.111776125,Jackson
36303,White,-9,-.1543694642857143,Jackson
36303,Hispanic,-9,-.0179375,Jackson
36303,Hispanic,50,-.0179375,Jackson
36303,Hispanic,75,-.017645,Jackson
36303,Pooled,50,-.1052361538461538,Jackson
36303,AIAN,25,.1464,Jackson
36303,AIAN,-9,-.0013,Jackson
36303,AIAN,50,-.0013,Jackson
36303,White,50,-.1498531398144967,Jackson
36401,Pooled,25,-.005059141955836,Steamboat Springs
36401,White,50,-.043027006993007,Steamboat Springs
36401,Hispanic,25,-.0022929696969697,Steamboat Springs
36401,AIAN,50,.0325,Steamboat Springs
36401,White,75,-.0837890909090909,Steamboat Springs
36401,Hispanic,75,-.0770658064516129,Steamboat Springs
36401,Asian,25,-.17285,Steamboat Springs
36401,Asian,-9,-.1434425,Steamboat Springs
36401,Hispanic,50,-.0396793880742913,Steamboat Springs
36401,Hispanic,-9,-.0385110625,Steamboat Springs
36401,Pooled,75,-.0854803710575139,Steamboat Springs
36401,Asian,75,-.114035,Steamboat Springs
36401,Pooled,-9,-.0556982102803738,Steamboat Springs
36401,AIAN,-9,.0325,Steamboat Springs
36401,Asian,50,-.1434425,Steamboat Springs
36401,AIAN,25,.2283,Steamboat Springs
36401,Pooled,50,-.0452697565066749,Steamboat Springs
36401,White,25,-.0022649230769231,Steamboat Springs
36401,White,-9,-.0552994623655914,Steamboat Springs
36401,AIAN,75,-.1633,Steamboat Springs
36402,Asian,50,-.23935,Vernal
36402,AIAN,75,.10537,Vernal
36402,Black,25,.1188,Vernal
36402,Black,-9,.08443,Vernal
36402,Asian,-9,-.23935,Vernal
36402,Hispanic,25,.0211866666666667,Vernal
36402,Black,50,.08443,Vernal
36402,AIAN,-9,.1049397619047619,Vernal
36402,White,75,-.0897175074183976,Vernal
36402,Black,75,.05006,Vernal
36402,Hispanic,75,-.0315533333333333,Vernal
36402,Hispanic,50,-.0051833333333333,Vernal
36402,Asian,75,-.2294,Vernal
36402,White,25,-.0165414741035857,Vernal
36402,Pooled,25,-.0113874336283186,Vernal
36402,Pooled,-9,-.0516898844375963,Vernal
36402,Pooled,50,-.0470713225440365,Vernal
36402,Hispanic,-9,-.0051833333333333,Vernal
36402,White,-9,-.0584807993197279,Vernal
36402,AIAN,25,.104584347826087,Vernal
36402,Asian,25,-.2493,Vernal
36402,Pooled,75,-.0827552114597544,Vernal
36402,White,50,-.0531294907609916,Vernal
36402,AIAN,50,.1049771739130435,Vernal
36403,Pooled,75,-.1001183333333333,Soda Springs
36403,Pooled,25,-.0618165979381443,Soda Springs
36403,Hispanic,25,-.047575,Soda Springs
36403,Hispanic,75,.07256,Soda Springs
36403,Hispanic,50,.0124925,Soda Springs
36403,White,50,-.0866863119629874,Soda Springs
36403,Pooled,-9,-.0847022821576763,Soda Springs
36403,White,-9,-.0916139111111111,Soda Springs
36403,Hispanic,-9,.0124925,Soda Springs
36403,Pooled,50,-.0809674656357388,Soda Springs
36403,White,25,-.0630967415730337,Soda Springs
36403,White,75,-.1102758823529412,Soda Springs
36404,Asian,-9,-.109405,Rock Springs
36404,Asian,25,-.09741,Rock Springs
36404,Hispanic,75,-.005424265625,Rock Springs
36404,Black,25,.2158,Rock Springs
36404,Black,-9,.131595,Rock Springs
36404,Asian,75,-.1214,Rock Springs
36404,Hispanic,-9,.0116886695652174,Rock Springs
36404,White,25,.0267618266978923,Rock Springs
36404,AIAN,25,.18465,Rock Springs
36404,White,75,-.060011754587156,Rock Springs
36404,Pooled,75,-.0546762636554622,Rock Springs
36404,AIAN,75,.115205,Rock Springs
36404,White,-9,-.0314880292532717,Rock Springs
36404,Pooled,25,.0305048785425101,Rock Springs
36404,Black,50,.131595,Rock Springs
36404,Black,75,.04739,Rock Springs
36404,AIAN,-9,.1499275,Rock Springs
36404,AIAN,50,.1499275,Rock Springs
36404,Pooled,-9,-.0255756521438451,Rock Springs
36404,Pooled,50,-.012085692556476,Rock Springs
36404,Hispanic,25,.0331637254901961,Rock Springs
36404,Asian,50,-.109405,Rock Springs
36404,White,50,-.0166249639446318,Rock Springs
36404,Hispanic,50,.013869729932598,Rock Springs
36501,Black,50,.0556683333333333,Klamath Falls
36501,Hispanic,25,-.0152396666666667,Klamath Falls
36501,Black,-9,.0556683333333333,Klamath Falls
36501,AIAN,75,-.0147995238095238,Klamath Falls
36501,White,75,-.1043854907539118,Klamath Falls
36501,Asian,50,-.1190433333333333,Klamath Falls
36501,White,50,-.0738516410409125,Klamath Falls
36501,Hispanic,75,-.0354035247524752,Klamath Falls
36501,Asian,75,-.11338,Klamath Falls
36501,AIAN,-9,.01211776,Klamath Falls
36501,White,25,-.0433177913279133,Klamath Falls
36501,Black,25,.12355,Klamath Falls
36501,Hispanic,-9,-.022119902027027,Klamath Falls
36501,Black,75,-.0122133333333333,Klamath Falls
36501,Pooled,75,-.0964167664370695,Klamath Falls
36501,Pooled,25,-.0366365779403489,Klamath Falls
36501,AIAN,50,.0084050311986864,Klamath Falls
36501,Pooled,-9,-.0649320613515116,Klamath Falls
36501,Pooled,50,-.0665266721887092,Klamath Falls
36501,Hispanic,50,-.025321595709571,Klamath Falls
36501,Asian,25,-.1247066666666667,Klamath Falls
36501,White,-9,-.0731100138792505,Klamath Falls
36501,AIAN,25,.0316095862068966,Klamath Falls
36501,Asian,-9,-.1190433333333333,Klamath Falls
36502,Pooled,-9,-.1161504347826087,Burns
36502,White,-9,-.1124421052631579,Burns
36502,Hispanic,75,-.126,Burns
36502,White,25,-.0856,Burns
36502,White,75,-.1456,Burns
36502,Pooled,50,-.1173579047619048,Burns
36502,AIAN,50,-.15238,Burns
36502,Hispanic,25,-.1043,Burns
36502,AIAN,25,-.2903,Burns
36502,Hispanic,-9,-.11515,Burns
36502,AIAN,-9,-.15238,Burns
36502,Pooled,25,-.103472,Burns
36502,AIAN,75,-.01446,Burns
36502,Pooled,75,-.1312438095238095,Burns
36502,White,50,-.1156,Burns
36502,Hispanic,50,-.11515,Burns
36503,Hispanic,75,-.0222,Lakeview
36503,Pooled,75,-.1362959183673469,Lakeview
36503,Hispanic,50,.02638,Lakeview
36503,Pooled,50,-.0843590995345506,Lakeview
36503,White,25,-.04895,Lakeview
36503,White,50,-.099525,Lakeview
36503,Hispanic,-9,.02638,Lakeview
36503,Pooled,-9,-.0804393396226415,Lakeview
36503,AIAN,-9,-.02312,Lakeview
36503,Hispanic,25,.07496,Lakeview
36503,White,75,-.1501,Lakeview
36503,AIAN,50,-.02312,Lakeview
36503,Pooled,25,-.0324222807017544,Lakeview
36503,White,-9,-.0950294444444444,Lakeview
36503,AIAN,25,.06266,Lakeview
36503,AIAN,75,-.1089,Lakeview
36600,Pooled,50,-.0440074993029937,Redding
36600,Black,25,.1407963636363636,Redding
36600,Black,-9,.0690466666666667,Redding
36600,Asian,-9,-.1401904347826087,Redding
36600,Hispanic,75,-.0793049367088608,Redding
36600,Asian,75,-.1321971428571428,Redding
36600,White,-9,-.0442195205183585,Redding
36600,AIAN,75,-.0906,Redding
36600,AIAN,50,-.006869375,Redding
36600,Asian,25,-.1436875,Redding
36600,Pooled,25,-.0016224195710456,Redding
36600,AIAN,25,.07686125,Redding
36600,Asian,50,-.1379423214285714,Redding
36600,Black,50,.0654591818181818,Redding
36600,White,75,-.0869685253456221,Redding
36600,Black,75,-.009878,Redding
36600,Hispanic,-9,-.0003335338345865,Redding
36600,Pooled,-9,-.0394448886414254,Redding
36600,AIAN,-9,.0258947826086956,Redding
36600,Hispanic,25,.0330287165775401,Redding
36600,White,25,-.0065100325203252,Redding
36600,Pooled,75,-.0863925790349418,Redding
36600,Hispanic,50,-.0231381100656603,Redding
36600,White,50,-.0467392789329737,Redding
36700,Hispanic,75,-.0912454545454545,Eureka
36700,Pooled,75,-.1352481081081081,Eureka
36700,Pooled,25,-.0706467701694915,Eureka
36700,AIAN,50,.0011517122593718,Eureka
36700,White,50,-.1113772521285742,Eureka
36700,AIAN,25,.0460172340425532,Eureka
36700,Black,25,.07295,Eureka
36700,AIAN,75,-.0437138095238095,Eureka
36700,Asian,50,-.15695,Eureka
36700,White,25,-.0810026890756303,Eureka
36700,Pooled,-9,-.1017435464135021,Eureka
36700,Hispanic,50,-.069217642765685,Eureka
36700,Black,-9,.004415,Eureka
36700,White,75,-.1417518151815181,Eureka
36700,Hispanic,-9,-.0640458956521739,Eureka
36700,Hispanic,25,-.0471898309859155,Eureka
36700,Pooled,50,-.1029474391387998,Eureka
36700,Asian,25,-.1523,Eureka
36700,Black,50,.004415,Eureka
36700,AIAN,-9,.0183061764705882,Eureka
36700,Black,75,-.06412,Eureka
36700,Asian,-9,-.1551862068965517,Eureka
36700,White,-9,-.1116554537885096,Eureka
36700,Asian,75,-.1616,Eureka
36800,White,25,-.090304,Medford
36800,Black,25,-.0487078947368421,Medford
36800,White,50,-.116527,Medford
36800,Pooled,-9,-.1111141614502634,Medford
36800,Asian,25,-.1644206896551724,Medford
36800,Pooled,75,-.1401955363957597,Medford
36800,Pooled,25,-.0884043681015453,Medford
36800,Asian,75,-.188292,Medford
36800,AIAN,-9,-.0308998181818182,Medford
36800,Hispanic,75,-.1123065573770492,Medford
36800,White,-9,-.1142172020725389,Medford
36800,AIAN,25,-.0273252380952381,Medford
36800,Hispanic,25,-.0757253125,Medford
36800,AIAN,75,-.0371553333333333,Medford
36800,Black,-9,-.0399576315789474,Medford
36800,Black,50,-.0399576315789474,Medford
36800,Asian,50,-.1763563448275862,Medford
36800,Hispanic,50,-.0940159349385246,Medford
36800,Asian,-9,-.1754722222222222,Medford
36800,White,75,-.14275,Medford
36800,Pooled,50,-.1142999522486525,Medford
36800,Hispanic,-9,-.0845452964426878,Medford
36800,Black,75,-.0312073684210526,Medford
36800,AIAN,50,-.0322402857142857,Medford
36901,AIAN,75,-.10027,Crescent City
36901,AIAN,25,.0086166666666667,Crescent City
36901,Pooled,25,-.0292495437262357,Crescent City
36901,White,25,-.0304263033175355,Crescent City
36901,Hispanic,75,-.116178947368421,Crescent City
36901,Pooled,-9,-.0658721020408163,Crescent City
36901,Black,75,-.1715,Crescent City
36901,Black,25,.2136,Crescent City
36901,Black,-9,.02105,Crescent City
36901,White,75,-.1051,Crescent City
36901,White,-9,-.0654119647355164,Crescent City
36901,Black,50,.02105,Crescent City
36901,Pooled,75,-.1083026431718062,Crescent City
36901,Asian,75,-.1425,Crescent City
36901,Hispanic,-9,-.067171914893617,Crescent City
36901,Hispanic,25,-.0339171428571429,Crescent City
36901,Asian,-9,-.1513,Crescent City
36901,Pooled,50,-.0687760934490209,Crescent City
36901,White,50,-.0677631516587678,Crescent City
36901,Asian,25,-.1601,Crescent City
36901,AIAN,-9,-.0408772727272727,Crescent City
36901,Hispanic,50,-.075048045112782,Crescent City
36901,Asian,50,-.1513,Crescent City
36901,AIAN,50,-.0458266666666667,Crescent City
36902,Black,25,.104914,Roseburg
36902,White,25,-.0661645177664975,Roseburg
36902,AIAN,-9,-.0512932142857143,Roseburg
36902,Black,-9,.0721995,Roseburg
36902,AIAN,25,-.0124093333333333,Roseburg
36902,Pooled,25,-.0613945287569573,Roseburg
36902,White,50,-.1033742588832487,Roseburg
36902,Black,75,.039485,Roseburg
36902,Asian,25,-.111095,Roseburg
36902,White,-9,-.1011736827956989,Roseburg
36902,Hispanic,25,-.0108945737704918,Roseburg
36902,Asian,50,-.10869,Roseburg
36902,Pooled,50,-.0991017227562802,Roseburg
36902,Black,50,.0721995,Roseburg
36902,Asian,75,-.106285,Roseburg
36902,Hispanic,-9,-.0425028924731183,Roseburg
36902,Hispanic,75,-.10275625,Roseburg
36902,Pooled,-9,-.0964631548387097,Roseburg
36902,Asian,-9,-.10869,Roseburg
36902,Hispanic,50,-.0568254118852459,Roseburg
36902,Pooled,75,-.136808916755603,Roseburg
36902,AIAN,75,-.0961592307692308,Roseburg
36902,White,75,-.140584,Roseburg
36902,AIAN,50,-.0542842820512821,Roseburg
37000,AIAN,75,-.0273273015873016,Modesto
37000,Hispanic,-9,-.0041241347119646,Modesto
37000,Pooled,50,-.0299041582976686,Modesto
37000,Asian,50,-.1142588879747703,Modesto
37000,Black,75,.0970321359223301,Modesto
37000,Hispanic,50,-.007261212070501,Modesto
37000,Black,25,.1533615023474178,Modesto
37000,Pooled,25,-.0006777129207965,Modesto
37000,Asian,25,-.1169182887700535,Modesto
37000,Pooled,-9,-.0263376007915039,Modesto
37000,Hispanic,25,-.0000521103334706,Modesto
37000,AIAN,-9,.0215856944444444,Modesto
37000,White,75,-.0755888676236045,Modesto
37000,White,50,-.0368156326910787,Modesto
37000,Black,50,.125196819134874,Modesto
37000,White,-9,-.0408582101972526,Modesto
37000,AIAN,25,.0596291358024691,Modesto
37000,White,25,.0019576022414471,Modesto
37000,AIAN,50,.0161509171075838,Modesto
37000,Hispanic,75,-.0144703138075314,Modesto
37000,Pooled,75,-.0591306036745407,Modesto
37000,Asian,75,-.1115994871794872,Modesto
37000,Asian,-9,-.1153527547169811,Modesto
37000,Black,-9,.1350009810126582,Modesto
37100,Hispanic,50,.0427,Bakersfield
37100,Pooled,-9,.0284456515927824,Bakersfield
37100,Black,50,.15635,Bakersfield
37100,Pooled,25,.0597235076082716,Bakersfield
37100,Black,25,.1758,Bakersfield
37100,Asian,25,-.07734,Bakersfield
37100,Asian,75,-.07236,Bakersfield
37100,AIAN,50,.10179,Bakersfield
37100,Black,75,.1369,Bakersfield
37100,White,-9,.0078188510638298,Bakersfield
37100,Hispanic,25,.0518,Bakersfield
37100,AIAN,-9,.1054361764705882,Bakersfield
37100,Asian,-9,-.0752713846153846,Bakersfield
37100,White,75,-.03139,Bakersfield
37100,White,25,.06459,Bakersfield
37100,Hispanic,75,.0336,Bakersfield
37100,Hispanic,-9,.0476852173913043,Bakersfield
37100,Pooled,75,-.0131769574247144,Bakersfield
37100,Pooled,50,.0232732750917786,Bakersfield
37100,AIAN,25,.1195,Bakersfield
37100,Asian,50,-.07485,Bakersfield
37100,AIAN,75,.08408,Bakersfield
37100,White,50,.0166,Bakersfield
37100,Black,-9,.1641747126436782,Bakersfield
37200,Hispanic,25,.0278644604212055,Fresno
37200,AIAN,50,.0619223418095801,Fresno
37200,White,50,-.0268191695434462,Fresno
37200,Asian,75,-.1010798046181172,Fresno
37200,Hispanic,75,.0165508214285714,Fresno
37200,White,25,.0175930780559647,Fresno
37200,Black,75,.1158224242424242,Fresno
37200,Hispanic,-9,.0256453228254524,Fresno
37200,Pooled,75,-.0446466725284808,Fresno
37200,Asian,25,-.1138357113682777,Fresno
37200,White,75,-.0712314171428571,Fresno
37200,Pooled,-9,-.002046898196658,Fresno
37200,Hispanic,50,.0222076409248885,Fresno
37200,Black,-9,.1493225954198473,Fresno
37200,Asian,-9,-.1103014714566929,Fresno
37200,Pooled,25,.0219821891577177,Fresno
37200,Asian,50,-.1074577579931975,Fresno
37200,Black,50,.1382128447742733,Fresno
37200,Pooled,50,-.0113322416853815,Fresno
37200,AIAN,25,.0920441573033708,Fresno
37200,AIAN,-9,.0740185039370079,Fresno
37200,White,-9,-.0324207142857143,Fresno
37200,Black,25,.1606032653061224,Fresno
37200,AIAN,75,.0318005263157895,Fresno
37300,Black,50,.114128078886693,Chico
37300,AIAN,25,.090752843373494,Chico
37300,Black,75,.1246907954545455,Chico
37300,AIAN,75,-.0377298909090909,Chico
37300,Hispanic,-9,-.0367635960044395,Chico
37300,White,25,-.0239160887276786,Chico
37300,White,75,-.1013588981173865,Chico
37300,Hispanic,75,-.052207380952381,Chico
37300,Asian,50,-.1161501890261842,Chico
37300,AIAN,50,.0265114762322015,Chico
37300,Asian,75,-.1122884848484848,Chico
37300,Pooled,25,-.0281579846401143,Chico
37300,AIAN,-9,.0395459565217391,Chico
37300,Asian,-9,-.1181378308823529,Chico
37300,Black,25,.1035653623188406,Chico
37300,Hispanic,25,-.0320701157742402,Chico
37300,Asian,25,-.1200118932038835,Chico
37300,Hispanic,50,-.0421387483633106,Chico
37300,White,50,-.0626374934225325,Chico
37300,Black,-9,.1117911946902655,Chico
37300,Pooled,-9,-.0556850827781143,Chico
37300,White,-9,-.0627881603668705,Chico
37300,Pooled,50,-.0598138279364955,Chico
37300,Pooled,75,-.0914696712328767,Chico
37400,Hispanic,25,.0124311199047115,Sacramento
37400,Black,-9,.1495966427850656,Sacramento
37400,Hispanic,75,-.0248145667643365,Sacramento
37400,Hispanic,50,-.0061917234298125,Sacramento
37400,Asian,75,-.1179611392405063,Sacramento
37400,White,75,-.0917090693005701,Sacramento
37400,Pooled,75,-.0749268999667664,Sacramento
37400,Asian,25,-.1271425801853172,Sacramento
37400,Asian,50,-.1225518597129117,Sacramento
37400,Pooled,-9,-.0444484998040752,Sacramento
37400,AIAN,25,.0435437984496124,Sacramento
37400,Black,50,.1413534435057779,Sacramento
37400,Black,75,.1167108779378317,Sacramento
37400,Hispanic,-9,-.001997280525377,Sacramento
37400,Pooled,25,-.0086104747593165,Sacramento
37400,White,-9,-.0682066735360643,Sacramento
37400,AIAN,50,.0027151242248062,Sacramento
37400,AIAN,-9,.0078855676855895,Sacramento
37400,Black,25,.165996009073724,Sacramento
37400,Asian,-9,-.123440323266695,Sacramento
37400,White,50,-.0602941160800083,Sacramento
37400,Pooled,50,-.0417686873630414,Sacramento
37400,White,25,-.0288791628594464,Sacramento
37400,AIAN,75,-.03811355,Sacramento
37500,Pooled,-9,-.0611699993588602,San Jose
37500,Asian,-9,-.1258340787079163,San Jose
37500,White,-9,-.0930427715355805,San Jose
37500,White,25,-.0541852294853964,San Jose
37500,Pooled,25,-.0288866752151316,San Jose
37500,Hispanic,50,-.0051092955837211,San Jose
37500,White,75,-.1073629010763711,San Jose
37500,Hispanic,75,-.0155049786019971,San Jose
37500,Black,50,.1019620000548001,San Jose
37500,Black,75,.0831256541019955,San Jose
37500,Pooled,50,-.0566242907536057,San Jose
37500,Hispanic,25,.005286387434555,San Jose
37500,AIAN,75,-.0282465486725664,San Jose
37500,Black,-9,.1034079836233367,San Jose
37500,Hispanic,-9,-.0026046507850568,San Jose
37500,Asian,50,-.1267015735369669,San Jose
37500,Pooled,75,-.0843619062920798,San Jose
37500,White,50,-.0807740652808837,San Jose
37500,Asian,75,-.1215827718342735,San Jose
37500,Black,25,.1207983460076046,San Jose
37500,AIAN,-9,.008241264957265,San Jose
37500,AIAN,25,.0423166611570248,San Jose
37500,Asian,25,-.1318203752396604,San Jose
37500,AIAN,50,.0070350562422292,San Jose
37601,Hispanic,25,-.0017092173913043,Elko
37601,Asian,25,-.1055,Elko
37601,Hispanic,75,.0185421238095238,Elko
37601,White,-9,-.0048044871794872,Elko
37601,AIAN,50,.1528338095238095,Elko
37601,Black,75,.185,Elko
37601,White,75,-.0217969523809524,Elko
37601,Hispanic,-9,.0079561954545455,Elko
37601,White,50,.0041915238095238,Elko
37601,AIAN,25,.177867619047619,Elko
37601,AIAN,75,.1278,Elko
37601,Pooled,-9,.0057194428208386,Elko
37601,Asian,-9,-.1152,Elko
37601,Hispanic,50,.0084164532091097,Elko
37601,Asian,50,-.1152,Elko
37601,AIAN,-9,.1562167567567568,Elko
37601,Asian,75,-.1249,Elko
37601,White,25,.03018,Elko
37601,Pooled,50,.0119578342571841,Elko
37601,Black,50,.2207,Elko
37601,Pooled,75,-.0118752437059416,Elko
37601,Pooled,25,.0357909122203098,Elko
37601,Black,25,.2564,Elko
37601,Black,-9,.2207,Elko
37602,Pooled,25,.0606564754098361,Winnemucca
37602,White,25,.057562676056338,Winnemucca
37602,AIAN,75,.06095,Winnemucca
37602,White,50,.0247384808853119,Winnemucca
37602,Black,75,.0218,Winnemucca
37602,Asian,-9,-.12235,Winnemucca
37602,White,75,-.0080857142857143,Winnemucca
37602,Black,25,.0561,Winnemucca
37602,Black,50,.03895,Winnemucca
37602,AIAN,-9,.101465,Winnemucca
37602,Asian,25,-.1188,Winnemucca
37602,Hispanic,-9,.0646604528301887,Winnemucca
37602,Hispanic,25,.0693742857142857,Winnemucca
37602,AIAN,25,.14198,Winnemucca
37602,Pooled,-9,.0247911959459459,Winnemucca
37602,Hispanic,75,.0554946666666667,Winnemucca
37602,Pooled,75,-.000355724137931,Winnemucca
37602,Asian,50,-.12235,Winnemucca
37602,Asian,75,-.1259,Winnemucca
37602,White,-9,.0140045023696682,Winnemucca
37602,Black,-9,.03895,Winnemucca
37602,AIAN,50,.101465,Winnemucca
37602,Pooled,50,.0301503756359525,Winnemucca
37602,Hispanic,50,.0624344761904762,Winnemucca
37603,White,-9,-.0861579646017699,Portola
37603,Black,50,-.00425,Portola
37603,AIAN,50,.11662,Portola
37603,White,50,-.0806561895551257,Portola
37603,Hispanic,25,.0564005555555556,Portola
37603,Asian,25,-.18,Portola
37603,Black,75,-.09171,Portola
37603,White,75,-.1133772727272727,Portola
37603,Pooled,75,-.104981724137931,Portola
37603,Black,-9,-.00425,Portola
37603,Asian,50,-.24525,Portola
37603,Asian,75,-.3105,Portola
37603,Pooled,-9,-.0688975161290322,Portola
37603,Hispanic,75,-.0430922222222222,Portola
37603,Pooled,50,-.063856340010142,Portola
37603,Hispanic,-9,.0066541666666667,Portola
37603,AIAN,-9,.11662,Portola
37603,Black,25,.08321,Portola
37603,Asian,-9,-.24525,Portola
37603,Pooled,25,-.0227309558823529,Portola
37603,AIAN,25,.1467,Portola
37603,Hispanic,50,.0066541666666667,Portola
37603,AIAN,75,.08654,Portola
37603,White,25,-.0479351063829787,Portola
37604,Asian,50,-.0799013906619385,Reno
37604,White,75,-.0632579935405733,Reno
37604,Hispanic,50,.0314693310893252,Reno
37604,Pooled,75,-.0526840514138817,Reno
37604,Black,50,.1488036325895174,Reno
37604,Pooled,50,-.0075816734007583,Reno
37604,Hispanic,25,.0548873694029851,Reno
37604,Pooled,-9,-.0106352653247941,Reno
37604,Black,25,.166990243902439,Reno
37604,Asian,25,-.0816416111111111,Reno
37604,White,25,.028477424071991,Reno
37604,Asian,75,-.0781611702127659,Reno
37604,AIAN,25,.1493666666666667,Reno
37604,White,50,-.0173902847342911,Reno
37604,Hispanic,-9,.0394707384230288,Reno
37604,AIAN,-9,.1149085714285714,Reno
37604,White,-9,-.0249253090481786,Reno
37604,Black,75,.1306170212765958,Reno
37604,Hispanic,75,.0080512927756654,Reno
37604,AIAN,50,.1031078538812785,Reno
37604,Black,-9,.153737984496124,Reno
37604,Pooled,25,.0375207046123651,Reno
37604,Asian,-9,-.0798635597826087,Reno
37604,AIAN,75,.0568490410958904,Reno
37700,White,75,-.1203375490196078,Santa Rosa
37700,Asian,50,-.125657385721623,Santa Rosa
37700,AIAN,50,-.0264867352941176,Santa Rosa
37700,White,25,-.0707204043126685,Santa Rosa
37700,Asian,25,-.1268212121212121,Santa Rosa
37700,Pooled,25,-.0648330458986175,Santa Rosa
37700,Asian,-9,-.1256165497076024,Santa Rosa
37700,AIAN,-9,-.0149072692307692,Santa Rosa
37700,Pooled,75,-.1136914016857814,Santa Rosa
37700,Hispanic,-9,-.064316882629108,Santa Rosa
37700,White,-9,-.1016112410986775,Santa Rosa
37700,Hispanic,50,-.066329810150376,Santa Rosa
37700,Pooled,-9,-.0927581699573527,Santa Rosa
37700,Black,50,.026006800748916,Santa Rosa
37700,Pooled,50,-.0892622237921995,Santa Rosa
37700,Black,75,-.0149469069767442,Santa Rosa
37700,White,50,-.0955289766661382,Santa Rosa
37700,Hispanic,75,-.0744195,Santa Rosa
37700,Asian,75,-.1244935593220339,Santa Rosa
37700,Hispanic,25,-.0582401203007519,Santa Rosa
37700,AIAN,25,.0111465294117647,Santa Rosa
37700,AIAN,75,-.06412,Santa Rosa
37700,Black,-9,.0324309117647059,Santa Rosa
37700,Black,25,.0669605084745763,Santa Rosa
37800,Hispanic,-9,-.0055735565570077,San Francisco
37800,Black,25,.1716979591836735,San Francisco
37800,AIAN,25,.0597631584158416,San Francisco
37800,Asian,25,-.1453848953013279,San Francisco
37800,Black,50,.145423599679173,San Francisco
37800,AIAN,50,.0257134930968097,San Francisco
37800,Black,75,.1191492401746725,San Francisco
37800,Hispanic,50,-.0066286560493103,San Francisco
37800,Hispanic,25,.0127206478632479,San Francisco
37800,AIAN,-9,.0276744685863874,San Francisco
37800,AIAN,75,-.0083361722222222,San Francisco
37800,White,50,-.0685567113381343,San Francisco
37800,White,75,-.0991473538622129,San Francisco
37800,Asian,50,-.136536987988375,San Francisco
37800,Hispanic,75,-.0259779599618684,San Francisco
37800,Pooled,75,-.0761139341584929,San Francisco
37800,White,25,-.0379660688140556,San Francisco
37800,Pooled,25,-.0061805260542243,San Francisco
37800,Pooled,-9,-.049010370847477,San Francisco
37800,Black,-9,.1513570926301555,San Francisco
37800,Asian,75,-.1276890806754222,San Francisco
37800,Asian,-9,-.1351838686999784,San Francisco
37800,White,-9,-.0830693170450173,San Francisco
37800,Pooled,50,-.0411472301063586,San Francisco
37901,Pooled,-9,.027815626516294,Las Vegas
37901,Hispanic,25,.0529203861566485,Las Vegas
37901,Black,-9,.1804364554317549,Las Vegas
37901,Asian,75,-.0669432463768116,Las Vegas
37901,AIAN,-9,.1069259375,Las Vegas
37901,Pooled,50,.0251472396717717,Las Vegas
37901,Black,25,.1909347422201579,Las Vegas
37901,AIAN,50,.0990469166666667,Las Vegas
37901,Pooled,25,.063038829770291,Las Vegas
37901,White,25,.0470278490990991,Las Vegas
37901,Hispanic,-9,.0438774810126582,Las Vegas
37901,Asian,50,-.0692130556208382,Las Vegas
37901,Black,75,.149,Las Vegas
37901,Black,50,.169967371110079,Las Vegas
37901,Asian,-9,-.0692924195804196,Las Vegas
37901,Pooled,75,-.0127443504267475,Las Vegas
37901,AIAN,75,.0675308333333333,Las Vegas
37901,White,50,.0098793787565488,Las Vegas
37901,White,75,-.0272690915860015,Las Vegas
37901,Asian,25,-.0714828648648649,Las Vegas
37901,Hispanic,50,.0380990271032205,Las Vegas
37901,White,-9,.0063508041174073,Las Vegas
37901,AIAN,25,.130563,Las Vegas
37901,Hispanic,75,.0232776680497925,Las Vegas
37902,White,75,-.008947,Reno
37902,Asian,-9,-.06662,Reno
37902,Hispanic,-9,.03296,Reno
37902,Asian,75,-.0834,Reno
37902,Pooled,75,.052719612244898,Reno
37902,Pooled,25,.0792463829787234,Reno
37902,White,50,.0134765,Reno
37902,Pooled,-9,.0657066770833333,Reno
37902,White,-9,.01207503125,Reno
37902,Black,25,.2177,Reno
37902,Hispanic,25,.1224,Reno
37902,Black,75,.23,Reno
37902,Pooled,50,.0659829976118107,Reno
37902,AIAN,75,.2518,Reno
37902,Asian,50,-.06662,Reno
37902,Black,-9,.22385,Reno
37902,Black,50,.22385,Reno
37902,White,25,.0359,Reno
37902,Asian,25,-.04984,Reno
37902,AIAN,50,.1799,Reno
37902,AIAN,25,.108,Reno
37902,Hispanic,50,.03296,Reno
37902,Hispanic,75,-.05648,Reno
37902,AIAN,-9,.1799,Reno
37903,Pooled,-9,-.0530853149606299,Mammoth Lakes
37903,White,-9,-.0707306179775281,Mammoth Lakes
37903,Asian,-9,-.169685,Mammoth Lakes
37903,AIAN,75,-.056412,Mammoth Lakes
37903,Black,25,.2389,Mammoth Lakes
37903,White,25,-.0263668421052632,Mammoth Lakes
37903,Hispanic,25,.02935,Mammoth Lakes
37903,White,50,-.06507641124871,Mammoth Lakes
37903,Black,-9,.151555,Mammoth Lakes
37903,Pooled,50,-.0500739899052841,Mammoth Lakes
37903,Asian,25,-.2016,Mammoth Lakes
37903,Asian,75,-.13777,Mammoth Lakes
37903,Hispanic,-9,-.002174,Mammoth Lakes
37903,Asian,50,-.169685,Mammoth Lakes
37903,AIAN,25,.1031866666666667,Mammoth Lakes
37903,White,75,-.1037859803921569,Mammoth Lakes
37903,Hispanic,50,-.010055,Mammoth Lakes
37903,AIAN,50,.0233873333333333,Mammoth Lakes
37903,AIAN,-9,.0306418181818182,Mammoth Lakes
37903,Black,50,.151555,Mammoth Lakes
37903,Pooled,25,-.0075808474576271,Mammoth Lakes
37903,Hispanic,75,-.04946,Mammoth Lakes
37903,Black,75,.06421,Mammoth Lakes
37903,Pooled,75,-.0925671323529412,Mammoth Lakes
38000,Black,50,.13875,San Diego
38000,White,-9,-.0702223976608187,San Diego
38000,White,25,-.02694,San Diego
38000,AIAN,75,.0587,San Diego
38000,Asian,75,-.09862,San Diego
38000,White,75,-.09392,San Diego
38000,Pooled,50,-.0345033572065651,San Diego
38000,AIAN,25,.08678,San Diego
38000,Black,-9,.1484695863746959,San Diego
38000,Asian,25,-.1065,San Diego
38000,Hispanic,-9,.0065683567567568,San Diego
38000,Pooled,-9,-.0353997357108741,San Diego
38000,AIAN,-9,.0752176470588235,San Diego
38000,AIAN,50,.07274,San Diego
38000,Pooled,25,.0043252868318123,San Diego
38000,Asian,-9,-.1023233215547703,San Diego
38000,Hispanic,25,.02027,San Diego
38000,Black,75,.1112,San Diego
38000,Hispanic,75,-.02532,San Diego
38000,Black,25,.1663,San Diego
38000,White,50,-.06043,San Diego
38000,Asian,50,-.10256,San Diego
38000,Hispanic,50,-.002525,San Diego
38000,Pooled,75,-.0733320012449424,San Diego
38100,White,50,.0021023566214807,Yuma
38100,Asian,75,-.0531784210526316,Yuma
38100,Pooled,25,.038092707499565,Yuma
38100,Pooled,50,.0183416694788296,Yuma
38100,White,25,.0383514285714286,Yuma
38100,Hispanic,50,.0335405635871224,Yuma
38100,Black,25,.1754392857142857,Yuma
38100,White,75,-.0341467153284672,Yuma
38100,AIAN,-9,.1498588333333333,Yuma
38100,Asian,25,-.0552628,Yuma
38100,Asian,50,-.0542206105263158,Yuma
38100,Black,-9,.1531524691358024,Yuma
38100,AIAN,75,.14112,Yuma
38100,Pooled,75,-.0014093685419059,Yuma
38100,Asian,-9,-.0543627272727273,Yuma
38100,Hispanic,-9,.034332582322357,Yuma
38100,Black,75,.10323,Yuma
38100,Pooled,-9,.0257459461722488,Yuma
38100,White,-9,-.0052110526315789,Yuma
38100,AIAN,25,.1561008571428572,Yuma
38100,AIAN,50,.1486104285714286,Yuma
38100,Hispanic,75,.0322385840707965,Yuma
38100,Hispanic,25,.0348425431034483,Yuma
38100,Black,50,.1393346428571429,Yuma
38200,Black,25,.1315613861386139,Santa Barbara
38200,AIAN,50,-.01068075,Santa Barbara
38200,Hispanic,25,-.0221254430379747,Santa Barbara
38200,Asian,-9,-.1201661087866109,Santa Barbara
38200,Asian,75,-.1201261904761905,Santa Barbara
38200,AIAN,25,.009586,Santa Barbara
38200,Black,50,.0895996795557934,Santa Barbara
38200,Black,75,.047637972972973,Santa Barbara
38200,Hispanic,75,-.0525453237410072,Santa Barbara
38200,White,75,-.1253662116040956,Santa Barbara
38200,Asian,25,-.1202106194690265,Santa Barbara
38200,Asian,50,-.1201684049726085,Santa Barbara
38200,White,-9,-.1049270774263904,Santa Barbara
38200,Pooled,75,-.1082915516792502,Santa Barbara
38200,AIAN,75,-.0309475,Santa Barbara
38200,AIAN,-9,-.0113345161290323,Santa Barbara
38200,Pooled,50,-.0756351176410108,Santa Barbara
38200,Hispanic,-9,-.0314185494505494,Santa Barbara
38200,White,25,-.0687417824773414,Santa Barbara
38200,Pooled,-9,-.0773204668035592,Santa Barbara
38200,Black,-9,.0960737714285714,Santa Barbara
38200,Pooled,25,-.0429786836027714,Santa Barbara
38200,White,50,-.0970539970407185,Santa Barbara
38200,Hispanic,50,-.0373353833894909,Santa Barbara
38300,Pooled,75,-.0594241378912826,Los Angeles
38300,Hispanic,50,.0024456884671371,Los Angeles
38300,Hispanic,75,-.0142373653326579,Los Angeles
38300,Asian,75,-.1463984903452311,Los Angeles
38300,AIAN,50,.0473002447311947,Los Angeles
38300,Hispanic,-9,.0091812706563464,Los Angeles
38300,White,25,-.0253925779206219,Los Angeles
38300,White,75,-.0830763169442505,Los Angeles
38300,AIAN,25,.0789733896260555,Los Angeles
38300,Pooled,50,-.026742440610515,Los Angeles
38300,Pooled,-9,-.0241493828536301,Los Angeles
38300,Asian,25,-.156041149068323,Los Angeles
38300,Asian,-9,-.1515151112331777,Los Angeles
38300,Black,50,.1388003519695275,Los Angeles
38300,Asian,50,-.1512198197067771,Los Angeles
38300,White,-9,-.0630029489030211,Los Angeles
38300,Black,75,.1097772018627253,Los Angeles
38300,AIAN,-9,.0520952069444444,Los Angeles
38300,Pooled,25,.0059392566702527,Los Angeles
38300,Hispanic,25,.0191287422669321,Los Angeles
38300,AIAN,75,.0156270998363339,Los Angeles
38300,White,50,-.0542344474324362,Los Angeles
38300,Black,-9,.1487780841028366,Los Angeles
38300,Black,25,.1678235020763298,Los Angeles
38401,White,50,-.0801075999141515,Lewiston
38401,White,-9,-.08250826434619,Lewiston
38401,Pooled,75,-.1246436019417475,Lewiston
38401,Pooled,-9,-.0759055848739496,Lewiston
38401,Hispanic,50,-.0343579334975369,Lewiston
38401,Hispanic,-9,-.0335798070175439,Lewiston
38401,White,75,-.1321873201438849,Lewiston
38401,AIAN,-9,.0276489565217391,Lewiston
38401,White,25,-.0280278796844181,Lewiston
38401,Asian,25,-.15785,Lewiston
38401,Hispanic,25,.009995275862069,Lewiston
38401,Asian,50,-.1568,Lewiston
38401,Asian,-9,-.1568,Lewiston
38401,Black,25,.1418,Lewiston
38401,Black,-9,.0662045,Lewiston
38401,AIAN,50,.0264095681818182,Lewiston
38401,AIAN,25,.0549155,Lewiston
38401,Hispanic,75,-.0787111428571429,Lewiston
38401,Black,75,-.009391,Lewiston
38401,AIAN,75,-.0020963636363636,Lewiston
38401,Pooled,50,-.0739458394324122,Lewiston
38401,Asian,75,-.15575,Lewiston
38401,Pooled,25,-.0232480769230769,Lewiston
38401,Black,50,.0662045,Lewiston
38402,Pooled,75,-.157065627044711,Pullman
38402,Asian,75,-.1165564705882353,Pullman
38402,White,75,-.1602341176470588,Pullman
38402,Hispanic,-9,-.0830444444444444,Pullman
38402,Hispanic,25,-.0604222222222222,Pullman
38402,Pooled,50,-.1217596739430056,Pullman
38402,Hispanic,75,-.1056666666666667,Pullman
38402,AIAN,75,-.140925,Pullman
38402,White,50,-.1268644272445821,Pullman
38402,Pooled,25,-.0864537208413002,Pullman
38402,Asian,-9,-.1218829411764706,Pullman
38402,White,25,-.0934947368421053,Pullman
38402,Asian,25,-.1272094117647059,Pullman
38402,AIAN,25,.05599,Pullman
38402,White,-9,-.1369315467075038,Pullman
38402,Black,-9,-.059978,Pullman
38402,AIAN,-9,-.0424675,Pullman
38402,Black,25,-.014211,Pullman
38402,Pooled,-9,-.131419775,Pullman
38402,Hispanic,50,-.0830444444444444,Pullman
38402,AIAN,50,-.0424675,Pullman
38402,Asian,50,-.1218829411764706,Pullman
38402,Black,75,-.105745,Pullman
38402,Black,50,-.059978,Pullman
38501,Asian,50,-.11188,Moses Lake
38501,Black,25,.2015,Moses Lake
38501,Pooled,-9,-.081122353455818,Moses Lake
38501,Hispanic,50,-.0387106525217967,Moses Lake
38501,White,25,-.0603839344262295,Moses Lake
38501,AIAN,75,-.1065,Moses Lake
38501,AIAN,-9,-.028105,Moses Lake
38501,AIAN,25,.05029,Moses Lake
38501,Asian,75,-.09461,Moses Lake
38501,Pooled,50,-.0833773360909062,Moses Lake
38501,White,75,-.1374793650793651,Moses Lake
38501,Hispanic,-9,-.029230297029703,Moses Lake
38501,Pooled,25,-.0431047555923778,Moses Lake
38501,Asian,-9,-.11188,Moses Lake
38501,White,50,-.0989316497527973,Moses Lake
38501,Hispanic,25,-.0180448416289593,Moses Lake
38501,Hispanic,75,-.0593764634146341,Moses Lake
38501,Pooled,75,-.1236499165894347,Moses Lake
38501,AIAN,50,-.028105,Moses Lake
38501,Black,50,.09753,Moses Lake
38501,Black,-9,.09753,Moses Lake
38501,Black,75,-.00644,Moses Lake
38501,White,-9,-.1025141511771995,Moses Lake
38501,Asian,25,-.12915,Moses Lake
38502,White,25,-.1026033707865169,Wenatchee
38502,Pooled,-9,-.1273769810749432,Wenatchee
38502,Asian,-9,-.189775,Wenatchee
38502,Black,75,-.0022265,Wenatchee
38502,White,75,-.1585007874015748,Wenatchee
38502,Black,25,.1129,Wenatchee
38502,Black,-9,.05533675,Wenatchee
38502,Pooled,50,-.1262178008671529,Wenatchee
38502,White,-9,-.1354689814814815,Wenatchee
38502,Pooled,75,-.1530823105950653,Wenatchee
38502,AIAN,25,.063015,Wenatchee
38502,White,50,-.1305520790940458,Wenatchee
38502,AIAN,-9,-.02239,Wenatchee
38502,AIAN,75,-.107795,Wenatchee
38502,Hispanic,25,-.1041625766871166,Wenatchee
38502,Hispanic,75,-.082358,Wenatchee
38502,Asian,75,-.18435,Wenatchee
38502,Hispanic,50,-.0932602883435583,Wenatchee
38502,Asian,25,-.1952,Wenatchee
38502,Black,50,.05533675,Wenatchee
38502,Hispanic,-9,-.1007732642487047,Wenatchee
38502,Asian,50,-.189775,Wenatchee
38502,Pooled,25,-.0993532911392405,Wenatchee
38502,AIAN,50,-.02239,Wenatchee
38601,White,-9,-.1064283210218529,Spokane
38601,Asian,25,-.1353518518518519,Spokane
38601,Pooled,75,-.1344246103711367,Spokane
38601,Pooled,25,-.0577473984939296,Spokane
38601,Black,25,.0935007457627119,Spokane
38601,Hispanic,50,-.0485843354143209,Spokane
38601,Hispanic,75,-.0861738007380074,Spokane
38601,Hispanic,25,-.0109948700906344,Spokane
38601,White,25,-.0650945044735031,Spokane
38601,Black,75,.0434648648648649,Spokane
38601,Asian,-9,-.1370648148148148,Spokane
38601,Hispanic,-9,-.044837877076412,Spokane
38601,Pooled,50,-.0960860044325332,Spokane
38601,Asian,75,-.1387777777777778,Spokane
38601,Black,-9,.0742160833333333,Spokane
38601,Black,50,.0684828053137884,Spokane
38601,AIAN,-9,.0436903418803419,Spokane
38601,AIAN,25,.0709503768115942,Spokane
38601,White,75,-.1398682071269488,Spokane
38601,Pooled,-9,-.0993867860955056,Spokane
38601,AIAN,75,.0045040416666667,Spokane
38601,White,50,-.1024813558002259,Spokane
38601,Asian,50,-.1370648148148148,Spokane
38601,AIAN,50,.0377272092391304,Spokane
38602,Hispanic,50,-.0719642639225182,Colville
38602,Hispanic,75,-.1126557142857143,Colville
38602,White,25,-.0988188186813187,Colville
38602,White,50,-.1220154150063817,Colville
38602,AIAN,75,-.0059993939393939,Colville
38602,White,75,-.1452120113314448,Colville
38602,Asian,-9,-.17275,Colville
38602,Pooled,25,-.0853132361111111,Colville
38602,Pooled,-9,-.1099365065868264,Colville
38602,Hispanic,-9,-.0615749574468085,Colville
38602,Asian,75,-.19125,Colville
38602,Hispanic,25,-.031272813559322,Colville
38602,White,-9,-.121659539748954,Colville
38602,AIAN,25,.0620764444444444,Colville
38602,AIAN,50,.0280385252525253,Colville
38602,Black,75,-.01017,Colville
38602,Black,-9,-.012925,Colville
38602,Asian,25,-.15425,Colville
38602,Asian,50,-.17275,Colville
38602,AIAN,-9,.0332751282051282,Colville
38602,Black,50,-.012925,Colville
38602,Pooled,75,-.1363316749379653,Colville
38602,Pooled,50,-.1108224555245382,Colville
38602,Black,25,-.01568,Colville
38700,White,25,-.0369454136690648,Longview
38700,Pooled,75,-.1034181547826087,Longview
38700,Hispanic,25,.0004490628571429,Longview
38700,White,-9,-.0764186141861419,Longview
38700,Pooled,50,-.0686651831718785,Longview
38700,Asian,25,-.1162702127659574,Longview
38700,AIAN,50,-.0179227317512275,Longview
38700,Asian,-9,-.109075,Longview
38700,AIAN,75,-.0457573404255319,Longview
38700,Hispanic,75,-.0246758585858586,Longview
38700,Black,75,.06943,Longview
38700,Black,50,.045178875,Longview
38700,Pooled,-9,-.0707947488002953,Longview
38700,White,50,-.073220898243726,Longview
38700,Black,25,.02092775,Longview
38700,Asian,75,-.1012104651162791,Longview
38700,White,75,-.1094963828183873,Longview
38700,AIAN,25,.0099118769230769,Longview
38700,Pooled,25,-.0339122115611483,Longview
38700,Hispanic,50,-.0121133978643579,Longview
38700,AIAN,-9,-.0134493125,Longview
38700,Asian,50,-.1087403389411183,Longview
38700,Black,-9,.045178875,Longview
38700,Hispanic,-9,-.0086289197080292,Longview
38801,White,25,-.0631148290423648,Portland
38801,Hispanic,-9,-.0504575761503564,Portland
38801,AIAN,50,-.0089022630257376,Portland
38801,AIAN,25,.0156328813559322,Portland
38801,AIAN,75,-.0334374074074074,Portland
38801,Hispanic,75,-.076379073083779,Portland
38801,Hispanic,25,-.0356490631364562,Portland
38801,Asian,50,-.1577843049028547,Portland
38801,White,75,-.1305169321039396,Portland
38801,Pooled,50,-.0901254383536325,Portland
38801,Pooled,-9,-.0976657506562773,Portland
38801,Asian,-9,-.1577590074906367,Portland
38801,White,-9,-.1063379427286943,Portland
38801,Asian,75,-.1544071003717472,Portland
38801,AIAN,-9,-.0043404522613065,Portland
38801,White,50,-.0968158805731522,Portland
38801,Asian,25,-.1611615094339623,Portland
38801,Black,-9,.1095527172413793,Portland
38801,Hispanic,50,-.0560140681101176,Portland
38801,Pooled,25,-.0544260982567353,Portland
38801,Black,75,.0548245887445887,Portland
38801,Black,50,.0949843996354523,Portland
38801,Black,25,.1351442105263158,Portland
38801,Pooled,75,-.1258247784505298,Portland
38802,Black,-9,.076175,The Dalles
38802,AIAN,25,.0667116,The Dalles
38802,Pooled,25,-.089995945054945,The Dalles
38802,Black,25,.2357,The Dalles
38802,White,50,-.1157837152997271,The Dalles
38802,Pooled,75,-.1412049447236181,The Dalles
38802,Asian,75,-.1771666666666666,The Dalles
38802,AIAN,-9,.02709748,The Dalles
38802,AIAN,75,-.01251664,The Dalles
38802,Hispanic,-9,-.1282059130434783,The Dalles
38802,White,75,-.1466443328550933,The Dalles
38802,Black,75,-.08335,The Dalles
38802,Hispanic,75,-.118007619047619,The Dalles
38802,Asian,25,-.1852,The Dalles
38802,Asian,-9,-.1811833333333333,The Dalles
38802,Hispanic,50,-.124245937183384,The Dalles
38802,Pooled,50,-.1156004448892816,The Dalles
38802,Black,50,.076175,The Dalles
38802,White,-9,-.1165087812041116,The Dalles
38802,Asian,50,-.1811833333333333,The Dalles
38802,Pooled,-9,-.1138894759671747,The Dalles
38802,AIAN,50,.02709748,The Dalles
38802,Hispanic,25,-.1304842553191489,The Dalles
38802,White,25,-.0849230977443609,The Dalles
38901,Pooled,-9,-.1065970762931733,Eugene
38901,Asian,50,-.1622613054695562,Eugene
38901,White,50,-.1082309584427099,Eugene
38901,Black,75,.0062184210526316,Eugene
38901,Pooled,25,-.064090084173913,Eugene
38901,AIAN,-9,-.0030406124031008,Eugene
38901,AIAN,75,-.0245470930232558,Eugene
38901,Hispanic,75,-.0915881395348837,Eugene
38901,Pooled,75,-.1437196772478736,Eugene
38901,AIAN,25,.0077126279069767,Eugene
38901,Hispanic,25,-.0379368481012658,Eugene
38901,Black,25,.001638125,Eugene
38901,Hispanic,-9,-.052738900091659,Eugene
38901,AIAN,50,-.0084172325581395,Eugene
38901,Black,50,.0039282730263158,Eugene
38901,Pooled,50,-.1039048807108933,Eugene
38901,White,-9,-.1132864956079519,Eugene
38901,Asian,75,-.165143137254902,Eugene
38901,Asian,-9,-.1623637055837563,Eugene
38901,White,25,-.0687539660657476,Eugene
38901,Black,-9,.0033445098039216,Eugene
38901,Hispanic,50,-.0647624938180748,Eugene
38901,White,75,-.1477079508196721,Eugene
38901,Asian,25,-.1593794736842105,Eugene
38902,AIAN,50,-.0131901764705882,Newport
38902,Black,75,-.08853,Newport
38902,Pooled,-9,-.1058295680317041,Newport
38902,Black,50,.024135,Newport
38902,White,25,-.0862878947368421,Newport
38902,White,-9,-.1114239416058394,Newport
38902,Black,25,.1368,Newport
38902,Asian,75,-.1556,Newport
38902,Asian,25,-.1964,Newport
38902,Pooled,75,-.1339343786982249,Newport
38902,Hispanic,-9,-.0303364516129032,Newport
38902,Pooled,25,-.083157906921241,Newport
38902,AIAN,75,-.0092911764705882,Newport
38902,AIAN,-9,-.0131901764705882,Newport
38902,Asian,-9,-.176,Newport
38902,Black,-9,.024135,Newport
38902,Hispanic,75,-.004474,Newport
38902,White,75,-.1427409836065574,Newport
38902,Asian,50,-.176,Newport
38902,Hispanic,25,-.0478110810810811,Newport
38902,Hispanic,50,-.0261425405405405,Newport
38902,White,50,-.1145144391716997,Newport
38902,Pooled,50,-.108546142809733,Newport
38902,AIAN,25,-.0170891764705882,Newport
39000,Asian,-9,-.0947013333333333,Yakima
39000,Pooled,-9,-.0562273418092522,Yakima
39000,Asian,25,-.0946955555555555,Yakima
39000,White,75,-.1259223175965665,Yakima
39000,Black,25,.1085172413793103,Yakima
39000,AIAN,25,.1397864705882353,Yakima
39000,Asian,75,-.0947060606060606,Yakima
39000,Black,75,-.0127366666666667,Yakima
39000,Asian,50,-.0947008080808081,Yakima
39000,AIAN,-9,.1016586363636363,Yakima
39000,AIAN,75,-.027976,Yakima
39000,Hispanic,-9,-.005157899947479,Yakima
39000,White,50,-.082814994025556,Yakima
39000,AIAN,50,.0559052352941176,Yakima
39000,White,-9,-.0888226161369193,Yakima
39000,Pooled,50,-.0623352766751126,Yakima
39000,Black,50,.0478902873563218,Yakima
39000,Black,-9,.0730282926829268,Yakima
39000,Hispanic,75,-.0253714714714715,Yakima
39000,Hispanic,50,-.0131223816618974,Yakima
39000,Pooled,75,-.1110136666666667,Yakima
39000,White,25,-.0397076704545455,Yakima
39000,Pooled,25,-.0136568866835586,Yakima
39000,Hispanic,25,-.0008732918523234,Yakima
39100,Hispanic,-9,-.0321804693140794,Kennewick
39100,White,50,-.0882327083579021,Kennewick
39100,AIAN,25,.0205118867924528,Kennewick
39100,Black,75,.0585881132075472,Kennewick
39100,Hispanic,75,-.0624755963302752,Kennewick
39100,Black,-9,.0875729090909091,Kennewick
39100,Pooled,-9,-.0842006556359876,Kennewick
39100,Pooled,25,-.0407762673694298,Kennewick
39100,Asian,-9,-.1182097252747253,Kennewick
39100,White,-9,-.0982547415376542,Kennewick
39100,Asian,50,-.1184568207070707,Kennewick
39100,Hispanic,50,-.0419411342173399,Kennewick
39100,Black,25,.1145236842105263,Kennewick
39100,Asian,75,-.1172733636363636,Kennewick
39100,White,25,-.0516834562545192,Kennewick
39100,Asian,25,-.1196402777777778,Kennewick
39100,Hispanic,25,-.0214066721044046,Kennewick
39100,AIAN,75,-.0254814634146341,Kennewick
39100,Black,50,.0865558987090367,Kennewick
39100,Pooled,50,-.0789780354314398,Kennewick
39100,Pooled,75,-.1171798034934498,Kennewick
39100,AIAN,50,-.0024847883110907,Kennewick
39100,White,75,-.124781960461285,Kennewick
39100,AIAN,-9,.0004509574468085,Kennewick
39201,AIAN,75,-.12997,La Grande
39201,Asian,-9,-.0600975,La Grande
39201,Asian,50,-.0600975,La Grande
39201,Black,25,.07332,La Grande
39201,Hispanic,-9,-.0458632352941176,La Grande
39201,White,50,-.0898986408224863,La Grande
39201,Pooled,25,-.0416145295055821,La Grande
39201,Hispanic,25,-.0037135294117647,La Grande
39201,Hispanic,75,-.0880129411764706,La Grande
39201,Pooled,75,-.1296242926829269,La Grande
39201,Pooled,50,-.0856194110942545,La Grande
39201,AIAN,25,-.018825,La Grande
39201,Hispanic,50,-.0458632352941176,La Grande
39201,Asian,75,-.05318,La Grande
39201,Asian,25,-.067015,La Grande
39201,Black,75,.04046,La Grande
39201,Black,50,.05689,La Grande
39201,Pooled,-9,-.0851942431561997,La Grande
39201,White,-9,-.0894133865248227,La Grande
39201,AIAN,-9,-.0743975,La Grande
39201,Black,-9,.05689,La Grande
39201,AIAN,50,-.0743975,La Grande
39201,White,75,-.1355125448028674,La Grande
39201,White,25,-.0442847368421053,La Grande
39202,Hispanic,-9,-.20305,Enterprise
39202,White,50,-.15715,Enterprise
39202,Pooled,75,-.191148717948718,Enterprise
39202,Pooled,-9,-.157561797752809,Enterprise
39202,White,75,-.1872,Enterprise
39202,Hispanic,25,-.1804,Enterprise
39202,Pooled,25,-.131364,Enterprise
39202,White,25,-.1271,Enterprise
39202,Hispanic,75,-.2257,Enterprise
39202,Hispanic,50,-.20305,Enterprise
39202,White,-9,-.1530691358024691,Enterprise
39202,Pooled,50,-.161256358974359,Enterprise
39203,Pooled,50,-.1002979932361327,Bend
39203,Asian,25,-.18105,Bend
39203,Pooled,25,-.0598958074306646,Bend
39203,AIAN,25,.0399297058823529,Bend
39203,White,-9,-.1052685541474654,Bend
39203,Black,50,-.0290005,Bend
39203,Pooled,75,-.1407001790416008,Bend
39203,Hispanic,25,-.0157249668874172,Bend
39203,Black,75,-.05065,Bend
39203,Hispanic,50,-.069037825909462,Bend
39203,Pooled,-9,-.1001707422572179,Bend
39203,AIAN,50,.0152767279411765,Bend
39203,Asian,75,-.1593,Bend
39203,AIAN,75,-.00937625,Bend
39203,Asian,-9,-.170175,Bend
39203,White,50,-.1044934360041692,Bend
39203,White,25,-.0649168155111633,Bend
39203,Black,-9,-.0290005,Bend
39203,Black,25,-.007351,Bend
39203,Hispanic,-9,-.0504735267857143,Bend
39203,Asian,50,-.170175,Bend
39203,Hispanic,75,-.1223506849315069,Bend
39203,White,75,-.1440700564971751,Bend
39203,AIAN,-9,.0160237878787879,Bend
39204,Pooled,75,-.17805,Condon
39204,White,-9,-.10421,Condon
39204,Pooled,-9,-.10421,Condon
39204,White,50,-.10421,Condon
39204,White,75,-.17805,Condon
39204,Pooled,25,-.03037,Condon
39204,White,25,-.03037,Condon
39204,Pooled,50,-.10421,Condon
39205,Hispanic,75,-.272,John Day
39205,Pooled,50,-.1193258650028361,John Day
39205,Hispanic,50,-.19695,John Day
39205,AIAN,25,-.08708,John Day
39205,White,-9,-.1129176470588235,John Day
39205,Pooled,75,-.1375721951219512,John Day
39205,AIAN,75,-.09614,John Day
39205,White,75,-.1263,John Day
39205,White,50,-.1133,John Day
39205,Pooled,25,-.1010795348837209,John Day
39205,Hispanic,-9,-.19695,John Day
39205,Pooled,-9,-.1188914285714286,John Day
39205,Hispanic,25,-.1219,John Day
39205,AIAN,50,-.09161,John Day
39205,White,25,-.1003,John Day
39205,AIAN,-9,-.09161,John Day
39301,Pooled,-9,-.1847270588235294,Friday Harbor
39301,Hispanic,50,-.09105,Friday Harbor
39301,Hispanic,-9,-.09105,Friday Harbor
39301,White,75,-.2168,Friday Harbor
39301,Asian,-9,-.20875,Friday Harbor
39301,Asian,50,-.20875,Friday Harbor
39301,Pooled,25,-.1676561904761905,Friday Harbor
39301,Pooled,75,-.2014009302325581,Friday Harbor
39301,White,25,-.1681,Friday Harbor
39301,Asian,75,-.1798,Friday Harbor
39301,Hispanic,75,-.08826,Friday Harbor
39301,Asian,25,-.2377,Friday Harbor
39301,White,-9,-.1928028985507246,Friday Harbor
39301,Hispanic,25,-.09384,Friday Harbor
39301,Pooled,50,-.1845285603543743,Friday Harbor
39301,White,50,-.19245,Friday Harbor
39302,White,-9,-.1438553191489362,Bellingham
39302,AIAN,-9,.0874244444444444,Bellingham
39302,Pooled,-9,-.1284174207446808,Bellingham
39302,AIAN,75,.01016,Bellingham
39302,Hispanic,50,-.0318785,Bellingham
39302,Hispanic,75,-.05786,Bellingham
39302,White,50,-.13965,Bellingham
39302,AIAN,25,.1095,Bellingham
39302,Pooled,75,-.1535374683544304,Bellingham
39302,Asian,75,-.1369,Bellingham
39302,Pooled,25,-.095484992009834,Bellingham
39302,Asian,25,-.1474,Bellingham
39302,Asian,-9,-.1435428571428571,Bellingham
39302,Hispanic,-9,-.0235115762711864,Bellingham
39302,Black,25,.09311,Bellingham
39302,Black,75,-.06062,Bellingham
39302,Black,-9,.0217353571428571,Bellingham
39302,Hispanic,25,-.005897,Bellingham
39302,White,25,-.119,Bellingham
39302,Pooled,50,-.1245112301821322,Bellingham
39302,AIAN,50,.05983,Bellingham
39302,Asian,50,-.14215,Bellingham
39302,White,75,-.1603,Bellingham
39302,Black,50,.016245,Bellingham
39303,Asian,-9,-.168625,Port Angeles
39303,Pooled,-9,-.1202671610601427,Port Angeles
39303,Hispanic,25,-.0666031428571429,Port Angeles
39303,White,75,-.1460578947368421,Port Angeles
39303,Pooled,25,-.0954855316863588,Port Angeles
39303,Asian,75,-.15675,Port Angeles
39303,AIAN,75,-.0647666666666667,Port Angeles
39303,Black,25,.001285,Port Angeles
39303,White,-9,-.1263790960451978,Port Angeles
39303,Black,-9,-.04745,Port Angeles
39303,AIAN,25,.0281254545454545,Port Angeles
39303,White,25,-.1035804878048781,Port Angeles
39303,Hispanic,75,-.1084312,Port Angeles
39303,Pooled,75,-.1426451406401552,Port Angeles
39303,Hispanic,50,-.0875171714285714,Port Angeles
39303,Asian,25,-.1805,Port Angeles
39303,Pooled,50,-.119065336163257,Port Angeles
39303,Hispanic,-9,-.0840315,Port Angeles
39303,Black,75,-.096185,Port Angeles
39303,Asian,50,-.168625,Port Angeles
39303,AIAN,50,-.0183206060606061,Port Angeles
39303,Black,50,-.04745,Port Angeles
39303,AIAN,-9,-.00466,Port Angeles
39303,White,50,-.1248191912708601,Port Angeles
39400,Hispanic,75,-.0499308003048781,Seattle
39400,AIAN,-9,.0492710268714011,Seattle
39400,White,-9,-.092628922515213,Seattle
39400,Black,-9,.1163136315789474,Seattle
39400,Hispanic,50,-.0212548009648967,Seattle
39400,AIAN,25,.0782726198083067,Seattle
39400,Hispanic,25,.0074211983750846,Seattle
39400,Asian,75,-.1362246026490066,Seattle
39400,Black,25,.1395170057581574,Seattle
39400,Pooled,75,-.1081868075221239,Seattle
39400,White,50,-.0807256505083628,Seattle
39400,Asian,50,-.1372017735657645,Seattle
39400,AIAN,50,.041950913269538,Seattle
39400,Black,75,.0726711841155235,Seattle
39400,Pooled,-9,-.0784849215956887,Seattle
39400,Asian,-9,-.137184988211519,Seattle
39400,White,75,-.1166394393662401,Seattle
39400,AIAN,75,.0056292067307692,Seattle
39400,Pooled,50,-.0687088291628788,Seattle
39400,Asian,25,-.1381789444825223,Seattle
39400,Black,50,.1060940949368404,Seattle
39400,Pooled,25,-.0292308508036338,Seattle
39400,White,25,-.0448118616504854,Seattle
39400,Hispanic,-9,-.0195583004661169,Seattle
