cz,czname,pop2000,fips,statename,stateabbrv,le_agg_v1_F,le_raceadj_v1_F,le_agg_v2_F,le_raceadj_v2_F,le_agg_v3_F,le_raceadj_v3_F,le_agg_v4_F,le_raceadj_v4_F,le_agg_v5_F,le_raceadj_v5_F,le_agg_v6_F,le_raceadj_v6_F,le_agg_v7_F,le_raceadj_v7_F,le_agg_v8_F,le_raceadj_v8_F,le_agg_v9_F,le_raceadj_v9_F,le_agg_v10_F,le_raceadj_v10_F,le_agg_v11_F,le_raceadj_v11_F,le_agg_v12_F,le_raceadj_v12_F,le_agg_v13_F,le_raceadj_v13_F,le_agg_v14_F,le_raceadj_v14_F,le_agg_v15_F,le_raceadj_v15_F,le_agg_v16_F,le_raceadj_v16_F,le_agg_v17_F,le_raceadj_v17_F,le_agg_v18_F,le_raceadj_v18_F,le_agg_v19_F,le_raceadj_v19_F,le_agg_v20_F,le_raceadj_v20_F,le_agg_v1_M,le_raceadj_v1_M,le_agg_v2_M,le_raceadj_v2_M,le_agg_v3_M,le_raceadj_v3_M,le_agg_v4_M,le_raceadj_v4_M,le_agg_v5_M,le_raceadj_v5_M,le_agg_v6_M,le_raceadj_v6_M,le_agg_v7_M,le_raceadj_v7_M,le_agg_v8_M,le_raceadj_v8_M,le_agg_v9_M,le_raceadj_v9_M,le_agg_v10_M,le_raceadj_v10_M,le_agg_v11_M,le_raceadj_v11_M,le_agg_v12_M,le_raceadj_v12_M,le_agg_v13_M,le_raceadj_v13_M,le_agg_v14_M,le_raceadj_v14_M,le_agg_v15_M,le_raceadj_v15_M,le_agg_v16_M,le_raceadj_v16_M,le_agg_v17_M,le_raceadj_v17_M,le_agg_v18_M,le_raceadj_v18_M,le_agg_v19_M,le_raceadj_v19_M,le_agg_v20_M,le_raceadj_v20_M,sd_le_agg_v1_F,sd_le_raceadj_v1_F,sd_le_agg_v2_F,sd_le_raceadj_v2_F,sd_le_agg_v3_F,sd_le_raceadj_v3_F,sd_le_agg_v4_F,sd_le_raceadj_v4_F,sd_le_agg_v5_F,sd_le_raceadj_v5_F,sd_le_agg_v6_F,sd_le_raceadj_v6_F,sd_le_agg_v7_F,sd_le_raceadj_v7_F,sd_le_agg_v8_F,sd_le_raceadj_v8_F,sd_le_agg_v9_F,sd_le_raceadj_v9_F,sd_le_agg_v10_F,sd_le_raceadj_v10_F,sd_le_agg_v11_F,sd_le_raceadj_v11_F,sd_le_agg_v12_F,sd_le_raceadj_v12_F,sd_le_agg_v13_F,sd_le_raceadj_v13_F,sd_le_agg_v14_F,sd_le_raceadj_v14_F,sd_le_agg_v15_F,sd_le_raceadj_v15_F,sd_le_agg_v16_F,sd_le_raceadj_v16_F,sd_le_agg_v17_F,sd_le_raceadj_v17_F,sd_le_agg_v18_F,sd_le_raceadj_v18_F,sd_le_agg_v19_F,sd_le_raceadj_v19_F,sd_le_agg_v20_F,sd_le_raceadj_v20_F,sd_le_agg_v1_M,sd_le_raceadj_v1_M,sd_le_agg_v2_M,sd_le_raceadj_v2_M,sd_le_agg_v3_M,sd_le_raceadj_v3_M,sd_le_agg_v4_M,sd_le_raceadj_v4_M,sd_le_agg_v5_M,sd_le_raceadj_v5_M,sd_le_agg_v6_M,sd_le_raceadj_v6_M,sd_le_agg_v7_M,sd_le_raceadj_v7_M,sd_le_agg_v8_M,sd_le_raceadj_v8_M,sd_le_agg_v9_M,sd_le_raceadj_v9_M,sd_le_agg_v10_M,sd_le_raceadj_v10_M,sd_le_agg_v11_M,sd_le_raceadj_v11_M,sd_le_agg_v12_M,sd_le_raceadj_v12_M,sd_le_agg_v13_M,sd_le_raceadj_v13_M,sd_le_agg_v14_M,sd_le_raceadj_v14_M,sd_le_agg_v15_M,sd_le_raceadj_v15_M,sd_le_agg_v16_M,sd_le_raceadj_v16_M,sd_le_agg_v17_M,sd_le_raceadj_v17_M,sd_le_agg_v18_M,sd_le_raceadj_v18_M,sd_le_agg_v19_M,sd_le_raceadj_v19_M,sd_le_agg_v20_M,sd_le_raceadj_v20_M,count_v1_F,count_v2_F,count_v3_F,count_v4_F,count_v5_F,count_v6_F,count_v7_F,count_v8_F,count_v9_F,count_v10_F,count_v11_F,count_v12_F,count_v13_F,count_v14_F,count_v15_F,count_v16_F,count_v17_F,count_v18_F,count_v19_F,count_v20_F,count_v1_M,count_v2_M,count_v3_M,count_v4_M,count_v5_M,count_v6_M,count_v7_M,count_v8_M,count_v9_M,count_v10_M,count_v11_M,count_v12_M,count_v13_M,count_v14_M,count_v15_M,count_v16_M,count_v17_M,count_v18_M,count_v19_M,count_v20_M
100,Johnson City,576081,47,Tennessee,TN,79.934723,80.363869,80.051727,80.546265,81.638329,82.081711,82.750778,83.197212,82.825462,83.251221,83.340034,83.742256,82.431381,82.869347,84.391869,84.74778,85.671219,86.008842,84.061348,84.46814,86.560265,86.828018,85.088219,85.479156,88.399704,88.621635,86.307442,86.671219,86.628418,86.960892,86.666473,86.95961,87.585068,87.88517,87.352768,87.664215,88.120415,88.290276,89.480827,89.724106,72.05751,72.576698,74.441788,74.945549,74.869774,75.349808,75.75338,76.264198,77.498993,77.987007,78.681709,79.146545,80.274956,80.682846,80.608215,81.016006,80.073814,80.539726,81.503578,81.911201,82.405075,82.775322,82.505867,82.890335,82.977577,83.355736,84.307838,84.648224,83.300072,83.67028,82.425545,82.828552,85.266891,85.552986,84.320824,84.690445,83.62114,83.966736,86.48558,86.80822,.54962158,.53058398,.53850913,.52237886,.538903,.52338415,.56067568,.54074699,.55984759,.53859556,.59600598,.57306337,.65691775,.63342261,.65606642,.63025498,.626293,.59769458,.73788786,.71388113,.67896104,.64858627,.85970783,.82328695,.66333783,.62825799,.95063645,.9041537,1.0014832,.95049131,1.0124575,.96266419,1.3267626,1.2610165,1.1944505,1.1305214,1.0905033,1.0446258,1.1138927,1.0440474,.39308214,.39956802,.41825548,.41593701,.40618137,.40517867,.41228381,.41684079,.46511129,.46342447,.49635684,.49453023,.52147144,.51255232,.54821938,.53975064,.58409828,.57666987,.61186522,.59458005,.67054498,.65236926,.70882654,.68272239,.70508629,.67908323,.78699708,.75717878,.881078,.85127324,1.0188743,.9966222,.95249939,.91741252,1.1832938,1.1442059,1.4146122,1.3808028,1.0570632,1.000648,79746,88038,94080,97897,95393,91192,85748,86239,87252,86577,83828,78193,71503,64547,58186,50559,42999,36919,33001,33147,72116,82843,88570,93323,95343,92887,90418,88822,87314,84749,79484,73126,66058,60419,53056,46154,39680,33919,30307,31576
302,Knoxville,727600,47,Tennessee,TN,77.921097,78.608673,80.17588,80.77993,81.72583,82.181641,81.450325,81.917793,82.748909,83.237183,82.576889,83.011963,83.153366,83.528557,82.861893,83.329193,83.786026,84.214783,85.401642,85.723099,85.458244,85.812607,86.055923,86.43499,85.151031,85.581169,86.738953,87.088631,85.822006,86.172661,87.741837,87.956284,87.798225,88.010811,88.729576,88.882942,89.471497,89.616249,89.442039,89.648048,71.228539,71.952103,73.135521,73.789551,74.360634,74.903084,75.573555,76.065346,76.959869,77.502937,77.180481,77.655579,77.860565,78.297432,80.384705,80.823425,79.918983,80.37912,82.395035,82.752602,81.824074,82.242256,82.756989,83.18634,83.887268,84.275543,83.741898,84.142288,83.813782,84.175636,84.498428,84.802742,85.495827,85.745926,84.29055,84.580193,85.592209,85.866821,86.75901,87.034592,.52835113,.52034515,.5586468,.54201037,.55687749,.5348931,.57043236,.54908854,.57281339,.54888636,.57127923,.5567134,.59300339,.56932825,.63502252,.60766059,.64739668,.6254189,.63221097,.60622835,.6202178,.59040338,.66352916,.63245463,.76128596,.72611946,.72580528,.6894294,.826114,.78959835,.64218706,.61718392,.74399096,.71099097,.72205925,.69283825,.60726416,.58107758,.77501792,.73115015,.37334841,.38296339,.40810221,.41244447,.4078134,.40618855,.43208399,.43395731,.48486704,.48245737,.4797143,.47704783,.49329731,.49079308,.54565126,.53654015,.56035632,.5488655,.57188398,.5574649,.60360301,.585392,.6384874,.61655539,.65680254,.63097548,.65609193,.63070035,.74725735,.72333813,.71779341,.69440603,.67635775,.64947522,.81162935,.78982627,.79156107,.76052862,.74465472,.70570177,90205,93459,99387,104818,104925,101489,99087,98708,99103,99615,99715,97775,94002,92929,91543,88233,85020,81821,79768,73611,81502,89253,93184,95542,95018,95009,93100,94063,95309,96812,96397,93178,92407,90634,87532,84248,80545,77534,73574,68847
401,Winston-Salem,493180,37,North Carolina,NC,77.816933,78.997284,79.925552,80.947784,81.508324,82.15506,81.960678,82.58223,82.693375,83.111206,82.574585,83.23793,84.155724,84.638062,85.136246,85.660637,85.07399,85.525246,84.922928,85.39473,85.284256,85.781731,85.834351,86.255226,85.159576,85.625618,86.352165,86.754021,86.489204,86.866379,86.519028,86.873947,85.769379,86.159088,88.511024,88.775269,89.501556,89.700699,87.727066,88.056396,72.702354,73.871651,74.55455,75.570129,74.8358,75.504242,75.709915,76.378853,77.294655,77.790268,77.482841,78.191063,79.086243,79.651207,78.810295,79.45005,80.913414,81.431183,80.951477,81.481682,81.262421,81.825996,82.670662,83.149223,83.011742,83.486778,82.765762,83.250748,83.677086,84.096283,85.630333,85.952179,86.827354,87.107071,85.020081,85.381866,85.35128,85.701042,85.582657,85.914803,.63521272,.62179559,.67056179,.64868736,.75092959,.72431332,.68655789,.66243994,.70472234,.68449891,.73459107,.7056008,.72450304,.69524121,.69776011,.6592654,.71957111,.6878351,.76185566,.7304644,.81034452,.77178842,.75865519,.72682095,.8971113,.85631996,.82072479,.78131205,.93469447,.89302921,.93809956,.89763319,1.0154221,.97297192,.9420355,.89696681,.91712815,.87419575,1.2004822,1.1378264,.53131348,.53744137,.56343436,.56810373,.52381444,.52688533,.53930587,.54152834,.59220457,.58674228,.59573025,.59353423,.58636564,.57320631,.65656632,.65370101,.67259157,.65349072,.69083875,.67256749,.7485683,.73497146,.75799954,.73545933,.76656026,.73943835,.80445725,.78112251,.84623635,.82074612,.79253346,.760961,.83460021,.80013341,.92423296,.88760215,.98491347,.94711679,.98262906,.94425875,59670,62975,68329,75735,77375,76673,74518,73066,72969,72699,73549,73495,73960,73049,70182,67335,63440,57371,53659,54801,53043,57442,61974,67654,68247,67413,67431,66615,67458,67539,67682,69316,68792,67390,66430,62384,58498,52824,50285,51189
500,Greensboro,1055133,37,North Carolina,NC,77.867569,79.116684,79.736885,80.817863,81.336327,82.126213,82.286888,83.086426,83.213768,83.86969,82.489243,83.060051,82.782219,83.450256,85.06295,85.575615,85.220543,85.735481,85.758415,86.275391,85.171021,85.660492,84.75045,85.218811,87.487816,87.857826,85.938049,86.396164,86.809898,87.181328,87.067123,87.398994,87.751968,88.075615,86.488434,86.965561,88.994675,89.17598,88.814102,88.947617,72.40435,73.61203,74.030495,75.163864,74.578484,75.46981,76.030106,76.940163,77.813797,78.563042,77.901543,78.521355,78.640648,79.344818,78.967117,79.599945,79.643425,80.257294,80.770927,81.388107,81.754784,82.28476,81.464417,81.965179,83.160782,83.635811,83.292839,83.771835,84.302277,84.708473,82.266663,82.714676,84.39489,84.796875,85.488495,85.926743,84.199577,84.544525,86.828995,87.003136,.46494001,.45615754,.46711659,.45970193,.48888385,.47640193,.48530328,.4722771,.48573229,.47074753,.49932152,.48237517,.51505488,.49582383,.50574601,.48281965,.50922978,.48669982,.556108,.529863,.57134706,.54576927,.58202618,.56006968,.53995472,.5142104,.63521308,.60686928,.61926174,.59083003,.67104441,.64370537,.66911,.63733912,.74652255,.70486104,.63990957,.6134119,.72099304,.70109481,.33766368,.34666446,.37450033,.38384461,.34463492,.3499676,.36840644,.37238955,.40341198,.39944008,.42187914,.41796634,.43091649,.42541716,.44860208,.44414166,.47084424,.4663398,.4749257,.46519741,.51621062,.50342876,.55446988,.54113281,.57174641,.55515975,.59716892,.57930464,.58473682,.56523782,.65963918,.64622408,.66477638,.6444549,.68165922,.64849585,.79759061,.76847965,.64232677,.62425327,126752,139846,154865,167889,168232,159555,151764,147323,143818,142878,142939,140875,138386,133963,128215,121600,110566,100103,90900,87675,114813,125211,138211,150517,150806,145529,142793,140400,139552,137423,135868,134071,130430,125569,119933,111747,102345,92976,84862,81564
700,Spartanburg,354533,45,South Carolina,SC,77.510765,78.724831,79.6717,80.741158,81.769035,82.564339,81.663338,82.421295,83.596977,84.303032,83.11586,83.801598,84.477089,85.033966,83.178932,83.729698,84.597137,85.128242,86.120193,86.575905,84.033974,84.584114,85.361992,85.857826,86.177361,86.478859,87.167358,87.37883,83.659904,84.104309,87.69796,88.044868,87.005379,87.346817,86.848763,87.071983,86.476898,86.826691,89.704826,89.87532,70.761353,71.952873,72.302528,73.44841,73.890076,74.834564,74.437248,75.276276,75.636734,76.469704,76.301437,77.082916,78.506676,79.189545,79.947075,80.527649,80.331253,80.934715,80.735825,81.326225,81.219086,81.768166,81.266396,81.8088,81.873337,82.245255,82.919548,83.208275,82.014732,82.42572,80.313721,80.840874,83.818047,84.196106,83.596596,83.827286,85.29184,85.64196,88.262421,88.451965,.74986643,.73747051,.72666365,.71353734,.74090117,.71462607,.75262654,.72747791,.75692517,.71948844,.78386432,.74933839,.81673723,.77870983,.91837454,.88358104,.97115964,.92874557,.78156322,.7407338,.95347661,.90669459,.95300978,.90610677,.99001074,.95607477,1.0817311,1.0478688,1.3096684,1.2677069,1.0847359,1.0273226,1.2552258,1.1962347,1.3872217,1.3378774,1.5947874,1.5219486,1.3173155,1.2595874,.4926801,.50614619,.51366419,.52288026,.56055689,.56315619,.55484641,.55572623,.56058639,.56308788,.60050255,.60018259,.71747625,.70716023,.76842731,.7521565,.79056412,.76990324,.80565584,.78619647,.84881693,.82886261,.94100904,.91560334,1.0193475,.99703282,1.0481689,1.024123,1.09158,1.0634573,1.1125073,1.1038698,1.1636338,1.1232312,1.3748481,1.3449236,1.5524114,1.4920666,1.2116506,1.1619141,47309,49209,54957,59228,59512,55826,51304,47134,44952,45007,44765,44292,42928,40649,38164,35307,31386,27167,22985,21999,42488,45490,47696,50971,52883,52602,51532,49696,47394,45784,44293,43083,40784,38414,36248,33088,29761,24708,21157,20158
800,Gastonia,413331,37,North Carolina,NC,76.863274,77.972847,79.511124,80.456413,81.038033,81.864815,81.93203,82.644135,81.514519,82.186707,82.5075,83.078697,82.317162,82.949806,83.133606,83.713043,83.569664,83.848373,85.446289,85.678215,85.647766,85.993752,86.577896,86.844017,83.540657,83.951508,86.261108,86.562416,86.873184,87.215363,86.551163,86.969574,86.375748,86.786491,88.229416,88.495255,89.100685,89.282692,88.406509,88.688072,71.17646,72.267929,73.456985,74.439751,73.735443,74.61499,74.108528,74.884735,77.138702,77.832161,78.072655,78.66198,78.169357,78.786385,80.127686,80.695236,77.923721,78.257324,80.406845,80.713997,80.698952,81.14077,81.571709,81.958672,82.14267,82.517319,80.457039,80.872803,82.98127,83.400002,82.816025,83.286179,83.711288,84.127563,85.750259,86.093544,83.414207,83.775986,87.015121,87.29425,.65543157,.64173084,.72056711,.69912201,.71416909,.68823409,.73251027,.70189089,.70376235,.68059242,.78086841,.74952769,.79674459,.76194423,.83906335,.80439067,.7939027,.77099991,.80365121,.77833617,.85847837,.82313395,.77594095,.74431729,1.07707,1.0418431,.99012864,.9508552,1.0089211,.96493918,1.109964,1.0509526,1.236699,1.1773231,1.0567961,1.0019602,1.0576177,1.0075963,1.3586737,1.2907363,.49689433,.50370109,.52288789,.52641821,.49550447,.50298256,.48190841,.49285471,.56276274,.55800396,.60061449,.59037966,.62786353,.61904514,.67999285,.66574466,.65223426,.64931333,.70840412,.69262111,.73815107,.720532,.81386417,.79561961,.88590229,.8633554,.84579259,.83241254,1.0412114,1.0118774,1.0186141,.98731589,.96757245,.93232989,1.1454996,1.0967033,1.408702,1.3676523,1.2576795,1.2052596,52156,58980,64632,68653,68677,63624,60984,60385,59086,58675,59422,57884,56026,54618,51852,46382,40005,34572,28791,23772,43618,50886,56989,61925,64165,62639,63265,62691,62144,60957,59164,56722,55039,51930,48599,42950,37280,31427,26501,22076
900,Charlotte,1423942,37,North Carolina,NC,78.574646,79.846069,80.952736,81.990776,81.150177,81.879868,82.396355,83.161247,82.807381,83.560524,82.6362,83.213425,84.348541,84.831253,84.678329,85.193245,84.241791,84.763702,85.028809,85.501282,85.20063,85.625397,85.818344,86.18557,86.296196,86.608917,85.163925,85.504051,86.209084,86.51078,86.685066,86.970459,87.932533,88.152466,87.432755,87.647057,88.395805,88.650497,88.74588,88.958038,73.018105,74.312019,74.329025,75.424774,75.089951,75.892647,76.094688,76.953552,77.394936,78.23996,77.784805,78.407341,78.101433,78.689354,79.245789,79.854851,79.488922,80.066566,80.733994,81.267029,80.986572,81.488922,82.41877,82.848351,82.845947,83.224937,82.94722,83.307678,83.462082,83.810753,84.350151,84.676346,84.107574,84.420197,84.485481,84.764847,86.061295,86.348885,86.393623,86.666077,.39995176,.39897639,.41927513,.4097226,.44099697,.43272036,.45191142,.43966132,.47355223,.45843071,.4824377,.46912399,.46018666,.44632867,.47858742,.4574188,.50290495,.48364228,.51050508,.49077967,.50990063,.49372646,.49984723,.47944799,.50745076,.48946995,.61209804,.5922153,.58344656,.56332374,.57186717,.55341154,.53864789,.51792741,.55740005,.53705925,.61581093,.58603448,.53945959,.51385206,.32297578,.33133042,.35036907,.36061388,.34260616,.34854025,.34849402,.35381213,.36631787,.36975464,.3977482,.3990739,.39839292,.39588621,.41752794,.41072103,.45099995,.44726115,.44014022,.43043134,.46979299,.46032438,.47538951,.46278211,.48281321,.47418031,.50941426,.49701542,.49958414,.48758578,.50768971,.49278355,.51442403,.49906352,.56637692,.54844022,.53677464,.51716268,.51166707,.49263909,172258,186851,197516,208063,212466,209988,202817,198663,198356,196395,192512,193026,194070,195297,198406,201582,202400,205286,212901,231631,157291,165843,172414,182915,188680,186890,184513,183602,181979,182275,181057,183357,185225,189087,193032,195522,199230,201513,212557,232170
1100,Hickory,375363,37,North Carolina,NC,77.510742,78.371796,79.459557,80.227715,80.928017,81.564072,80.760323,81.365585,81.78582,82.281174,83.023895,83.359428,82.458893,82.789742,83.913055,84.318504,82.589226,83.056961,84.73764,85.142014,84.529869,84.976074,85.548462,85.898323,84.54055,84.948112,83.471619,83.932068,88.313736,88.573814,88.20446,88.495911,87.266998,87.646797,87.710892,88.038361,89.283798,89.463943,86.9151,87.279236,70.873627,71.727043,73.456543,74.253738,73.719841,74.406563,75.252937,75.875679,76.808411,77.309708,78.233719,78.615784,79.296425,79.64679,79.848877,80.322929,80.19072,80.669647,81.373611,81.831413,79.609039,80.112305,80.796951,81.23027,79.829636,80.28846,81.651871,82.071823,82.720772,83.170525,82.231796,82.735542,84.994858,85.409653,85.258713,85.625961,86.984863,87.203079,85.3918,85.741783,.7572695,.73559445,.79465723,.77091759,.75841475,.73494482,.74671,.72523385,.75222158,.72328615,.78761011,.75958794,.78341419,.75561255,.79809666,.76287705,.89301908,.8626681,.89725077,.85518324,.92097098,.88201499,.88368851,.84288663,.98733842,.94565773,1.0297884,.99610668,.85683423,.80714852,.88964999,.83505529,1.2022417,1.1308615,1.1778514,1.109208,1.05801,1.0045861,1.5483849,1.4783301,.54316872,.55210704,.58839738,.58692175,.54263139,.55049825,.50420439,.50263095,.55662286,.55100918,.64740437,.63980263,.67163587,.6582846,.72216678,.70742559,.72059649,.70587736,.72904789,.70260578,.72665924,.72166663,.82189494,.80319917,.81186211,.80444765,.87753344,.85593647,1.0294726,1.0049136,1.0811533,1.0520484,1.221097,1.1673511,1.244296,1.1909167,1.0192069,.97421122,1.2063417,1.154631,44376,48717,55506,63699,65495,62773,58158,55933,57012,58453,59032,58936,56400,52670,48386,44221,39464,35922,35011,36660,39119,44319,52200,61213,63725,61560,59784,59606,60422,59826,58411,57449,53478,49866,45544,40909,37304,33736,34405,35732
1203,Asheville,398505,37,North Carolina,NC,80.663269,81.092125,81.595596,82.024666,82.800842,83.303291,82.668716,83.203499,83.623184,84.089165,83.521614,83.981491,85.355614,85.681053,86.262238,86.490944,84.786133,85.139275,85.66317,86.024803,85.557137,85.896629,84.816917,85.17952,86.661629,87.007057,88.111481,88.400757,87.067352,87.376198,88.296677,88.49881,90.498543,90.64473,88.961266,89.221123,87.63665,87.978149,89.294945,89.43071,75.108963,75.613647,76.820137,77.298355,76.162361,76.701157,77.222839,77.792824,78.498497,79.023521,79.558937,80.004555,80.087852,80.528122,79.870033,80.284172,82.732933,83.082619,82.921387,83.307304,83.713898,84.029709,83.27813,83.617821,85.011307,85.338966,85.124542,85.488937,85.28656,85.569824,83.595299,83.910866,83.967621,84.303253,85.774574,86.114792,84.411507,84.835045,84.352119,84.657822,.65125835,.63008761,.67398632,.65126109,.73416275,.70399785,.75427431,.71643001,.69048083,.65757656,.76407027,.72721481,.71750426,.68215191,.74750239,.7163586,.87321442,.83515763,.78553343,.74978054,.85878038,.8245275,.9246192,.88893551,.92463458,.87815756,.83304727,.78519601,1.0389057,.98532009,.9116267,.8694346,.88238871,.83665872,1.0087153,.95049083,1.2139503,1.1455957,1.1299974,1.0882403,.56563157,.55324244,.59466672,.5871467,.57448459,.56910253,.61426944,.61074251,.64493614,.6281966,.65165079,.63654798,.67563397,.6560533,.74919391,.73687702,.71936429,.69252038,.72944206,.70810795,.74375951,.71536285,.84546685,.81775308,.77404016,.74039984,.90681088,.86896926,.89744091,.86359513,1.0434499,1.014887,1.1234943,1.0893292,1.2106042,1.1601663,1.226215,1.177372,1.3897082,1.3569196,57606,59546,60971,65387,66983,65385,63233,62766,62183,60929,61101,59074,56898,54001,49850,45187,40527,35770,33495,34901,51343,55506,57577,60139,60326,58172,57454,56794,56535,55530,54378,52427,50808,46993,43838,40025,34958,30902,29029,30589
1302,Florence,548986,45,South Carolina,SC,78.798912,80.360893,81.459625,82.733597,81.46859,82.639992,82.950356,83.851616,83.08918,83.820663,83.461975,84.216148,83.349831,84.031067,83.932449,84.611458,83.475304,84.118385,84.666321,85.209427,85.061516,85.582939,83.675888,84.196953,84.768417,85.271492,84.857552,85.361412,87.367279,87.757851,87.297379,87.722488,87.54364,87.946304,87.435135,87.821259,87.206482,87.558647,86.594902,86.535645,72.409248,74.090393,73.40934,74.842514,74.044189,75.426941,75.851723,76.922363,77.455765,78.297966,77.56192,78.44397,77.254448,77.99897,78.814865,79.574883,79.070816,79.729668,81.886337,82.461517,81.680481,82.254982,82.681915,83.157089,82.381714,82.900368,81.6157,82.165237,82.809837,83.329987,83.839134,84.330841,83.07518,83.590973,83.806984,84.261147,85.313797,85.70594,84.984978,85.144997,.5194574,.52032512,.49211642,.48774216,.5750795,.5715304,.57266414,.55499172,.65470445,.63807577,.68527722,.65608895,.67003334,.64759433,.73282826,.70231658,.71091163,.68509561,.78255844,.7530368,.7686978,.73824024,.85765415,.82556915,.87349844,.83638471,.92574835,.88690883,.71639848,.67539322,.91592622,.86328858,.96089989,.90557259,1.0989935,1.0370529,1.0444549,.98614538,1.2939075,1.2794293,.4066844,.42293096,.38549513,.40279502,.38959217,.40635198,.45143908,.45797732,.49178624,.48757747,.54884565,.54659158,.55098593,.54706514,.64009041,.63206148,.65536684,.65561122,.64671946,.63208419,.68846655,.6676296,.75680494,.73607677,.81032598,.78795648,.84032691,.82306647,.8437556,.81366062,.84489018,.81132925,.97986054,.95173198,.94760245,.91256416,1.1307182,1.0821513,1.166308,1.1400141,96919,125439,130477,118355,101750,88075,79161,73643,70151,66858,64161,61488,58588,56223,53049,49504,45809,40743,37208,37676,80314,94999,100673,96382,88852,81420,75274,70165,65191,61992,58292,56307,53872,51041,47674,44996,40875,36048,33155,34878
1400,Fayetteville,644101,37,North Carolina,NC,78.430984,79.676537,80.279411,81.246941,81.503342,82.029419,82.057632,82.909355,83.448265,84.101723,83.997253,84.573959,83.526283,84.197678,83.407066,84.18132,83.299713,83.942657,85.772644,86.214676,83.005341,83.513557,82.751869,83.200134,84.61985,85.1436,84.473289,85.062218,82.884567,83.450226,86.010094,86.400101,86.485199,86.868401,88.831413,89.134895,87.640907,87.986526,86.137711,86.350594,72.669113,74.079338,73.060295,74.23127,74.905083,75.824646,75.346909,76.390289,76.726295,77.635239,78.102707,78.942726,79.339081,80.138031,78.631493,79.484077,79.506912,80.184959,80.801865,81.37487,80.938545,81.525276,83.469833,83.973511,81.675598,82.277397,82.989594,83.562195,83.056717,83.59214,83.377556,83.885063,83.956039,84.429588,83.682396,84.13562,84.716858,85.180923,86.413872,86.705505,.57346898,.56540465,.58276117,.57798046,.60345596,.5995267,.63295668,.60995185,.64038736,.61633849,.68264019,.65909648,.7170015,.68836993,.76727366,.7322998,.86304021,.8271336,.73776132,.70539898,.80799705,.78122199,.8622179,.83994395,.84879184,.81481761,.91270506,.87371612,.97842193,.9505685,1.0323902,.99169201,.97407418,.93247533,.83274692,.78555053,.99426401,.9379589,1.3976103,1.3569652,.48195586,.4929758,.43071616,.45027849,.47235209,.47717178,.45390004,.46067998,.52762073,.53156739,.60383546,.60368854,.64825106,.63727689,.65355444,.64805627,.69895792,.69056433,.70125872,.68576771,.72708541,.71225053,.7522276,.72813016,.79904801,.77776545,.80960017,.78357303,.88582855,.85759938,.95276529,.92315346,.90141523,.87026656,1.1248794,1.0888622,1.2225343,1.1715851,1.1712042,1.1266685,84927,103099,112829,110013,97979,87192,79358,75304,72648,70878,69294,67391,65788,63095,60423,55344,50141,43635,35570,29763,66716,78633,87231,89964,84674,79960,76453,74721,72739,70637,67923,65235,62820,60230,56459,51473,45445,38771,31544,26824
1500,Wilmington,361559,37,North Carolina,NC,79.936981,81.115845,81.190956,82.189117,82.70462,83.528595,82.040504,82.784348,81.63205,82.293915,82.093979,82.824509,83.854591,84.323013,84.861946,85.394089,85.011421,85.539017,85.641167,86.115257,86.369797,86.847137,84.477997,85.068466,84.79599,85.271667,86.679947,87.033043,86.00206,86.356857,86.547646,86.854736,87.420265,87.704102,86.090538,86.534134,90.055244,90.297279,88.964439,89.210442,74.138809,75.4291,74.020149,75.159943,74.331345,75.309654,75.221832,76.084236,77.390732,78.10807,77.822914,78.541214,80.292473,80.786659,80.205299,80.805649,81.919006,82.459534,80.464249,81.038597,82.457115,83.002296,83.814072,84.318932,82.775002,83.237633,83.207199,83.625015,82.898499,83.29274,85.117432,85.418259,84.848862,85.189888,87.511604,87.797119,87.79863,88.083565,85.826004,86.169746,.68332005,.66362,.73822778,.71398538,.7343688,.70256931,.80410308,.77559197,.81396705,.79038072,.82888985,.79652232,.88144982,.84812838,.90777791,.85976958,.8564992,.81322509,.86138213,.81661361,.90904039,.85921067,.95094615,.90356296,1.003382,.96493661,.9679876,.9192642,1.035179,.99185586,1.0318376,.98847771,.91408777,.87115949,1.1962509,1.1389563,.82307464,.76556325,1.0821151,1.0260981,.58115143,.57928574,.5380165,.54113287,.54372704,.5522719,.59612274,.59823787,.66617912,.66347814,.69983828,.69129795,.76852179,.75265145,.77286369,.75475109,.75422132,.72259212,.85208654,.83479303,.8266111,.79951155,.87389934,.83962387,.91633284,.89108258,.9525708,.92600775,1.0227212,.99472851,.93217701,.89778948,1.0523067,1.0163995,.84920496,.80478394,.8723675,.82244277,1.1256388,1.0799282,54984,59878,63042,62823,58599,55485,51646,50051,49343,48693,47948,47569,47091,46531,46078,44320,42850,40102,38055,37025,46281,49407,50198,50288,49533,48723,47469,45844,45314,45396,45072,44993,43793,43985,42203,41188,38242,35946,33739,33229
1701,Raleigh,1412127,37,North Carolina,NC,79.270058,80.447197,80.535278,81.579628,80.974876,81.979836,83.52784,84.328369,82.727348,83.435677,83.709358,84.294487,83.65609,84.24707,85.173958,85.691376,84.80484,85.31971,85.343407,85.831909,85.262199,85.73069,85.138,85.591293,86.204208,86.580063,86.661423,87.007271,88.37764,88.643814,87.723534,88.017578,87.315414,87.606766,87.926399,88.156364,88.960709,88.977066,88.112396,88.094742,74.381538,75.531189,74.858856,75.878357,75.233185,76.250496,75.826912,76.733566,76.913979,77.672531,78.183144,78.846191,79.207191,79.863907,80.075768,80.70063,80.266045,80.86351,81.86068,82.411934,82.574379,83.079514,82.29837,82.796494,82.316544,82.779633,82.958267,83.386246,83.920792,84.313454,84.613777,84.985191,84.938652,85.284439,84.975784,85.31279,87.414925,87.526291,87.343315,87.396416,.46640736,.46398929,.48640499,.47766986,.49371496,.48456982,.49862337,.4830907,.50925964,.49232599,.52535796,.50671369,.52362061,.50577843,.49439722,.47412884,.53736597,.51739925,.55501813,.53401548,.58300394,.56013089,.5632183,.54157597,.57593787,.55221891,.53627467,.51381791,.48628488,.46525887,.52831197,.50156409,.51430267,.48999527,.51433784,.49361926,.48493338,.48477432,.56349492,.56168467,.37677833,.38190448,.39455402,.40562969,.38585278,.3961738,.38076824,.38714409,.3870838,.38835627,.42347428,.42112252,.45808503,.45090142,.49165252,.48284325,.51028973,.50162882,.49420491,.4817141,.51461434,.49873346,.50769651,.49367756,.51952821,.50549692,.49910367,.48328948,.49989083,.48247799,.52307129,.50521022,.50163335,.48420954,.51001227,.49207211,.45468637,.44572222,.52224898,.51452368,146526,148951,155713,168563,180527,189112,188897,188511,187747,186082,184791,186007,188711,197360,206634,220566,235281,254574,275986,242808,134234,140490,141865,152541,159530,159558,159065,156773,157160,158325,161984,167940,176546,188876,202201,215830,232318,253217,271288,232769
1900,Jacksonville,536909,37,North Carolina,NC,79.548615,80.971916,80.574409,81.832733,81.542213,82.502754,82.922012,83.316162,83.27562,84.056496,82.108322,82.738503,82.69474,83.435593,83.727432,84.314888,84.483345,84.919724,83.416496,83.916969,84.488113,85.054695,86.764435,87.237473,85.019905,85.453247,83.942299,84.356155,84.301292,84.731636,87.370438,87.688377,87.723724,88.009644,88.373772,88.558334,86.732956,87.029709,88.801743,89.064659,73.194923,74.761734,74.153702,75.519676,75.070984,76.20372,77.188873,77.958115,76.865135,77.750366,78.397301,79.191338,78.971909,79.743637,78.806633,79.438866,79.868927,80.422295,79.980316,80.547661,80.847214,81.463654,81.623291,82.21447,81.25206,81.805801,84.316681,84.739754,84.063873,84.492393,82.788139,83.250488,84.543671,84.927277,84.728966,85.089767,85.368027,85.738777,86.124138,86.477371,.64438105,.63350457,.64990425,.6386615,.63926584,.6199764,.70722741,.70056534,.7345953,.70596385,.76606578,.74387169,.75850606,.7264933,.83126891,.8004145,.83687508,.81099415,.87973458,.85035765,.82435358,.79009312,.84215796,.79430532,.88030142,.84380496,1.0086843,.97657323,1.0063028,.9711172,.87919742,.83928245,1.0283067,.98246974,1.0459046,1.0081441,1.1878035,1.139863,1.1610551,1.1012222,.52043653,.5364638,.52378339,.54076326,.51628655,.52806813,.62122768,.61733961,.60721523,.60927063,.65882313,.65212047,.69644845,.68247682,.68730748,.68046194,.705881,.69583803,.77523297,.76276433,.73231083,.71623164,.80881965,.78705841,.81527078,.7931093,.79652369,.7655499,.90357995,.87500137,1.0469878,1.0206995,.94444311,.90600908,1.1941239,1.154905,1.1734602,1.1273743,.98019058,.9317866,65365,77821,81634,80212,78787,71647,64703,62157,62700,63461,63031,62679,62122,60133,58281,54465,49410,42919,35772,32221,51057,59480,64505,66412,65591,62460,60545,60511,61689,61397,60908,59610,58747,56833,53951,49366,44630,37344,31815,29600
2000,Virginia Beach,1119468,51,Virginia,VA,78.983047,80.44223,79.40139,80.667122,81.186119,82.133263,81.270226,82.193161,81.643486,82.192268,82.099487,82.925339,83.21946,83.763359,83.961441,84.472389,83.315117,83.81813,83.50425,83.912025,83.965157,84.364838,84.423416,84.861626,86.145912,86.378532,86.059967,86.245445,86.081482,86.310272,85.610733,85.8946,86.161888,86.390778,87.589943,87.696053,87.782082,87.862564,88.459099,88.587822,72.26413,73.902596,72.889046,74.319649,74.153366,75.32856,74.625008,75.691483,76.0252,76.799469,77.305138,78.222992,77.943329,78.660072,79.750366,80.389725,79.249939,79.873535,79.982994,80.539536,80.715279,81.242538,81.944923,82.463318,82.443451,82.839317,81.533333,81.903503,82.126709,82.516685,83.85527,84.231018,85.698387,85.990486,84.923592,85.192963,87.077736,87.245018,88.288109,88.460709,.5153634,.51769048,.49313948,.50054914,.54330152,.53801608,.52419603,.5160988,.55592442,.5498299,.5746851,.56316668,.59467363,.58067518,.57042873,.55242169,.61793566,.60360992,.65829051,.63959157,.5791899,.56655347,.61939454,.60242093,.58930069,.57618713,.59245002,.58488542,.6113891,.59563053,.64684492,.62781817,.61531502,.60073161,.64728403,.63855475,.6921224,.680695,.72408921,.70166785,.3953017,.4161385,.39906201,.42836076,.38957003,.40166101,.38959643,.40943882,.43587241,.44152707,.47854817,.47910964,.47883642,.47616497,.54592103,.53634197,.50780445,.50611633,.52015251,.51009488,.51057762,.50499094,.55601591,.54312426,.52695161,.51221931,.54253387,.53409415,.59419584,.58477867,.57861429,.56212419,.55512446,.53695089,.62931371,.61346054,.64986587,.63272488,.64587504,.61702591,120543,134489,142224,142860,139646,136770,136507,137954,138550,139091,140339,142032,145012,149147,153319,153667,151860,143354,122582,94267,96552,101720,106351,110331,112117,117496,124568,129817,133562,137117,139058,140463,145595,149863,151167,150518,146789,134923,111803,87297
2400,Richmond,1040192,51,Virginia,VA,77.805977,79.510696,79.609619,81.10923,80.930984,82.111382,81.155647,82.177292,80.736748,81.808701,82.847282,83.720009,84.014191,84.698036,84.083786,84.613892,84.228905,84.886589,85.034027,85.66864,84.621872,85.121429,85.622414,86.058365,85.171257,85.65609,85.767166,86.229004,85.60701,86.023293,86.891411,87.223175,87.550926,87.847115,87.465096,87.747108,88.209328,88.512405,87.997398,88.210854,71.93589,73.693245,73.558807,75.092354,74.582153,75.884987,74.901321,76.074608,77.02961,78.17067,77.60714,78.619003,77.805878,78.638947,80.228165,80.886864,79.579277,80.377167,79.819756,80.57093,80.840912,81.440788,81.458702,82.019066,81.444237,82.013977,81.95578,82.503777,84.228455,84.656631,83.66925,84.089516,84.779236,85.150795,84.576294,84.935646,85.970894,86.326126,87.340393,87.5793,.50532466,.5165723,.51793182,.52222842,.52276164,.51495981,.52629888,.51944828,.53999543,.52861029,.58185953,.57055885,.55553269,.53821373,.53147703,.51793689,.54414064,.52867591,.5054788,.48226875,.57054746,.55555546,.58943737,.57254356,.61018646,.58626503,.58730257,.56347167,.60123539,.58006287,.57355827,.55306214,.53962326,.51826674,.57207018,.54783791,.56635994,.53698486,.68367422,.65799767,.40175152,.42605579,.43256274,.45697558,.42809016,.443501,.41940024,.43480346,.48635492,.48997071,.47700915,.47504354,.47633269,.47372475,.5011012,.49258071,.48774859,.4815951,.50910956,.50301772,.5315007,.52269554,.53732777,.52556127,.52834707,.51903588,.53561634,.52702153,.52252012,.50489396,.53352052,.51888007,.53550577,.51775801,.57743287,.55967486,.55589539,.53112209,.5849275,.55939943,109507,108958,118113,126894,133345,141026,147360,148157,147340,145037,145508,147128,150553,157055,165795,173792,178919,179339,170279,153854,99150,98070,101566,106603,110891,116973,120290,122351,124343,126197,129953,135827,141401,151437,160827,168700,172519,170638,159992,144228
2500,Newport News,570854,51,Virginia,VA,79.990738,81.543037,82.094833,83.33078,81.127647,82.082176,81.728798,82.338852,82.006844,82.783119,82.005447,82.646027,84.317291,84.87056,84.218636,84.872322,84.927917,85.447525,84.856133,85.421394,84.178543,84.762062,84.427734,84.889664,85.551376,86.11216,84.636276,85.288368,85.052147,85.583977,87.676521,88.029945,87.821236,88.104721,88.838791,88.94883,88.308304,88.507568,88.734329,88.928703,71.06575,72.767876,72.733917,74.249771,73.944885,75.135925,75.593933,76.578079,76.88517,77.852348,76.976265,77.886284,77.787865,78.607254,78.955673,79.766487,79.88147,80.574905,80.154678,80.88562,81.489647,82.140251,81.403076,81.962784,82.424248,83.067291,82.095261,82.756813,83.042816,83.593185,83.480804,83.96489,84.199936,84.619049,85.611038,85.89418,86.790039,87.10424,86.30616,86.640404,.68341392,.66809261,.69740272,.67774737,.73325211,.71786517,.75189459,.74642777,.74528188,.72398055,.80624872,.78994465,.77317733,.75053173,.74359775,.71742952,.74780494,.72260225,.79535395,.76139987,.86049575,.83035386,.78048849,.7563954,.82144356,.78334671,.87331265,.83246088,.86368048,.82466578,.73578191,.70058519,.73853064,.70734745,.65105933,.63578916,.72842067,.703601,.77321196,.74294269,.50579286,.52747643,.53324234,.55588979,.51964557,.53644556,.5987066,.60657185,.62727898,.62972647,.63802963,.64132571,.66535133,.66455865,.64966905,.64197481,.70115596,.6905601,.68517363,.67670935,.73921114,.72461504,.72198594,.70919985,.68451613,.66656423,.73941922,.72191304,.72125196,.70183635,.77671903,.75386214,.79942787,.7738952,.72063553,.69722116,.79390854,.75518543,.9299044,.88948888,61679,67866,72042,74689,74266,70696,69409,69606,70605,72110,73422,76405,78244,82174,85558,88193,86902,83102,73377,48042,48567,51164,54724,56620,57998,59951,64560,68136,71130,72953,75638,77285,79799,82667,85278,84582,82069,76204,63515,40140
2700,Gulfport,458674,28,Mississippi,MS,77.307297,78.284348,79.942535,80.72216,81.827408,82.28186,82.005486,82.215721,82.012108,82.426125,82.747337,83.327103,83.373634,83.858025,81.528824,82.047501,83.304893,83.725197,84.505295,84.950745,83.465935,83.958366,84.402077,84.755661,82.288269,82.776207,83.351524,83.822304,85.124008,85.522659,83.999031,84.440277,86.22982,86.57373,85.793236,86.160866,85.565445,85.957123,86.845329,87.264244,72.855042,73.951424,73.448219,74.41404,74.191223,74.901024,75.366745,75.884491,76.688667,77.323303,77.79277,78.450348,77.528122,78.146645,79.211342,79.75145,79.73661,80.24247,80.085564,80.630608,78.970306,79.535789,80.823608,81.290375,81.391411,81.870888,82.089127,82.558556,83.473282,83.882523,82.432472,82.881485,83.254898,83.661606,84.241684,84.593277,85.768532,86.055725,86.054619,86.417419,.60954332,.59735388,.66856843,.64897066,.68381578,.66830629,.74097353,.72864801,.77402925,.75040513,.80580068,.77526218,.79280096,.76268697,.85771996,.83298218,.83073294,.80078053,.80564272,.77489311,.9648388,.93075693,.93487674,.9017396,.98928124,.95922685,1.0083857,.97273022,1.0555989,1.0102015,1.0725278,1.0272313,1.1185775,1.0693536,1.218038,1.1652646,1.4660923,1.4028583,1.5206201,1.4416438,.51312196,.51718897,.49010557,.49676105,.50716794,.50813437,.56634825,.56332088,.58278757,.57313508,.63464171,.62809271,.62257951,.6154018,.66005641,.6455099,.74664676,.72945076,.75313979,.74134153,.74458945,.7372914,.83240348,.81689894,.85343474,.83141333,.89824426,.87378335,.96237093,.92782289,1.0045648,.98035532,1.0535259,1.0211776,1.1440618,1.1076552,1.1354105,1.0897048,1.3043672,1.2387073,62725,73266,73781,70069,64011,58160,56177,56366,54460,53401,52223,50607,50003,49051,47639,44447,40217,34647,27730,22555,55884,62392,62070,59909,57162,58134,60140,59946,58245,55579,53956,52334,51285,49262,46624,42807,37939,32349,25573,21025
3003,Jackson,546560,28,Mississippi,MS,77.973404,79.977234,80.481644,82.185829,81.930115,83.166527,82.117477,83.292381,83.275772,84.290161,83.553772,84.611145,82.885452,83.80336,82.884651,83.732285,85.048813,85.799995,84.187881,84.92823,85.978798,86.595123,85.762711,86.393349,86.391289,86.967926,86.739578,87.279007,86.895699,87.397331,88.358871,88.765343,86.871803,87.315979,87.035019,87.343323,87.825943,88.070526,87.670364,87.966995,72.651878,74.77787,73.94487,75.933693,74.167076,75.718781,75.326126,76.74752,76.602356,77.862656,76.761093,77.997749,77.371689,78.425591,79.477585,80.371559,80.869415,81.726578,79.207458,80.000732,81.100861,81.828194,81.019562,81.737106,81.91111,82.612305,81.506142,82.192039,83.744766,84.321648,83.091698,83.67672,82.568542,83.123741,83.722618,84.120522,83.458076,83.785896,85.11422,85.484131,.69321579,.69576496,.63579798,.62987995,.65751809,.65195507,.68085474,.68229818,.68750799,.66527134,.76088935,.73284715,.78815883,.76522344,.86980379,.84308022,.81777447,.78225273,.87233496,.84020591,.84686232,.81096298,.88572341,.84768647,.91211993,.86594617,.91581804,.86597592,1.0075701,.95613575,.95972931,.90912312,1.070897,1.0218914,1.0854461,1.0469946,1.0307329,.99453545,1.3262439,1.2755733,.53176987,.56021768,.51086253,.53509551,.51320535,.52728558,.53804481,.55465811,.61340058,.61629182,.63977981,.65351403,.65604424,.66195327,.73488504,.72876614,.80490267,.79267049,.78786355,.78651375,.81136143,.79295534,.8892343,.87517196,.83201182,.81000185,.84528995,.82105738,.86931026,.83827043,.89591002,.86633509,.93119222,.9057731,.97766685,.94965446,1.0537887,1.0293473,1.1115688,1.0751544,61762,85652,95864,92542,84438,74815,69505,65227,61396,58325,56126,55809,55599,56181,55499,54953,53971,50683,46000,50616,53870,71859,73380,73076,70024,63659,61172,57004,55194,53169,52470,52260,53177,52915,52695,52150,50370,46658,43599,48084
3300,New Orleans,1381652,22,Louisiana,LA,79.115402,80.507446,80.731575,81.865852,81.978943,82.821724,81.386642,82.071564,82.799629,83.224541,83.037834,83.561058,83.492928,84.144737,84.199615,84.771309,84.08651,84.577126,83.359253,83.843369,83.768433,84.204987,85.383865,85.747665,85.247688,85.595634,84.806435,85.159706,85.931801,86.261032,85.641937,85.997353,86.517784,86.816307,86.512924,86.780205,87.030502,87.267593,88.739456,88.875366,73.00808,74.580666,74.697441,76.024818,74.798065,75.818275,75.736221,76.607735,76.680359,77.282066,78.269508,78.93306,79.261467,79.997131,79.558037,80.228355,80.675095,81.224831,80.28846,80.801888,79.490723,79.976128,82.121033,82.538467,82.045303,82.453888,81.60157,82.007286,82.699623,83.086212,84.760933,85.093094,83.60556,83.953735,83.636185,83.950897,84.344566,84.636856,85.919701,86.13475,.38020533,.39469373,.40269303,.41187736,.43042108,.42909765,.45318475,.44838351,.48701745,.48738953,.49125844,.48278466,.53716272,.51918006,.56111205,.54295343,.56948972,.5539363,.58041739,.56182796,.58810985,.57077676,.59229207,.57422614,.63244438,.61178631,.67929369,.6578148,.65989941,.63740516,.67203063,.64863199,.67098022,.64704174,.76046467,.73374838,.71536523,.6912266,.68653935,.66573024,.2969391,.31925076,.33975306,.34838504,.32909459,.33763677,.35092428,.35907847,.37214094,.3735294,.40656504,.40171498,.43612403,.43374726,.44320494,.43910462,.48868871,.48036835,.49542171,.48881316,.53527427,.53071266,.52881098,.51670539,.56781453,.55409455,.56078535,.54803759,.57293332,.55910856,.5914315,.57126468,.64424461,.62552035,.62774593,.60909301,.69082892,.67002916,.65063864,.62976581,180253,200543,204009,191427,176226,159396,150791,146977,141976,134773,129180,124959,123165,122659,122971,124454,125007,121615,117471,126175,166924,169018,160547,151700,146549,142600,140642,138655,133478,129076,125317,122763,121822,122226,123164,122462,121309,117717,113774,122854
3400,Houma,271365,22,Louisiana,LA,80.22419,81.386055,79.448135,80.504745,83.658569,84.417984,79.879776,80.737457,82.824425,83.332108,82.437675,83.126823,83.569092,84.068657,82.902687,83.424759,84.256561,84.771751,83.02784,83.549255,84.473755,84.922234,83.023048,83.578773,83.309433,83.840332,86.36731,86.752663,83.547577,84.009895,84.679222,85.021812,86.730347,87.000977,83.659798,84.109756,86.68853,87.049637,86.667984,86.808311,72.663864,74.013611,73.373161,74.605591,74.992859,75.985069,74.846657,75.698326,78.340874,78.894974,78.893677,79.567589,78.801064,79.38623,79.804115,80.316063,80.966675,81.462456,80.787155,81.259872,82.846024,83.25827,81.331131,81.852592,81.051498,81.5243,81.877045,82.309013,83.959595,84.309174,82.757378,83.125862,83.431496,83.778595,81.477112,81.879631,81.957443,82.413467,85.596954,85.736382,.86682445,.84188044,.84004003,.82620811,.88823926,.84737837,.92575437,.90703821,1.089797,1.0526593,1.1939523,1.1455709,1.1325146,1.0878475,1.1650798,1.1204506,1.2231791,1.1671807,1.1763369,1.1283636,1.1974733,1.1424433,1.2865918,1.2379862,1.3807586,1.3258079,1.2401209,1.1767675,1.5426794,1.4924003,1.4937494,1.442556,1.4297049,1.3765579,1.8627714,1.8080966,1.9311788,1.8478405,1.8256688,1.7773581,.69395506,.69913632,.61402315,.61769444,.68061024,.67655921,.68388438,.68707937,.83965331,.823726,.8386941,.81432581,.86405975,.84762859,.94520068,.92372268,.93104559,.90102369,.93507499,.90565926,1.0068908,.9702822,1.0047886,.97537875,1.0194581,.99062937,1.1918877,1.1580597,1.2145659,1.1741037,1.3375754,1.2989761,1.4017727,1.3629146,1.6714729,1.6468537,1.7759579,1.7415433,1.564365,1.5264889,37654,43808,45536,37651,32471,29066,28354,29047,28901,29526,30592,30595,30664,30209,29604,27969,25139,21787,18076,17241,29076,35063,35574,32182,31782,32245,33270,34594,35589,36141,35685,34848,33692,31970,30723,28583,25338,21637,17753,16457
3500,Baton Rouge,806561,22,Louisiana,LA,79.441933,81.172501,80.327736,81.871597,81.382248,82.567596,83.278061,84.257454,81.234016,82.131752,81.989395,82.803772,83.564896,84.175041,83.835083,84.510445,84.959724,85.501244,85.007904,85.554413,85.19648,85.751701,87.326591,87.706512,85.460686,85.937607,85.45826,85.940155,85.813454,86.218193,87.276085,87.580269,87.617393,87.922218,87.234322,87.614182,88.131966,88.348907,88.124382,88.459442,72.418083,74.347069,72.898514,74.668549,74.435623,75.856598,75.403297,76.634224,77.464348,78.543678,77.69458,78.616531,78.687683,79.401291,80.440338,81.164551,80.560463,81.191673,81.392731,82.002792,80.950363,81.56192,81.141945,81.687279,83.230621,83.714531,82.911133,83.398376,82.763763,83.206329,85.078827,85.412552,83.173874,83.579437,84.56739,84.98011,84.782097,85.060753,85.859924,86.227173,.52423185,.52172095,.51281714,.50710946,.52771127,.51844174,.57022482,.55623698,.64033622,.62990063,.67891192,.66248733,.72387409,.70091301,.68661863,.66182202,.65116525,.62797141,.69576687,.66726804,.71930677,.68696159,.6541549,.62323272,.78479278,.75368714,.6967814,.66637355,.79262602,.76018322,.78742945,.75790524,.78209513,.7490797,.84474981,.80367804,.83131319,.80082566,.99374121,.93922961,.44826227,.46949235,.38805065,.41293746,.44436711,.46112922,.43922198,.44391432,.53508461,.53040802,.54815489,.54448265,.53384387,.52834982,.59094459,.58158702,.58762711,.57682794,.59468281,.5822407,.68109632,.66430759,.66816121,.65314966,.65405166,.63314342,.67689347,.65713376,.6633054,.64477557,.60233057,.58351833,.753537,.73618716,.74650371,.71884626,.87292504,.84870899,.86100805,.82114041,99116,123650,131826,120550,109900,101364,96293,93477,90162,86412,85386,84498,85739,89107,91574,95097,97757,93437,80693,69590,81634,94435,93077,87737,86250,86282,86387,87261,86400,85488,85816,86848,89647,92311,94532,97680,96841,90637,75635,65545
3700,Lake Charles,335960,22,Louisiana,LA,77.898819,79.014969,79.756767,80.793388,79.878433,80.723877,80.402946,81.076218,82.747948,83.215706,84.063423,84.657532,80.265488,81.019981,82.85321,83.523758,83.817009,84.31218,84.834717,85.257835,84.187943,84.692383,83.469208,83.97509,85.203247,85.552544,84.364441,84.688347,85.520668,85.901428,82.222969,82.796494,87.359825,87.705772,87.336929,87.687721,84.591644,84.912918,85.735985,85.978081,71.370361,72.671906,74.074837,75.248169,73.782799,74.753593,75.039673,75.877541,76.463951,77.093147,77.21019,78.028259,76.926605,77.685478,78.671249,79.383301,80.026237,80.610092,79.228279,79.790932,79.957535,80.529388,80.272728,80.818985,81.413048,81.836899,81.032661,81.404808,82.870239,83.294434,81.765068,82.287102,83.722649,84.164169,80.918709,81.419067,83.237793,83.610313,81.725578,82.211662,.81760722,.80411792,.74498838,.72062397,.78108132,.76412702,.85649437,.83438516,.9296906,.90366346,.93558997,.89328963,.9689151,.94386148,1.0812217,1.0377289,1.1063898,1.0616376,1.1038599,1.0565463,1.1709769,1.1242104,1.2376399,1.1932735,1.2017087,1.1558453,1.1650903,1.1286162,1.3238933,1.2707462,1.2879584,1.2516885,1.1825603,1.124722,1.2755425,1.2127583,1.8639896,1.8072126,2.0815778,2.0136449,.58988744,.59958023,.63525218,.6377582,.57465506,.58428472,.68819261,.6872853,.74739563,.74516404,.78793281,.77780449,.76887441,.76347488,.82997048,.81320453,.86641997,.84827071,.8783524,.86695468,.89588261,.87647259,.92934978,.91381937,1.0644637,1.0413873,1.0154423,.99977899,1.1582149,1.1256366,1.1659827,1.1373006,1.1225418,1.0787747,1.3629777,1.3424749,1.4766724,1.4266578,1.7157192,1.681196,42505,50252,53733,46533,40244,36948,36234,36232,35282,34439,34806,35257,36193,36963,36194,34846,32615,27987,20725,16109,33798,37109,39605,37853,36308,35621,36270,37228,37834,37837,38160,38818,38710,39089,37436,34754,31881,26192,19207,15714
3800,Lafayette,548154,22,Louisiana,LA,79.290169,80.588112,81.523834,82.674393,81.545425,82.54052,82.808372,83.674744,81.191162,82.037895,84.208336,84.693359,83.11544,83.633934,83.054298,83.702133,83.644257,84.250931,85.705063,86.203842,85.184326,85.695084,83.619682,84.102821,86.988152,87.29509,85.769653,86.128777,85.975708,86.334595,86.847244,87.173882,88.99511,89.205673,87.80249,88.016747,82.842834,83.375542,87.374382,87.528923,73.288696,74.79081,74.433891,75.827301,75.184959,76.38134,77.211533,78.204475,77.620392,78.491325,78.127037,78.734779,80.652008,81.207619,79.504013,80.181145,80.604904,81.218079,81.564034,82.144081,82.817589,83.321861,82.000359,82.453346,80.826385,81.282875,81.722885,82.143105,83.787491,84.149818,84.304077,84.659477,83.945236,84.300049,85.214249,85.480995,84.941307,85.291145,84.371246,84.597961,.61680049,.60483247,.57526487,.55759013,.64951831,.63479102,.69158274,.6608932,.77600986,.75326288,.81139719,.78394473,.83745921,.81091028,.85381252,.82189405,.91718131,.87850863,.76742047,.7275207,.92737007,.88032001,1.0329716,.99547851,.84050369,.80279678,1.0207695,.9763574,1.1246704,1.078174,1.0675864,1.0193522,.91984683,.87823719,1.0476873,1.0077736,1.429486,1.39065,1.227747,1.1901436,.52673405,.53485292,.47252616,.47764966,.49469423,.49668398,.56086951,.55737555,.60347348,.59643459,.66165411,.65523517,.6818344,.66630894,.71460533,.69974792,.73900867,.72141731,.77908516,.75764501,.74235857,.716519,.86372697,.84126437,.85467267,.84042001,.91040301,.88801098,.92115659,.8892144,.95406151,.91845638,1.1234814,1.0883782,1.1196902,1.0819091,1.1288989,1.0828891,1.1857035,1.1556438,73997,92208,97349,83332,70988,63378,60137,58841,57055,55461,55644,54958,55277,54441,52352,50510,47966,43040,39904,43539,58152,67876,72916,67862,63809,62469,61644,61587,61905,60945,60994,59933,57825,56144,53789,51241,47538,42363,39651,42344
3901,Monroe,253878,22,Louisiana,LA,76.771126,78.36068,81.089157,82.359161,80.252258,81.342171,81.891991,82.878197,82.116539,82.97683,80.452698,81.220276,83.923775,84.620132,82.620262,83.360458,83.919334,84.588959,85.033699,85.433075,85.56208,85.931114,86.450623,86.891235,83.913292,84.497719,85.105652,85.653114,84.395676,84.911377,86.758377,87.133621,86.704933,87.086235,86.822006,87.240288,85.220779,85.678627,85.578255,86.103531,72.450157,74.163147,72.951744,74.309761,73.769104,74.99855,77.230614,78.332893,77.531425,78.45787,78.520485,79.281662,78.342796,79.135551,78.591454,79.34549,81.38842,82.053436,82.585312,83.066971,81.461143,81.919861,82.54586,83.052429,81.475609,82.041351,81.331657,81.90242,82.34063,82.837273,82.47496,82.936539,83.897072,84.315193,83.697151,84.143562,85.974625,86.285706,84.055702,84.52932,.80924475,.81719983,.82524532,.79846525,.85348231,.84163338,.99315971,.96418935,1.1396344,1.1063856,1.0959256,1.0729446,1.1336598,1.0857763,1.2905959,1.2473806,1.2296153,1.1775506,1.3024091,1.26533,1.4297302,1.3820801,1.3627526,1.2987103,1.5427258,1.4829099,1.4979869,1.430583,1.4677593,1.4121566,1.4940881,1.4226979,1.4527117,1.3814638,1.6951219,1.6075423,2.0247688,1.9426171,2.3702197,2.2807209,.65551221,.67701805,.61014426,.63209146,.6559909,.67404431,.78309137,.77862656,.86142653,.85849178,.95473206,.94327331,.97172737,.96021664,1.0759221,1.0704165,1.0671955,1.036918,1.0467473,1.02136,1.2261368,1.201956,1.2435555,1.2077317,1.2736317,1.2429384,1.3159279,1.2923958,1.3399401,1.3030376,1.4355443,1.3992754,1.3620994,1.3139194,1.5182977,1.4634866,1.5752798,1.5077146,1.7186569,1.6593052,34236,50264,49996,40849,35960,30939,28458,26777,25161,24402,23627,23459,22720,22768,22087,21244,19802,17525,14463,14133,30468,36318,37347,34772,31753,28854,27023,25697,24766,24711,23916,23191,23272,22521,21190,20055,18510,16078,13750,13366
4002,Shreveport,499101,22,Louisiana,LA,77.553391,79.375481,79.484818,80.959259,81.14193,82.287582,80.377266,81.34259,83.413216,84.386986,82.209473,83.040405,84.626236,85.480537,82.388977,83.284439,83.272568,84.002449,83.333244,83.982407,84.439163,84.985947,85.441849,85.859413,85.020317,85.473618,86.319351,86.724319,84.802544,85.33419,86.57132,87.060768,86.545319,87.030617,86.531715,86.992485,85.245071,85.619247,88.783379,89.064476,71.855225,73.757729,72.255768,73.796173,73.91291,75.312393,74.950829,76.191589,77.0411,78.10273,76.494942,77.409348,78.563194,79.528595,78.401031,79.321091,79.083481,79.872917,80.196159,80.865547,80.251793,80.886757,81.268547,81.828651,82.239845,82.751907,81.848747,82.36261,83.25,83.761673,83.530289,84.063217,83.976479,84.486008,83.400696,83.926529,83.53569,83.96479,82.952148,83.463806,.59559041,.60256362,.59794128,.60564011,.6364103,.62643349,.70957798,.70185226,.69917768,.67075622,.84612972,.82234818,.78274852,.74324137,.85881388,.82941461,.9192844,.88895887,.90300602,.87365252,.91225731,.87474453,.89345086,.86272794,.95098299,.9142502,.94954938,.91150343,1.1237961,1.0763756,.99727219,.94178724,1.1685849,1.1074015,1.1832749,1.1229964,1.3565712,1.3106462,1.1214054,1.0623367,.48189014,.49689516,.41413754,.44707862,.47088891,.48895618,.52356684,.52799726,.62691545,.63276362,.6305449,.63954484,.71216762,.70725083,.74777704,.7416867,.75657576,.74945575,.78975952,.77651763,.81336921,.80013466,.83767623,.81926191,.90244585,.8803333,.93444812,.91449159,.88933384,.8599959,.9186241,.88475949,.98745066,.94925725,1.1356618,1.0996469,1.216967,1.176934,1.4331388,1.4020077,65739,80814,93300,82894,71254,62730,58042,56085,53856,50912,50436,50294,49533,48769,47795,46004,43284,38802,33452,34610,55867,60762,66338,64855,60537,56275,54645,52990,51500,51577,50275,49098,48507,47073,46002,43360,40088,35158,31537,32778
4200,Little Rock,630854,5,Arkansas,AR,76.653854,77.996475,78.83268,79.915817,80.168297,80.907181,80.350723,80.989006,82.301445,82.899994,83.199989,83.819084,83.41906,84.148285,83.366096,84.013809,84.609604,85.111969,82.745659,83.281471,85.078621,85.49826,84.882797,85.2966,84.174698,84.591881,85.48407,85.838348,85.891731,86.249939,86.848625,87.178398,87.463768,87.768898,87.695518,87.983589,89.231712,89.299751,89.377159,89.529335,72.160667,73.531982,73.324814,74.535057,74.744553,75.626183,75.209579,75.968216,76.873199,77.569702,77.138451,77.881477,76.749863,77.576035,78.971519,79.669579,79.709404,80.314423,80.068878,80.615944,80.015114,80.540115,83.118332,83.549538,81.150215,81.611282,82.213783,82.632294,84.024742,84.403053,82.961937,83.385139,82.605484,83.042892,83.916451,84.319397,84.741661,85.0149,86.288834,86.508575,.55524558,.55474228,.64548767,.63300276,.67165756,.66025698,.66489822,.64979362,.65633261,.63768661,.65070015,.6241349,.64990622,.61596018,.75098741,.71723515,.66791356,.64173436,.75842351,.73937184,.74074131,.71452451,.76169986,.73261291,.79804683,.77254796,.82177281,.78940582,.91974759,.8836776,.82220823,.78549749,.8918252,.85332292,.85825527,.81955159,.73844266,.72277904,.9368481,.9030723,.47050419,.48053265,.46012351,.46710819,.48776889,.48911324,.48621982,.48561662,.5411852,.54104286,.56338382,.55982739,.54540449,.54758191,.60624719,.59925282,.6088388,.59560072,.62739682,.61701077,.64747363,.63765347,.67885345,.65435213,.70569521,.68990791,.6621359,.64397281,.75852257,.73287958,.82209998,.79875726,.81261015,.7895202,.83157104,.80427784,.85898697,.83196741,.84316266,.81337267,74540,75889,80639,86788,87856,90060,86816,84654,82918,82830,83069,82556,82844,81705,80361,78275,75993,70060,63149,61809,68250,70763,73615,76126,78266,77836,77305,76958,75628,75975,76835,76895,77258,77697,75597,73824,71265,65872,58674,58489
5202,Memphis,1154338,47,Tennessee,TN,76.436295,78.607346,79.098289,81.011322,81.075081,82.566124,80.819237,82.101738,81.660278,82.879028,82.148438,83.277916,81.762238,82.779655,81.757126,82.747177,83.724068,84.512131,82.691231,83.467987,83.724663,84.447983,84.070435,84.720901,84.801826,85.434418,84.302429,84.93084,85.101242,85.597839,86.116905,86.506813,86.717537,87.073761,86.84967,87.221451,88.45047,88.621536,88.264427,88.496101,71.536575,73.686493,72.896996,74.8563,73.565941,75.219673,74.675682,76.145065,75.843277,77.182892,77.170235,78.412437,76.763336,77.842163,77.905998,78.898964,79.569992,80.448044,78.996872,79.793579,79.093346,79.881935,80.484337,81.198509,80.577751,81.275604,80.935379,81.609688,82.023811,82.588326,82.274086,82.774323,83.643852,84.092751,82.966385,83.433586,85.649963,85.925484,85.34005,85.676926,.42430413,.45925811,.44808552,.46845511,.48419747,.49043816,.48840305,.49477097,.50159639,.49945706,.50109184,.49802125,.54393375,.5333069,.52658314,.51983708,.5363428,.52485991,.6031422,.5871377,.61137408,.5959307,.63690245,.61828893,.60397154,.58022988,.66141033,.63902962,.66879576,.64833814,.64987928,.62975442,.70944965,.6860218,.66042316,.63254625,.59539837,.58111137,.62393141,.59903157,.3462595,.38846663,.3408151,.37657675,.36727887,.38917273,.3851904,.40406591,.4017002,.41089723,.44162512,.46015108,.42686802,.43574551,.46444306,.46828416,.49403912,.49542901,.51991582,.52025288,.53082085,.52804327,.55767274,.54667693,.56200838,.55605483,.54887635,.54075968,.55546194,.54344559,.5804714,.57005477,.59101439,.57290047,.6041097,.58844358,.62483388,.60494554,.67066807,.64832473,130157,166237,176730,175425,179616,173357,162250,151903,141724,134496,128850,124908,123660,125439,127402,129535,128203,126426,121169,133234,127787,145632,142945,138357,140659,138375,132185,127436,122930,119968,116315,115194,117683,120213,122362,122618,122215,119364,118587,129302
5600,Nashville,1246338,47,Tennessee,TN,77.917084,79.037842,79.165215,80.162735,80.503738,81.327675,81.07338,81.646194,81.422958,81.91185,82.845963,83.191216,83.511948,83.936096,83.318504,83.84996,83.574333,84.07106,84.463028,84.857048,84.013161,84.454994,85.176842,85.617058,84.899345,85.324516,86.104988,86.46801,86.165657,86.545395,85.682625,86.097084,86.855782,87.203148,87.983322,88.235771,87.648415,87.882439,88.775673,88.941895,72.571228,73.737617,73.255173,74.264809,74.653252,75.488991,75.57621,76.175331,76.055725,76.570274,77.306557,77.730927,78.241943,78.759674,79.735886,80.303154,79.672226,80.214302,80.423561,80.88871,81.424477,81.8787,81.792374,82.262016,81.919556,82.364693,83.238373,83.633621,83.360115,83.766548,84.203621,84.585579,84.117714,84.50074,85.410522,85.709343,84.927002,85.218033,86.813004,87.036201,.43097606,.42424151,.47302353,.46619743,.52421659,.50760669,.47482383,.46395552,.51121294,.49759647,.46847492,.45825505,.50735062,.48961508,.52669877,.5081023,.52780586,.50518858,.52775764,.50866294,.51530671,.49791971,.58166468,.55632329,.60003883,.57686692,.57100487,.5456056,.60093844,.57269114,.63890082,.61274183,.6397559,.6117512,.62058973,.59443307,.69917738,.67389762,.5850091,.56311065,.33598474,.34428331,.345314,.35259858,.37019894,.37774205,.3749803,.37498596,.36809608,.36704057,.39501595,.39113745,.42613709,.41923651,.44883803,.43859828,.42733315,.42248294,.4703455,.45919496,.4761714,.46537575,.50164872,.48807889,.50694585,.49343374,.50316769,.48549911,.53946751,.5213092,.51092613,.49023384,.56008565,.54201406,.57155025,.55173159,.59523869,.57587957,.53548622,.51424307,143933,139405,142390,155246,171474,179301,182729,179813,177011,176317,176830,176272,175370,175398,174513,170880,165899,160174,158257,180604,143811,144002,142616,148867,156879,159983,160509,160050,161814,163113,165978,166859,168304,169285,166283,162822,159074,154631,155684,177633
5900,Clarksville,252059,47,Tennessee,TN,79.722427,80.275955,78.58387,79.155701,81.200882,81.971413,83.256989,83.901115,82.968704,83.527397,80.429184,81.086891,81.968079,82.428856,83.860001,83.912216,81.829338,82.209557,82.238388,82.79937,84.85424,85.11808,83.634369,83.886642,84.307343,84.76902,84.964333,85.502792,82.90229,83.449638,86.42218,86.778412,84.325462,84.64032,86.212646,86.088455,90.381454,90.364128,88.761551,88.950897,71.844795,72.853363,72.852585,73.810272,73.409378,74.311859,74.649216,75.465752,74.852371,75.524551,78.304802,78.924728,76.552231,77.166916,78.143349,78.406319,80.686241,81.109261,80.430649,81.017166,81.778656,82.194771,81.086685,81.483315,81.721779,82.22123,82.829666,83.339737,83.731956,84.155235,81.922951,82.359177,81.977234,82.383087,82.98143,83.299896,84.596107,84.585442,83.795044,84.149635,.97019535,.95094526,1.0023457,.97807455,.97027999,.93130523,1.086122,1.0397472,1.1447188,1.097536,1.1410513,1.1189725,1.1109899,1.077154,1.1788468,1.1633961,1.161907,1.1277962,1.2000929,1.1542399,1.2819419,1.2428797,1.3274682,1.2880393,1.3969007,1.3405706,1.5377663,1.4681547,1.4574467,1.4078858,1.6367425,1.5697472,2.0103893,1.9540079,1.8156736,1.8063895,2.0357666,2.01261,2.1456358,2.045094,.78397459,.79096091,.72459292,.73136896,.74687994,.75623709,.85278535,.85389549,.75510424,.75645787,.89744842,.88111675,.78979635,.78405398,.92752475,.91500491,1.0230767,1.0019753,1.0553054,1.0309185,1.1101587,1.0830687,1.1524839,1.1298066,1.2552532,1.2237307,1.2531238,1.2081567,1.4710982,1.4212155,1.538228,1.5011483,1.5780966,1.5434241,2.2002349,2.1603105,2.1690302,2.1436348,2.7317033,2.6821535,27348,30357,31857,31946,31022,30556,31887,32180,32067,31784,31168,30724,29751,28481,25590,21935,18508,14743,11404,8676,22205,25922,27286,28063,29056,31489,32980,33283,32983,32965,31641,30776,28992,27092,24090,20452,16962,13177,10176,8031
6000,Huntsville,519583,1,Alabama,AL,78.975281,79.846062,80.251083,81.066223,80.854927,81.657516,82.185669,82.843033,82.688072,83.280571,83.4216,84.077965,83.27916,83.892525,84.230988,84.726669,84.348427,84.85218,84.648346,85.144821,85.924156,86.303391,85.633171,85.986572,84.155411,84.507706,85.29715,85.588875,86.517693,86.776016,86.271233,86.551636,85.165337,85.496063,87.07682,87.347366,86.039772,86.36142,88.116257,88.271133,71.745682,72.780945,72.143845,73.129959,74.303741,75.264984,74.628159,75.411247,76.662422,77.364975,76.962372,77.699669,78.448082,79.119736,78.660072,79.261925,79.107109,79.697906,80.308144,80.879456,81.299049,81.798286,82.960533,83.373253,81.872833,82.260574,82.768677,83.112572,81.641441,82.047165,82.722832,83.125099,83.137421,83.520828,84.354149,84.684395,84.631172,84.954964,86.632973,86.872665,.71184337,.69906592,.68023467,.65829855,.69536722,.67876357,.6905756,.66742563,.75258982,.72239715,.74560547,.7070635,.78610945,.74928367,.76120144,.72775096,.80327034,.76774746,.79824287,.76441401,.81029701,.77594638,.82952124,.79682022,.84703618,.81888086,.81991029,.79232609,.78389275,.75698972,.78980476,.76219666,.88741541,.85663116,.82844055,.79683167,.89240634,.86289448,1.0998389,1.0665406,.51022768,.5175634,.46741557,.47358212,.5248481,.52771902,.52396768,.52691925,.58537257,.57637239,.59557152,.59355187,.6751743,.66718823,.65778255,.64673465,.66388071,.65295053,.69011474,.67349672,.72143257,.69845563,.7361263,.71543735,.72498667,.70422262,.77408165,.75407523,.7396214,.72426182,.7892161,.76728976,.79343498,.77099437,.81831688,.7927494,.81792432,.7927264,1.0081726,.97219437,56767,67054,72523,72020,68616,64965,63717,64895,65165,65993,65774,67121,69723,73210,77111,81812,85980,89958,86270,53058,51537,58482,61231,61856,61060,60809,60664,61336,61633,63080,64002,66348,68879,73942,79360,83942,86544,87432,78851,46721
6100,Gadsden,304068,1,Alabama,AL,79.513092,80.115906,79.759964,80.414284,81.289207,81.884506,81.550629,82.151787,82.655579,83.078293,83.659218,84.084068,82.72316,83.146034,82.921082,83.388748,84.600479,84.967377,83.928375,84.309418,84.098488,84.517433,84.158997,84.611031,86.89048,87.206833,86.367424,86.729881,86.96328,87.251526,86.54071,86.810104,85.974251,86.266502,83.418655,83.919907,87.910797,88.101242,88.644447,88.918922,71.521439,72.143898,73.122841,73.771889,74.554298,75.173271,74.965286,75.564651,77.123329,77.577988,77.038895,77.555908,78.700447,79.138741,78.429451,78.912422,81.409607,81.782104,79.877289,80.261391,79.391937,79.850212,81.32682,81.789986,84.021133,84.386536,82.006584,82.439781,81.061279,81.472496,84.449432,84.721588,80.251884,80.658714,82.503494,82.932251,85.671028,85.873398,85.708702,86.173714,.70971644,.68261015,.72644436,.70139086,.7427718,.71619785,.80246615,.77387673,.76985264,.74224526,.9072302,.8655479,.81016511,.77260739,.94448084,.90528113,.98971808,.94657189,1.0315589,.98817879,1.0748707,1.0299218,1.1571743,1.1064727,1.05738,.99965173,1.1930314,1.1293756,1.2342902,1.171947,1.5075203,1.4435343,1.5143654,1.4538974,1.853932,1.8065645,1.5676073,1.4944519,1.6861235,1.5653849,.4885008,.49789411,.51662439,.52321315,.54188359,.54154903,.56588781,.56908512,.64723492,.63809878,.66532356,.65642017,.75216925,.73690599,.75649762,.7470569,.84002268,.81366593,.83816582,.81991148,.87272,.86342573,.99263346,.96841663,.99772441,.95969218,1.1236603,1.0894837,1.1447123,1.1194229,1.3493546,1.3038834,1.3504705,1.3401976,1.7326298,1.6906546,1.7368155,1.6797577,1.932284,1.8183203,42132,52313,57017,56875,50535,44248,41664,41422,41764,39937,38543,36216,33654,31260,28823,25233,21576,17410,14003,12990,36420,47217,51127,52501,49134,46307,44833,43979,42389,40144,37799,34870,32367,29705,26666,23222,19688,15733,12570,12079
6401,Chattanooga,490863,47,Tennessee,TN,78.577881,79.491318,80.198479,80.99588,79.855942,80.626228,81.654472,82.331467,83.44294,84.122231,83.106369,83.664383,83.324921,83.76992,84.37014,84.821365,84.89756,85.347618,84.804375,85.320381,85.215919,85.62468,85.907242,86.163055,85.824333,86.175331,87.99321,88.268372,86.892624,87.257271,87.938614,88.274635,86.214035,86.591202,88.784233,88.928009,87.671936,87.908646,88.768845,88.91716,72.485222,73.418602,73.552826,74.395317,73.285454,74.091232,75.230782,75.96228,76.03437,76.798439,77.622917,78.241356,78.184967,78.697449,79.527,80.057014,80.105293,80.639717,80.763985,81.340401,81.210709,81.67218,80.989441,81.327087,79.997704,80.445686,80.860565,81.323593,82.917496,83.358635,85.34465,85.710892,84.790825,85.144653,85.113266,85.374893,86.327446,86.576141,85.326317,85.597069,.61800766,.60001642,.60689503,.59154564,.62679666,.60884768,.6676327,.64219391,.73336273,.69912219,.75782472,.72723025,.74936891,.72053921,.74059755,.70994133,.7667504,.72855502,.79572743,.757626,.76164508,.72496933,.82119304,.79106981,.83520806,.80155343,.71615815,.67977345,.98185772,.93287432,.9586215,.90402979,1.1381994,1.085776,.96635771,.93306953,1.109356,1.0666538,1.0294737,.99276698,.49664173,.50064903,.47739926,.48068094,.46085578,.46397462,.49619025,.49785113,.52455318,.52417648,.60078084,.59650886,.60517806,.59950769,.66978014,.65622479,.67569363,.66372365,.69895786,.68232983,.73499358,.71750748,.75767225,.74177319,.79029447,.78022611,.79900765,.78857338,.8967905,.87214541,.83668363,.8014704,.88054478,.8432613,1.0814048,1.0473546,.94881135,.9111625,1.3081331,1.2711369,65511,69128,72197,75805,76455,73983,70233,67265,66130,66315,66410,63207,61505,59182,56340,53828,50282,47440,43030,42994,55457,61547,63552,66524,67319,67082,66499,64842,64771,64552,62494,60824,58198,56335,53980,50886,47545,44648,40742,40538
6600,Rome,418304,13,Georgia,GA,78.512901,79.11911,79.507187,80.088203,80.970673,81.55014,81.415863,81.903397,81.352928,81.727264,81.113197,81.455719,83.791664,84.193382,84.655556,85.021523,85.280029,85.631294,84.213715,84.701797,84.016823,84.466095,85.146896,85.443878,84.337807,84.7575,85.001266,85.413506,87.169327,87.465179,85.873695,86.224854,85.726784,86.10878,87.991051,88.262291,85.485703,85.722633,87.395866,87.519066,72.776611,73.334526,73.937721,74.44883,73.411102,73.983612,75.521194,75.992844,76.109879,76.469894,76.858246,77.173073,78.498756,78.9674,79.300888,79.739677,79.732079,80.18914,79.295563,79.835526,82.110558,82.464859,80.68457,80.97718,80.901443,81.304192,82.535065,82.941978,82.107094,82.508698,83.32843,83.678612,85.259186,85.543938,82.237816,82.693314,86.111275,86.227615,86.204842,86.326164,.70653093,.68285906,.70313245,.67985475,.77177376,.74480528,.73384416,.70878947,.73408532,.70799088,.74663675,.72210872,.72049391,.68493825,.75063604,.71574277,.7655549,.72429454,.89642942,.84640193,1.0136369,.9688096,.95946562,.91708797,1.0092117,.96206176,.98573714,.93781567,1.0266016,.97161776,1.2954109,1.2400907,1.3548956,1.2958106,1.20125,1.1371878,1.6105207,1.5537448,1.4365358,1.3912745,.54579842,.54674584,.54834002,.5473184,.49794441,.50527215,.55096233,.54791021,.54409647,.54102999,.58914715,.58275229,.67793238,.66569054,.70105815,.68502897,.74862009,.73125386,.70696253,.70098227,.75848275,.73629981,.79214346,.77453291,.85648882,.8390432,.99423414,.96226001,1.0472111,1.0203996,1.0679468,1.0349684,1.0780425,1.0335674,1.297972,1.2708818,1.2293571,1.1952425,1.3547755,1.3174014,55524,61101,62189,65807,72325,69664,62083,56285,54359,55286,55920,53316,49812,46701,42991,38695,35809,30113,24397,22632,49285,55148,57778,65918,72812,69778,63736,60665,59047,58220,55290,51823,48942,44930,40786,36953,33209,27539,23107,21394
6700,Tampa,2395997,12,Florida,FL,80.537422,80.619614,81.118324,81.160721,81.314484,81.268852,82.467209,82.473434,82.793381,82.742546,82.9701,83.073799,83.406403,83.422592,83.547424,83.502701,84.27269,84.236824,84.828705,84.819908,85.15358,85.156601,85.699821,85.711624,85.637283,85.711647,86.77964,86.846649,86.424858,86.502052,87.373398,87.41613,86.931015,87.001289,87.268272,87.350449,88.176208,88.296944,88.560005,88.595764,73.304337,73.542435,74.981544,75.136871,75.848976,75.915169,76.50293,76.616409,77.649147,77.709381,77.554321,77.728317,78.493484,78.606331,79.29969,79.350143,80.251419,80.316658,80.441635,80.543327,81.187424,81.302254,81.62912,81.737534,82.024078,82.182381,83.420715,83.568314,82.695969,82.868919,84.376808,84.51841,84.419899,84.566933,84.145538,84.298843,84.91436,85.139168,85.764572,85.90451,.25662529,.25395808,.28438756,.27825719,.32458255,.31729484,.30633396,.299624,.32420048,.31842622,.32893834,.3194046,.34054989,.33336291,.36763176,.36278439,.36437324,.35807443,.37037471,.36232662,.39959106,.3921234,.39840648,.39028215,.39258337,.38319793,.40755212,.39711121,.45994553,.44779438,.43743876,.42740399,.48982096,.47653174,.53472847,.52083635,.48630887,.46942478,.44954833,.43772322,.20618878,.20646848,.22780021,.22544017,.23674083,.23410909,.2366318,.23301184,.26852578,.26599604,.28039423,.27765381,.29882371,.29457176,.31217334,.30813119,.32938024,.32412383,.34276563,.3363227,.38554281,.3796736,.38170058,.37385231,.38930312,.38140437,.41361883,.40160573,.42123249,.41300356,.43406889,.42224085,.47795609,.4661673,.47302023,.4617385,.48932412,.47535571,.4497036,.43609539,349456,359633,365719,370514,377642,373155,364627,355956,339184,321891,309843,299649,287270,276381,268430,261114,256563,246821,243885,251941,357926,365105,358760,357821,347469,335898,323963,309509,295192,282647,276337,269178,264776,259632,254699,249941,246822,239985,240021,253691
6800,Lakeland,598228,12,Florida,FL,79.592781,79.89846,80.918365,81.199226,81.788002,81.983391,82.303452,82.435982,82.336174,82.613197,82.574783,82.901703,82.493065,82.630791,83.931244,84.10968,84.328415,84.591148,85.26226,85.488892,84.340591,84.548447,83.450218,83.717606,85.212288,85.3256,85.255501,85.339745,83.759956,83.982201,86.570839,86.751762,88.250214,88.38588,86.775284,87.085869,88.600281,88.666168,87.971001,88.125916,73.445999,73.817642,75.870796,76.203194,76.26059,76.514145,76.672607,76.821243,77.321213,77.642761,77.75145,78.109055,79.039658,79.218582,79.573692,79.789368,79.718102,80.027962,80.636208,80.94381,80.377304,80.666481,81.668655,81.93499,81.523315,81.717545,83.421196,83.563446,82.429787,82.649368,83.033852,83.269814,83.262024,83.526131,84.714447,85.064598,86.622284,86.697906,83.387512,83.7314,.53378081,.52112931,.55444241,.53936571,.57719016,.56143177,.6115604,.59457171,.62644756,.60684681,.68202323,.65919989,.66533071,.64673388,.70760751,.68259197,.7096895,.68408692,.70590901,.67779171,.7216087,.69475973,.83212513,.80215681,.86769009,.84288728,.92563033,.90237862,1.0664493,1.0364653,1.0092046,.97732252,.8386206,.81066042,1.1770234,1.1201829,1.0648361,1.0300967,1.1707397,1.1247445,.37890854,.37721103,.46144059,.45431337,.46843421,.46191683,.47326154,.46615475,.51670754,.5099591,.50867993,.50458759,.57222277,.56132692,.62064064,.60924172,.58894187,.5766905,.65605038,.64113045,.68522382,.66961432,.73842245,.72081017,.746198,.73095989,.81373948,.79523897,.91709322,.89839077,.95980585,.94010931,1.0219113,.99510956,.9860732,.94284767,.89209509,.86310309,1.3397419,1.2994634,90847,97491,102764,102230,98791,93253,88293,84359,79823,76807,74855,70964,67459,63801,59800,54333,47738,40420,34516,33093,89360,92558,93958,92591,91643,89616,86648,83443,79679,75387,70672,66344,62928,58768,54869,49033,42282,35706,31464,30476
6900,Sarasota,763795,12,Florida,FL,81.0634,81.439461,81.630394,82.013306,81.599586,81.95401,82.676971,82.865768,83.431282,83.764343,84.174149,84.40271,84.222847,84.59156,83.936501,84.287346,85.317619,85.580147,86.740219,86.981537,85.475311,85.752487,86.649384,86.816704,86.58847,86.744293,86.709656,86.879852,87.070251,87.269096,86.445999,86.691643,88.313332,88.495529,86.354195,86.62014,88.680656,88.863846,88.508667,88.776649,74.077393,74.552841,75.931366,76.346199,76.900261,77.227226,76.574524,76.794029,78.580009,78.905113,78.353203,78.675545,79.739357,80.135384,80.132462,80.482849,82.393913,82.669205,81.568947,81.938568,82.280937,82.586067,83.462868,83.708908,82.698586,82.959061,84.100662,84.324516,82.59874,82.887733,84.820297,85.074226,85.027138,85.282692,85.412056,85.658958,84.857056,85.147911,86.986557,87.248871,.4447566,.42999819,.49588126,.47479287,.50289226,.48348874,.5185746,.50254738,.53451389,.51241255,.49853522,.47934097,.53577501,.51271462,.59676069,.57658768,.51749724,.49553868,.49459609,.46754587,.62159681,.60057563,.5327698,.51375949,.54049724,.52111185,.60876536,.58762163,.66513503,.64047343,.66728693,.64223886,.62767702,.60130703,.79061311,.75736129,.60904062,.57956988,.57812947,.53900075,.3545936,.35414845,.39764476,.39487612,.41825122,.40929121,.41004595,.40460637,.43659723,.42923388,.46537033,.45842904,.48258638,.47308001,.4893876,.48242033,.47193268,.4574925,.54622394,.53344387,.56300431,.54893821,.58739573,.56974423,.59503001,.57919103,.61939675,.59833723,.64149231,.62502682,.65412802,.63389921,.69582158,.66962665,.66768616,.64209163,.70271009,.67798734,.5312925,.50338835,110138,110731,112133,118268,122790,122911,118442,115444,111226,110420,108866,105398,101278,95930,91902,87037,85070,82756,83656,111491,110501,110189,109073,110778,111400,109032,105668,100729,97551,94626,92553,89135,85046,81305,77519,74328,72566,70764,73385,96522
7000,Miami,3955969,12,Florida,FL,85.775078,84.343895,85.97567,84.475639,86.038376,84.395737,85.87336,84.248833,85.243439,83.585197,85.872467,84.251419,85.782379,84.075096,85.621384,83.972946,85.880676,84.444138,85.754646,84.30101,85.657028,84.144142,86.443993,85.056664,86.118408,84.78936,85.932167,84.622337,86.488182,85.24511,86.255402,85.016617,87.68898,86.619514,87.640045,86.683884,87.750099,86.936127,88.440712,87.726364,78.371544,76.734619,79.740417,78.090256,79.991852,78.228699,80.70179,78.983803,80.752762,79.10598,81.186653,79.53241,81.265419,79.560471,81.514801,79.887955,82.136253,80.720345,82.237541,80.825569,82.808823,81.386978,82.43145,81.056801,82.749855,81.472565,82.999687,81.771515,84.179115,83.028511,83.845772,82.703484,84.647247,83.598183,85.04348,84.152855,85.683716,84.953415,86.64151,85.997025,.16846201,.29697707,.19588044,.34169462,.22782297,.38325489,.24587238,.40075782,.27537268,.43131578,.28288767,.41757429,.29034409,.42220196,.3004497,.44010371,.31372091,.43164569,.34686267,.45656911,.36363539,.46711373,.36283061,.47012338,.38790166,.47374448,.40910718,.49569178,.38631898,.48511294,.41737711,.50242573,.39109293,.47935817,.41147324,.48030898,.40966085,.46835572,.34713259,.39313471,.18281877,.27466768,.18250756,.28502461,.19602269,.30505487,.2108039,.31046841,.23615865,.32269052,.25863752,.3500292,.27610958,.35940439,.28597286,.35874134,.30562052,.37874618,.32033214,.39037386,.3536503,.41823232,.36532772,.42098436,.37385136,.4327316,.37761179,.4230648,.35808691,.40542668,.39156482,.44166583,.38784939,.4415167,.39177918,.41844073,.3587735,.38709757,.29696,.32958028,672456,938726,845283,697312,620721,571887,531393,503574,472398,434257,392626,363899,347320,329387,319906,315674,321386,334618,358045,439961,655957,848761,796307,711168,635636,569959,509493,467471,423964,385768,355857,335031,319817,310061,307378,311319,323044,342039,372080,459699
7100,Port St. Lucie,1533306,12,Florida,FL,82.474121,82.610924,83.155533,83.283493,82.921623,83.106773,83.573074,83.540871,84.284912,84.369995,83.52124,83.486824,83.982864,84.083115,85.095383,85.168465,85.445038,85.547379,85.425072,85.540428,85.580048,85.720306,86.659973,86.806648,86.432159,86.521896,87.357292,87.391167,86.260078,86.377678,86.820145,86.959648,87.756432,87.877533,87.610306,87.740189,88.806557,88.992088,88.694099,88.85218,75.384895,75.694931,77.622353,77.869141,78.096184,78.364372,78.633629,78.680923,79.101181,79.256737,78.772255,78.808548,80.513901,80.665199,80.373436,80.516182,80.57795,80.760597,81.429688,81.610207,81.430214,81.62812,81.898453,82.131172,82.608109,82.751945,82.870728,82.9888,83.976273,84.119217,83.967163,84.151505,84.709671,84.877792,85.009224,85.181786,85.127678,85.419479,87.035774,87.215393,.32196507,.32008362,.35279641,.34702638,.40927973,.39797726,.42908713,.42265996,.42275068,.41211832,.46388471,.45534503,.41265583,.40222502,.44621035,.43603307,.42806041,.41585448,.43990853,.42702705,.4902623,.4758116,.44731292,.43080831,.49645358,.4823783,.46666989,.45868167,.51472163,.49993941,.51224947,.49635679,.51086259,.49361208,.51278764,.49636203,.41639063,.39586532,.37307477,.35642889,.27556705,.27377802,.32333302,.31987813,.33831251,.33518469,.34947893,.34407213,.36371154,.35830829,.36146548,.35645908,.41161144,.40384549,.41258588,.40674186,.42170843,.41442168,.4682599,.45740855,.47825348,.46665663,.47227472,.4594546,.4796645,.47000208,.50930917,.50030357,.51062101,.49950927,.50738925,.49478671,.48158446,.46947762,.5107671,.49509892,.48642889,.46856073,.34457171,.3299394,218978,240922,234895,222178,217355,214084,210198,206072,199693,192641,186019,179233,176037,172141,170982,170405,174713,181156,191625,262942,214398,236831,230286,221534,214122,206649,196595,187017,177603,169886,164019,160890,157836,156044,157720,160903,165442,170587,181151,243824
7200,Cape Coral,692265,12,Florida,FL,81.092682,81.188728,82.383919,82.450638,82.693268,82.667412,83.169182,83.327507,82.952019,83.17485,83.777229,83.888908,84.573692,84.731438,84.40995,84.488564,85.217094,85.245781,85.570511,85.731026,85.832191,86.035118,86.026283,86.249176,86.023964,86.218468,85.830902,86.029465,86.244431,86.436172,86.032585,86.233353,87.643021,87.803093,88.157707,88.302711,88.307213,88.506462,87.560707,87.878082,75.640366,75.842636,76.813118,76.925209,77.978592,77.944695,78.335907,78.507492,78.86911,79.070877,79.510651,79.590889,79.240517,79.469223,81.032265,81.069534,81.050194,81.088654,81.873749,82.016617,81.526848,81.802872,81.660583,81.942863,82.719124,82.953911,83.895348,84.078926,83.367287,83.606766,83.72226,83.923203,84.357742,84.590546,84.308922,84.589935,85.500961,85.78344,86.865448,87.093796,.50779206,.49383888,.56187654,.54545367,.62516171,.60917336,.55666721,.52973521,.58548635,.562684,.59505564,.57819951,.57265556,.54632998,.63070261,.61046666,.59096867,.56881654,.69587815,.66943371,.61885786,.59129518,.64087188,.6128267,.6379475,.61144847,.72066063,.69068998,.72549552,.69483995,.74323791,.71261549,.67306393,.64298385,.55602658,.52863699,.53639466,.50344402,.55860817,.52681702,.39286861,.38880664,.42131683,.41505742,.45410985,.44837373,.4659161,.45525971,.48078674,.47127229,.50669819,.49611184,.54643756,.53675038,.52893609,.51395768,.54011458,.52599335,.57264328,.55767244,.60836703,.59161925,.61309326,.59552878,.66419184,.64444041,.6199317,.60074794,.70846385,.68515199,.64491916,.62438875,.6715551,.64729124,.70055705,.67288959,.6180988,.5903278,.39281034,.37246376,103705,109410,110860,115948,113486,111083,107445,104935,102017,99525,97357,95163,91767,88436,85288,83213,81686,81478,87230,145670,109663,114330,112380,113496,110177,106340,102618,97568,93674,88528,85224,82643,79414,76624,74147,72066,71155,70383,76630,122239
7300,Palm Bay,589177,12,Florida,FL,80.005585,80.300262,80.928764,81.204964,81.933777,82.232391,83.204712,83.472984,82.079506,82.280273,82.399498,82.80925,84.507034,84.846428,84.441032,84.691742,85.024025,85.214386,84.936432,85.215714,86.084198,86.281563,85.989265,86.123993,85.54892,85.765572,87.238419,87.396675,86.297058,86.487953,86.030037,86.238838,86.144753,86.336082,89.208504,89.305824,86.85289,86.904053,88.416069,88.415443,73.291298,73.800743,74.838318,75.279915,75.21022,75.653023,77.080048,77.484726,78.215965,78.480476,78.548264,79.021645,80.612289,81.029121,79.944801,80.264122,80.213158,80.516663,80.536171,80.912628,80.406853,80.766975,83.062607,83.302666,81.2397,81.565056,81.984451,82.316086,82.272514,82.588463,84.071678,84.327057,83.918205,84.178543,84.380005,84.64164,87.107658,87.244789,85.603729,85.767685,.52692759,.51436335,.59707284,.58032864,.61585617,.59629154,.62659341,.60403353,.67205828,.65558678,.6616438,.63544822,.64118683,.61039656,.73407423,.70845401,.71647322,.69240582,.79443157,.7650581,.65812248,.63157034,.65871674,.63770127,.79045975,.76227379,.70049232,.67269081,.80150986,.77109307,.87430668,.84517455,.84362561,.8149491,.61327964,.58956242,.89473909,.87186903,.74934429,.73490018,.43887705,.43417704,.46203038,.45653826,.46854895,.46440345,.52070695,.51307237,.56418473,.5542832,.60352516,.59343421,.59377533,.57928079,.61126465,.59891772,.62673891,.61418861,.62252522,.60666782,.67029238,.65779871,.68903911,.66898257,.69498569,.68418986,.72646707,.71012586,.74173045,.72384852,.70993382,.6879164,.76322681,.74008888,.8549909,.82588899,.71853274,.69490224,.87917525,.85516417,86545,87686,89119,91014,90985,87941,85541,83046,82294,82370,83079,81522,80748,80254,79794,78686,78309,75246,69442,64600,83918,81597,82115,80729,79721,78293,77652,77429,77618,78898,79231,79081,79466,79177,78221,76231,74616,70700,63328,57577
7400,Orlando,1697906,12,Florida,FL,81.921219,81.559135,83.215065,82.840134,83.848534,83.400734,83.791107,83.419113,84.330963,83.946526,84.340065,83.816162,84.946663,84.594322,85.01458,84.820335,85.114632,84.940315,85.345535,85.088623,86.819496,86.59819,85.432503,85.287254,86.398994,86.248787,86.647903,86.502892,87.920868,87.790634,86.741379,86.614166,86.805031,86.681664,87.763046,87.621208,87.814064,87.863808,89.130112,89.106766,75.503067,75.320572,76.869576,76.629684,78.616913,78.285477,77.89814,77.641045,79.319153,79.044548,80.180984,79.814606,79.5933,79.371117,80.627022,80.525314,81.49955,81.398308,81.553459,81.406578,82.865715,82.742813,82.223892,82.16993,82.701607,82.658051,83.656441,83.611473,84.047569,84.015366,84.007225,83.98661,84.860985,84.844574,85.469963,85.484985,85.881638,86.01181,86.251724,86.348747,.31975019,.3330152,.3821924,.39427996,.36377066,.37478337,.38718238,.3934603,.39828613,.4041388,.41390327,.42411283,.42078906,.4245548,.4573251,.45462799,.46963912,.46501219,.48465291,.48185152,.45011717,.45314842,.51284462,.50629026,.5167774,.51176143,.49172759,.48838887,.49441975,.49466905,.57196039,.56716371,.6224401,.61823827,.56512684,.56850958,.59991312,.58504379,.54514039,.53894681,.28413126,.28528407,.31757632,.31899902,.30655879,.30663863,.34285301,.33939359,.35631442,.35192695,.36058116,.35676804,.38200176,.37632814,.41718021,.41315937,.41426322,.4089798,.43014228,.4243159,.46525648,.45888937,.47633106,.46702322,.50646579,.49961561,.48145854,.47450873,.50271654,.49585301,.53240883,.5229553,.54043669,.53259385,.54858595,.542135,.56038743,.54415643,.56947088,.554425,249694,280674,305937,303105,291236,277935,261328,251402,241598,233741,225022,216869,208048,201525,196014,191209,190527,188088,185378,187233,246459,266278,279247,275403,269073,256958,244634,234106,223210,215668,207162,200877,196666,193265,189519,187134,187439,184671,184897,189181
7500,Deltona,563598,12,Florida,FL,80.427528,80.772705,81.272896,81.505104,82.94339,82.948456,82.069427,82.198303,83.780609,84.098709,83.877045,84.056282,85.332573,85.403023,84.171814,84.316284,83.80825,84.064133,84.000496,84.331787,84.267532,84.579079,84.445702,84.731155,85.091972,85.38446,85.72242,86.011696,85.997353,86.279427,85.461205,85.779266,85.300095,85.600517,86.984917,87.144318,86.943375,87.15033,88.051064,88.062454,74.009949,74.52137,74.794884,75.159897,75.412323,75.582443,77.063469,77.273918,76.873627,77.306442,78.452446,78.710052,79.316391,79.476738,80.496674,80.698631,80.580162,80.873344,81.315536,81.638107,82.775406,83.057175,80.324715,80.674797,81.869339,82.207047,83.209976,83.524704,83.325668,83.641083,84.035851,84.332024,84.183342,84.463852,84.502602,84.715652,84.238083,84.540939,84.893875,85.126846,.47731739,.46595481,.55062521,.53677577,.56865168,.55839849,.59062874,.57468396,.5906508,.56773752,.62755173,.61011517,.61333674,.59931052,.68544775,.66194344,.73757446,.70874494,.76458395,.73469257,.8036018,.7731213,.87267649,.84196275,.86912441,.83597308,.87446022,.83869773,.90225875,.86253613,1.0321095,.98920184,1.0853213,1.0422219,1.0898223,1.0477164,1.104179,1.0573986,1.0081917,.98598772,.41259065,.40573287,.41314054,.40927395,.42803231,.42212191,.48763546,.48119155,.48483786,.48071566,.5211013,.51321048,.58794141,.57843488,.59974885,.58512628,.66069835,.64530623,.64326274,.62457585,.65691048,.63941032,.70770735,.69416451,.77474487,.75559062,.79855561,.77503586,.85198408,.82445735,.82648313,.79559886,1.0173595,.98713666,1.0458574,1.0139148,1.0621277,1.0230966,1.1100098,1.0740185,98949,100196,101627,101521,99466,93840,89517,86042,83162,80905,78479,74242,69721,64334,60530,55824,50161,43932,38849,39593,95778,95155,93935,91869,88533,85161,81982,79971,77103,74034,71048,67906,62950,58652,54837,50861,45080,39432,34996,36735
7600,Jacksonville,1176696,12,Florida,FL,78.750999,79.720016,80.269279,81.003563,81.149155,81.72879,82.017441,82.528061,82.732895,83.073685,82.543777,83.022842,83.004074,83.40844,83.632156,83.983994,84.651093,84.985565,85.062721,85.356697,84.467766,84.718964,84.755524,84.993103,86.397186,86.562195,85.293457,85.473953,85.245949,85.420677,86.50119,86.642334,88.98494,89.074921,88.745071,88.857346,88.54129,88.631905,88.576324,88.68573,71.834839,72.922997,74.087479,74.970276,74.96006,75.713287,75.517303,76.183983,77.163338,77.654625,78.511017,79.065842,78.519508,79.026161,79.25042,79.706139,79.91996,80.362717,80.221046,80.640739,81.3097,81.667404,81.537361,81.887581,82.087334,82.389954,83.105019,83.368622,82.911942,83.186813,83.460228,83.730835,84.230797,84.482918,86.062126,86.27388,84.662971,84.902794,86.454292,86.643677,.40196693,.40048823,.45417371,.44535318,.47875875,.47311592,.48996058,.47818542,.51261914,.49938288,.51774532,.50096238,.54233342,.52717632,.53566092,.52142596,.5356037,.5181706,.52485049,.50956434,.51515496,.49996948,.58614516,.5703519,.57348412,.56154764,.59631169,.58201379,.62256688,.60497046,.58363909,.57282698,.51508361,.50304866,.5267424,.51112175,.6350581,.61860585,.67490733,.64917541,.29865122,.30715108,.36376169,.36472467,.37045956,.36864144,.36896616,.36782759,.4004018,.3957285,.43636471,.42853743,.45690539,.45156297,.46832198,.46193293,.47355983,.46564135,.46842802,.46087351,.51082748,.50196046,.50009948,.48971555,.51083004,.49935818,.54819453,.53517562,.54727983,.53507334,.55994111,.54651505,.57565272,.55962896,.55598211,.53790557,.64611244,.62760144,.54840261,.53015536,157041,158150,166922,171122,174669,172892,169438,167667,165787,164513,162860,162914,163358,163224,162071,159344,156050,148067,136203,138218,156684,149662,150970,152064,152597,152616,153103,155810,156201,157615,157988,158843,159684,159262,157912,154339,149106,140939,131022,133248
7800,Ocala,377001,12,Florida,FL,79.862358,80.253685,81.535858,81.879967,82.309151,82.66362,83.038033,83.246819,83.124344,83.262009,83.200081,83.369347,84.140579,84.201874,85.127792,85.267242,84.436638,84.633331,85.718117,85.94899,84.153099,84.477722,85.414726,85.648483,85.515549,85.79776,84.687485,85.053551,85.59877,85.906364,85.971954,86.238106,86.84687,87.083984,88.553551,88.7332,88.346336,88.485428,90.879463,90.802742,74.083298,74.57827,75.458702,75.896332,74.945145,75.398087,76.576668,76.89798,77.686211,77.913818,78.127205,78.362228,79.847549,79.987404,79.910576,80.146988,81.046463,81.332748,81.382072,81.692627,83.240845,83.516563,81.780006,82.089493,81.708511,82.056969,83.210129,83.535835,82.602791,82.944847,82.770294,83.100769,84.765968,85.042557,81.097618,81.523369,82.863678,83.170898,88.17897,88.187973,.5911302,.57166857,.59176821,.56945044,.62242919,.60106492,.65337574,.63492894,.71971762,.70289952,.75744647,.73432517,.73062545,.71433598,.73934942,.71862799,.78069955,.75410932,.82535487,.79458368,.96767086,.93121344,.98831481,.9562301,.97264659,.93366015,1.1588653,1.1113646,1.1839933,1.1362118,1.2374177,1.1886646,1.2104063,1.1595411,1.081205,1.0297184,1.2798034,1.2215635,.7535246,.75353426,.46861604,.46401215,.49247611,.48467353,.49287933,.49026,.54272938,.53441149,.58855951,.58087057,.57968146,.57040161,.65512139,.64306909,.66018921,.64629626,.75137979,.73385102,.76665753,.74346489,.76495451,.74164188,.92229867,.90335971,.92036361,.89561576,.9467147,.91577077,1.0762177,1.0479236,1.1443616,1.1140455,1.1706051,1.1306225,1.4293742,1.4212606,1.5515999,1.509123,.97208548,.94426048,69516,72482,75876,73943,70707,64933,60848,57499,55646,54185,50968,47040,42877,39065,35766,32201,28211,25228,21926,23030,62507,64506,65813,63864,61331,58873,55582,52336,48837,45441,42886,39507,36333,33185,30384,27592,24269,21865,19189,21234
7900,Gainesville,320199,12,Florida,FL,80.533951,81.326057,81.104279,81.759399,81.734741,82.199036,82.157806,82.576485,82.756966,83.080948,84.875412,85.30983,83.080948,83.600708,84.094025,84.385406,84.108803,84.257195,84.755608,85.042618,84.428528,84.798134,85.647186,85.890564,87.868912,88.125397,86.767044,87.090012,87.907738,88.140892,90.090637,90.211426,87.96312,88.171562,87.715004,87.855682,87.523415,87.500336,88.473648,88.649704,74.687408,75.609146,74.972397,75.729469,74.078171,74.728035,75.596825,76.141876,78.69516,79.122726,78.661736,79.233414,79.49025,80.060768,80.899704,81.245392,80.859383,81.114258,81.109833,81.483727,82.814232,83.17746,81.535385,81.884575,83.614517,83.965317,83.62439,84.00045,85.204422,85.509575,84.425064,84.757462,84.959091,85.236015,85.052246,85.373764,88.055664,88.128433,89.697121,89.807281,.7949273,.77113169,.87602818,.84792614,.90094483,.87517637,.96055937,.93479103,.97371602,.95263666,.90362519,.86544174,1.0506141,1.0117949,1.1748958,1.1371485,1.0970105,1.0738201,1.1858387,1.1456195,1.3091462,1.2615492,1.389475,1.3439873,1.2649931,1.2087878,1.1937755,1.1348697,1.2215271,1.1659057,.96919322,.92695373,1.5728909,1.5133262,1.3745536,1.3295722,1.9111317,1.8817521,1.7388209,1.6689188,.64861202,.64962661,.68925387,.68832278,.6399405,.6396088,.73654085,.73135555,.83295393,.82195216,.8296349,.81859416,.90424258,.8826316,.98805928,.96478778,.95430946,.9387635,1.0885913,1.0707228,1.0796583,1.0462713,1.1415464,1.1172245,1.1046684,1.0684245,1.1535722,1.1126817,1.1584336,1.1115013,1.2760812,1.2336202,1.095003,1.0520617,1.3294117,1.2735058,.96532845,.93681765,.99404192,.94483799,41358,41302,42075,43372,45250,43838,42006,38665,36577,35133,34870,34401,33271,32619,30718,29772,28646,26828,26021,26330,43996,39937,38488,39248,40065,38664,36638,34082,32579,31408,31122,30847,30433,30117,28562,28084,26479,24476,24223,24125
8100,Columbia,722201,45,South Carolina,SC,77.12442,78.898148,80.257034,81.789635,81.205605,82.451706,82.149895,83.269974,83.538033,84.361938,84.497383,85.276703,83.580681,84.400475,83.489693,84.22699,85.657326,86.243675,84.561935,85.217896,85.316277,85.905678,85.843697,86.292877,85.7397,86.231796,86.354927,86.806458,87.204979,87.579895,86.46714,86.843849,86.838623,87.164978,88.575645,88.755844,87.978203,88.263145,88.507813,88.792877,72.225517,74.141922,73.749313,75.421722,73.993507,75.443092,76.390198,77.686043,76.57328,77.651245,79.163734,80.114388,78.208557,79.167801,80.464203,81.248871,81.248016,81.933472,80.993553,81.725494,81.439301,82.125145,82.502975,83.065605,81.91394,82.495918,83.286194,83.813194,82.592415,83.080948,82.676773,83.117088,84.362572,84.734146,85.313423,85.61512,85.318382,85.684608,85.836853,86.18663,.53320771,.54866177,.50516438,.50715321,.54204845,.54400957,.57149404,.55870974,.62904817,.61030245,.6508801,.62432039,.65830237,.63457781,.70069098,.67975295,.63504684,.60860944,.70851183,.68534893,.70183092,.67693156,.74551928,.72357607,.71276641,.68445736,.7957617,.76274908,.71767354,.686023,.87935519,.84412044,.83877516,.80859387,.77840495,.75577587,.93821651,.89797157,.90304846,.85858023,.41644973,.44592991,.43701464,.45467627,.41744477,.43842405,.46825141,.47994521,.47316647,.48135599,.5637427,.55621552,.57326961,.5676493,.61195886,.60246265,.63189703,.61774981,.61761767,.60673571,.61817187,.60661834,.62822568,.61249769,.69432616,.68020505,.72120655,.70198458,.72963673,.71034104,.78522682,.76835799,.75374317,.73020065,.73989284,.71657944,.8074466,.77796423,.94216424,.90587944,95281,106362,117912,118648,114229,108170,100794,95783,92336,90986,87306,87842,87838,89124,88878,86177,84061,77689,70204,61405,87556,86641,92179,93680,93724,92279,90399,87696,85384,83981,82970,83279,83555,83987,83589,81469,78883,72450,64271,57323
8202,Charleston,587297,45,South Carolina,SC,79.432404,81.087891,81.64904,82.906609,82.527382,83.533066,82.362381,83.477661,83.861153,84.84761,82.903549,83.700974,84.380356,85.100555,83.089027,83.692734,83.626434,84.138519,85.261093,85.700104,84.487396,84.995201,86.311203,86.78093,86.379898,86.820671,87.082413,87.476944,85.261963,85.694572,86.475945,86.828857,87.814491,88.108528,87.781647,88.073555,89.453438,89.676857,86.657936,86.836632,72.858864,74.649658,74.251389,75.806419,74.828712,76.064896,76.011299,77.264305,77.966072,79.095207,78.950401,79.815376,79.394012,80.208679,78.868698,79.577339,80.614243,81.21093,80.433426,81.001213,80.196251,80.787071,83.975235,84.486046,83.038666,83.563545,83.547531,84.038605,83.104675,83.576767,85.552528,85.91053,85.250824,85.613892,84.760696,85.135132,86.150665,86.502274,86.41951,86.640388,.58505547,.57235974,.6337859,.63167363,.60023671,.58631063,.67522252,.65613556,.7074061,.66652584,.76557463,.73585314,.73420101,.69947869,.78396904,.76224542,.78711706,.76368755,.78166848,.75774121,.84139138,.80959558,.72053802,.685969,.78987867,.74924701,.90016735,.8542158,.91519582,.87644404,.94437373,.9063521,.87691379,.83484346,.86115032,.81999588,.71272421,.6753605,1.1593615,1.1212367,.47014204,.4938843,.49707553,.51068658,.49624854,.51502222,.54717571,.55855435,.58593881,.58033371,.59104663,.57634026,.62703258,.61534643,.65518594,.64743412,.68841767,.67623353,.68391651,.67332584,.71382302,.69990075,.65887398,.62918842,.79377961,.76791716,.77417552,.74789673,.81620055,.78890556,.76314735,.73210686,.79450619,.76397437,.91919631,.88563037,.9480136,.91030002,.86298901,.83086067,80756,90209,96667,94582,87321,81628,78288,75838,74583,72874,72496,71407,71903,72513,72757,71867,69536,65172,61146,63078,70015,71190,74043,73355,71545,71457,71714,71282,70698,70405,69092,68345,69466,70853,69970,69015,66311,60996,57164,59044
8300,Greenville,894291,45,South Carolina,SC,78.35569,79.48938,79.706131,80.686661,81.715614,82.46566,82.169296,82.870872,82.845322,83.430992,83.977867,84.486115,84.015106,84.57299,84.402893,84.950615,84.58139,85.084427,85.186897,85.613693,84.992996,85.412628,86.56868,86.937241,85.163002,85.603745,87.114044,87.463264,87.246086,87.586105,87.555649,87.883995,87.564377,87.868774,88.182419,88.388756,87.863342,88.095711,89.055283,89.143036,71.84024,73.009232,73.465652,74.518799,74.279411,75.141579,75.031776,75.838821,77.202545,77.853966,78.055847,78.672043,78.809608,79.430344,80.501976,81.093155,80.417992,80.968437,81.428581,81.898186,81.3983,81.858612,81.609535,82.083649,82.868057,83.309517,84.60463,84.98336,82.080582,82.540405,84.774109,85.135254,84.222214,84.590897,85.202766,85.501671,86.31942,86.570763,85.132141,85.343117,.49112192,.4781661,.49863079,.4877708,.49030545,.47618434,.5141294,.49723884,.49800467,.47823849,.5063684,.48884541,.55649418,.53205943,.56451297,.53775185,.60680163,.58170599,.5805155,.55242842,.58198434,.55671549,.59312993,.56355006,.67528129,.64644337,.60979474,.57973516,.67843086,.64526552,.69800752,.66468698,.78835517,.75266546,.74183035,.71127558,.7465173,.71541655,.78368801,.76178139,.33580944,.34459075,.36442962,.37373886,.35497272,.36468971,.3730714,.37562457,.41360047,.41273665,.4465636,.44233426,.4754869,.47169256,.51516145,.50617522,.50970429,.5031811,.53991181,.52975136,.52539998,.51487219,.57835346,.5664674,.58571786,.57088023,.59051216,.56838238,.70885384,.69769365,.62042892,.5962773,.6628437,.64084363,.72888243,.70631391,.66203266,.63511956,.8448388,.82299435,114018,123332,133866,141513,140155,135826,127186,120487,117329,115493,113704,113130,112345,111040,108924,104834,99384,92435,84271,77450,102856,109872,118759,124570,126422,123658,120595,117479,114704,112913,111237,110764,108798,107018,105241,100156,94827,87139,78253,73205
8401,Augusta,525842,13,Georgia,GA,78.615814,80.394974,79.592262,81.095528,81.660843,82.706665,81.834244,82.635437,82.330605,83.291893,82.278595,83.025261,82.743637,83.440819,84.057083,84.686737,84.113472,84.675385,84.466446,85.035851,84.786339,85.371872,85.927879,86.418022,85.651466,86.143616,84.891953,85.403137,84.827438,85.187531,86.75354,86.959572,88.849174,88.997345,86.455254,86.670235,88.169395,88.430626,89.503799,89.789482,71.361603,73.245621,71.920425,73.486046,73.169258,74.451248,75.548958,76.692429,76.319427,77.432625,76.399002,77.314537,78.316681,79.110909,78.52417,79.238708,79.493797,80.08091,79.677811,80.331352,81.223763,81.91362,82.350662,82.940933,81.009201,81.627396,82.671761,83.235626,83.108116,83.529053,83.075127,83.402473,83.502411,83.834732,84.871597,85.221855,84.821846,85.176575,86.092255,86.492119,.62708354,.62466609,.61638701,.60979676,.62797564,.61650938,.7027024,.6954146,.7039963,.68524861,.81862599,.802688,.77715474,.7604295,.78831923,.7674706,.82245964,.79822522,.83384359,.8077026,.86850905,.83684522,.85293829,.82108253,.88332409,.84737277,.97539449,.93680906,.97079647,.9435268,.85469198,.83822668,.79951453,.78239006,1.0021353,.9772234,.96412259,.91799927,1.0925279,1.0294898,.4809112,.51091504,.42966706,.4537904,.46135935,.47255763,.56305307,.57108307,.56855553,.57424539,.60156828,.600541,.68728286,.68314391,.68472743,.6834082,.73781222,.7282936,.75534475,.74483144,.7909674,.77273798,.81337637,.79336202,.81705856,.79982156,.82302684,.80200118,.84727943,.82465607,.85266608,.83329993,.9175337,.89802152,.97317147,.94592208,1.1457655,1.1075449,1.1005819,1.0506532,68078,87317,91718,84412,77487,69765,63578,60898,58723,58862,59141,59652,60213,60603,62439,63029,61428,58176,48418,36970,55329,62059,64906,64847,64658,60894,59560,58763,57420,57587,57775,58355,59662,60999,61092,60556,58976,53554,43517,33137
8800,Savannah,434615,13,Georgia,GA,79.264915,80.764084,80.207298,81.476051,81.648499,82.748886,82.926323,83.864441,83.410538,84.149872,82.584999,83.203362,83.412132,84.182457,84.215919,84.820068,84.453041,85.144257,83.605186,84.319839,85.597527,85.996078,83.870544,84.246506,85.178459,85.58725,87.695541,88.010025,86.928871,87.252228,87.065933,87.361946,87.140015,87.481812,88.345291,88.73259,88.078613,88.362251,89.470589,89.719566,73.482201,75.161804,73.770058,75.137833,74.651375,75.950233,75.474403,76.575699,76.620354,77.619797,76.538269,77.273201,78.725761,79.546104,80.798317,81.470215,80.771713,81.537132,79.676575,80.416298,79.693077,80.181587,79.914459,80.343994,82.582848,83.010254,82.088692,82.540375,83.191101,83.618172,84.889236,85.26622,82.248383,82.736374,84.264137,84.755066,85.472633,85.809982,85.711365,86.069595,.68024343,.66816986,.70860249,.70150024,.79051507,.76809704,.7453481,.71918291,.83239168,.81213576,.89877379,.87657785,.90447545,.87192261,.85028768,.82055515,.98263413,.94293267,.95303404,.91499317,.80835348,.77973855,1.0349276,1.0055999,.97560525,.93956107,.80150163,.76417089,.94225097,.90260154,.80715322,.77515608,1.0827335,1.0351266,.93164957,.87361634,.85951817,.81270039,.713476,.66887975,.59191275,.60804617,.5436843,.56208402,.59172314,.60288531,.62882686,.64019072,.66983938,.6677466,.68479723,.68515456,.79764771,.79044992,.81747526,.79988116,.82072359,.7998926,.80450189,.79204845,.8514505,.83997941,.81882679,.80692875,.81059337,.78875285,.88532203,.86363834,.888053,.86079824,.90652061,.87243003,.91863883,.89795023,.89624846,.85930514,.81238919,.77475619,.87276047,.8379724,58361,66332,69306,67027,63634,59146,54436,52817,52423,52116,51317,50068,50806,51842,51760,53360,52004,51042,50066,57425,50450,51345,52063,51890,51034,49791,48649,48559,48191,48793,48439,49459,49725,49473,49449,50147,48793,46260,44125,49546
8900,Macon,386870,13,Georgia,GA,78.010185,79.778687,78.728241,80.287178,80.954544,82.112747,81.769753,82.785553,82.700531,83.466621,81.925766,82.877632,82.323265,83.249397,82.342911,83.231422,80.778305,81.586182,84.338791,84.984245,85.097298,85.667793,84.028145,84.521584,85.242271,85.736053,85.877174,86.34922,85.563034,85.974686,86.538719,86.87233,87.440636,87.738434,87.379944,87.67733,88.375351,88.760536,88.491051,88.816132,71.801186,73.644615,71.21627,72.905228,73.378143,74.82048,75.492332,76.577843,74.971077,75.970612,75.563171,76.635651,77.61348,78.581169,78.245407,79.115555,77.643524,78.481789,79.991364,80.752556,80.918198,81.581268,81.717949,82.285622,81.910614,82.471489,82.978828,83.51107,82.769547,83.258202,81.705139,82.214737,83.87944,84.315697,83.769058,84.180962,83.669991,84.194893,83.89904,84.379883,.76878351,.76714814,.72447848,.72884178,.77069139,.76227921,.81919903,.79477793,.92878807,.90495956,.92832184,.90294421,.9692899,.93888682,.99755931,.96104908,.93625093,.91753471,.97838479,.9407292,.91058189,.87557465,.93422037,.90771282,.94534791,.91012537,.98504412,.94547123,1.0382698,1.0029022,1.0484772,1.0120741,.99556679,.95751226,1.1547939,1.1079708,1.2595129,1.1861004,1.3591671,1.2792857,.5805831,.60363322,.49568248,.52892613,.60474342,.623384,.64771754,.65828782,.64463741,.6546517,.67609304,.68641686,.79033703,.7842797,.84054375,.83954293,.75043732,.75136256,.84805346,.83114135,.92231685,.90345997,.84526318,.82392752,.92628872,.90416652,.90093714,.87390149,.99077642,.96615553,.92757195,.91081375,1.0180973,.98439801,.99207032,.95860183,1.2977415,1.2521551,1.4401089,1.3842818,49493,65122,65215,57580,52833,50396,46354,44064,44329,44922,45722,45799,46961,46862,47924,48795,47992,43289,32718,23897,40670,48056,48289,46589,44994,43389,42137,43491,44289,44997,44995,46091,46584,46510,47518,47535,45120,39015,28774,22735
9100,Atlanta,3798017,13,Georgia,GA,80.281517,81.616768,80.318573,81.47068,82.162605,83.004745,82.48465,83.301994,82.94516,83.448151,82.872894,83.49147,84.366905,84.889748,84.198181,84.632935,84.559128,85.012238,84.930382,85.264709,85.466263,85.776695,85.50515,85.903114,86.255455,86.529144,85.594872,85.838928,86.220573,86.427048,86.967445,87.149712,86.701286,86.860077,87.89621,87.998535,88.779396,88.863243,89.087097,89.156998,74.979568,76.319626,75.847916,77.028877,76.21627,77.162079,77.009094,77.918449,77.454773,78.098793,78.440193,79.171181,78.899658,79.552002,79.17392,79.720512,80.404755,80.956161,80.940033,81.385536,81.531311,81.946556,82.099083,82.578674,82.626831,82.990219,82.518204,82.840599,83.461624,83.752586,83.527443,83.808693,84.484589,84.720985,85.179108,85.381531,85.773575,85.96476,86.877861,87.042793,.28028458,.29586822,.29098722,.31140146,.30310869,.31504464,.32317227,.33304119,.32641697,.32997099,.33033529,.33009127,.32340235,.32035509,.32529685,.32630008,.33707491,.32979259,.34036067,.34392786,.33772039,.33182919,.33468065,.32664379,.32463658,.32127625,.36411947,.35661942,.35789403,.35253283,.34282172,.33956462,.35384864,.34817669,.30903554,.30643991,.2887685,.28502631,.28236175,.27892682,.22849663,.25041473,.24423897,.26743409,.25559476,.27173576,.26195112,.27053666,.27504718,.27731112,.26434854,.26814449,.29037929,.29000446,.29215068,.2909531,.30399597,.2995469,.30733779,.30510178,.32326967,.32058761,.31816459,.31237498,.32218602,.31597504,.33094281,.32448646,.31485733,.30877829,.326722,.32103792,.30647036,.30112681,.31032619,.30454755,.30171385,.29330811,.29494891,.28879488,447730,498707,498931,488902,494216,498781,498428,498791,500804,497692,484247,473120,466199,469238,484553,510239,550146,595229,658682,704028,421072,453119,444078,434862,433327,430745,427032,425491,423801,417284,415114,416141,426739,445064,469338,504129,546235,595384,661033,707675
9400,Gainesville,272150,13,Georgia,GA,80.639633,80.909599,82.06881,82.332405,81.751526,82.198235,82.388016,82.80864,83.940941,84.074509,82.98555,83.231483,85.937897,86.264877,86.218918,86.405586,86.338387,86.555809,85.151794,85.484062,83.479424,83.700447,83.287567,83.501907,86.560242,86.859146,86.6306,87.006294,87.177376,87.492973,86.969093,87.254883,88.661514,88.828781,85.702812,85.90284,88.285347,88.602615,89.279007,89.49572,73.061897,73.346664,75.069595,75.34726,76.283134,76.635544,75.987167,76.401367,78.800011,78.907326,79.454987,79.706963,80.520668,80.900864,79.503632,79.79541,80.360901,80.722893,79.759834,80.176575,81.087212,81.312111,83.096825,83.214012,82.810837,83.116272,80.637886,81.157349,83.326981,83.671288,85.916443,86.143089,82.551979,82.873718,85.22197,85.407501,86.463921,86.726151,82.764336,83.174973,.83623737,.80354047,.84621882,.8126002,.96993256,.92645699,.91310489,.87131703,.92124587,.88955027,1.022877,.98619038,.92846572,.87454879,.9296506,.88816869,.90289557,.85966146,1.0707636,1.0205088,1.0484943,1.0098737,1.153353,1.1132575,1.1116658,1.0579741,1.0848215,1.0216271,1.182463,1.1194606,1.3199097,1.257516,1.0991107,1.0530649,1.6290623,1.5790387,1.6204146,1.5312616,1.2018765,1.1302694,.65946162,.65205866,.69340909,.68195212,.72019213,.70668203,.69246888,.68620455,.78513271,.76972908,.83609796,.81513208,.81911683,.78699702,.86392546,.84286541,.90348196,.88218302,.93445504,.91515756,.9810847,.95855355,.98142856,.95688939,.95820594,.92313397,1.0574075,1.0460373,1.1152699,1.074211,1.1397034,1.094794,1.2950231,1.2622709,1.2039505,1.1679546,1.0607235,1.0074553,1.3873328,1.3573009,37402,40233,40716,43927,42312,40732,39403,39852,39720,40059,39932,38807,38093,37205,35778,34181,32073,29991,27073,26117,33283,37460,39462,42673,41930,41085,41044,41551,41307,39498,39188,37997,36910,35729,34123,32927,30715,28279,25275,24774
9600,LaGrange,457299,13,Georgia,GA,78.148621,79.319298,79.23288,80.285339,80.5718,81.45031,81.978371,82.88382,82.344154,83.127747,82.522354,83.161125,84.650856,85.162544,82.087265,82.626862,83.620789,84.028275,84.466797,84.957375,84.640434,85.178352,85.097275,85.560638,83.983971,84.543633,85.529404,86.017052,86.348053,86.740852,83.660545,84.109413,87.775749,88.049042,85.05764,85.438705,89.964775,90.080421,89.205498,89.312889,71.007759,72.19622,72.733238,73.853127,73.134216,74.095337,75.05381,76.045067,75.573807,76.437714,77.519569,78.219833,78.614128,79.259888,78.175613,78.74588,79.932358,80.37339,79.783844,80.319359,81.099831,81.667885,81.778397,82.276939,81.301636,81.851295,81.945892,82.485184,82.615852,83.085495,83.595398,83.993645,82.485016,82.901299,84.237755,84.560143,85.183136,85.457306,85.969818,86.214455,.63291323,.62196553,.63087839,.6183477,.63607323,.62084323,.65413129,.6283704,.69759345,.67143613,.72272629,.69669288,.69304305,.66217464,.74582535,.71919245,.77285588,.74822813,.87111777,.833933,.82035333,.78040808,.83254933,.79260093,.93540597,.895625,.89847398,.85158223,.95140028,.90330184,1.0858394,1.0522135,.9763934,.93470269,1.2971892,1.2521349,.89479935,.86607867,.99498135,.96595937,.42724377,.4393591,.44969112,.46141297,.44316918,.45678884,.51555192,.51822686,.53025502,.53671044,.59014452,.58901507,.5974378,.58655834,.63322181,.62721199,.66884404,.65543938,.71842051,.70611066,.76663274,.74785453,.78723288,.77095616,.78952974,.766729,.82971007,.80732179,.91274714,.88668168,.97343463,.94166952,1.0478634,1.0230687,1.0221545,.99299854,1.2787057,1.2396463,1.1906903,1.1507823,62575,74347,77166,75522,73662,69344,65043,62695,62899,62466,63590,61950,61140,59220,58153,54666,50417,44352,35882,27392,52441,61674,62432,63737,65382,65579,65097,65233,65211,65427,64449,63530,61354,59200,56603,53330,48317,42349,34106,25930
9701,Columbus,303656,13,Georgia,GA,76.673462,78.53978,80.287384,81.859116,79.400917,80.387955,81.845177,82.706154,81.976799,82.978165,83.175751,84.154152,81.769508,82.535583,84.872772,85.480865,84.801178,85.325218,80.942444,81.738228,81.975761,82.797333,82.499229,83.197044,85.366409,85.78653,82.827278,83.278168,83.269089,83.778,85.937119,86.38607,81.50338,82.092552,84.849998,85.41613,84.406746,84.806709,88.809265,89.108482,72.038353,74.057716,72.513916,74.237083,72.864037,74.072632,75.361542,76.608521,76.011078,77.155113,76.357269,77.413208,76.316628,77.227829,77.612236,78.323143,79.123238,79.763832,79.504585,80.344055,80.330322,81.114395,80.303024,80.957832,78.261688,78.88192,80.624939,81.229149,82.193077,82.77803,82.764305,83.350479,83.480865,84.051666,85.947655,86.407089,84.243156,84.686783,85.130951,85.62439,.77560663,.78404933,.7871325,.77151728,.85042799,.84263653,.83655798,.82308358,.91907752,.88626671,.94142342,.91147727,.98778456,.96960878,.93427247,.91037333,1.0492797,1.0255983,1.1891769,1.1651232,1.240027,1.2125046,1.1971943,1.1622337,1.2753679,1.2378653,1.3082108,1.2735307,1.3256972,1.2865781,1.3476449,1.2992227,1.4980617,1.4777665,1.6596683,1.5954474,1.9106137,1.8549446,1.5607042,1.4807093,.6797812,.70795661,.60193449,.6326164,.56567568,.58472872,.69629616,.70586234,.69948292,.71168834,.7883091,.79693007,.778539,.78414297,.93055272,.92757994,.95527875,.9465456,.95881873,.93854666,1.0817308,1.0658857,1.0985532,1.0826923,.9989295,1.0099854,1.1591536,1.1449593,1.3054541,1.2741551,1.3285913,1.2910272,1.2273948,1.184509,1.2234097,1.1576564,1.6630598,1.6144571,1.6532855,1.5857145,37344,55356,60649,55221,47532,42745,38784,36174,34228,33590,33383,32180,31056,29841,27982,26943,25077,22464,19578,18346,31309,40924,44668,43324,42055,39791,38060,36282,34709,33089,30953,29976,28923,27981,26865,25287,23795,20606,17911,17154
9900,Tallahassee,426634,12,Florida,FL,78.596573,79.90979,80.051445,81.23394,81.575951,82.360832,82.822174,83.564034,81.958328,82.921555,84.187691,84.868683,83.093216,83.620811,85.049805,85.613922,85.701462,86.244804,84.678207,85.284836,85.692589,86.202538,85.783638,86.228302,85.029015,85.452568,87.513359,87.825119,88.437592,88.670517,87.521538,87.772499,87.376411,87.604927,86.768394,86.917099,88.262413,88.472221,88.307518,88.567024,73.338074,74.662682,73.736397,74.964233,74.757858,75.648186,77.742027,78.590736,76.818787,77.817406,79.262535,80.039711,78.500648,79.133934,81.027275,81.664619,80.585991,81.243813,79.214684,79.906639,81.937424,82.495293,82.658073,83.117149,81.732742,82.183235,81.730408,82.180641,83.924225,84.26886,84.806541,85.111168,82.224869,82.580978,87.168472,87.323288,84.938232,85.253067,87.021385,87.308548,.76021135,.74632382,.73286289,.708556,.7980721,.7738955,.87341118,.84460562,.85007513,.81711632,.88195586,.84421462,.95744908,.92350614,.81173098,.7781769,.83041763,.79060781,1.0115348,.96625686,.90524828,.85846019,1.1561419,1.1055024,1.1202143,1.0777438,.92015058,.88517761,.98517567,.95106226,1.1675839,1.1258392,1.0688952,1.0296639,1.2790951,1.2442193,1.10535,1.0606512,1.342216,1.2759606,.5621587,.57180935,.56457591,.5755322,.63626868,.63710654,.71757984,.70678681,.68690306,.6875959,.78229678,.76900893,.78017026,.77076173,.79945058,.78536183,.87857437,.85666716,.868981,.8600688,.89945799,.87519389,.99498695,.96741408,.96010983,.94060421,.91420239,.89650482,.9541828,.93140417,.97009701,.94367659,1.1099246,1.0885369,.90614289,.88259131,1.162796,1.1252276,1.1976572,1.1390539,47594,51033,54383,56776,60429,59875,57265,54813,50677,47680,47379,46332,46872,47078,46659,46716,45650,42164,37773,32473,50945,47727,49118,50568,50412,49738,48329,45450,43199,42711,42480,43287,44394,44428,44940,44554,41675,38543,33896,29859
10700,Birmingham,1038182,1,Alabama,AL,78.259827,79.90609,79.580215,80.949379,80.999748,82.117332,80.862717,81.845375,82.222015,83.155518,83.833755,84.611954,83.646767,84.377029,83.596153,84.346207,83.386368,84.088493,84.782318,85.354561,84.221146,84.757759,85.91523,86.332672,85.807526,86.307861,85.553635,86.09507,86.558449,86.984245,85.876823,86.290527,87.246513,87.581932,86.236313,86.608429,88.41465,88.616417,88.006752,88.177383,71.458588,73.137306,73.17173,74.684219,74.107147,75.371674,75.796638,76.880043,75.914116,76.993019,76.711472,77.603943,77.708954,78.558739,78.811729,79.648468,78.756714,79.513458,80.198067,80.839249,79.98748,80.579994,81.477715,81.992134,82.047829,82.614685,82.224655,82.807335,82.482849,82.996414,83.05619,83.506889,83.974983,84.37841,84.76812,85.128479,85.296326,85.577576,86.508919,86.704353,.44689366,.45105913,.47183648,.47236624,.45973796,.45797479,.48857087,.47691903,.5168376,.49987447,.49661383,.47884703,.52377993,.50689733,.53792328,.51746672,.57417309,.55536216,.55057788,.52644813,.59210837,.56989318,.64162999,.61430907,.58606625,.55731636,.66606832,.63370425,.65082073,.61967784,.72669041,.69561607,.6276139,.59927619,.78924465,.75940394,.65825087,.6342119,.73477614,.71105981,.3470248,.3701762,.37737134,.38955167,.36383036,.3745212,.39822716,.39736035,.41205877,.42263874,.43581793,.4374103,.44825181,.44918534,.46813908,.46062204,.48108566,.47987184,.52069116,.51445061,.5358572,.5282287,.59277457,.57748622,.59665966,.5780924,.60639745,.5910998,.61213094,.59598655,.60805237,.59039509,.64240479,.62102997,.66701466,.64661056,.6832059,.66232395,.61507118,.59278595,116395,134341,144637,146323,143248,135289,130200,130396,132914,128098,123088,119591,117835,119360,121789,123699,122757,120198,118273,128140,104385,114391,115380,116801,117564,117426,116848,117477,116432,115386,113625,113168,113733,116671,117258,118743,116362,115813,112999,123301
10801,Tuscaloosa,261112,1,Alabama,AL,77.842201,79.817764,79.485985,81.229576,81.496498,82.568352,81.622276,82.855148,82.075188,83.044334,82.413216,83.39196,82.578827,83.367065,84.946213,85.666412,85.670242,86.367569,82.318237,83.256966,85.033104,85.725647,84.129158,84.72261,85.480629,86.022537,86.071648,86.602196,86.059761,86.482124,87.31942,87.608376,88.504753,88.781761,86.675468,87.154533,87.813194,88.019775,87.479187,87.591255,71.7827,73.871353,73.466835,75.441971,74.345871,75.652855,74.950951,76.360077,76.491829,77.579453,76.890785,77.938225,79.209953,80.075996,80.257202,81.055267,78.353935,79.17926,80.681602,81.542679,82.682854,83.356804,81.099129,81.691208,81.91111,82.509285,81.822113,82.437248,80.968613,81.50386,83.431725,83.820068,85.747757,86.094315,85.288086,85.739426,85.290977,85.583809,84.658409,84.940552,.96717155,.96656132,.88395262,.87976694,.95137739,.93532258,.95881498,.93270195,1.0335107,1.0025326,1.0878775,1.0537546,1.2234737,1.1854001,1.0927045,1.0415763,1.1321437,1.0700842,1.3673283,1.3183624,1.2807901,1.2182074,1.3594694,1.3042935,1.4597737,1.3976364,1.2845697,1.2208641,1.4207681,1.3609591,1.3032589,1.2516435,1.3099144,1.2492923,1.7539855,1.6619833,1.678896,1.61867,1.7698607,1.7400591,.72630972,.76725554,.69610089,.71518421,.71167475,.72137177,.69621742,.71442139,.78127199,.78840345,.89958912,.89832169,.99105006,.97367907,1.1362331,1.1136038,1.0305716,1.0287004,1.1424453,1.1081687,1.206407,1.1662512,1.1343102,1.111505,1.2999902,1.2685831,1.2355499,1.1997063,1.2789137,1.2480637,1.4335872,1.3947978,1.4809092,1.4272032,1.6695807,1.6037304,1.387269,1.3362211,1.8390108,1.7969296,29261,41975,46602,41603,35807,31037,28769,26797,25897,25085,24376,24525,24619,24950,24622,23410,21645,18694,15845,15190,25977,32203,34337,32845,31752,29991,28405,26956,26007,25483,25163,25329,25008,24439,23981,22507,20641,17301,14847,14314
10900,Pensacola,623252,12,Florida,FL,79.490288,80.047371,79.875427,80.380325,82.158165,82.605103,82.972427,83.115471,83.247337,83.629982,83.60112,83.798508,84.527412,84.807304,85.312004,85.61264,83.20153,83.537277,85.310341,85.556892,84.151932,84.429611,83.377632,83.673759,86.341927,86.562187,86.556946,86.790977,83.762115,84.15918,84.893471,85.288002,87.180237,87.398582,87.029167,87.062363,88.028984,88.25174,88.621277,88.698151,73.818962,74.62796,74.349724,75.102966,74.999977,75.670586,76.157692,76.599205,76.875954,77.453957,78.943657,79.416077,79.2034,79.707321,79.407303,79.928513,79.668938,80.161179,81.275887,81.708145,81.602028,81.976112,81.566948,81.908783,82.197975,82.585999,84.30658,84.651489,83.31926,83.728447,85.130722,85.496346,84.94133,85.261269,84.493431,84.745232,85.964561,86.245323,85.642799,85.869995,.56093466,.54826087,.58979988,.57744271,.60140687,.58228284,.63491726,.62226832,.70712829,.68400687,.64637041,.63115221,.69640434,.67571384,.68195033,.65793473,.78860617,.76515573,.72651452,.70265144,.84320664,.81454402,.85319841,.82408571,.71424919,.68750668,.74241585,.7139982,.9500559,.91847396,.97423577,.93887061,.8727411,.83704615,.8865881,.87062734,.94156176,.89479262,1.0000435,.97201198,.4744983,.47310883,.47534531,.47303391,.48141339,.48379189,.5155744,.51093078,.55086583,.5475657,.58071756,.57026279,.60078311,.58885193,.60814834,.59790784,.63689405,.62400216,.66640562,.6502859,.70049983,.68397951,.65857154,.64078903,.73198581,.71445137,.7381615,.71272618,.74724704,.72171897,.78988582,.75221086,.7404983,.7098906,.889898,.86346179,.88787609,.85348696,.85241491,.82064593,84773,88708,94411,93968,88715,84867,81500,80975,81005,81695,80862,80649,80042,78904,77556,73617,70109,64615,56694,52704,80683,78499,82716,80779,78984,78777,79061,80289,81994,81161,80381,80439,80518,78660,75807,70744,66648,60179,52315,49468
11001,Mobile,599405,1,Alabama,AL,78.317497,79.824692,81.055748,82.260704,82.614388,83.572823,82.932564,83.861961,81.814529,82.588303,82.229347,82.98053,82.694672,83.410736,82.797531,83.437286,83.805763,84.348404,84.881516,85.410805,83.711868,84.275703,84.686035,85.146683,85.856888,86.270744,87.078865,87.436424,84.554054,85.013313,86.749886,87.104614,87.889725,88.20916,86.371605,86.83152,86.602791,86.87455,87.967941,88.278839,72.032997,73.672935,73.635872,75.015663,74.665459,75.911591,74.773201,75.845024,77.470963,78.33255,77.79879,78.595749,78.398376,79.190781,79.790771,80.439209,79.74556,80.343102,81.178848,81.776024,80.892242,81.462517,80.638084,81.149712,81.897362,82.379578,83.283318,83.72065,83.945511,84.35173,82.307335,82.762039,83.655762,84.084526,84.413208,84.858536,84.42411,84.722778,84.379555,84.79187,.5636825,.5599317,.56261259,.55567449,.56357586,.54850501,.63685775,.60553062,.65665197,.63955122,.67261934,.64964682,.75050634,.72175968,.76413041,.73643166,.79238105,.76615912,.81513578,.77932745,.83814049,.80588835,.84861726,.81275862,.83284992,.79719019,.79032898,.75348413,.95203412,.91257483,.88050216,.84084171,.91540504,.87120229,1.2460908,1.1856625,1.1811937,1.1349027,1.1809192,1.1227349,.43982905,.45447937,.4320662,.45014507,.45384952,.46244749,.44176814,.45730466,.55597568,.54855239,.55945933,.55758023,.59352607,.58430618,.61792588,.61009288,.64277923,.63573396,.65831566,.63905394,.70925629,.69008273,.72479665,.71574438,.70763004,.68824571,.79109246,.76763469,.74151987,.71611989,.88517869,.86496192,.87161005,.84490091,.9702279,.9343586,1.0128497,.98168015,1.1667398,1.1286856,82404,108792,116608,102482,90361,79296,74434,73421,71835,68938,67602,67283,66217,64910,63733,60919,57307,51183,45034,47100,72020,81441,82471,78635,77976,77081,75151,74503,72740,70929,70368,68799,66583,64146,62395,59340,53856,47328,42528,43810
11101,Montgomery,367927,1,Alabama,AL,77.700768,79.69117,79.107201,80.920807,79.725357,81.308723,81.408241,82.532089,83.648743,84.500732,81.85685,82.655205,82.597244,83.395248,83.420998,84.153107,84.9422,85.468979,83.728088,84.345436,84.670876,85.327888,86.252083,86.806747,84.176956,84.780464,83.554138,84.131981,86.058418,86.518326,86.056358,86.518364,85.267708,85.777718,86.52047,86.957138,87.521629,87.905785,89.032562,89.170593,71.234566,73.298416,71.68782,73.773376,74.212112,76.02565,75.052353,76.426178,74.969887,76.015854,76.771309,77.820274,76.730507,77.66803,77.642029,78.512337,77.319237,78.048126,79.333427,80.047928,79.319778,80.054146,79.323792,79.975594,80.555786,81.187065,81.422432,81.992744,82.870674,83.396141,84.140305,84.609406,83.240753,83.745857,83.935257,84.393532,83.550369,84.038597,84.698708,85.043861,.83209962,.83339369,.71678698,.72490138,.74174076,.7444213,.85377127,.84003288,.84993804,.82552999,1.0025173,.97984761,1.0195527,.98935157,1.079335,1.0469071,.93776977,.91280055,.99182349,.96356207,1.0395966,.9996503,1.061301,1.010084,1.0615373,1.0216342,1.1957177,1.1522187,1.2358276,1.1832968,1.1051263,1.0578424,1.2063546,1.1539365,1.1782049,1.1198702,1.2420144,1.1766438,1.1741182,1.1390902,.59316939,.63409829,.530913,.56598788,.61114168,.63672149,.64940876,.65850466,.64970893,.65981036,.76074815,.7597664,.74391568,.75009125,.80072623,.80000174,.80626029,.80230343,.90638822,.89955986,.90492147,.89341599,.95313394,.95550776,.94030875,.92633915,1.0227933,.999713,.95041382,.91984493,1.036134,1.0008069,1.0787058,1.0451353,1.1688577,1.1291307,1.2162318,1.1741867,1.3107704,1.2665596,38716,60604,65547,57834,54944,50474,46727,45579,44354,41107,39318,39211,40327,40135,41553,40822,40248,37359,31950,27868,35585,49570,48083,45004,45047,44025,42675,41047,38875,37847,38014,37851,38977,39537,40448,39372,37868,34212,28938,25605
11302,Baltimore,2512431,24,Maryland,MD,78.401985,80.048241,79.06913,80.445457,80.330566,81.396606,80.581924,81.495232,81.874016,82.780373,82.40641,83.123421,82.283165,83.012093,83.462715,84.154663,83.402786,84.029762,84.282402,84.822655,84.25988,84.772888,84.640167,85.105988,85.288551,85.742615,85.675446,86.112114,86.065819,86.401543,86.081978,86.367981,87.246849,87.467697,87.683594,87.854546,88.290962,88.458542,89.008781,89.101967,72.308586,74.074699,73.490875,74.993248,74.063606,75.26664,74.753716,75.768425,76.342636,77.361328,77.039543,77.89283,78.449089,79.240448,78.715637,79.503082,79.740242,80.430199,79.959427,80.591049,80.219513,80.802902,80.71965,81.258926,81.953743,82.470734,82.540611,83.033943,83.231636,83.635925,83.228447,83.596603,84.55912,84.862991,85.366989,85.619659,85.954041,86.196289,86.947762,87.122055,.3416107,.35694635,.36581948,.38349614,.36401555,.36689308,.37994424,.38640559,.3896575,.38818219,.37462467,.37096623,.37266007,.37028772,.36497933,.35845369,.39482412,.3896544,.39199054,.38000116,.38220009,.37018126,.39025173,.37821454,.38847569,.37413165,.35772809,.34577727,.36731306,.35540962,.4027068,.39411274,.37455785,.36467001,.34452507,.33680755,.34280178,.33267266,.37190592,.36451355,.26465061,.28410494,.26204497,.28638604,.29089665,.3073017,.29194239,.30548885,.30611917,.31258228,.30734903,.30812463,.33370617,.33406469,.34692714,.34420666,.34265625,.33894151,.33568475,.33303046,.34696299,.34596047,.34692529,.34373373,.34281299,.33457896,.34386232,.33434978,.34944138,.34071156,.35577679,.35010594,.31430241,.30568391,.31838575,.3117373,.32856929,.31758615,.36211872,.35041979,245371,226079,226874,244580,269430,294479,306160,307478,307441,305174,304058,309684,323369,338418,357527,384229,422999,470830,513054,421758,237022,213119,206886,217646,230459,238576,242800,250939,258230,263733,269747,278007,292610,312405,338195,373390,415425,463443,492122,391281
11304,Washington DC,4632415,11,District of Columbia,DC,81.673965,82.548668,82.418915,83.034248,82.377525,82.487404,83.189262,83.276009,83.05117,83.199715,83.46566,83.298996,83.762016,83.952988,84.290344,84.394821,84.046669,84.069733,84.432388,84.504845,84.916512,84.949989,85.347038,85.295868,85.400513,85.349319,85.842537,85.788879,86.722046,86.648628,86.633392,86.539917,86.992279,86.881424,87.557709,87.418106,88.719986,88.602829,89.375298,89.294609,76.13942,77.22406,77.08007,77.905731,77.342094,77.717621,77.741837,78.128502,78.235695,78.637329,78.806435,78.981956,79.217224,79.654434,79.816475,80.167435,80.392166,80.656273,80.488434,80.791908,80.945557,81.219902,81.508408,81.713234,81.265976,81.479675,82.384911,82.578552,83.070465,83.236153,83.92363,84.066757,84.357269,84.481598,85.339897,85.425018,86.973907,87.049164,87.771103,87.854797,.28219819,.30545306,.31344438,.33998916,.33285922,.3527835,.33026975,.36283791,.32685974,.35316682,.33321139,.36566493,.33195606,.35491922,.31192178,.32855996,.31954747,.33359057,.31354731,.32554936,.31954917,.32773691,.31251395,.32505712,.29613695,.30592847,.29856396,.31432834,.25148457,.26686546,.2653653,.27951178,.24519938,.26368797,.2246886,.24120776,.18865635,.20386024,.18011838,.18837656,.23822391,.26481441,.26773852,.2890529,.27131763,.28705129,.2746951,.29313451,.28744009,.29836315,.28113383,.30008453,.29314622,.30659452,.27686286,.28974751,.29859304,.30543077,.29781362,.30043328,.29300663,.29368523,.30735624,.30884868,.29927188,.30299115,.28372046,.2900843,.25894228,.26374325,.24906766,.25314739,.22805285,.23271635,.20957607,.2165153,.16207412,.16553393,.18428162,.18355493,390141,387243,380931,395178,412781,437947,465624,497098,524030,546242,554829,564304,589663,624017,678361,754471,882650,1110271,1492198,1405312,385977,389332,375840,387594,402047,415431,427655,436592,443913,449167,452980,468726,497828,549546,621425,723919,880101,1128912,1485286,1286494
11500,Jackson,303839,26,Michigan,MI,77.489082,77.901978,80.974213,81.354347,80.825745,81.31781,81.022804,81.617729,80.804588,81.297707,83.641167,84.074013,82.175003,82.674774,84.652878,85.042992,82.22345,82.588448,85.464813,85.717155,85.291595,85.618134,85.821693,86.112831,85.864098,86.19738,85.935959,86.235092,86.437111,86.739433,86.172447,86.516914,88.306076,88.501732,88.018723,88.146828,88.01593,88.19812,87.336006,87.480034,73.809204,74.336212,73.425171,73.90947,75.606468,76.109978,76.384979,76.959122,77.083076,77.56472,78.940407,79.39019,79.098022,79.564148,80.777542,81.197243,80.810051,81.13829,81.889435,82.191818,83.214806,83.509407,82.601318,82.923286,84.586624,84.837227,83.771667,84.065735,84.552818,84.847198,83.013191,83.365417,82.924316,83.253777,85.818443,86.009445,84.577179,84.816185,88.100639,88.235046,.82885844,.80337334,.9338364,.90333658,.98858374,.95565909,1.0400686,1.0046668,.97395486,.94639742,1.0786217,1.0290667,1.0157919,.97843659,1.023176,.97333539,1.0177869,.97982037,1.0113417,.96691501,1.0782809,1.0341699,1.0083104,.9613539,1.2905009,1.2375536,1.0983709,1.0519732,1.0906191,1.0392836,1.2148072,1.1554102,.99540925,.95212615,1.1603696,1.1241593,1.4154793,1.3578589,1.7772839,1.7178719,.7015183,.69792956,.69105351,.69530344,.81150162,.80633968,.79570359,.78988332,.78004795,.77826083,.82823873,.81341857,.81268656,.79458755,.86831307,.84665579,.84132278,.82379442,.8992781,.87613863,.8765884,.85373008,.96113437,.93753171,.85273683,.82745439,.97758877,.94888842,1.1211089,1.0832824,1.1471224,1.1183331,1.1856576,1.1559764,1.1516691,1.1208801,1.5080285,1.4688295,1.2596225,1.2111279,33818,31722,32008,35206,36686,38155,38721,39467,39855,42312,44814,46368,46151,45237,43760,42098,38703,32933,23180,14774,29673,27419,28813,30905,33465,36737,39448,40136,42215,44485,46682,46506,45670,44502,42713,40559,37230,30411,20941,13254
11600,Detroit,5327827,26,Michigan,MI,76.99765,78.427505,78.907898,80.076141,79.709412,80.629143,80.578476,81.334953,80.804764,81.556168,82.227798,82.863083,82.642136,83.236244,83.305977,83.883835,83.707748,84.258705,84.081985,84.580627,84.59584,85.081085,85.121887,85.608833,84.881462,85.365128,85.579002,86.02404,85.721069,86.112167,85.871872,86.230804,86.445572,86.771004,86.646141,86.953178,87.536507,87.72596,88.575836,88.643631,70.918633,72.305786,73.491829,74.670547,74.129913,75.083199,75.240555,76.06086,75.78624,76.589882,76.93367,77.641891,78.165909,78.810844,79.491791,80.109604,79.734879,80.332489,80.461212,81.005241,80.675873,81.219398,81.063004,81.617081,81.496964,82.028023,81.799507,82.314659,82.470604,82.923401,82.918983,83.334969,83.646255,84.036026,84.237625,84.605919,85.47068,85.743134,86.353775,86.53344,.19295539,.21379927,.23786162,.25405973,.25483984,.25598714,.25995973,.25849003,.25392318,.25333098,.27548838,.27135208,.27135113,.2633816,.26301253,.25681734,.26674205,.25966746,.27195445,.26661876,.27034095,.26358497,.28020036,.27053437,.26548988,.2579568,.26873761,.25909117,.27313173,.26498708,.27536446,.26926613,.26518008,.2570197,.26204613,.2518954,.26674908,.26330742,.27306503,.27156353,.13895835,.16312093,.1927951,.21039267,.20705017,.21682486,.22290319,.2296859,.20259166,.21216834,.20036663,.20532131,.22922347,.23072302,.23627435,.23716258,.24222767,.24086185,.24289693,.24451186,.24721332,.24670479,.24075305,.23781994,.24022439,.23980126,.24569505,.24124201,.24632503,.24223477,.23572676,.23292241,.23203617,.22792864,.23400845,.2280595,.25018471,.24143578,.29046962,.28359333,635307,565248,530171,524512,547935,582893,602700,606096,596272,600437,618245,643413,669652,692406,720642,758022,804397,845592,795380,625989,565117,477184,449411,437462,454921,497407,513216,499600,517071,544995,586571,627309,666394,703318,741227,781280,822319,841779,768715,604959
11700,Lansing,447728,26,Michigan,MI,77.978813,78.239494,80.46843,80.691307,78.135391,78.378998,81.710968,82.119179,81.396965,81.779274,81.265724,81.636589,82.333466,82.786316,83.951721,84.31694,84.357765,84.678688,85.181587,85.506958,86.430244,86.699364,85.063515,85.368568,86.002907,86.332634,87.003494,87.300224,85.753883,86.053558,86.975143,87.192009,87.031609,87.22831,88.382744,88.461746,88.838768,88.974747,87.699623,87.754395,72.191635,72.502182,73.906128,74.2164,75.877411,76.167191,76.951332,77.38707,77.508858,77.882889,77.396393,77.764786,79.327156,79.759689,81.644272,81.992836,80.920586,81.272507,81.87883,82.251732,82.109581,82.476921,82.073425,82.421822,83.512283,83.850647,83.197624,83.558342,83.51104,83.829384,84.225349,84.502846,85.300529,85.504921,86.026039,86.150398,88.015808,88.163864,87.686356,87.813263,.76124173,.74376637,.88841838,.86750829,.82926154,.81064129,.93726307,.90463305,.92203325,.89489412,.99002773,.96182585,.92465776,.8888185,.91079605,.87548554,.84960604,.819745,.87952858,.84285742,.77994013,.74522471,.92181826,.88641638,.95160818,.90973055,.91395241,.87090224,.94085276,.9053582,.94584984,.9117018,1.03345,.99797297,.92631322,.90407211,1.0017128,.96746939,1.3144544,1.2862691,.57538456,.56958717,.69313985,.68594062,.78239405,.76983756,.83699495,.82500094,.75278258,.74121809,.68275392,.67645103,.73574579,.71719611,.76756471,.7454716,.76671088,.74831802,.83811569,.81698018,.80618876,.78075844,.79396021,.76902068,.78068185,.75274611,.84319139,.81713182,.84239841,.81733453,.96050906,.93231332,.80561876,.78477192,.84607023,.8275826,.78611261,.75870609,1.0863361,1.0563763,45381,38727,40408,41350,43154,46962,52826,58660,59397,60100,63434,65574,66974,67290,67997,68358,69155,63244,50508,37332,41048,35515,35922,36977,39619,45365,48979,49058,51393,55911,60472,63728,65559,65135,65926,66450,65878,59025,45564,33882
11900,Saginaw,540707,26,Michigan,MI,78.070343,78.779686,80.488716,81.067772,80.093224,80.502998,81.492744,81.994476,83.516037,83.911987,82.836319,83.192963,83.664207,83.980965,83.840492,84.238441,84.645271,85.008942,85.833656,86.117409,86.395645,86.662689,83.819862,84.222664,87.344315,87.604332,86.557114,86.853523,86.900597,87.187065,87.563377,87.834831,86.359428,86.696037,86.758499,87.084656,88.720871,88.849129,87.851082,87.869202,71.544434,72.282967,73.323929,73.9599,74.193321,74.635422,76.07235,76.581696,77.730461,78.173126,77.905449,78.285995,79.888901,80.244003,81.259766,81.650429,80.61927,81.040413,81.401306,81.765709,81.931915,82.293091,82.910591,83.257538,82.087341,82.477905,83.378174,83.726143,82.650185,83.029228,82.473198,82.860909,84.857155,85.164169,84.324989,84.644302,85.298996,85.558769,85.837479,85.990097,.58227152,.56433445,.61693847,.59861261,.63887739,.6224649,.7261219,.70116329,.72446889,.69610834,.76872396,.74317122,.70139962,.67421532,.73444259,.70450968,.70844209,.67634654,.73395419,.70113951,.73496985,.70341808,.85348099,.82085299,.82420075,.78441507,.85300893,.81650931,.85120171,.81190264,.85070229,.80823261,.99059016,.94726014,1.0537914,1.0087899,.87687671,.84757173,1.1605006,1.141481,.44613627,.45001742,.53772008,.538881,.5031746,.50428832,.55736375,.54842007,.53052896,.52666575,.49047658,.48433658,.57850933,.56798917,.62033492,.60591698,.63356775,.6229893,.67546475,.65800071,.70547974,.68648016,.73417008,.71388912,.77772027,.75660801,.73461759,.70932287,.77632767,.75024146,.82494426,.80257106,.81308466,.78493059,.87453246,.84294426,1.1073953,1.0735136,1.1485447,1.1141925,67101,65545,69471,68902,68164,68604,70399,71075,71023,72375,74407,74928,73291,71885,68944,67420,65368,58518,47214,37899,57408,52277,55803,56046,62956,71502,72826,70444,69800,71139,73279,73281,71796,70598,68397,66295,63198,54850,43460,35545
12100,Kalamazoo,509606,26,Michigan,MI,77.146286,78.035286,80.9776,81.667442,80.800049,81.295143,81.040092,81.603134,82.256905,82.799568,82.490463,82.97506,84.519592,84.870903,83.625473,84.103676,84.447273,84.854202,84.334938,84.74968,83.912376,84.342148,86.603142,86.879402,84.290901,84.702545,86.03643,86.403381,87.960884,88.211105,86.648857,86.972809,87.368195,87.624863,88.031624,88.170052,88.783508,88.891747,89.192924,89.244095,71.94693,72.847038,73.744621,74.517624,75.267632,75.811241,76.817955,77.394272,77.007225,77.58252,78.95182,79.434158,78.197037,78.646423,80.132896,80.61261,81.989189,82.380806,82.524475,82.908424,82.664528,83.044029,81.641823,82.018707,82.316261,82.729836,83.76786,84.137253,83.687836,84.07058,83.925575,84.310272,84.938782,85.251137,85.309494,85.534622,87.152817,87.312569,88.89167,88.955864,.63095397,.6147818,.76678205,.73503757,.79595107,.77058363,.83404619,.80708218,.85218787,.82526982,.84035569,.80482572,.72496009,.69156045,.89860171,.86351472,.8329109,.79672998,.83607852,.79693472,.86532402,.83096081,.8290242,.79243726,.90907943,.87488675,.89147234,.85231334,.79730481,.75450367,.97480732,.92924201,.9185887,.87935984,.8748613,.84757817,1.0941572,1.0626291,1.1837392,1.1570498,.49582911,.5031516,.5944013,.59378487,.64732939,.64211059,.66194296,.65216935,.65103722,.64348,.71011084,.69649285,.64833689,.63815063,.66970098,.65207303,.66938972,.64473283,.71062642,.68991899,.70665491,.68318248,.71353292,.69664931,.78859681,.76781005,.76990306,.74130481,.83615369,.80754107,.93435949,.89973158,.86838651,.83877259,.97846133,.94820166,.85029483,.81986082,.76500463,.74664795,59110,51349,50659,54114,57163,60240,61793,61879,62920,64375,68420,70555,70749,70182,67271,66416,62940,57100,48564,42228,53540,46722,46575,49522,51703,55460,58938,60746,62459,64138,67220,68882,68858,66443,64717,63058,59284,53073,45852,39633
12200,Grand Rapids,1286045,26,Michigan,MI,78.597626,79.198853,80.48658,81.036995,80.144501,80.69416,82.617851,82.98645,82.971741,83.356766,84.391335,84.657303,84.771019,84.973389,84.741524,84.966553,85.383682,85.631676,84.971138,85.263474,86.941628,87.169891,85.506729,85.809334,86.811501,87.088341,87.156319,87.417763,86.754745,87.037849,87.298431,87.554764,88.090614,88.306725,87.278664,87.547096,88.955238,89.147377,88.016937,88.230087,73.259857,73.88739,74.323532,74.906136,76.585373,77.099464,77.594093,77.980629,78.11676,78.523224,79.545563,79.871689,79.663864,79.929451,80.965401,81.222366,82.345703,82.615097,82.064186,82.37912,82.654961,82.959312,83.963272,84.235321,83.358788,83.688042,83.647568,83.987709,84.705551,84.991913,84.537415,84.832138,85.624603,85.885002,84.766319,85.063782,86.455399,86.71434,87.800003,87.98027,.48191336,.46755275,.53139865,.51280707,.56310105,.54870611,.58147919,.56069428,.55162787,.53129917,.52471334,.50532252,.52032381,.50889552,.51817024,.50188452,.51064658,.49124107,.55469573,.53176332,.49896085,.47761711,.54928535,.52941751,.55226415,.528359,.52734059,.5036214,.60641634,.57992166,.61462164,.58697307,.58934325,.56227082,.75182855,.72057837,.62036556,.59376276,.72071153,.69169223,.36352539,.36580765,.40498519,.40713853,.45736343,.45445865,.46509939,.45906115,.4504908,.44633362,.45382831,.44583663,.4326382,.42638722,.46987122,.46234298,.45509139,.44221461,.44246298,.43324527,.48729265,.47750688,.47601709,.46511629,.51368028,.50273848,.5324136,.51816279,.51356447,.49944678,.55550438,.54026544,.57071704,.55463809,.64225584,.62264919,.68378085,.65797603,.57921213,.55675888,132258,115280,117614,129788,141432,150792,157644,164007,168096,175821,187696,196621,198485,195676,186158,172833,157213,138202,116230,112374,119386,105261,109842,120719,131916,145895,159102,166388,174158,183874,192745,196916,195734,188257,178402,165591,148190,131072,110925,106740
12501,Dayton,1179009,39,Ohio,OH,77.007149,78.070107,78.137779,79.045052,79.45311,80.087685,81.878029,82.434563,81.645775,82.237671,82.930389,83.48661,83.242157,83.78775,83.349525,83.873909,84.881157,85.330963,84.763695,85.223213,84.41272,84.873772,85.698982,86.078659,85.109818,85.502419,86.813957,87.126862,86.567154,86.911484,86.505463,86.870796,87.294731,87.62365,87.564461,87.880829,86.480263,86.795914,88.53315,88.647934,71.083878,72.203308,73.132866,74.037125,73.634811,74.33773,75.272408,75.929649,76.465355,77.109016,78.15773,78.78923,79.245575,79.835976,80.018669,80.562691,80.252899,80.779312,81.597458,82.094101,82.318649,82.778374,82.374832,82.822906,81.928986,82.383499,82.122177,82.561623,83.35955,83.782631,84.537888,84.937256,85.09433,85.473434,84.164078,84.578423,86.768364,87.029068,87.026688,87.226532,.45997518,.4547016,.46697724,.45988971,.4756836,.46915379,.46379665,.44747433,.49039444,.47709116,.48511451,.46617186,.46713337,.45135647,.48385718,.46804929,.47719505,.45557836,.4894467,.46713826,.52937871,.50770295,.49981505,.47711068,.55557632,.53212667,.52946675,.50596505,.56477946,.53916758,.59103292,.56587613,.62639463,.59744614,.62348247,.59123617,.83570701,.79994678,.71005881,.68619984,.33853197,.3490136,.35781205,.36652991,.35212126,.36173642,.36478469,.36743537,.36217129,.35766739,.36223778,.36333588,.3778052,.37719181,.42566681,.41865298,.4424741,.43423501,.45260194,.44053179,.48251483,.4685083,.50422138,.49381718,.51706868,.50426257,.49930745,.48684019,.55298972,.53783464,.57747871,.55501789,.60879284,.58846003,.63833159,.6142962,.61713666,.59252125,.66146702,.63255137,115062,115758,129598,145847,157631,167530,171570,170716,166850,167809,168010,165347,163525,162303,156643,148005,133788,118119,100238,77412,109953,107123,113009,125444,145204,159285,163695,162522,162156,162657,162517,161575,161057,158311,151341,141298,125625,109983,91351,70967
12701,Cincinnati,1954800,39,Ohio,OH,76.329483,77.500122,78.767052,79.733109,79.480598,80.190804,80.901222,81.574471,81.412224,82.019882,81.477425,82.054268,82.586426,83.145706,83.467598,83.977089,83.825829,84.285339,83.718086,84.150345,84.988228,85.416306,84.282471,84.790588,85.180626,85.639221,85.357857,85.806999,85.151009,85.573563,86.635307,86.96431,86.324722,86.673935,87.293755,87.587349,87.489967,87.690247,88.677368,88.792412,71.141052,72.303879,73.787796,74.783142,74.152855,74.893745,74.984749,75.698288,76.272324,76.929138,77.693863,78.287819,78.849121,79.43148,79.322121,79.870911,80.248116,80.752274,79.522743,80.010284,80.90712,81.397766,82.091087,82.584953,83.222969,83.673096,83.164093,83.614304,83.488808,83.898674,83.975204,84.365082,84.81971,85.17746,84.980629,85.338676,85.229698,85.499901,86.369621,86.585609,.3691785,.36977378,.4049913,.40149215,.40547317,.40308031,.41191667,.40307036,.39150819,.38284862,.40021223,.38806471,.3926836,.38001713,.39594933,.38242441,.38556328,.37101331,.43582532,.42430705,.42547923,.40751553,.45537084,.44003895,.45755011,.44172254,.46324101,.44113624,.50023991,.48282319,.47968301,.45950231,.53436679,.51473111,.50392133,.48097926,.54628867,.52719247,.48046967,.46743187,.26929444,.2825295,.31353694,.32057917,.32547623,.32977527,.30157918,.3064965,.31279144,.31666842,.330349,.33044931,.33297846,.32875574,.35735691,.35493186,.36895365,.36606038,.38451701,.38009322,.39167708,.38831678,.38417679,.37831816,.40271136,.39208686,.42080769,.41022566,.42600027,.41376454,.46930414,.45536092,.46816659,.45218363,.48001298,.46480003,.48822218,.47574162,.50119919,.48567301,187514,177846,187333,211109,235731,251947,259364,261092,260685,260013,262423,265514,269110,272807,274072,272342,264783,254311,252653,249275,187621,172288,175177,192080,208849,224198,236102,240329,242753,244321,250006,257557,263083,266695,266071,263968,256054,247732,246420,240048
12901,Lexington,525970,21,Kentucky,KY,78.765289,79.453644,78.807755,79.477745,79.482109,80.114914,81.226151,81.875145,80.670189,81.323509,82.752457,83.320656,82.596062,83.163582,82.427361,83.007019,82.733284,83.282578,84.545143,84.992996,83.73214,84.144608,85.754715,86.041962,84.301895,84.666359,84.841476,85.20153,86.960342,87.242805,87.749222,88.007118,87.208687,87.48497,87.108543,87.3843,89.80175,89.944778,87.775795,88.0364,72.910332,73.603088,74.579269,75.215424,74.638535,75.279175,75.944351,76.620064,76.245613,76.87632,77.866882,78.457344,79.402817,79.93277,78.785347,79.341911,79.697632,80.237183,82.164986,82.630844,81.69323,82.085953,80.394768,80.764557,81.37178,81.773788,82.936836,83.314507,82.816032,83.195221,85.05426,85.362183,85.014198,85.314598,85.033287,85.331947,86.167244,86.422638,85.81707,86.120468,.70775515,.68621773,.68444222,.66738933,.72618788,.7062906,.79362428,.75941193,.76422238,.73991835,.75960749,.72761291,.78168428,.74918783,.827223,.79548889,.83870804,.80715489,.81686699,.77889657,.85122174,.81876695,.82886243,.7978304,.87431431,.84261668,.91101074,.87507594,.8753112,.83526355,.85536224,.81414133,.90079159,.85867095,1.0099384,.97039258,.75649488,.72559923,1.010048,.96274197,.54050207,.5355894,.59455252,.58935684,.54420185,.54627347,.59119165,.58546185,.597188,.5932743,.63922012,.62958211,.66524673,.64888585,.67488468,.66216481,.71770406,.70608664,.75429529,.73013663,.75570256,.73460019,.77615666,.762155,.81995869,.8016423,.80796945,.78097892,.90085357,.87703031,.92747438,.89280653,.87213886,.83840203,.97366285,.9379732,.85125315,.81658661,.94249803,.9008078,58416,57651,59869,64556,67276,68689,69183,70746,71016,68871,68877,69644,69703,69838,69502,68001,66766,62572,57241,53097,54093,53708,56075,59749,61823,61982,62699,63240,62460,62871,64372,66276,67457,67765,66625,65602,64271,59636,54258,51178
13101,Louisville,1100767,21,Kentucky,KY,76.717743,77.696495,78.555626,79.406723,80.09671,80.782913,80.883995,81.479286,81.73053,82.389839,81.743088,82.332855,82.873802,83.371582,83.946777,84.472122,84.015533,84.495323,84.253258,84.716408,84.270256,84.755196,85.075752,85.486435,85.282021,85.656532,85.191811,85.559456,87.267746,87.563728,86.894104,87.236252,86.642372,86.99456,87.179604,87.478485,88.513733,88.778435,88.306679,88.507339,71.346375,72.349976,72.621246,73.515999,73.868759,74.63739,75.016251,75.681015,76.231567,76.934914,77.378342,77.982689,78.477043,79.028839,79.720367,80.299942,79.661301,80.202492,81.263977,81.754219,80.52774,81.062729,81.822151,82.292198,81.388954,81.832352,83.038574,83.42598,83.540176,83.931366,84.374046,84.762177,83.698547,84.093987,84.917351,85.257248,84.899361,85.270355,85.572708,85.846794,.4514747,.44598603,.45859173,.44757533,.51988119,.50927275,.50323039,.48955023,.49156529,.47375005,.51329291,.50001842,.48551035,.47250462,.48023781,.45907727,.50063592,.48088601,.51544446,.49130124,.56748557,.54190397,.55187881,.52725899,.61040473,.5893696,.62897658,.60678339,.55173266,.52612144,.58614564,.5596022,.66296476,.6317538,.71576554,.68176025,.66257936,.63221729,.68419236,.65310508,.32500392,.33622986,.3512598,.35579503,.35475284,.35923222,.38438848,.38987949,.36890969,.37573385,.40007919,.40071133,.42328954,.42148435,.44768658,.44107562,.46070671,.45247152,.47158021,.45937258,.48645946,.47892517,.52379858,.51030701,.52719969,.51786751,.52566642,.51303178,.5654006,.54860723,.58113158,.55981189,.60494453,.58355242,.68714529,.66476387,.69589412,.67054641,.68438888,.65379751,123515,118648,126133,144421,159235,161424,158342,154397,150791,152502,155968,158421,157317,156001,152984,151390,146423,135423,124486,124425,122623,115604,118972,133614,142224,144483,143680,142612,142398,145529,148430,149532,150290,149441,147521,145305,138944,128644,119699,119599
13400,Lima,260393,39,Ohio,OH,77.39167,77.858971,79.400864,79.832123,79.797226,80.340363,82.834229,83.193497,81.223198,81.743431,82.283661,82.829964,82.629539,83.149529,84.243721,84.686325,83.695824,84.206177,85.293922,85.681686,86.35141,86.69957,86.978348,87.284332,86.80896,87.14399,86.934517,87.26841,86.722412,87.078514,87.31012,87.669151,86.487686,86.871628,88.006927,88.314522,81.12883,81.246544,85.000954,85.326927,71.185631,71.705185,71.254829,71.767677,75.061325,75.637787,75.174805,75.622055,76.852982,77.348068,77.881592,78.421928,79.571266,80.073883,81.349487,81.792961,81.161636,81.65448,81.536461,81.990143,82.300133,82.700638,84.299065,84.663704,82.568993,82.985832,82.611008,83.026024,82.872154,83.303925,86.435173,86.726875,85.559669,85.906036,85.884277,86.181953,86.109001,86.22654,83.438599,83.840828,1.0451652,1.0197846,1.1184623,1.0915968,1.0677598,1.0400826,1.0065756,.96715534,1.0511253,1.0144945,1.0413017,1.0036187,1.0389555,1.0029868,1.0466564,.99570614,1.0817077,1.0349637,1.0026304,.95241469,1.0553362,1.0087862,1.0109252,.96018249,1.1619107,1.1021231,1.1753367,1.1114413,1.2627578,1.198544,1.4118558,1.3322805,1.6572461,1.5776324,1.978713,1.8841219,1.9725479,1.9457695,2.246628,2.1760159,.70520371,.70675784,.6937288,.69907463,.8485685,.85020411,.73831564,.73171049,.77457184,.76349205,.78737646,.78290725,.84087592,.82235175,.88831115,.86499542,.94074404,.91217142,.97277087,.950643,.96534932,.93939382,1.0075183,.96993685,1.1033863,1.0726992,1.1894172,1.1548141,1.269384,1.2334896,1.211858,1.156635,1.5658165,1.5056115,1.6795226,1.6196676,1.7958606,1.7588085,2.283685,2.2367253,21850,22798,27088,31813,34946,37804,38905,38703,38923,39889,40158,39847,40064,38815,36470,31777,24120,17857,13547,12823,20159,20050,22287,26558,32850,40143,44390,44213,42938,41664,41415,41314,40815,38200,34260,28764,21758,16118,12864,12058
13501,Toledo,834343,39,Ohio,OH,77.466957,78.359367,78.984703,79.710434,80.377548,80.765144,80.324005,80.805702,82.781136,83.223907,82.185265,82.676857,83.332932,83.782501,84.014267,84.414963,84.567436,84.917938,84.538589,84.910965,85.502464,85.824669,84.355156,84.717323,85.588493,85.953178,85.097046,85.510147,84.735054,85.170609,86.416885,86.768547,87.199272,87.50251,87.079048,87.38401,87.503738,87.705727,88.434822,88.521736,71.252464,72.157677,73.726791,74.463005,73.663849,74.104767,75.57518,76.067825,76.572853,77.093391,77.638931,78.127701,78.60022,79.067879,79.272522,79.720558,79.372932,79.798103,81.188194,81.58287,80.558456,80.966942,82.675606,83.003891,82.497528,82.880005,81.729622,82.153374,82.528702,82.943657,83.795288,84.172058,83.103508,83.491341,85.148651,85.445747,84.072052,84.364586,86.071053,86.243385,.54746264,.53763497,.60452002,.5886997,.62248486,.60746515,.62775022,.61344683,.6459263,.62192273,.63760269,.61695123,.63304299,.60955584,.59327221,.56719178,.60940266,.5850184,.65088147,.62489003,.61077243,.5841592,.67747027,.65179288,.67477059,.64472342,.72295684,.69053233,.75432456,.72284782,.68930203,.65907753,.70451331,.67194802,.77423388,.74148756,.81688917,.78430969,.90085459,.87730056,.4162752,.42566195,.45336545,.45411193,.4777185,.47658265,.49910581,.49961546,.45963797,.45691225,.48304325,.47844735,.49610692,.48922551,.5124172,.50595218,.51425236,.50652605,.54919463,.53417343,.55908281,.54890174,.57044137,.55620074,.58539736,.57274491,.58437032,.57257897,.64914793,.63622439,.64130908,.62198699,.68202692,.66400284,.68472636,.65841186,.7867021,.76257342,.94692135,.91883707,83493,80742,84889,92074,100189,106483,111122,111676,109883,112052,115031,116284,118220,118864,119855,118109,109147,94818,75445,63009,76521,71743,72541,76413,83113,96181,105827,106836,107710,112070,116354,119840,123596,123728,123041,116835,105923,89852,70651,59650
13600,South Bend,657906,18,Indiana,IN,77.286194,78.155884,79.513618,80.302887,79.575775,80.343956,81.624825,82.048698,81.853882,82.307343,83.599396,84.047226,83.13868,83.576843,82.427788,82.927643,82.236496,82.727798,83.902267,84.341423,83.778732,84.256577,84.443687,84.869392,85.647842,85.992416,86.467819,86.764671,85.959274,86.328117,87.228256,87.573425,86.839928,87.193001,86.652878,86.9935,86.900429,87.075928,87.326492,87.383026,72.192909,73.061264,73.738312,74.545959,73.822075,74.572113,75.215492,75.745583,76.036552,76.526878,78.073502,78.576195,77.781746,78.267334,79.535164,80.007683,80.454315,80.891609,81.186256,81.627205,81.396492,81.846703,81.846474,82.269951,83.731308,84.059364,83.822044,84.14917,82.538933,82.945885,83.600838,84.011475,83.96505,84.352852,85.553482,85.84626,86.242592,86.431038,83.944511,84.134499,.55965495,.54857302,.63840318,.62089777,.6671406,.65073079,.6746726,.65772569,.65912819,.63912314,.63089484,.6055612,.67607355,.64940304,.67615414,.65042955,.71376503,.68828267,.67422062,.64244717,.75897026,.72922856,.74706703,.71418184,.72572857,.69657135,.71860808,.68778682,.81926531,.78035998,.85407913,.81044114,.93531579,.88675117,1.0324619,.98490053,1.043141,1.0090188,1.1925126,1.1662284,.46570373,.4677169,.47970524,.48285645,.47166178,.48086387,.5036208,.50303149,.4830752,.48432249,.5423184,.53306407,.52292651,.5155915,.56562108,.55399138,.60828263,.59653956,.57359684,.56137657,.5949195,.5799889,.62243831,.60860127,.64303511,.62094963,.70065027,.68094617,.71771008,.69922298,.78765506,.76220489,.81919837,.79220527,.8503198,.81821138,.82643676,.80053717,1.1185548,1.094383,73697,73561,74900,82211,87895,87661,83728,81896,82962,86926,91370,91904,92471,90603,86824,81327,73320,62328,51087,48383,65668,62300,64480,71460,78810,83026,85697,87674,90052,92613,93150,93495,92111,88499,83886,76537,68120,56621,47258,45848
13700,Concord,372184,18,Indiana,IN,77.139908,77.729187,79.376762,79.969734,79.908234,80.374924,80.048538,80.533257,82.939079,83.428146,83.673981,84.053795,84.381531,84.543114,84.901283,85.193268,84.147964,84.560623,85.160728,85.54113,85.236275,85.573456,84.94809,85.271111,86.054237,86.326195,86.141983,86.42308,85.892136,86.22229,87.893959,88.142113,87.161354,87.416862,89.853775,89.924324,84.745888,85.189911,88.077599,88.355736,72.331154,72.903,74.22554,74.803535,74.950516,75.403839,75.159195,75.579414,76.41024,76.893799,78.37178,78.77018,79.32428,79.538994,78.789276,79.166344,81.316994,81.73674,80.687675,81.144173,80.609238,81.022766,81.088684,81.471291,80.148056,80.529266,82.246056,82.566765,82.70314,83.05677,81.992287,82.377037,83.86821,84.187889,85.813232,85.967537,85.102333,85.409889,83.3228,83.776413,.78943431,.77096397,.90203905,.8750906,.8904373,.85860866,.89605731,.87038642,.92304206,.8823263,.87567598,.83499521,.84750879,.81770158,.90521443,.8656733,.90612561,.86175257,.98106432,.93387699,.94552273,.89748979,.96363235,.92137122,.92586535,.88205856,.96052903,.91550952,1.1132684,1.067569,1.0870736,1.0305136,1.2243024,1.1689299,1.1925282,1.1543819,1.7827389,1.7205571,1.390388,1.3069551,.58938545,.58674824,.67955345,.67861885,.72485173,.7154848,.65244776,.6521861,.63969159,.63384986,.70490456,.6941123,.76376551,.74636841,.74646521,.73456115,.82249224,.79845065,.804124,.7864961,.78355116,.76363063,.89017254,.87484151,.83435595,.8264389,.94448686,.91800177,1.0202975,.99364662,1.1022072,1.073633,1.2685317,1.2281302,1.2665792,1.2288818,1.3554688,1.3029481,1.5384815,1.494259,37899,35856,38059,44346,50750,51921,51167,49223,49564,51036,54206,55102,52942,49601,44769,38090,32857,25930,20502,20505,33859,33777,36268,43505,49737,54729,55763,55648,56416,57227,56694,55486,52249,46707,41392,35350,29822,23372,19207,19452
14000,Muncie,415487,18,Indiana,IN,77.479492,78.078392,78.592453,79.216148,80.411491,80.995338,81.243202,81.814537,82.385323,82.835487,81.496826,81.858688,83.332825,83.788834,82.756165,83.259705,81.980591,82.526169,85.696457,85.994965,84.617432,84.979546,87.311996,87.606018,86.041832,86.412849,86.003906,86.404991,85.427277,85.842133,85.764847,86.162415,85.482544,85.89373,86.8395,87.175041,87.759811,87.97567,86.213554,86.474403,71.378685,72.038803,71.331299,71.967636,72.750061,73.380737,73.766632,74.368919,75.487396,76.010864,76.650101,77.100945,78.726463,79.234924,80.520844,80.992523,80.062035,80.552399,81.56916,81.961838,80.722122,81.124107,81.292259,81.745384,81.734116,82.192024,81.828697,82.289986,82.415459,82.848351,83.775246,84.149406,84.567604,84.926193,83.504959,83.903717,85.612198,85.821243,86.13826,86.38781,.71871853,.69229823,.74486375,.72557181,.71034795,.68749851,.78635466,.7620877,.77870393,.74646521,.80827779,.78231734,.7924819,.75843233,.84524304,.8087042,.86859798,.84148079,.7298612,.69527894,.87728721,.83853924,.79425353,.75173485,.82912558,.78555107,.92705172,.88498366,1.0162759,.97200167,1.0805005,1.0298802,1.165054,1.1140057,1.0934423,1.0398846,1.3150824,1.2662545,1.9017351,1.8293401,.55291235,.554142,.49640384,.50733519,.54174685,.55181247,.55255604,.55235964,.57854307,.57920653,.55964249,.55747855,.63798767,.62734973,.69721496,.6851216,.72137558,.70345128,.70879877,.68566632,.72792208,.71595943,.78989148,.77168274,.80765569,.79138696,.80539221,.78600299,.87902987,.85718203,.89006376,.86144215,.91216052,.8786568,1.1138492,1.0795531,1.1517854,1.1222779,1.5352654,1.4749702,44740,46824,50059,53598,54637,55295,54659,53978,53239,54879,56890,57130,56414,53326,51314,48086,43125,35533,24856,16410,40548,39622,40713,43509,48908,54832,54723,53935,55279,56825,56803,56505,54482,51544,48801,45329,39996,31229,21221,14939
14100,Fort Wayne,557161,18,Indiana,IN,76.05587,76.907051,77.680313,78.439491,80.838165,81.382881,82.925079,83.482414,82.234207,82.636177,82.890228,83.214859,84.015213,84.298317,84.586143,84.960838,84.799423,85.175354,85.33326,85.660042,85.529274,85.8433,84.613983,84.987762,86.568596,86.874321,86.57843,86.896469,86.648048,86.932144,86.76709,87.041153,87.249641,87.528015,86.118614,86.481934,88.901978,89.01651,90.47892,90.552391,72.654587,73.488495,74.31987,75.013474,75.506065,76.054977,75.810577,76.445724,77.484505,77.92675,78.324997,78.6688,79.130081,79.499802,79.789429,80.227592,81.508133,81.913673,80.44191,80.861046,81.232819,81.645439,81.41008,81.814659,82.980797,83.360001,81.947052,82.371521,83.9795,84.302101,84.195953,84.507477,84.795906,85.109047,83.843559,84.244827,86.91523,87.076363,86.728035,86.890091,.66705763,.66339093,.69896567,.68955308,.76750171,.74228555,.76057309,.72478867,.71875364,.69529724,.72855365,.70458877,.70181984,.67808479,.72828591,.69787794,.77953964,.74420464,.73496765,.69939023,.74454647,.710361,.83519959,.80291063,.7391119,.70300519,.78388017,.74771351,.80169016,.76806372,.87276024,.83781201,.95241803,.90865999,.99134666,.94518995,.88676149,.8584007,.89499193,.86661398,.55291438,.55645031,.61951971,.61935335,.61954403,.61362684,.60065114,.59580779,.62666935,.6135149,.63310534,.62479186,.6202625,.60987175,.65504867,.6416868,.67307431,.65514195,.66018951,.64508152,.67597926,.66593814,.71267694,.69990832,.71838355,.69557273,.75550765,.73899615,.78001887,.75380969,.8391282,.81378359,.89405972,.8622753,1.0229751,.99316043,.94817007,.92115247,.96831274,.93354815,52631,51194,54784,64419,71516,73810,72874,72903,73698,77947,82934,86070,86842,85239,81193,75649,66708,57359,45755,43224,48979,45731,50604,58126,64628,69108,73133,76105,79016,82692,86440,87597,87610,82759,77696,70757,61738,52700,42237,41734
14200,Indianapolis,1507346,18,Indiana,IN,76.769623,77.821648,78.700981,79.644119,79.897758,80.722412,81.135796,81.793152,80.949402,81.541985,82.005943,82.565948,82.491402,83.030739,82.663185,83.046875,83.979454,84.325279,85.382004,85.756935,84.203606,84.659531,85.255341,85.663368,85.657219,86.030815,84.370934,84.811943,86.442871,86.816292,85.625877,86.075317,86.906815,87.270638,87.837723,88.123634,88.313644,88.597351,88.503441,88.643944,71.313049,72.322777,73.173172,74.103065,74.083313,74.936989,74.449265,75.153404,75.712265,76.346954,76.640831,77.23671,77.914276,78.498314,78.449387,78.906113,78.894951,79.337952,79.931923,80.421875,81.645287,82.109879,81.831932,82.291382,82.438744,82.870369,82.060371,82.505249,83.630493,84.058372,82.848709,83.329605,84.018669,84.441322,84.456551,84.838318,84.673317,85.075272,85.61042,85.891205,.41558269,.40994483,.45076951,.44434226,.47777414,.46851897,.46973917,.45734349,.46136326,.45076802,.47177386,.45828429,.46751979,.4518137,.4593063,.44562879,.4519642,.43708771,.47006747,.4507243,.51484466,.49282759,.50039208,.47954342,.46492422,.4454836,.55528975,.53845793,.48166963,.45804137,.53044468,.50734425,.50648248,.48179668,.51946062,.49678507,.51198995,.48784781,.49977106,.48319507,.294604,.30436161,.3666757,.37700111,.3592841,.37053767,.34204185,.3491357,.37279171,.374024,.39080501,.39109656,.40091416,.3991892,.41397971,.41079295,.41814947,.41220051,.4200291,.41293371,.4419961,.4303402,.44909379,.43859968,.46158686,.44980791,.48395142,.47526446,.4611361,.44843507,.46415767,.45038009,.46915928,.45240149,.48230064,.46625975,.51956642,.50283504,.54923725,.52989727,155105,147236,150504,168716,185784,194591,196978,194924,192226,193324,199641,207632,214167,219244,224856,232041,237203,235894,221014,212452,145789,136804,136339,148936,157078,164168,171634,175223,177695,184672,193052,201045,207888,215581,222167,228408,231654,229414,214193,208441
14400,Terre Haute,261832,18,Indiana,IN,76.232826,76.715126,77.144928,77.673477,78.007469,78.615631,79.533409,80.090729,79.708549,80.300453,80.331894,80.878242,83.624496,84.015419,82.767441,83.24456,83.333885,83.78598,84.072403,84.516335,81.203575,81.748901,84.164818,84.580673,85.427078,85.773102,84.794617,85.206291,86.303177,86.565964,87.555939,87.722374,86.638496,86.835922,87.957954,88.111145,86.114021,86.470169,87.732758,87.655968,70.304047,70.818268,73.002258,73.550858,72.527077,73.128975,75.489288,76.039085,75.552574,76.110855,76.846344,77.354546,78.660858,79.146187,79.195763,79.671349,80.92749,81.385315,80.38443,80.839821,80.766388,81.193268,80.719551,81.179199,83.166801,83.547119,85.060326,85.370949,81.426109,81.812386,84.618034,84.89193,84.153831,84.417511,85.774574,85.968575,84.970871,85.213631,86.596519,86.641914,.85513777,.83659071,.84959668,.8307839,.88263023,.86234504,.91403836,.89274055,.95717072,.93430692,.93397593,.91204083,.96040857,.91187948,1.133062,1.0913438,1.0743594,1.0285988,1.0880607,1.0398982,1.1685659,1.1409743,1.0984466,1.0526381,1.1469922,1.0919453,1.3863556,1.3295959,1.2217579,1.1724436,1.217607,1.1737695,1.415151,1.3616197,1.5207711,1.4629664,2.0631032,1.9782804,2.0989654,2.0718579,.59224534,.60011852,.72674441,.725541,.6469689,.65732902,.76895171,.76177639,.74308413,.74248123,.80396014,.79741514,.88103622,.86963063,.85625786,.84044665,.88436186,.86084527,.83221948,.81578314,.88129783,.85950285,1.0477241,1.0309327,1.0092689,.9749645,1.0359998,.99665022,1.1626265,1.1386231,1.3708916,1.3289698,1.3119658,1.2709111,1.3613611,1.3130676,1.4723659,1.4232998,1.9864672,1.9493101,28843,29710,30398,32073,33574,34282,32996,33036,33505,35696,37248,37572,36129,34994,32766,29382,25337,19843,14252,11056,25705,26169,27282,29532,32624,33363,34848,35770,36858,38397,37905,36707,35602,34067,31078,27088,23054,17406,12899,10139
14500,Lafayette,347966,18,Indiana,IN,76.617027,77.379326,79.030357,79.663338,81.765907,82.177025,78.190002,78.757881,80.55175,81.079056,82.056778,82.451569,82.764168,83.135498,82.883377,83.278549,84.454063,84.755417,84.961472,85.28373,84.767433,85.10112,84.87574,85.185944,85.144501,85.495804,85.685471,86.0252,88.020721,88.254646,85.894745,86.276703,89.897049,90.057556,86.508667,86.833702,88.423882,88.213303,89.721619,89.608093,71.663391,72.437447,71.863594,72.513191,75.025635,75.445145,74.170029,74.622711,76.608612,77.082161,77.986816,78.362099,77.706718,78.12146,78.924835,79.333626,78.469704,78.88504,81.382919,81.775368,80.794853,81.20845,80.779472,81.173668,84.2827,84.576675,82.980797,83.335136,84.768776,85.092148,84.597572,84.965073,85.340385,85.639191,86.58474,86.7901,86.357018,86.234604,85.942589,86.034889,.81179357,.79430372,.89012873,.86529136,.92799646,.8877216,.77843451,.7772193,.94983029,.92894602,.96085346,.92386419,.95995128,.92034018,.98851544,.94820452,.87502921,.83815795,.90024334,.85948205,.96234417,.92045373,.97919309,.93097192,1.0759108,1.0317476,1.1445012,1.0935445,.89886719,.84966654,1.1495477,1.0966077,.82309061,.77635038,1.4374528,1.3759928,1.4020095,1.413492,.91432226,.91971642,.66034687,.6657719,.61983889,.62792718,.76822722,.75608325,.66590446,.66250092,.72739834,.71741843,.76772392,.75021595,.77620649,.76882076,.80790156,.79891384,.81110996,.80461258,.83426481,.80973905,.86859542,.84804404,.8875398,.87243211,.8897689,.85808307,1.0066367,.97497016,.98025131,.9389624,1.0891705,1.040218,1.0093883,.97060168,1.0441382,1.0001432,1.4116404,1.4033064,1.4799778,1.438668,32466,31978,34576,39085,41217,41608,40537,39882,41810,43857,47139,48001,48005,46751,45041,42054,37013,30521,24660,19907,28227,28084,30161,34464,38123,40277,41946,43827,45642,47816,48602,48462,47816,45171,42375,39483,34135,27268,22592,17957
14600,Bloomington,280923,18,Indiana,IN,78.198097,78.65464,80.285248,80.721642,82.47982,82.87738,81.248955,81.732323,83.093918,83.317101,82.150414,82.615669,85.130966,85.426697,85.393661,85.709084,85.097023,85.43647,86.832458,87.104218,83.734314,84.123055,85.261452,85.511963,86.163292,86.439697,84.90078,85.22776,86.498558,86.811264,84.578362,85.021957,86.396667,86.70916,87.379608,87.577888,87.10276,87.433815,88.373238,88.62458,71.251305,71.689255,74.837669,75.301987,74.335381,74.84436,76.176224,76.645813,76.676971,77.060043,78.214478,78.654366,79.254158,79.668182,80.05648,80.486877,80.071472,80.528465,80.381149,80.863777,81.361412,81.766891,81.350273,81.690666,81.813377,82.186386,81.847084,82.241417,81.211967,81.639809,84.37439,84.725471,81.409615,81.845543,85.322189,85.576866,85.065636,85.486839,87.042595,87.306152,.89765006,.86503142,.98393089,.94492,.9966827,.95385158,1.0260078,.99578017,.99342477,.96183211,1.1200894,1.0773804,.95265466,.90729058,.99411184,.94685155,.95007694,.90008169,.91417104,.86532676,1.2816004,1.2326099,1.2040277,1.158775,1.1895546,1.1410818,1.151358,1.1035385,1.3084083,1.2466925,1.6272377,1.5681779,1.5713199,1.5053674,1.7715307,1.7092447,1.507805,1.4249656,1.6565133,1.565514,.66099477,.65307218,.76785624,.76120472,.67766416,.67498529,.80284977,.79300421,.76451862,.7559284,.82550305,.81113309,.86265725,.84211719,.92854577,.90737706,.91075855,.89060879,1.0180453,1.000873,1.0477577,1.021691,1.0226375,.99524385,1.0525113,1.0252115,1.1073568,1.0816234,1.0670811,1.0449296,1.1621755,1.1167747,1.3730805,1.3528938,1.4532119,1.4067422,1.5505747,1.4840637,1.6049585,1.5287881,27589,28110,29767,32773,33925,34619,33946,34548,35270,36226,37094,36472,36564,34884,33196,30820,27678,23684,19278,15795,24276,26629,28243,30709,34150,34700,35118,36194,36714,36980,36950,37405,35730,34567,32151,29182,25136,21414,17429,14149
14700,Evansville,388604,18,Indiana,IN,77.960281,78.571671,79.40155,80.003563,80.480194,81.077461,81.952499,82.494209,82.330193,82.768044,82.991447,83.438148,84.158463,84.505684,82.609474,83.12439,83.224823,83.710068,83.232758,83.736237,83.510628,84.043983,83.290657,83.811256,85.69957,86.070648,86.458282,86.793999,85.65979,86.026344,87.122307,87.405968,85.041962,85.421349,85.726501,86.045113,88.363815,88.402054,88.05455,88.290077,71.166046,71.842674,72.928543,73.584648,74.423973,75.05397,74.811897,75.41568,75.979233,76.472885,77.586212,78.071495,77.250984,77.725243,81.954651,82.375969,79.370735,79.854004,82.268021,82.691246,82.113602,82.577225,83.356117,83.763687,82.562912,82.988754,83.450912,83.838432,83.643272,84.012863,83.147232,83.499573,84.503136,84.824432,83.040176,83.391594,85.959373,86.082306,87.04174,87.31031,.78122997,.75825071,.79614675,.76778948,.85745716,.82947552,.89562482,.85439885,.83541405,.80747616,.81969768,.78433943,.78369254,.74619454,.91073465,.87318975,.92588592,.89084595,.95223987,.91666424,1.0047125,.96127003,.98514962,.94797337,.92205465,.87859631,.94741321,.89905709,1.0589458,1.0144309,1.0426381,.99579465,1.2365564,1.1901923,1.4881896,1.4377091,1.2751403,1.2477777,1.342639,1.2797543,.62984097,.63056207,.61566705,.61665928,.66957951,.66533542,.64054155,.64123368,.65084779,.64956671,.70354229,.69416136,.6562072,.64970547,.73968691,.71180737,.70353699,.69206059,.76515388,.73273206,.79582942,.77347213,.76660317,.74095047,.85839802,.83293545,.85283613,.83045387,.93491793,.90550244,.94420028,.91299731,1.0936627,1.0593609,1.2346789,1.2049298,1.2940906,1.2624807,1.2973059,1.2408618,37798,37374,40246,46656,50306,50335,49671,48514,50962,54102,59637,62862,63205,62064,59722,55582,48924,40045,31714,31609,33902,33890,36453,40741,45465,49175,51990,53982,56144,58621,62708,64158,62975,61654,57536,52091,45234,36997,29546,30308
14900,Gary,675971,18,Indiana,IN,77.721367,78.562187,78.963257,79.639496,80.382919,80.782585,81.338516,81.729256,81.954628,82.319626,81.741562,82.265175,82.456192,82.828331,81.999695,82.40731,82.668709,83.122475,82.876045,83.334328,84.520317,84.863113,84.455978,84.776398,84.166512,84.482727,84.8675,85.141457,85.420517,85.723785,84.736084,85.075645,85.212952,85.548103,86.124817,86.422493,87.030479,87.259964,86.811501,86.801926,71.03669,71.833588,71.957489,72.668243,74.212013,74.632256,74.339737,74.73851,75.251717,75.638771,77.035866,77.557098,76.870445,77.23362,77.730339,78.098389,79.294754,79.685791,80.178894,80.533882,80.605721,80.938957,80.406418,80.721169,81.579239,81.848938,80.962029,81.24144,81.782295,82.062073,81.399826,81.705788,83.273033,83.542076,81.921066,82.2314,82.817329,83.130554,83.481163,83.596664,.61920232,.61030233,.65091783,.63963801,.64489079,.63258404,.67902029,.66391832,.6849848,.66531867,.68385124,.66296428,.67744958,.65875846,.71408069,.69277811,.71624219,.68894929,.74859118,.71905762,.72213334,.69045895,.66614276,.64018309,.71564907,.69261026,.67125839,.64579034,.72186422,.69413406,.69733465,.66798025,.76809293,.73777443,.84496748,.80989105,.89723623,.85736907,1.1883134,1.1709186,.46937609,.47122175,.46973169,.47099209,.55563414,.55004203,.51166117,.50924593,.51422185,.51074815,.55931103,.55524576,.55629784,.54998523,.56316727,.55428255,.60871357,.59656972,.55348551,.53897095,.618761,.60442072,.58122015,.56879401,.57096702,.55901778,.59267122,.58017683,.60368568,.59063256,.6226241,.60937369,.67707264,.65957201,.75744218,.7417022,1.0083046,.98245579,1.0714285,1.0486025,68848,75538,75212,76314,78609,79185,76566,76974,79425,84833,90887,97579,101116,104308,107417,107691,102577,88621,63595,45284,53407,55603,56786,57492,61459,64278,68629,73791,80969,89915,98454,104063,108707,110043,109473,107317,99461,81836,57887,42825
15000,Canton,700866,39,Ohio,OH,78.030342,78.64357,79.807907,80.376167,82.211472,82.738976,83.356102,83.85276,83.417854,83.903603,83.737259,84.187241,84.472496,84.83493,85.186729,85.541634,85.645302,86.011086,86.127068,86.470886,85.735939,86.100235,85.686897,86.088318,88.085846,88.340897,86.978722,87.286423,87.338432,87.649529,86.345367,86.735794,86.43808,86.797333,88.944321,89.127838,89.865463,89.986145,88.84893,88.958275,72.333435,72.98967,74.513435,75.115318,75.150276,75.761742,77.410217,77.970131,77.819229,78.370697,79.085518,79.572189,80.061356,80.485405,81.515877,81.93615,81.596352,82.050652,82.341492,82.747337,82.080063,82.504532,82.377121,82.827255,82.164314,82.591164,83.168327,83.553886,84.851494,85.199089,85.0289,85.379837,83.567421,83.97538,86.331306,86.58123,85.050529,85.360809,86.179321,86.357681,.58867323,.57183921,.61420596,.59985328,.59576964,.57489723,.61219579,.58527851,.58429456,.55826193,.6025489,.58001435,.56270629,.54072475,.58979291,.56762636,.60489243,.57398009,.64544684,.61265826,.61512417,.5860343,.70271987,.67229724,.61305094,.5820632,.77576399,.73980373,.80017591,.76024175,.94490278,.90010089,1.0405239,.99144632,.88308179,.84242213,.79100764,.75879747,1.1511635,1.1159784,.4514848,.45746973,.46707758,.4666324,.45409474,.45316339,.48168278,.47706473,.44671547,.44448704,.47836956,.47194681,.52096862,.51477993,.5364207,.52737671,.58123702,.56310189,.58276737,.56641102,.6022132,.58863991,.68105412,.65690368,.67811,.66346043,.73133528,.70985419,.77587998,.74766213,.82734811,.793639,1.0982529,1.069314,.90520024,.86795253,1.0787144,1.036757,1.0408967,1.0052117,73220,78828,94178,105982,110207,110631,109162,108184,108208,109670,107849,102733,98337,91155,81865,70815,56652,45130,40250,39886,65226,68528,77778,89301,103395,113446,117303,117680,114562,110682,106699,101231,95758,86507,76251,63523,50372,41508,37685,37611
15100,Lorain,423702,39,Ohio,OH,76.724922,77.150963,78.692543,79.037651,81.384621,81.460487,82.65007,82.978561,82.92012,83.228416,83.279915,83.647293,81.836441,82.331177,82.774994,83.148384,83.999512,84.30394,83.293266,83.650414,84.710411,85.051308,84.874893,85.221634,84.475456,84.8573,84.571251,84.972198,84.345474,84.782265,85.481087,85.892838,87.495789,87.81649,88.358704,88.610809,89.936188,90.131462,85.460762,85.265953,70.861664,71.364326,73.657959,74.00602,73.827888,73.975616,74.99334,75.369865,76.707726,77.05146,77.538887,77.951431,78.841797,79.298729,81.295624,81.625351,79.931244,80.286995,82.193954,82.503815,81.065681,81.444603,81.772202,82.150192,83.102654,83.45784,83.728996,84.082817,82.730698,83.129684,82.660027,83.07299,84.637657,84.965485,85.800568,86.122375,84.59079,84.978745,86.383705,86.366249,.74226767,.72314376,.81310952,.79513001,.75187725,.73391992,.77105421,.73712492,.78979385,.75954705,.80713987,.77653098,.82264441,.79915822,.82704473,.80088788,.7935968,.76316768,.86357522,.83251888,.81708264,.77935797,.81323332,.77911317,.93327343,.8923257,1.0383908,.99729764,1.0809555,1.0396366,1.0884734,1.0400677,1.0559709,.99858713,.98129046,.92411488,.97664201,.91855323,1.6432247,1.6216995,.53075856,.53324091,.63857782,.6327545,.58576822,.57623422,.62159079,.61840367,.61414778,.60513562,.58251542,.57702678,.61309534,.6066826,.69021547,.67703915,.67828667,.66145825,.69224119,.67272425,.71774256,.70127022,.7414453,.72260749,.7397002,.71918941,.79366767,.76902312,.93031877,.90549314,.98566633,.96614528,.86191428,.82692003,1.0038077,.95965117,1.2344253,1.1900299,1.2166349,1.204332,43122,44171,49275,54891,59518,62980,65049,65982,66152,67828,67745,67292,66497,67562,65047,59096,51662,43432,34729,26834,38277,37969,40122,44641,51187,59282,64938,66945,67777,68069,68934,69111,69378,67901,63081,57233,48180,40160,32658,25430
15200,Cleveland,2661167,39,Ohio,OH,78.002861,79.204712,79.617622,80.620934,80.924934,81.657227,81.946396,82.637817,82.892853,83.547997,82.432053,83.028107,83.556473,84.084717,84.314766,84.851768,84.288513,84.791924,84.614861,85.105751,85.004135,85.474274,85.433281,85.860344,85.259384,85.724709,86.288589,86.713127,86.426033,86.829346,87.122269,87.476959,86.428459,86.807755,87.633247,87.929962,88.464401,88.665199,89.287743,89.394051,72.299088,73.5196,74.386406,75.415077,74.910286,75.735184,76.347923,77.130127,76.907791,77.658592,78.11969,78.756775,78.673607,79.275352,79.862198,80.460625,80.983078,81.518906,80.840866,81.378143,81.893021,82.393982,82.303062,82.762207,82.667374,83.148544,82.655563,83.148094,84.113419,84.538734,83.989441,84.404846,85.393463,85.752182,85.108376,85.466019,85.724625,86.018219,87.266144,87.450333,.31052426,.31957105,.33753738,.3367222,.33801198,.33241472,.34427667,.33700666,.34615111,.33648089,.34382144,.3366293,.33693808,.32858801,.32130155,.31183559,.34389925,.3311556,.35223064,.3375313,.34423241,.32927302,.37551326,.36033669,.37379727,.36042663,.38191113,.36266777,.41127625,.39218408,.40928397,.39142215,.45022783,.42816404,.42403004,.40555814,.42329723,.4083569,.37415066,.36334273,.23256984,.24504696,.25956863,.26864019,.26015913,.26790765,.26933375,.27029195,.26685447,.27459612,.28223357,.28056327,.27634239,.27812684,.29128796,.28654444,.31584778,.31389037,.32525745,.32207975,.32175693,.31672212,.33454961,.32734936,.34121898,.33231029,.35293689,.34719467,.39691424,.38504198,.38739648,.37458146,.41122493,.39725265,.4334498,.41948283,.45685652,.4416503,.39831197,.38356704,292128,278623,289082,323091,354815,377591,382929,384124,378849,372474,367572,365118,355720,348696,339645,325873,299567,274280,259444,278979,282255,257691,259184,278594,299370,325733,344753,352774,351236,348589,346191,345144,341170,335609,324909,306516,281737,258766,247987,269377
15900,Columbus,1663807,39,Ohio,OH,77.754539,78.718239,78.628151,79.481522,80.555397,81.304321,80.711632,81.277405,81.254631,81.71093,83.196053,83.711174,83.482101,83.902596,83.534386,84.007935,84.427567,84.866173,84.662674,85.049927,84.778038,85.207184,84.478157,84.958603,85.379677,85.739975,86.212563,86.506195,86.789917,87.068405,86.987984,87.279037,87.718369,87.973206,87.53875,87.81591,88.435593,88.611275,88.7034,88.747787,71.980881,72.974228,74.3433,75.232201,74.793442,75.600517,75.122101,75.771614,76.608559,77.150307,77.380051,77.989388,79.394447,79.891113,78.998734,79.546799,80.602173,81.110672,80.209412,80.690788,81.750656,82.222588,82.548637,83.028419,82.105705,82.543396,83.376244,83.750183,84.354073,84.700485,83.956772,84.324768,84.790604,85.141167,85.320915,85.674667,85.80336,86.061508,86.241783,86.417961,.40697962,.39898911,.44001558,.43234122,.45925456,.44592392,.44871533,.44016564,.44725594,.43779486,.40355119,.39162338,.43670437,.42234308,.43154797,.41616601,.42578983,.40917587,.44215798,.42737356,.46767691,.44940081,.48489088,.46867013,.47446361,.45677364,.46875402,.44895163,.47601855,.45740107,.50973201,.48787054,.50146931,.4793981,.53469396,.50970811,.55067962,.52940196,.55703658,.5507378,.30543137,.31280679,.36715201,.36929485,.3271057,.3338019,.32157189,.32755119,.33722073,.33961228,.34598148,.34666595,.36754021,.36049575,.37556142,.37567383,.38871694,.38134941,.39857486,.39621261,.42079043,.41078976,.43852389,.42458895,.42652103,.41466746,.44960222,.43526033,.44931889,.43612191,.48247695,.46468624,.53989935,.52079535,.5574351,.53632754,.50953215,.49056903,.56385368,.54952669,161741,156480,164938,184700,207042,228156,241176,244573,241694,235142,234117,235341,234908,231491,229356,224388,216373,206749,196122,189917,164045,156034,160819,176767,192416,209539,218473,216394,214644,213692,216022,219508,221775,221955,220170,216276,209269,201777,194009,187895
16000,Mansfield,326186,39,Ohio,OH,78.226364,78.918671,79.425514,80.064613,81.860497,82.369194,81.805344,82.267418,83.60743,84.069252,82.390213,82.902512,85.27565,85.615906,83.537285,83.95298,84.419937,84.839386,84.352829,84.749832,86.036156,86.34285,85.749031,86.105301,85.745087,86.135414,86.823853,87.165367,86.126701,86.494987,86.787811,87.110748,87.466431,87.740913,88.684425,88.916557,87.812813,88.028625,90.769974,90.74707,71.833275,72.686455,73.253571,73.956802,73.927704,74.511665,75.760048,76.266045,77.246025,77.795219,78.940964,79.451248,79.215378,79.684921,79.147972,79.592369,80.64592,81.082565,82.730217,83.101357,80.290497,80.73127,81.436378,81.85965,83.210236,83.599525,83.353004,83.754799,84.195755,84.55732,82.891312,83.281212,83.940842,84.294014,85.760864,86.034523,82.751282,83.077782,88.846672,88.914436,.8555187,.82731003,.8711158,.84352314,.88887346,.84859687,.86466622,.83011222,.86157399,.82473892,.87777245,.84015483,.75065202,.71350712,.91310066,.88208288,.97039711,.93008375,.97399104,.93178988,.8788743,.83824265,1.0257784,.97870618,1.0643485,1.0116038,1.0407605,.9850359,1.2248564,1.1661454,1.2769506,1.2178943,1.2335371,1.1707118,1.2784402,1.2097554,1.7881836,1.7117019,1.2013175,1.1790915,.63585746,.63779318,.65480608,.66346234,.63278967,.63077432,.66762412,.66078651,.66072285,.65648937,.66994482,.66099507,.67547369,.66487336,.72368312,.70945084,.77534968,.75798291,.85163659,.82833612,.88659066,.87658536,.89089531,.87574774,.91396797,.88235545,1.014731,.97840577,1.1385375,1.0993408,1.1953995,1.1570439,1.2669067,1.2288545,1.2437623,1.1958145,1.8821578,1.8444519,1.5926999,1.5465208,32052,35511,42578,48091,50249,50110,51124,51107,50168,49272,47049,45550,43610,41342,36766,31932,25605,19396,14462,11747,29598,32425,36472,40110,46345,51532,54802,54039,52238,49973,47555,45742,42203,38845,34189,29381,23260,17216,12636,10832
16100,State College,310658,42,Pennsylvania,PA,81.566956,81.861382,81.99778,82.417656,83.592186,83.988907,83.07061,83.443954,83.140862,83.566528,84.888206,85.248589,84.363739,84.744629,85.732986,86.063576,84.435196,84.842247,84.61792,85.004486,85.093102,85.456703,86.705719,87.007996,86.920898,87.253571,87.450485,87.777855,88.495827,88.71051,88.109779,88.274353,88.070969,88.323555,89.044189,89.30246,89.241653,89.310486,90.054695,90.048347,74.769989,75.218468,74.459335,74.956703,76.249107,76.731178,77.975281,78.372055,78.937019,79.394371,81.182877,81.583305,80.095871,80.515938,83.434471,83.786079,82.092354,82.482101,83.160088,83.472847,81.314842,81.685631,84.702248,85.00367,83.758415,84.123421,84.041824,84.402565,83.935699,84.250992,85.968445,86.179283,86.251534,86.457703,86.862,87.132408,87.815765,87.96537,83.835129,84.291451,.85928005,.82250398,.98792356,.95279568,.98239678,.93690318,1.0166779,.97430283,.98566568,.94832808,.95396239,.90765244,1.0400859,.99535185,.9740445,.92405438,1.0468036,1.0021747,1.1279736,1.0839529,1.2009326,1.1495222,1.1528274,1.0955037,1.2098556,1.1531365,1.2248136,1.1656148,1.2253662,1.1653787,1.1044869,1.0618383,1.7881322,1.711575,1.4829922,1.3979673,1.545988,1.4994658,.98198521,.94862312,.75562257,.7396031,.71806461,.71156365,.77715802,.77084631,.83551902,.82521802,.80365551,.79046601,.88030279,.85137284,.83422548,.81705546,.82870531,.79466105,.85236698,.8270486,.93715763,.91186923,.99736744,.97833556,1.0103148,.9775393,1.1042105,1.0687189,1.2203951,1.1813203,1.236088,1.1981519,1.2676945,1.2315499,1.1567613,1.1216118,1.2968544,1.2400727,1.3802099,1.3301547,1.8622186,1.8043302,27137,30602,33615,34963,35945,37037,38462,39628,41433,43455,44449,43575,40937,37798,34786,31290,27346,24117,22610,18887,23764,27798,31142,34512,38614,42052,44074,45740,46251,46060,45660,42520,39560,35801,32672,29163,25215,22770,21035,17081
16200,Altoona,411749,42,Pennsylvania,PA,79.819107,80.224991,81.407166,81.865143,83.250267,83.675285,84.327057,84.685219,83.808052,84.198524,85.615906,85.95665,84.298439,84.718872,84.567688,84.978661,85.36219,85.744194,85.26281,85.631332,86.616707,86.959991,85.863396,86.259666,84.281937,84.749649,88.027122,88.303406,86.420944,86.79747,89.098396,89.350357,86.134636,86.496048,88.123039,88.314377,89.684792,89.790169,87.829346,87.583641,73.41468,73.958847,75.531563,76.046928,75.551079,76.037003,77.605469,78.061089,78.883499,79.320862,79.80455,80.264351,80.121109,80.608078,81.285583,81.703873,82.616585,82.982506,83.034081,83.406494,83.966446,84.3228,83.462189,83.850052,83.162804,83.570267,83.209877,83.609001,84.018379,84.386887,86.403656,86.682762,84.37545,84.711578,83.204506,83.524048,88.294533,88.460175,86.113464,86.138657,.71231496,.68450618,.75018454,.72427052,.74504131,.71354532,.70804125,.67687392,.80807012,.77207768,.7349388,.69660974,.8088389,.7711885,.88108289,.84135211,.92946607,.8879956,.87469065,.83817053,.87683231,.83649361,1.016907,.96952802,1.1117071,1.0666759,.99937797,.94843662,1.2888794,1.224152,1.2154564,1.1466343,1.5394375,1.4699905,1.6057611,1.5416069,1.2518805,1.1998993,1.5166893,1.5336297,.53891748,.53606784,.53999811,.53518784,.52716333,.52798885,.56541175,.55981696,.61956716,.60917246,.61544311,.60314178,.65641785,.64415234,.65415961,.63303155,.66800058,.64765298,.71710426,.69568622,.80719811,.77895987,.86545134,.83371919,.99357742,.96426702,1.0169392,.98138916,1.0999881,1.0600778,1.1185863,1.0699918,1.3908266,1.3444867,1.6646395,1.6257182,1.2556757,1.2045658,1.6301541,1.6009294,43699,51609,57649,60232,60713,59284,57673,59643,63357,67477,68450,63459,57121,50743,44376,38368,31054,23232,18139,17952,40076,48064,54604,58618,62373,65012,66679,69973,71421,70596,66564,60337,53023,46973,40592,34625,27723,20710,17239,17175
16300,Pittsburgh,2561364,42,Pennsylvania,PA,77.918373,78.725037,80.370483,81.061279,81.485947,82.089157,81.33606,81.935417,82.959572,83.472809,83.649025,84.144516,84.373886,84.786568,84.335075,84.76355,84.82888,85.266487,84.890137,85.33078,85.087906,85.517685,84.983673,85.423866,86.04528,86.414543,86.399879,86.752472,86.825371,87.149651,86.915459,87.237411,87.62191,87.89669,87.851974,88.078194,87.964912,88.14946,88.381729,88.412659,72.572754,73.39698,74.134697,74.874702,74.67981,75.341591,76.287697,76.911858,77.274895,77.849976,78.598488,79.142494,79.225639,79.716759,80.447578,80.922256,80.771973,81.264999,81.884819,82.347763,81.868782,82.322807,82.94957,83.372086,82.97551,83.385323,83.258583,83.649353,84.271523,84.629623,85.229271,85.552422,84.282455,84.635735,85.222183,85.511078,86.25898,86.493233,85.945847,86.091057,.30509031,.30226207,.31988537,.31475765,.34239957,.33184004,.3369326,.33077505,.34720284,.34079117,.33742309,.3327522,.32266563,.3131969,.33140063,.32004306,.34599727,.33424279,.36110738,.34645143,.37663558,.36291647,.38893697,.377121,.38603282,.37164965,.38806352,.3717505,.38655585,.36934471,.40207699,.3856661,.41000286,.39193234,.44220415,.42645803,.47313085,.45467415,.47756693,.47056755,.25792304,.26532039,.24916558,.25731951,.2542502,.26535991,.26557577,.27113166,.2790736,.28638801,.28425008,.28772929,.27815163,.28074452,.29000828,.29267499,.31359446,.31348753,.32425499,.3226749,.31877673,.31410936,.33619958,.3302446,.35437512,.34703249,.35489553,.3454279,.38019887,.37008351,.36544377,.35446748,.42952564,.42124376,.41560438,.40602928,.42939594,.41391733,.4735575,.45951492,250645,255120,270952,296892,323322,333988,329567,331644,343459,358385,371280,377760,377429,370341,360649,346829,323700,300083,274052,275599,223516,236753,255147,274865,290503,304119,313956,329579,342775,354947,361853,361083,358420,350707,342643,323499,302864,280152,258331,262883
16400,Youngstown,809682,39,Ohio,OH,78.551414,79.34922,79.996468,80.695641,80.579666,81.152962,82.716904,83.208672,82.595299,83.131073,83.332321,83.863899,83.91597,84.312973,84.598686,85.00531,84.830254,85.263588,84.63752,85.076111,84.989738,85.424202,84.798347,85.288757,86.552383,86.933876,86.557274,86.934059,87.23127,87.545776,86.122635,86.492584,86.321014,86.691261,84.383949,84.882851,86.927063,87.190948,87.613434,87.711372,72.373795,73.228577,73.621681,74.369461,75.197205,75.784409,76.476486,77.016472,77.293846,77.868256,77.535751,78.111603,80.200874,80.628532,79.84037,80.328461,80.884644,81.367195,81.027138,81.484772,82.243752,82.688393,82.595543,83.051407,83.631004,84.036171,82.759186,83.202454,83.726891,84.11264,83.51561,83.891357,84.627678,84.977158,85.258469,85.620369,83.408295,83.781593,86.341141,86.522102,.52164513,.51194131,.53956038,.52140564,.55859745,.54617041,.5998593,.5765571,.59084135,.57341498,.58835447,.56440878,.57659805,.55629963,.54632962,.5234012,.5875681,.55956352,.62104076,.59559834,.66123295,.63201356,.69913703,.66701359,.6505295,.61535525,.67301404,.63993812,.66370779,.62970847,.8442347,.80622512,.89231843,.84832203,1.1690061,1.124395,1.0208297,.97946584,1.1588097,1.1273116,.40737405,.41283017,.40776893,.41205528,.4320347,.42818952,.45745072,.4585605,.44571227,.44111356,.41298845,.41282862,.46160313,.45336437,.50149542,.49363571,.55491585,.54552525,.52925998,.51800126,.55429381,.54089534,.55644351,.53879166,.61051053,.59052259,.65299636,.63286853,.66998917,.64672798,.76793635,.74671489,.81819344,.78789091,.94854885,.91207433,1.1355259,1.1047624,.945086,.91325456,91992,98544,109128,116860,116175,116275,119289,118525,119629,121361,120905,116181,110183,103485,94295,83553,69897,54239,41698,39253,80711,85587,91773,95919,104716,118561,123209,122649,122008,120849,119551,114117,107524,99330,89115,76273,62375,48543,37714,37483
16500,Erie,659098,42,Pennsylvania,PA,79.101601,79.516869,80.113968,80.5298,81.890343,82.215721,82.264626,82.664764,83.312363,83.773674,83.614662,84.005341,83.48082,83.904793,84.107559,84.506294,84.709351,85.088013,86.259666,86.595825,85.233833,85.62841,85.525452,85.899025,86.630722,86.955772,84.886658,85.297905,88.204559,88.454002,87.366959,87.671837,87.859009,88.15284,88.374992,88.656792,87.662849,88.009064,88.220505,88.308022,73.019051,73.489807,74.648697,75.074608,75.335167,75.732239,77.132736,77.562508,77.99884,78.499435,79.624336,80.0495,80.668022,81.080177,79.751938,80.198265,81.216232,81.621231,80.94722,81.394615,82.583153,82.991905,81.245239,81.691925,82.832184,83.225739,83.819611,84.177788,83.380249,83.763382,84.283958,84.643791,83.449814,83.856659,84.625443,84.99855,88.339973,88.582115,86.136276,86.335846,.57408315,.56080639,.57527214,.56164479,.63202524,.617019,.67271489,.64934701,.63298613,.60882187,.63948941,.61331677,.66255587,.63379014,.70022345,.67537487,.68973142,.66434211,.68586528,.65607637,.73337466,.69845819,.73443806,.70366734,.78328288,.74600643,.92398757,.88064593,.77555853,.73504746,.92833287,.8835243,.95926654,.91007382,.99964207,.94508219,1.185784,1.1126798,1.2080259,1.1706104,.42113018,.42499515,.49088627,.49151942,.48701727,.48800233,.49894124,.49245009,.51948291,.51506764,.52490312,.51338428,.5471065,.53377336,.56331724,.55780125,.57455832,.56199539,.59025365,.58305907,.61345381,.60059899,.66043186,.64406031,.68046784,.66302896,.73024821,.70584959,.82107002,.798953,.83213109,.80254292,.99404496,.96461207,1.0697179,1.0281818,1.0177516,.96343815,1.150809,1.1142418,72605,75889,82087,88401,89020,87095,86401,87948,91371,95835,98516,98082,93941,86475,78600,68424,58555,45183,34721,32709,67633,69744,76711,80784,84508,88680,94827,98096,101084,101722,101035,96833,89138,81281,72834,62952,51965,40253,31376,30949
16600,Roanoke,468038,51,Virginia,VA,77.533257,78.381042,80.078171,80.824821,81.344589,82.001945,80.848595,81.537659,83.797211,84.318031,83.402412,83.886551,84.474373,84.876602,85.23658,85.640778,84.328339,84.732788,84.621284,85.042809,85.789688,86.155724,85.789299,86.099411,87.303001,87.606255,85.609428,86.010216,86.211349,86.572838,87.588333,87.871468,87.321281,87.60022,89.26004,89.355507,89.781212,89.967796,86.443939,86.749352,71.917084,72.784172,72.901711,73.741501,75.118599,75.853088,75.933342,76.648567,76.842369,77.473846,78.303574,78.847954,78.722626,79.244377,79.674934,80.208847,81.169815,81.615723,81.401703,81.854599,82.192192,82.633232,83.331924,83.674522,82.955994,83.348839,83.8265,84.225937,83.992683,84.376083,82.539017,82.972237,84.760704,85.079628,85.330673,85.566124,85.29287,85.652206,87.759552,87.946159,.69014204,.67422742,.70813066,.68498111,.71713495,.68986046,.72279125,.70025235,.716259,.68046105,.76545453,.73412621,.71835387,.69008583,.72821552,.69357449,.76878542,.7399137,.84073305,.8028146,.80338013,.76467985,.94128817,.90439522,.86761743,.8270843,.93212849,.88697875,.9682492,.92240071,.94316667,.89658111,1.0744237,1.0226545,.82478631,.80085683,.8672111,.81936234,1.3427814,1.2874547,.51387203,.52061993,.51336676,.51470816,.56260735,.56014907,.54196101,.53858936,.56413937,.55911696,.63545972,.62500972,.61647052,.60713559,.65662605,.64297622,.68679851,.66794008,.69597048,.67766422,.74405426,.72239536,.75190127,.729173,.72528929,.70330721,.85823697,.82887489,.88601929,.85546839,.99756843,.97497308,.91360593,.87990433,1.1024572,1.0708586,1.1832204,1.1377524,.96396577,.92021048,48615,50441,57008,64178,67165,65814,64536,64017,64401,65455,66541,66176,66210,64091,61557,57069,51795,44247,40057,37719,44721,48054,53486,60894,62031,61499,62020,62596,62951,63599,64728,64087,63164,60557,57306,53278,47374,40236,36474,34306
16702,Morgantown,259942,54,West Virginia,WV,79.201012,79.61702,78.717278,79.204063,82.18708,82.683235,83.36895,83.800064,84.693756,85.033958,83.494461,83.843002,83.898758,84.318916,85.759872,86.101608,85.357712,85.684006,86.884094,87.179268,83.272308,83.737961,86.751732,86.997459,86.028473,86.394188,87.116325,87.405861,86.557182,86.879997,87.02124,87.32428,84.421028,84.741699,90.709892,90.711746,87.338593,87.584099,89.747124,89.64772,72.377174,72.867584,74.069565,74.551849,76.033119,76.556557,77.901886,78.397041,78.718231,79.179886,78.855667,79.282104,81.532379,81.913383,80.988113,81.400726,81.512787,81.892998,82.746902,83.100403,82.174324,82.558914,81.127647,81.513138,83.895836,84.249413,84.270187,84.62294,81.667374,82.096855,84.204659,84.552971,86.760796,86.977264,84.39254,84.553459,86.630112,86.850403,84.00293,84.051239,.95356089,.92148644,.85990065,.8313064,.89143938,.85184371,.93987131,.89810735,.92921817,.88693899,1.0343168,.99202746,1.1118003,1.0597112,1.1264031,1.0730392,1.1508503,1.1003258,1.0869944,1.0286674,1.2242256,1.1818558,1.0945696,1.0456439,1.4761615,1.409059,1.2362326,1.1732038,1.532588,1.4628659,1.7165265,1.6471969,1.748348,1.6931369,1.1726055,1.1510532,2.1251993,2.0443041,1.5566617,1.5618433,.70406586,.70179284,.65217334,.6511004,.71657956,.70811629,.76343846,.74820387,.85283536,.83753985,.87162727,.8573879,.87274522,.84183913,.95473957,.92584193,.99557501,.96716851,.96885824,.93207765,1.0544281,1.0197556,1.1090645,1.0844175,1.1679461,1.1279505,1.2209102,1.1729689,1.3584141,1.3296721,1.5817063,1.5322518,1.541218,1.4877813,1.433621,1.394223,1.5148038,1.4558465,2.0802808,2.0470283,27664,32526,35156,35923,34343,32049,32466,33255,33973,34160,33279,32103,31694,31004,29875,27196,24448,21325,18160,15462,24736,30797,34318,35188,34254,33941,33378,33986,34165,33213,33146,32156,31284,30461,28259,25622,22982,19789,16881,14762
16901,Charleston,347345,54,West Virginia,WV,78.033134,78.640068,80.454964,81.008873,81.546959,81.993408,81.708374,82.192123,81.713654,82.232849,82.967789,83.454483,82.740105,83.214287,81.824509,82.340591,83.816109,84.227715,83.772514,84.218765,82.980507,83.499779,85.197586,85.608192,86.049622,86.413429,83.714485,84.205521,84.955566,85.37574,85.17321,85.56498,86.865059,87.158577,83.6539,83.900597,87.540573,87.834679,84.578125,84.543533,71.111549,71.767159,73.242882,73.866264,74.145676,74.656319,75.367218,75.906273,76.468422,77.001038,78.386986,78.874435,79.432243,79.895859,78.17556,78.669556,80.586502,81.003807,82.021088,82.440056,79.576012,80.095238,82.743858,83.157143,82.634674,83.061714,82.674538,83.087639,84.68531,85.041321,82.432976,82.851974,82.596466,82.969086,85.364204,85.511696,83.532402,83.907951,88.169708,88.170746,.75633508,.72995889,.76700425,.73674423,.78558964,.75744468,.79288489,.76119435,.87246978,.84008116,.92853349,.89080405,.96142751,.92343885,.98288292,.95381773,.9994092,.95418936,1.0285243,.9843899,1.0379431,.99727923,1.0468519,.99094105,1.1052763,1.0496638,1.21371,1.1659214,1.2902623,1.232753,1.2841494,1.2253091,1.4282012,1.3651853,1.5758262,1.5337535,1.5846846,1.507416,1.7938637,1.7538973,.54358506,.54756898,.51383585,.51581693,.55431616,.55171078,.57786787,.57688576,.6593883,.64988023,.67047173,.65485734,.75043696,.73451585,.76541352,.75457853,.79152566,.772026,.86725926,.84551513,.84348577,.83160478,.87172794,.84179062,.94765341,.9190129,.96522677,.93214715,1.086761,1.0450715,1.1248227,1.0910778,1.3396879,1.3079935,1.2149414,1.1838887,1.4775416,1.4325433,1.3288269,1.3036832,41840,46809,49573,49759,48596,46852,45489,45197,46238,45248,44715,43917,42891,41930,39762,37496,33937,28965,24338,24563,37037,44781,47502,46648,44804,43022,42427,43430,44314,44639,44858,45312,44170,41627,38930,36226,31593,26842,23181,24383
17100,Huntington,344380,21,Kentucky,KY,80.193733,80.65274,81.400375,81.835388,81.818291,82.286316,81.094536,81.600182,82.692795,83.169922,82.33506,82.769913,84.451599,84.832939,82.697861,83.134354,83.406807,83.850555,85.187996,85.563553,84.421783,84.827492,85.851006,86.170929,84.265633,84.715195,85.822296,86.245903,86.404579,86.768463,84.408562,84.829048,85.766022,86.147026,87.028481,87.356316,87.241455,87.20237,86.539551,86.899811,72.561089,73.078941,74.350067,74.854118,74.916023,75.452805,76.330559,76.819374,77.169441,77.688232,79.482338,79.883125,80.25885,80.6912,79.803055,80.236015,80.30555,80.733894,81.327202,81.746811,81.760338,82.151428,81.372261,81.772064,83.883232,84.256958,81.611694,82.096672,82.4645,82.892868,84.664322,84.987923,85.497826,85.784233,86.945976,87.178513,83.80127,83.913635,86.767487,87.0215,.79832399,.7666533,.766752,.73839527,.74404556,.70956677,.77077639,.74389035,.82617116,.78955662,.90198052,.87324709,.88800025,.84516889,.90871263,.87292349,.98970312,.94964266,1.0002364,.94946522,1.148616,1.0987475,1.0952829,1.0449818,1.1522479,1.1042247,1.2354398,1.1732603,1.31389,1.2471682,1.4635367,1.4074723,1.6374871,1.5637872,1.5718353,1.4920681,1.6837609,1.6591487,1.95999,1.8636644,.55704236,.55371195,.54314941,.53720331,.55902213,.5585168,.63242555,.62365913,.65232551,.6459412,.7185719,.70777363,.74355441,.72493076,.74588424,.72850466,.81050271,.78984612,.82076794,.79143149,.89018136,.86196995,.94640493,.92009926,.99115074,.95694661,1.0942181,1.0686053,1.1475532,1.1133575,1.3330482,1.2878844,1.1792365,1.1325493,1.1795408,1.1256589,1.5469292,1.516608,1.5226847,1.4437,43674,49546,52011,50542,47070,44979,43638,43172,42979,42769,41594,40595,38914,36812,33907,31030,26813,21751,17233,15984,36433,45462,48501,46004,44798,43706,42348,43300,43029,42484,41491,40171,38090,35939,32283,28961,25200,19866,15932,15216
17400,Hagerstown,408535,42,Pennsylvania,PA,77.306374,77.813614,79.356834,79.84037,80.52771,81.111343,80.841476,81.273659,82.708733,83.078461,84.351578,84.623871,82.394447,82.94838,83.303368,83.702484,84.819756,85.162491,84.473274,84.866844,86.737808,86.999649,86.371849,86.660545,85.228889,85.604713,86.277145,86.618225,86.943848,87.20472,86.359573,86.614632,86.630127,86.873306,87.297348,87.5065,87.59153,87.864487,89.735565,89.68589,72.470306,73.198654,72.679535,73.318718,74.572678,75.224014,75.290688,75.800049,77.268005,77.720879,77.81012,78.185135,79.41301,79.963799,79.860558,80.307457,80.648247,81.079697,81.124168,81.557617,82.161453,82.537369,83.12365,83.505585,81.672974,82.0905,83.062119,83.446808,82.561081,82.935371,83.244904,83.571487,85.430359,85.689011,86.055061,86.325706,85.834335,86.11927,84.124863,84.475456,.75678277,.74058181,.81652039,.79258865,.83474225,.80154455,.79506117,.77542388,.83845615,.80708635,.78307784,.75528717,.82755858,.7974354,.868276,.83426833,.77321619,.74163997,.82382667,.78683883,.72343946,.69200379,.76623493,.72887522,.90705246,.86691815,.90485126,.86120284,.89004225,.85055822,.95219165,.91617811,1.0198437,.98321277,.96993911,.93276417,1.3476347,1.2861404,1.0505363,1.034489,.58464801,.58507824,.53709221,.54481649,.6091305,.6095947,.57369274,.56683153,.6071654,.59796339,.62344664,.61355108,.62404436,.61242074,.65744913,.64575595,.67638844,.65856868,.72437429,.7051217,.73421389,.71409845,.76912993,.74484158,.78711873,.76905483,.85734737,.83331746,.97341484,.94836897,.9249717,.90102166,.8968333,.86658174,.94564223,.90820217,1.1186993,1.0722739,1.7205329,1.6638104,41926,43243,45963,53307,57516,60158,60736,61171,62701,65386,69084,70266,70757,68446,65621,61831,56992,49648,37820,24218,38767,40284,42517,49171,54728,59623,64258,66059,68081,70066,70813,69836,68927,65975,63182,58691,54044,46142,34288,21858
17600,Charlottesville,273489,51,Virginia,VA,80.140327,81.232956,81.602753,82.529213,82.145813,82.989052,81.803665,82.492775,82.141602,82.866402,83.042007,83.603271,82.666344,83.334816,84.626373,85.060478,83.988205,84.404785,83.444351,83.916245,84.71965,85.23568,87.032806,87.465027,85.642296,86.121544,87.599548,87.952438,85.98558,86.384857,88.301598,88.558296,87.435211,87.707596,88.197464,88.374275,88.127426,87.995972,89.889267,90.072014,73.803612,74.98465,76.270119,77.356194,74.927086,75.890778,76.796677,77.580208,77.731514,78.5112,80.571503,81.152397,79.430809,80.11554,79.068192,79.649078,80.899284,81.385956,81.501816,81.97718,81.201149,81.751434,82.508377,83.06189,83.397705,83.87027,84.824692,85.241676,84.827736,85.217064,85.480728,85.825012,84.877167,85.224373,85.067291,85.362946,86.183609,86.266899,89.358177,89.553421,1.0110055,.97108179,1.0499698,1.0142699,.94799697,.90802681,1.1084927,1.0760331,1.0745574,1.0370189,1.1499693,1.1069512,1.0361758,.99046361,1.0972645,1.052863,1.1721853,1.1302345,1.1590693,1.1165748,1.1320286,1.0803782,1.0244216,.96065652,1.1998061,1.1359161,1.0433588,.98636669,1.1872454,1.1340492,.95449585,.90578222,1.1140075,1.0645883,1.1051912,1.0670277,1.0529468,1.0546192,.86019886,.81328183,.74909198,.75375772,.86651826,.86062753,.78002995,.78689623,.85212982,.84676522,.86833221,.85732067,.91982508,.89506835,.9653433,.9449448,.98451501,.97315651,1.0014596,.98322332,1.0342587,1.0100557,1.0196908,.99481988,1.0316892,.99198598,.91117263,.8765043,.98735142,.94232553,1.1563482,1.1101707,1.0987748,1.0559368,1.0374584,.99685729,1.3141358,1.2750708,1.1379672,1.1145939,.85792553,.80843616,27589,27965,29843,32992,35220,37017,37878,37188,37762,38028,39183,40195,39734,40578,41198,41380,40672,41352,40955,40792,24140,26405,27595,30865,32104,32991,33255,33298,33588,34709,34997,36266,37418,38292,38680,38829,39144,38178,37501,35854
17700,Syracuse,1080612,36,New York,NY,78.688141,79.163536,80.691177,81.122459,80.66732,81.129707,82.542999,82.905869,82.222771,82.731956,82.993591,83.44178,83.378677,83.79837,84.463593,84.80098,84.764847,85.058571,84.468941,84.818535,84.449646,84.846222,85.603134,85.930374,86.682701,86.990952,87.123337,87.429634,86.437462,86.787605,86.716965,87.050186,87.771873,88.048088,87.824989,88.057854,88.83979,89.010956,88.81955,88.887032,74.157486,74.661003,75.500679,75.965378,75.987366,76.46196,76.833595,77.267601,78.063576,78.571373,79.579147,80.024353,79.811699,80.259827,80.151634,80.566818,81.488747,81.837692,80.82338,81.228516,81.859978,82.281403,82.262848,82.65197,82.868927,83.262764,84.024567,84.393204,85.656891,85.963051,84.96051,85.293709,86.107964,86.38604,85.343788,85.647827,87.607841,87.798447,85.863724,86.077675,.53147304,.51915753,.54116732,.5272283,.54826927,.53436279,.59787118,.58242774,.57304639,.55247533,.56977803,.55271024,.578421,.55468172,.54533941,.52367646,.57224292,.55222273,.57976925,.55542034,.58699709,.56363946,.56890357,.54301775,.56139994,.53701347,.58596265,.55920023,.69867235,.66500545,.66896331,.63559592,.67203474,.64107597,.73769379,.70749986,.79692781,.76723152,.82410514,.80496591,.40092349,.40039426,.41506782,.40913013,.4253999,.42483449,.44327599,.44216001,.45562425,.45102483,.45840752,.45032048,.48408809,.47780797,.47264734,.4653239,.49686319,.48542941,.51586258,.51011884,.53142434,.52268404,.53736949,.52442294,.56974304,.55515862,.56523174,.54843163,.56527942,.54284328,.621782,.59850264,.61416805,.59016734,.71660537,.69079226,.66163838,.63347971,.9000501,.87142551,103860,105438,112824,123801,132353,138184,138776,139635,139492,144592,148749,150968,150228,149721,145574,143645,138090,123549,96188,73915,97493,104235,111471,117642,124446,130304,133950,136561,139106,141102,144045,145670,144615,143524,141240,139143,130996,113745,87971,69603
17900,Union,294558,36,New York,NY,79.885475,80.179634,81.315895,81.61834,82.485565,82.896431,83.050255,83.306847,84.317162,84.728096,82.740196,83.068314,83.000824,83.410515,82.425385,82.875214,84.237038,84.604744,85.474091,85.803192,82.527176,83.034241,85.503693,85.864746,86.401115,86.731331,86.661469,86.965775,87.992424,88.246834,85.661583,86.079941,89.784508,89.97963,88.113869,88.352173,88.843132,88.824677,86.90992,86.935417,73.475533,73.81955,75.879997,76.20372,75.686333,76.150185,75.657814,75.995651,78.156898,78.665733,78.766777,79.135719,81.495148,81.862602,81.996361,82.359116,83.500374,83.794449,80.505478,80.920509,82.582672,82.983047,83.136703,83.507607,84.311974,84.619743,84.637779,84.958931,85.880928,86.15992,86.582718,86.860497,84.858727,85.202515,87.221008,87.463074,86.953293,86.984779,89.432907,89.482147,.97863197,.94675112,.95415497,.91829079,1.0746046,1.0325285,.9518277,.9219507,.96179366,.91870135,.99836338,.96241373,1.0125952,.97605437,1.0597199,1.0291569,1.0592422,1.0173733,1.0059069,.95955545,1.1666347,1.1319363,1.1888458,1.1381325,1.3313676,1.2699881,1.1780131,1.122955,1.0931379,1.0344639,1.503401,1.432922,1.0891832,1.030336,1.2181638,1.1563179,1.4700353,1.4499487,1.8393991,1.8041397,.72403669,.7179451,.78610766,.77402073,.70023817,.69393182,.68634295,.67994988,.79770559,.78019297,.8005538,.78342158,.87207991,.85036397,.8845309,.85635334,.86673111,.8359592,.8773362,.85757726,.98423964,.95225924,.99712908,.9641462,.93979472,.90625858,1.0592289,1.0193943,.95558298,.91113245,1.0212846,.97109234,1.1721585,1.1259505,1.1635238,1.1120259,1.2687386,1.2468823,1.2438568,1.1976496,29657,32352,34513,37473,39092,39424,40102,40324,41421,42201,43150,42448,41248,39882,38556,36091,35102,31658,26313,17847,28572,32001,34704,38002,38592,39649,40489,40837,41026,41243,41512,40498,38604,37826,36650,35277,33125,29318,23430,15693
18000,Buffalo,2369699,36,New York,NY,79.773323,80.422264,80.94265,81.511566,81.294601,81.789436,82.735077,83.161644,82.591019,83.073463,83.194214,83.684105,83.586189,84.01503,84.246864,84.652779,83.912933,84.35141,84.997559,85.388947,85.068283,85.456841,86.203064,86.531525,86.454224,86.757652,86.507965,86.82048,86.411072,86.736,87.278404,87.574356,87.810211,88.074295,87.538628,87.792656,88.544044,88.720932,88.642784,88.697258,73.710571,74.406456,75.411903,76.014496,76.535805,77.074104,76.644638,77.143578,77.546028,78.053185,78.474762,79.003143,78.741615,79.211861,80.86335,81.292328,81.173813,81.615639,81.66008,82.08284,82.576645,82.96579,82.298683,82.70105,83.437042,83.806076,83.816544,84.171227,84.005142,84.354393,84.715294,85.044968,84.734535,85.05999,86.113808,86.385445,85.68206,85.938385,87.72123,87.830261,.33695218,.33136564,.36601314,.35513934,.3996968,.38928196,.38474864,.37285215,.39725086,.38286665,.37494773,.3620089,.38991413,.3770127,.37625274,.36814719,.39594191,.38233513,.3692764,.35149896,.40347663,.38816321,.37942865,.3646839,.36432406,.35064507,.38863042,.37568852,.4108128,.39678434,.42924249,.41096589,.42456836,.40824643,.46623087,.44949704,.4794803,.46451417,.54943454,.53867418,.28337944,.28831524,.2873717,.28906053,.31031889,.30979025,.32367679,.32106712,.30933896,.30870837,.32812533,.32737842,.30658001,.31373003,.34461939,.34012419,.33621088,.33126447,.33952838,.33382702,.36195311,.35490903,.35725123,.34920168,.37359214,.36758307,.37016314,.35887289,.36326146,.35156199,.3985064,.38486522,.39113927,.37838283,.40605888,.39251661,.48100844,.46490794,.47413045,.45947519,234055,229579,236266,258262,277885,290672,297391,299945,302465,310902,324434,334533,344988,350072,348960,343067,324569,294827,244092,194575,212111,213711,221399,235881,246522,259752,272338,284778,296220,308836,317476,329088,336295,337749,336156,327022,305996,275118,224781,182208
18100,Elmira,346894,36,New York,NY,80.639694,81.009811,80.70417,81.148087,82.567657,82.972626,81.989403,82.464592,83.975731,84.339897,82.135544,82.584892,81.783905,82.295807,84.779274,85.124748,84.247009,84.639412,83.491951,83.97673,85.61763,85.971359,87.206703,87.476685,86.724998,87.007736,85.357193,85.74247,89.008995,89.172005,87.94545,88.175346,88.932762,89.141739,87.977951,88.249199,89.667313,89.79261,88.404404,88.113441,74.996407,75.447433,75.995132,76.472237,76.974899,77.452026,78.38269,78.838554,79.995079,80.338333,79.152351,79.583672,80.753548,81.210243,80.779198,81.179756,80.5952,81.018211,82.168312,82.585869,83.685623,84.051331,84.709251,85.020363,84.663597,84.986443,82.949776,83.34481,84.235664,84.581245,83.696663,84.069641,86.739258,87.007813,85.326965,85.679176,89.970795,90.077454,88.261101,88.198647,.86348188,.8347612,.92763573,.89531291,1.006602,.96391559,.99539572,.95354319,1.0770012,1.0326197,1.1125468,1.0814849,1.0456458,1.0195161,1.0039389,.9617424,1.0430907,.99864113,1.0747058,1.0349866,.96439201,.91540915,.99400002,.94688201,.97174209,.92388213,1.2948078,1.2378318,.83798534,.79735756,1.0604136,1.0112672,1.1361369,1.0783541,1.2425308,1.1808949,1.2638507,1.2146065,1.5548416,1.5841938,.67747462,.66966176,.73937815,.7334432,.76177186,.7520684,.79053223,.77685237,.75161278,.73128706,.78828108,.77990866,.85236472,.8293016,.79775441,.7792539,.86243266,.8443312,.89783686,.86980563,.8767609,.84684509,.89625245,.86027175,.91929561,.88350314,1.0424271,1.0116969,1.0589694,1.0219704,1.1623483,1.1216794,1.1280547,1.0796373,1.2771329,1.2246083,.95927078,.91743004,1.3020166,1.2907592,35988,37344,38244,40235,41941,43030,43645,44487,45361,47237,47630,46631,45421,43404,41399,39456,35818,31486,28336,25505,32607,36185,37331,39820,41279,43123,44995,46199,46359,46804,45731,44740,43536,41322,39136,36352,33346,28961,26330,22860
18300,Watertown,250613,36,New York,NY,79.227448,79.635338,81.616203,81.959938,82.252121,82.586517,83.694824,84.101112,83.581764,84.009819,83.440613,83.907471,83.715378,84.058716,85.296379,85.581291,83.88929,84.259819,84.027405,84.436737,86.601639,86.925163,87.638039,87.877739,85.309891,85.654945,84.32444,84.698105,81.78846,82.3022,88.867493,89.117134,81.918266,82.42347,88.000206,88.183502,89.392448,89.633163,90.079308,90.033096,73.860825,74.325806,75.937508,76.344765,75.069359,75.50605,78.505035,78.94397,77.585152,78.071426,78.241158,78.741219,79.591843,79.972359,81.6371,82.019768,82.833794,83.192917,80.542961,80.987831,83.86042,84.192528,83.603676,83.918541,82.598839,82.959747,84.578712,84.871445,83.643387,83.997459,86.200874,86.489647,86.904587,87.141693,86.606033,86.833199,86.442116,86.772148,86.298149,86.426689,1.0842364,1.0470611,1.0746135,1.035696,1.0613745,1.0226204,1.0821278,1.0309148,1.1352508,1.0886286,1.2243421,1.172215,1.1854694,1.1393906,1.1684171,1.1167798,1.1949586,1.1444079,1.261602,1.2099748,1.3668617,1.3018095,1.1853364,1.129789,1.4836602,1.422334,1.589239,1.5351194,1.6619782,1.6411338,1.5250952,1.4492555,1.8448434,1.8380505,2.0025566,1.9267522,2.2981186,2.1797259,1.9066334,1.887549,.79667234,.7978546,.81597126,.80678266,.74426937,.74095023,.87266564,.8539055,.91715437,.91120446,.90060991,.89808893,.96331948,.94684744,1.002692,.97313535,1.0008624,.9655028,1.0386189,1.0190452,1.1090785,1.0713187,1.1703068,1.1349425,1.3031511,1.2733239,1.2747492,1.2338076,1.465712,1.4232392,1.4286776,1.3750528,1.3939803,1.338706,1.6585532,1.5939962,2.2866139,2.1926899,2.6107736,2.5569291,23914,28562,29988,30254,30947,30287,29578,30120,31153,32489,33223,32386,30399,28895,26788,24465,22031,17073,11163,7089,21523,27460,29124,29487,29624,31022,32456,33672,33895,34415,33421,32030,29984,27652,25844,23867,20648,15248,9854,6516
18600,Albany,1061509,36,New York,NY,79.879585,80.307777,80.694389,81.090729,80.855217,81.191658,82.324409,82.711525,81.815643,82.31115,82.190361,82.646744,82.950974,83.353775,84.199486,84.634796,83.722168,84.197052,84.992317,85.327469,84.683929,84.989182,85.205627,85.510704,85.980087,86.319733,86.634361,86.96566,86.576294,86.86541,86.120178,86.408127,86.94133,87.210388,87.65416,87.919151,88.054741,88.159615,87.712616,87.657722,73.439186,73.977509,75.441063,75.905289,75.673676,76.071114,75.691895,76.155685,77.283157,77.781593,78.79882,79.265251,79.767769,80.186546,79.806862,80.297195,80.797264,81.271332,81.459419,81.843346,80.982727,81.348061,82.884949,83.223167,83.124413,83.510605,85.210373,85.534691,84.291985,84.628098,85.170326,85.453804,84.881805,85.198746,86.23204,86.51516,87.545258,87.692032,87.271408,87.334793,.55301446,.53933311,.58085108,.56269997,.56720239,.55287397,.57738072,.55670881,.58967799,.57123041,.53669888,.51888973,.58058989,.55978274,.56236106,.54021013,.57564819,.55363673,.55403113,.53201455,.57794738,.55817419,.5741809,.55362946,.60150617,.57543081,.58761162,.55736119,.59970158,.57307303,.62484717,.60421437,.64685392,.61786151,.61151826,.58318305,.6940164,.67515987,.75796318,.75051832,.4057571,.40553281,.44040748,.43622324,.4181596,.42156577,.40788466,.4139176,.45902765,.46307722,.47967032,.47250217,.48432317,.47738531,.49138206,.48344445,.48445404,.47308621,.50396097,.49528176,.5110476,.50476784,.53480679,.52062309,.51742613,.50359267,.48458102,.46556211,.50680524,.49058813,.5345304,.51886439,.57915264,.56072217,.52379191,.50047016,.57972175,.56178629,.64467615,.6288259,101621,99802,99141,107998,119849,130784,136638,140853,141882,143987,147246,151893,157889,162144,166089,171096,174463,170419,144180,104060,100940,100992,101200,108184,114630,120728,127148,129410,133920,138273,142116,147875,153345,157534,163818,167524,166767,161567,130705,96741
18800,Scranton,857487,42,Pennsylvania,PA,79.134338,79.467751,80.838333,81.147949,81.940018,82.208641,82.144928,82.476616,83.154892,83.513718,83.983604,84.187393,83.159149,83.493828,84.334564,84.671722,83.067696,83.510315,84.6409,84.973732,84.53035,84.854507,85.193321,85.511208,85.837807,86.179443,86.226158,86.552757,87.675919,87.936325,86.259605,86.55323,87.394302,87.651665,85.510292,85.936317,88.740913,88.811172,86.643105,86.626266,73.00618,73.406601,74.06057,74.436089,74.523903,74.840233,75.704422,76.077507,76.508293,76.912018,77.154556,77.461357,79.234673,79.579796,79.575462,79.988297,79.783875,80.23101,79.90963,80.307098,81.579437,81.915123,81.738976,82.113815,81.575638,81.970573,83.705299,84.035965,84.544388,84.846169,83.355637,83.687019,83.106911,83.4627,85.452133,85.775513,85.202744,85.38726,86.317726,86.3592,.51844728,.50705725,.53973001,.52121437,.54647309,.53053474,.51906586,.49948975,.57213598,.55272776,.51857001,.50402069,.60000879,.57838702,.58189791,.56022888,.6192174,.59563267,.59186268,.5664348,.57627118,.55564773,.6139009,.58858901,.6393919,.6127038,.61972046,.58861703,.68724781,.65371907,.74483776,.71267134,.73040408,.69841397,.9528175,.91052419,.72427148,.70422024,1.1711611,1.1460068,.38819084,.38905197,.38452485,.38698366,.37158278,.3676253,.38160846,.38198546,.39446786,.39551836,.43044487,.42775199,.44130358,.43894938,.4548659,.44965762,.47708073,.46940148,.4716287,.46735913,.52155536,.50760949,.54630607,.5353651,.55152339,.53787446,.54887539,.53143632,.58469456,.56493276,.66325283,.64271712,.72858888,.70714289,.71022892,.67911232,.81875175,.79461676,.94670457,.92472976,92908,97797,106273,117368,120566,118626,117408,118672,123186,127824,133680,136095,133202,127129,120424,111089,101400,86657,68464,55578,85820,93960,101755,110854,115948,122257,125841,129211,131055,133976,134848,132642,128314,121076,113942,104684,95010,80124,63675,51884
19000,Allentown,637958,42,Pennsylvania,PA,78.982628,78.399071,82.437927,81.988556,81.276482,81.390396,83.354515,83.401985,84.356911,84.38858,84.525452,84.805756,84.231186,84.450668,83.890862,84.071693,85.100792,85.323051,85.231827,85.452507,85.792763,86.016014,86.577652,86.831573,86.425606,86.645523,86.857361,87.06913,88.255707,88.413383,87.544113,87.736671,87.531738,87.743065,88.672386,88.842308,88.362221,88.555412,88.774895,88.655487,72.541519,72.012863,74.849014,74.440041,75.618294,75.70948,77.149429,77.189377,77.625229,77.736214,78.641327,78.995674,80.270027,80.506516,80.199745,80.380379,81.162704,81.413788,80.020378,80.340935,81.097626,81.410118,83.159447,83.454208,83.643272,83.904221,83.815216,84.071228,84.043701,84.307869,84.253876,84.523407,85.25824,85.49852,85.351021,85.614151,86.009682,86.270325,87.45018,87.429405,.67530286,.65664297,.69918734,.68956065,.70494968,.6805144,.73353511,.7102778,.64843518,.62881559,.6602509,.62420464,.6458537,.61770779,.69235361,.6684531,.72241193,.69554484,.66772395,.64582902,.65037942,.62472522,.70687729,.6785087,.66632652,.63833648,.68459696,.65818113,.62101585,.59739858,.75215101,.72318697,.78339124,.75307423,.7748673,.74354589,.91100091,.87647873,.87997735,.88108522,.50561792,.49206352,.54099125,.52734572,.58099544,.57375586,.58796912,.57362545,.55437446,.54532999,.59180021,.57607913,.57541519,.56147337,.57797074,.56477708,.5896045,.57618827,.60440505,.59703732,.59409654,.58153039,.63140833,.61292416,.58690339,.56789035,.64088494,.62125808,.65554231,.6353386,.69585621,.67338479,.71870601,.68959063,.81893325,.79061836,.80759442,.77678418,.76695979,.75718379,62545,64720,67629,72067,78974,85505,86521,86160,87321,91265,98127,102768,107120,107396,107320,105324,102336,98661,88063,72181,54592,57971,61997,67067,74078,81623,87419,90221,93205,96703,99617,102713,105661,104204,103612,101553,98492,93956,84149,68452
19100,Reading,1114959,42,Pennsylvania,PA,80.376472,80.071861,80.131538,80.009888,81.504166,81.63105,82.553162,82.746414,83.867958,84.169144,83.680031,83.9384,84.190948,84.449165,84.258675,84.467903,84.87838,85.108078,85.816452,86.056946,85.729576,86.019234,86.690025,86.968513,86.622108,86.885544,87.310051,87.547325,87.476669,87.721138,88.07711,88.318184,87.433327,87.698586,87.593636,87.767273,89.401718,89.577965,90.676918,90.75988,72.778076,72.520401,74.946037,74.818512,75.660027,75.766296,76.602722,76.78257,77.574501,77.901291,78.374062,78.682999,79.551865,79.880333,81.622238,81.846016,81.888916,82.151176,82.211197,82.516495,81.674843,82.037827,83.447975,83.778336,82.902794,83.231186,84.155861,84.448479,83.974892,84.297096,84.264214,84.601288,84.950142,85.250366,85.743828,85.968414,86.503754,86.801704,86.772972,86.993729,.53394777,.51961231,.52467775,.50670481,.55720013,.54093444,.55237746,.53402609,.50908417,.48758692,.51530242,.4982065,.4962275,.47804424,.50352693,.48615387,.51955348,.50033689,.49138835,.46917328,.53726244,.51984549,.51868325,.49827775,.51930338,.49720913,.52883238,.51026142,.51072317,.48724025,.54755342,.51890683,.65504217,.62786603,.66454482,.64108813,.6230464,.59293532,.54430944,.52224004,.39482307,.38487083,.43942723,.43070975,.42644987,.42261183,.4108704,.40707624,.42930299,.42466033,.42140865,.4179363,.44398925,.44160137,.42210796,.41348511,.42996171,.42506602,.44146234,.42989111,.46050039,.45428061,.47060993,.46109441,.46986821,.46155807,.50724691,.49211854,.52913302,.51183158,.57421696,.55765545,.58852255,.56484675,.65031749,.63049227,.74635291,.71132475,.7325803,.7034536,98503,99768,109447,125321,139001,144472,146233,148917,155229,164445,175894,186532,191675,188852,180799,166616,152475,132377,105907,91787,88965,90710,98827,115162,129531,142935,155283,166473,172085,179655,185533,188974,187434,181097,171345,156876,143105,122034,98252,84843
19200,Harrisburg,1051424,42,Pennsylvania,PA,79.073395,79.556961,78.856949,79.370262,81.948532,82.341995,82.59938,83.006477,82.599304,82.99807,83.439819,83.857735,83.910133,84.23877,83.997444,84.356644,85.809181,86.113724,85.284073,85.622856,85.700493,86.050209,85.413795,85.779625,86.465622,86.776985,86.065643,86.398018,87.40741,87.6661,87.372131,87.638618,86.715973,87.008873,87.861679,88.031296,87.822487,88.06356,89.715546,89.67337,72.945641,73.493423,73.901955,74.41127,74.847649,75.302948,75.581207,76.065369,77.668396,78.104599,78.300262,78.777412,79.38504,79.785049,80.352654,80.754646,80.374458,80.802139,81.591354,82.011086,81.232445,81.678108,82.440178,82.849014,82.605247,82.998192,84.290451,84.614769,83.34285,83.712517,84.65863,84.984856,84.368706,84.694084,84.917328,85.185066,84.522362,84.85527,87.327599,87.411247,.50847393,.49163818,.50546062,.49288481,.57173312,.55142319,.54659253,.52654964,.50094944,.48465407,.51502299,.49755663,.51764089,.49892804,.53638232,.51676124,.48290756,.462596,.48004243,.45906654,.52358836,.49946037,.52141809,.50111639,.51507849,.49479321,.53473902,.51079583,.49961382,.47627059,.52924585,.5066967,.65404058,.62898284,.65595591,.63386941,.74961191,.71463424,.62792766,.62584049,.42216256,.42167473,.41817573,.41868886,.41582879,.41944301,.39902338,.39879176,.44025654,.43337274,.45119885,.44484323,.4414615,.43234596,.45814148,.44698715,.44674441,.43987525,.44306013,.43521807,.45198676,.43783376,.48849034,.47649312,.48957232,.47711262,.46083868,.4458572,.51716018,.50645673,.53411925,.51320124,.5769695,.55884182,.66340983,.64537722,.79299986,.76672447,.67903823,.66608125,94007,92941,100951,116707,132772,141844,146969,151413,158090,165915,176408,188554,190928,191427,187851,181850,169092,148883,118965,93663,89730,88670,93871,107697,121547,136230,149671,159528,166525,174051,181572,185849,188525,184749,179387,172275,157974,137494,109116,87239
19300,Poughkeepsie,873232,36,New York,NY,80.603424,80.662529,81.718727,81.800827,81.040558,81.370827,82.169777,82.156036,82.901848,83.168694,82.884155,83.236649,83.931114,84.116852,84.491852,84.693916,83.66436,83.945534,84.539642,84.68428,84.924438,85.030571,84.998413,85.167877,85.691322,85.878258,86.349327,86.534836,86.19397,86.362892,87.877266,87.982391,86.323792,86.490204,88.231972,88.34285,88.274551,88.409164,88.837402,88.634499,75.872734,76.092308,76.495667,76.679413,77.440697,77.793221,77.33786,77.440201,77.941872,78.273285,78.215248,78.621513,79.323608,79.580215,79.879524,80.140488,80.110069,80.407486,82.164558,82.344582,81.606499,81.773399,81.209633,81.457199,82.408806,82.683411,82.831078,83.101791,83.756767,83.974358,84.139961,84.332886,85.187218,85.362907,85.437798,85.619301,85.978783,86.174713,86.853722,86.802498,.56359828,.55430931,.63399804,.61536402,.66455424,.64097261,.65142721,.63625151,.69713563,.67557585,.6701377,.64572531,.67462617,.65435785,.69389403,.66859305,.71223176,.6858958,.65453017,.63229716,.64117056,.62315696,.63213658,.61108798,.62385887,.59900731,.61970896,.59660113,.63835001,.61894721,.57965362,.55962676,.64279348,.6212554,.56950897,.55194622,.61726922,.59426099,.72380561,.73708218,.49280867,.48576349,.49664295,.48788878,.53252196,.52411312,.54308629,.53519213,.52058023,.51066196,.54997933,.54192781,.54552209,.53658885,.56926233,.55737221,.56099546,.546229,.57663399,.56199867,.57893491,.56719297,.5811795,.57039279,.60638463,.59236324,.57489568,.55801636,.5683409,.55357885,.57646841,.56029618,.55715561,.54064649,.5463379,.53191221,.59568471,.57537997,.77136481,.76777023,83252,84751,81433,82816,88665,94037,98489,101598,104331,106938,109672,115855,122856,130620,140215,149614,158447,167284,157223,97616,75327,82192,79925,79728,82141,84643,88966,93702,99542,105565,109332,114908,122273,129818,139081,149805,158383,167058,150907,89890
19400,New York City,11781395,36,New York,NY,84.526657,83.598282,85.457069,84.560326,84.918983,83.973763,84.988266,84.024422,85.217384,84.364716,84.937744,84.23204,85.203453,84.52774,85.191002,84.574249,85.354271,84.790298,84.978218,84.419495,85.473419,84.944939,85.800476,85.305862,85.610275,85.206818,85.687454,85.319695,86.412697,86.077469,86.552605,86.233955,86.998077,86.697334,87.275642,87.00341,88.544823,88.353607,88.943527,88.804764,79.573013,78.645935,81.086235,80.195152,80.57666,79.737282,80.326355,79.494942,80.563423,79.840958,80.604507,79.994141,80.743561,80.173401,81.434402,80.931,81.485764,81.048737,81.626778,81.218666,81.995354,81.618362,82.363159,82.013519,82.617043,82.361511,83.197289,82.975021,82.922089,82.746445,84.208321,84.052925,84.408394,84.268349,85.188026,85.076866,86.311493,86.259102,87.483749,87.472122,.13232623,.20337163,.15211849,.22623867,.17351626,.24247184,.18939954,.25404981,.19879383,.2541835,.19538026,.24778168,.19608483,.23904938,.19601078,.23365323,.18678303,.21490733,.1948669,.22320341,.20768581,.23102531,.20598432,.22991897,.21169712,.23088004,.22631839,.24031518,.20932363,.22844638,.2100741,.23160774,.20204513,.21968955,.20417657,.22286266,.18099938,.19596611,.16568029,.17798896,.13418293,.18543364,.14353955,.19605468,.1601475,.18709151,.16953768,.20769157,.17526998,.21291883,.17792344,.20551766,.17554349,.19615433,.17879176,.19180293,.19313508,.20657347,.19824114,.21274105,.20295589,.21681382,.20239785,.21412292,.21021956,.2143047,.21232334,.21870141,.21593168,.22144172,.19765687,.20727667,.19600306,.20154311,.18798271,.19712526,.17505333,.18164393,.14772144,.15346894,1492820,1821480,1511591,1325789,1262199,1289141,1338056,1316210,1255869,1177829,1106058,1066627,1063563,1072132,1098558,1151116,1228145,1361812,1573672,2025577,1325532,1724619,1513161,1300434,1180190,1140317,1126482,1114268,1064360,1015647,980099,968012,967962,976563,1010321,1066922,1167948,1321784,1517700,2012753
19500,Toms River,1126217,34,New Jersey,NJ,80.306587,80.454765,80.593063,80.816933,82.14109,82.581299,82.266655,82.412079,83.165459,83.339546,81.892471,82.197449,82.730881,82.971222,82.988335,83.167694,84.33149,84.541031,84.204437,84.491615,84.874786,85.124725,85.134201,85.372635,85.095543,85.344452,85.632362,85.854073,86.20739,86.398972,85.562218,85.794563,86.191788,86.38588,86.622147,86.771561,87.448524,87.58519,88.515091,88.499794,74.02903,74.267113,75.828796,76.067604,76.879326,77.263725,76.534462,76.715302,77.674751,77.896065,78.008324,78.297737,78.574364,78.838097,79.175079,79.389557,78.936058,79.237877,79.805779,80.13681,80.980431,81.301117,81.67205,81.967285,82.405144,82.673279,82.448524,82.721291,82.952362,83.209732,82.887123,83.16996,84.221344,84.457932,84.189034,84.408623,85.753471,85.94838,86.907196,86.989227,.5271917,.51197404,.55005133,.53321844,.60297781,.57650155,.5909065,.57165557,.60762048,.58666205,.61403,.597063,.57902741,.56094164,.58818996,.56808108,.5540449,.53578645,.57456094,.55360883,.51809168,.49926317,.53047967,.51103753,.5705443,.55086517,.5533213,.5325371,.49363065,.47490966,.53157812,.51031369,.50506359,.48630187,.48747978,.47540733,.45945597,.44601768,.46007103,.45621583,.44721523,.44327521,.46728367,.45782766,.49287844,.4817192,.48016095,.47174078,.51135898,.50267553,.50085008,.49047086,.49064332,.47989073,.47908279,.46973154,.49865377,.49293977,.48832098,.4806574,.52636456,.51248848,.50060934,.48939764,.50537503,.49120793,.49227905,.47988403,.46690792,.45263746,.4853934,.4762972,.45727926,.44418931,.42623815,.41480955,.42147577,.40689468,.41399544,.40261209,94159,92987,90916,94885,99781,106875,113729,117464,125368,132091,138579,147331,158239,171833,186970,207515,229380,263082,287198,273669,78857,82664,83832,84467,87032,91280,95159,102272,109442,119261,127510,137860,149218,162596,181121,203140,227377,258483,278657,262859
19600,Newark,5822286,34,New Jersey,NJ,82.815262,82.329674,83.555237,83.06308,84.124565,83.614059,83.813553,83.321381,84.044167,83.562248,84.166069,83.706779,84.786095,84.476189,84.884056,84.580002,84.461258,84.108002,85.324547,84.963272,85.011215,84.675034,84.492668,84.161682,85.051178,84.79142,86.11647,85.887611,85.930771,85.663132,86.588837,86.304214,86.843742,86.547401,87.607315,87.294968,88.914406,88.627304,89.086823,88.822899,76.854179,76.367462,78.150223,77.632874,78.96521,78.447868,79.573509,79.086685,79.584534,79.140289,80.118279,79.690605,80.008072,79.750854,80.560074,80.312866,80.860451,80.590683,81.547432,81.279953,81.69133,81.465111,81.499069,81.288132,82.082893,81.949623,82.912483,82.807106,83.182724,83.053062,83.661964,83.529648,84.040489,83.907402,84.870934,84.743698,86.163307,86.045807,87.21611,87.134995,.21173398,.24136373,.24834891,.27799991,.26660097,.29137576,.2834667,.29906633,.27520368,.29171988,.28728503,.30275074,.28991351,.2963686,.26939952,.27474242,.26998466,.27911603,.26715061,.28087699,.26091698,.26808378,.28277162,.28679222,.27052525,.27622789,.25545117,.2586762,.2694903,.27678728,.25495633,.26674089,.2413654,.25272781,.2276222,.24741632,.18778795,.20956285,.20110105,.22613819,.20847137,.22584596,.21304891,.22738121,.2326245,.24046768,.23465264,.24238886,.23339482,.23999476,.24555299,.24954684,.23500858,.23434375,.24230577,.24058242,.2500324,.24934717,.26099953,.25951502,.25576556,.25631201,.25683653,.25494537,.24672252,.24489315,.2529417,.25036451,.23332253,.23438725,.24210005,.24441808,.21470055,.21971302,.20591013,.21730961,.18878843,.1991457,.17764576,.19500767,549853,586598,561944,541865,536963,554576,579899,608666,629159,636514,629717,632793,652963,694053,752320,830584,931587,1098994,1348808,1518749,487780,537027,546803,541408,538513,537673,542729,554062,561216,565582,568761,577610,603353,647869,709413,797649,913801,1096263,1329456,1485675
19700,Philadelphia,5602247,42,Pennsylvania,PA,79.074799,79.69017,80.463974,80.974518,81.032997,81.491241,81.519852,81.949898,82.245697,82.629585,83.12101,83.587181,82.88871,83.295563,83.610085,84.054558,83.717331,84.176857,84.108803,84.499504,84.442284,84.796158,85.132645,85.476837,84.673538,85.011642,85.367378,85.675362,85.759911,86.051964,86.455368,86.725388,87.059311,87.285583,87.893463,88.060944,88.098366,88.179092,88.666458,88.752007,73.262245,73.885178,74.806435,75.320496,75.394371,75.873016,76.354568,76.834885,77.18412,77.63797,77.467682,78.007439,78.457588,78.922531,78.852478,79.357964,79.816566,80.312569,80.302437,80.738113,80.686142,81.094048,81.602989,82.00705,82.235878,82.601753,82.180939,82.542412,82.611618,82.968796,84.084595,84.407272,84.324379,84.627213,85.006294,85.25985,86.256615,86.413559,86.599495,86.772392,.22240691,.23056947,.243166,.254969,.26742014,.26803228,.26629433,.27038047,.25357857,.24921879,.25552684,.25127834,.26466545,.26229438,.25653732,.25136727,.24837901,.24400699,.25454572,.24780393,.26040313,.25381303,.26310498,.25547379,.25930282,.25149864,.27641636,.26907536,.26321888,.25600255,.25988352,.25412521,.25393847,.24635543,.24598818,.23974267,.25812364,.25783724,.2549237,.25001377,.17938858,.18850739,.19635457,.20541476,.19867988,.20331185,.20621945,.20720142,.21149701,.21328585,.21955457,.21746936,.21811067,.21960221,.2196871,.22080877,.23027687,.22830299,.23513269,.23255764,.22865337,.22520229,.23873258,.23528735,.23621234,.23260918,.243111,.23944086,.23461145,.23106274,.23694573,.23087965,.24989869,.24252039,.23864487,.23578453,.24048309,.2341609,.25281432,.24919343,550673,523759,512722,541232,591306,639901,667546,675973,670732,666683,665498,679631,708135,736793,771759,812766,862457,921491,954963,958465,497845,500445,500009,512770,529352,550616,560671,573561,589305,600361,610488,628620,657389,690157,731675,780203,829848,885598,914101,913792
19800,Wilmington,586216,10,Delaware,DE,77.75502,79.026299,79.447021,80.538528,79.06665,79.846085,80.190262,80.430267,82.523933,83.240242,81.645782,82.18055,83.73114,84.150764,81.667831,82.210808,83.460594,84.053238,84.866081,85.401184,85.054634,85.539627,84.590614,85.112015,85.126251,85.619194,86.039169,86.484978,85.92141,86.255836,87.204285,87.411102,86.524696,86.698532,87.936829,87.978203,89.169907,89.226234,88.212517,88.043846,71.657997,72.934509,74.470657,75.576141,74.091644,74.930099,75.373825,75.692139,75.510742,76.30854,78.4076,78.965569,78.349266,78.864868,78.64119,79.162552,78.678505,79.307007,80.078789,80.69722,80.472244,81.039429,80.953575,81.522224,81.894905,82.433601,82.756599,83.262352,83.217186,83.595856,83.223595,83.523438,85.07254,85.290398,85.41555,85.570755,85.815437,85.985428,86.560692,86.542732,.71100944,.69832575,.75670815,.73385286,.75539339,.74013561,.81123614,.79571313,.7856732,.75456679,.74177235,.7210716,.74957716,.72771114,.70723879,.68536723,.79543132,.76467896,.73121232,.69490367,.7377938,.70897299,.73161477,.6991362,.76026833,.72316593,.74791509,.70992208,.75409621,.72353995,.75230408,.7284804,.78441268,.76300776,.67905325,.67187464,.62631333,.61605513,.82902002,.83862352,.51520282,.52137578,.64410931,.64244324,.61423713,.61318755,.65266502,.64310914,.57882512,.58018798,.65718031,.6459617,.6646663,.6564002,.63608301,.62784785,.6644218,.65365481,.67641664,.6607042,.72850698,.71310359,.69366616,.67268831,.6578303,.63699448,.70151436,.67758799,.67500889,.65479559,.70043087,.68106258,.61475283,.59949493,.65863848,.64542013,.65410972,.63756245,.76098794,.754094,55851,49713,50059,53717,60170,66837,72954,75387,75920,75411,77469,78833,81854,85225,91015,97899,104814,110230,105960,82913,50365,46945,46643,48199,52679,57065,60412,63647,65764,68969,72266,75126,78702,83009,89803,96983,104372,107980,100532,76327
19901,Dover,439269,10,Delaware,DE,79.041817,79.920593,80.850296,81.575348,79.686882,80.294342,81.913139,82.463814,82.83696,83.35701,82.681725,83.274956,82.820992,83.372192,84.009155,84.518417,82.541489,83.073288,83.457779,83.991875,83.843567,84.367447,84.96434,85.402763,86.405586,86.706512,86.618141,86.894539,85.69133,86.071213,86.50045,86.910477,87.251755,87.599159,87.753822,88.021378,88.132751,88.235802,86.691772,86.886063,72.383171,73.358696,74.267891,75.164261,75.008621,75.738113,76.802681,77.495247,77.476067,78.096489,77.822777,78.498558,79.552498,80.144844,79.334793,79.913422,79.778458,80.335991,80.774109,81.328949,80.944008,81.489532,81.140274,81.63961,83.110359,83.487434,83.689209,84.026039,83.40049,83.810829,84.228882,84.670692,85.371658,85.748322,85.992973,86.305061,85.102356,85.337715,86.314034,86.576904,.6625753,.64362395,.71207619,.6917851,.7451852,.73091096,.69399053,.67457497,.75411916,.73042685,.7408393,.71295941,.78081977,.75993991,.76735824,.73581296,.77854121,.7531085,.85635179,.82258469,.79355574,.76035333,.77979982,.7497043,.73417777,.70874202,.88199508,.85160953,.87577313,.8393473,.86237407,.81838411,.85997629,.81427175,1.0080504,.96653372,.91395396,.89055109,1.3765063,1.3316981,.53387576,.53901988,.55242383,.55627823,.55161738,.55135095,.57458985,.56845486,.58190924,.57774502,.61296827,.60642076,.64340788,.63063556,.65860659,.6468547,.67850554,.67028099,.69935048,.68557048,.72084266,.70306891,.70766205,.69167638,.69390154,.67579448,.77248555,.75122237,.78662264,.75937396,.87079537,.8386746,.85638803,.82270098,.94065386,.90354508,1.0507581,1.0182633,1.1867905,1.1472815,59127,62021,66334,71853,71007,69245,67443,65123,64641,64645,65382,66891,67013,65327,63414,60423,56523,50699,41563,35843,51986,55018,58895,64120,64062,62199,62280,62832,62108,61984,61879,62243,61226,59917,58118,54178,50429,44255,36041,32582
20001,Bangor,289843,23,Maine,ME,82.14653,82.525261,81.843719,82.287399,84.10952,84.463669,83.152748,83.555244,84.406708,84.773109,83.04071,83.450058,83.467888,83.853867,85.251343,85.572464,86.340485,86.607658,86.223312,86.535034,85.481392,85.863403,86.012726,86.391296,84.814362,85.213402,85.663673,86.014488,87.368515,87.682175,88.481888,88.75267,88.348236,88.55658,87.67569,87.941734,87.502998,87.860207,87.217102,87.280289,74.260849,74.757271,77.842781,78.283043,76.669098,77.156921,77.628075,78.066032,78.002098,78.490211,79.105087,79.521713,79.609642,80.025162,81.420143,81.810562,82.193695,82.572723,81.736641,82.143562,83.939697,84.307365,83.716507,84.1035,84.72419,85.05928,84.019028,84.389076,84.037483,84.42308,86.848579,87.116447,85.908707,86.235153,87.727036,87.948082,88.180847,88.386024,83.624092,83.91433,.8212257,.78198367,.8352927,.79726428,.84318346,.80523384,.91121447,.86962646,.85690868,.81476104,1.0315422,.99228597,1.0118716,.97496325,.96684897,.9243257,.92930579,.89197487,1.0384663,.98910254,1.0212994,.97209615,1.1247749,1.0655321,1.3490249,1.2987405,1.3956389,1.3401432,1.3898914,1.3216132,1.2173678,1.1505551,1.0515711,.9979586,1.8526425,1.7776483,1.7347308,1.6388333,1.6374201,1.597386,.60285038,.60478461,.70301265,.68781805,.68451434,.67683852,.69820875,.69225907,.74376184,.7341699,.77381152,.75790083,.88035172,.86556709,.8625133,.84264684,.88019997,.8545326,.926624,.89529282,.9173758,.88227278,1.0164421,.97588968,1.051265,1.0105,1.2155308,1.172086,1.29344,1.2552289,1.1370919,1.0853971,1.469294,1.4070635,1.3954489,1.3328964,1.1249452,1.0670013,1.554449,1.5174687,38747,41525,44102,47950,47623,46792,46595,46359,47062,47048,47074,45301,42859,39785,35858,31565,26915,22580,20101,19594,34738,39353,41974,44652,45421,46009,46783,47313,46980,46092,45102,43036,39575,36431,32302,28214,23551,20191,18459,17312
20100,Portland,690459,23,Maine,ME,81.290367,81.64711,82.117233,82.504143,83.200058,83.537537,83.225861,83.567879,84.42347,84.732567,84.429245,84.736961,84.979027,85.330978,84.861725,85.242012,85.557312,85.886978,85.375893,85.712685,85.314621,85.693901,87.458588,87.753441,87.121552,87.416542,87.38842,87.648804,86.723709,87.05336,87.160919,87.482864,87.799004,88.076111,88.61116,88.820068,88.878975,89.165016,88.764656,89.003662,75.023804,75.432518,77.001831,77.428848,76.01104,76.442719,78.081871,78.503067,78.537697,78.94175,79.406769,79.814789,80.175507,80.593719,81.596817,82.001396,81.959831,82.360931,81.753258,82.160461,82.615662,83.027939,83.661697,84.036758,84.042778,84.396858,83.307266,83.696327,85.483177,85.793259,85.147636,85.486458,86.178345,86.463531,86.910675,87.134628,86.597282,86.928604,86.908997,87.17392,.61746919,.59002304,.67323536,.64518428,.66219246,.63850963,.65713871,.63015711,.65083522,.62545556,.6542086,.63210541,.71783048,.68864334,.69360703,.66048217,.69294566,.66543937,.71902061,.69273794,.72423911,.6902796,.71312028,.6777916,.71211821,.67520946,.6650216,.63207817,.85334814,.81493223,.89906597,.85632437,.9152922,.87192225,1.0438579,.99929672,.89439338,.83735794,.96576387,.91706479,.47782451,.47838354,.50080466,.49817082,.46220332,.46214357,.49524021,.49054009,.52564967,.52329749,.55297482,.54405624,.55143744,.54290617,.58117378,.56289113,.60862482,.59228724,.63215315,.61866474,.63557523,.62167144,.61492598,.58898509,.68833607,.66697514,.75660729,.73932815,.7167725,.68606699,.79454476,.76488656,.81315017,.77794331,.78587395,.75506604,.89145827,.84976542,.87724918,.83960968,80080,79621,86538,96203,104307,104736,103547,104201,107135,109344,110713,111495,109395,105553,99875,92190,80140,70381,65826,67355,73720,79061,84052,91026,96967,98401,102426,105842,106921,106952,107451,106130,102811,99614,92305,84083,72495,64583,62070,63107
20200,Burlington,321496,50,Vermont,VT,81.515724,81.872177,81.650124,82.054146,83.977753,84.374626,83.436478,83.895233,81.897499,82.39917,85.048256,85.22773,85.482895,85.787468,85.316406,85.625519,85.000175,85.320023,87.346619,87.537491,85.472374,85.793068,86.536293,86.857674,88.418381,88.6409,87.98053,88.214043,87.233482,87.512733,88.860985,89.064636,87.481346,87.756798,89.815445,89.935417,88.539268,88.721596,88.685112,88.901588,75.80471,76.271004,76.175552,76.657997,79.232674,79.647209,76.701653,77.223564,79.66787,80.113335,79.203278,79.517479,80.229637,80.636696,81.575737,81.963387,81.535599,81.89431,82.561722,82.892036,82.708679,83.079895,84.47525,84.791756,85.408424,85.706696,81.712982,82.147362,87.34774,87.557632,86.177238,86.490997,86.796852,87.051376,86.182312,86.446297,85.996201,86.269653,85.619812,85.936874,.86637652,.82774097,.92448956,.88628453,1.0825127,1.0290357,1.1109986,1.0629907,1.0350959,.99532866,1.0239594,.99259937,.96566117,.92313623,.95030415,.9049139,1.0198916,.97529167,.86524051,.82829905,1.0651032,1.0228981,1.0658808,1.0131435,1.0000839,.95091671,1.0597134,1.0101802,1.1274661,1.0752548,.93229967,.88016802,1.3383284,1.2772774,1.0595906,1.0220875,1.2389859,1.1875714,1.0783464,1.022295,.77679121,.76037264,.78904939,.77964187,.86692011,.84255773,.77641118,.77941245,.88179058,.85918313,.84161645,.82590014,.87179941,.85177022,.94311112,.92139971,.8712033,.84742147,.90127462,.87295401,.99170566,.96289587,.91344601,.87958944,.92531127,.8869276,1.0100374,.99187452,.78857499,.75348872,1.0963653,1.0477799,.97264028,.92776078,1.1001469,1.0569059,1.2341254,1.1946414,1.3100128,1.2591554,31710,31299,32026,35521,38634,41156,42132,44015,45647,48608,49973,51490,52779,53483,51734,49882,46879,44008,41651,38159,30228,31891,32794,36232,40531,42443,43361,44973,46258,47639,48834,49939,51104,50903,49691,47843,43827,41767,39236,34596
20302,Claremont,265884,50,Vermont,VT,77.837379,78.237892,82.081314,82.399948,79.845253,80.295837,82.938393,83.394302,83.704819,84.14006,83.707603,84.131203,83.780846,84.21048,85.604134,85.89962,84.756752,85.151428,85.569077,85.931946,87.837074,88.110985,86.183395,86.527817,86.760223,87.084572,88.529655,88.753769,87.495895,87.739563,86.21167,86.503876,89.921387,90.048309,88.696289,88.986862,90.185638,90.359489,88.925591,89.163422,76.575783,76.935028,77.039406,77.437149,77.251228,77.680084,77.401688,77.913109,79.398872,79.852638,79.819565,80.23053,80.869904,81.255142,82.679306,83.022148,82.489082,82.852402,83.201881,83.586395,82.45356,82.872543,84.796959,85.125397,84.070305,84.422714,84.566856,84.914879,84.367462,84.696442,85.163849,85.445175,84.789749,85.107437,85.804497,86.158943,84.37999,84.794807,88.356819,88.563431,.90361339,.88346153,1.0489661,1.0079365,1.0785295,1.0547522,1.138128,1.0903101,1.0968601,1.0448949,1.1339698,1.0899141,1.1425618,1.0968919,1.0171179,.97222197,1.1551741,1.1030858,1.032958,.97890258,.96309841,.91322207,1.0659467,1.0104548,1.1339911,1.0798939,1.031382,.97689259,1.2183493,1.1625744,1.4419144,1.385251,.94442654,.8994475,1.4695512,1.3880506,1.0117995,.95083743,1.1293461,1.064108,.82794839,.81232333,.83054662,.81210989,.8227123,.80924517,.85301328,.84947687,.8384282,.82144219,.83660489,.81959063,.83735394,.81380045,.94167507,.90896261,.91185915,.87827528,.96666473,.9314189,1.0039634,.97047585,.9342491,.89706814,1.0212796,.98508233,1.0465214,1.0125568,1.1297153,1.0909637,1.2117772,1.1709086,1.3501239,1.3040061,1.4511189,1.393682,1.5218394,1.4777234,1.0980697,1.0429741,28946,28907,29986,33573,36997,40189,41769,42281,42775,43677,44931,45680,45767,44069,40981,38539,34285,30119,28784,31691,27587,29801,30114,32977,37465,40892,42881,43272,42490,42464,43355,43330,42781,40841,38653,34396,30641,26927,26253,28127
20401,Providence,1582997,44,Rhode Island,RI,80.603844,80.458618,82.045288,82.000793,83.951881,84.001259,82.214195,82.404984,84.280846,84.446815,84.332458,84.513802,84.840096,85.061172,84.839684,85.119507,85.017944,85.239967,85.346664,85.585953,85.239601,85.556786,86.33094,86.613106,86.602417,86.836563,86.782547,87.014809,87.607605,87.830444,86.467941,86.75338,87.444023,87.693649,87.966599,88.18586,88.73246,88.914169,89.559006,89.581642,74.094246,74.066444,76.364616,76.376144,77.561867,77.664429,77.107826,77.296028,78.466827,78.713455,79.55014,79.78231,80.027626,80.315063,80.852356,81.178551,80.660912,80.946037,82.270805,82.543579,82.549675,82.87661,82.13961,82.512245,83.613174,83.895752,82.910172,83.232346,84.463013,84.754425,84.802002,85.097,84.441048,84.755341,85.79467,86.05719,86.228027,86.477539,86.198608,86.340752,.45152918,.43990046,.51509976,.50092316,.47814766,.46491873,.49995524,.48293519,.48662934,.46816027,.48619774,.47015181,.46607271,.44629106,.47243151,.45458513,.49666023,.47983298,.49280956,.47660196,.49812955,.47647154,.45837596,.44011712,.46681136,.44559479,.48251256,.4663626,.46605483,.44583467,.51489419,.49324116,.5466342,.52289337,.52316052,.50016874,.52387917,.50149643,.48623767,.47848308,.33849275,.33395091,.37802169,.37171984,.37999761,.37658605,.36973017,.36425054,.40177011,.39711502,.38772854,.38380533,.40266895,.39583886,.41358733,.40409738,.41742295,.40854245,.43248886,.42212471,.41715506,.40804532,.45596883,.44692782,.43649155,.42249358,.47817197,.46856347,.45674947,.44273481,.47392777,.45955017,.49493414,.48170376,.48919079,.47249305,.54069585,.52008599,.63561481,.61907464,155068,151998,162826,168694,174412,184407,191007,194161,194462,201400,210447,219033,222729,223611,226975,231378,232738,230435,209201,170728,136607,137278,144244,154496,165071,174306,179211,184981,191906,198261,202495,207371,212273,215035,221624,224173,226101,219361,197832,160624
20500,Boston,4974945,25,Massachusetts,MA,82.15731,81.804939,83.347961,83.080681,83.328171,83.127571,83.090889,83.109642,83.427864,83.418396,83.356575,83.486717,84.024071,84.187263,84.842194,84.951889,85.069633,85.228287,84.626495,84.835625,86.042572,86.184212,85.57489,85.735153,85.850243,85.996887,86.294617,86.428589,86.098732,86.264008,86.650917,86.819191,87.60994,87.747223,88.301582,88.412933,88.201271,88.329231,89.25177,89.323395,76.082603,75.86908,78.171631,77.99575,78.22364,78.150703,79.285515,79.380341,79.006523,79.100128,79.069557,79.286003,79.943405,80.182732,80.96064,81.161263,81.370872,81.609833,81.328117,81.60907,81.800919,82.067993,82.28788,82.55249,82.605301,82.860893,83.360298,83.59568,83.833412,84.083702,84.226341,84.483162,84.614555,84.859695,85.589493,85.803566,86.526123,86.737503,87.667999,87.823601,.24359776,.24102746,.3020891,.30214176,.31544462,.31227982,.35560888,.34961569,.31739944,.31179336,.32282391,.31502607,.30773845,.29968888,.29074451,.28437391,.28979352,.28342921,.28953481,.28484282,.26646239,.26083404,.27847409,.27391458,.28146023,.27126947,.28068098,.27702102,.28290239,.27956045,.28709829,.28075963,.27151757,.26645222,.2403705,.24093451,.25402597,.24975109,.2128267,.20988798,.2183979,.21648832,.24630286,.24251509,.2622216,.25888574,.26459324,.26009706,.25000539,.24647099,.27218294,.27106437,.26552695,.26266521,.25575471,.25338274,.26422942,.2594671,.26999703,.26678461,.26979843,.2642552,.26347494,.25883299,.26904711,.26536185,.26921397,.26347488,.2604267,.2573218,.26131576,.25754115,.24588022,.24055527,.25223312,.2497178,.24365903,.23887472,.21267822,.2109478,434768,407247,388301,404544,435852,474503,510507,536676,555091,578842,598539,614028,630593,662312,710118,773958,850526,939295,1042509,1172770,404560,396458,376880,394068,425511,450752,472169,486514,505666,524597,541697,560715,586678,625767,682724,746535,818287,906771,1009237,1132193
20600,Manchester,1193391,33,New Hampshire,NH,79.576996,79.923134,80.678566,81.06002,81.880936,82.277229,83.538704,83.921066,83.31855,83.650963,84.193192,84.53302,83.835091,84.181465,84.513947,84.851021,85.657135,85.919495,85.106781,85.414513,86.183014,86.449493,86.746803,86.958641,86.433914,86.69973,85.171272,85.528099,86.943291,87.217041,86.842255,87.125412,87.783752,88.006027,88.062355,88.234116,88.865509,89.04216,88.504654,88.74881,74.717094,75.089043,76.177765,76.568832,76.61657,77.034042,77.069824,77.495903,78.69751,79.069496,78.71257,79.124107,80.173706,80.540154,80.876808,81.263107,81.37487,81.716209,81.636993,82.003273,82.27681,82.628151,82.231895,82.576584,83.555229,83.882408,83.772453,84.103355,84.178474,84.50856,84.818481,85.137886,85.41497,85.702385,86.439606,86.675072,86.203896,86.473763,86.644043,86.925682,.51160282,.49924579,.56774521,.55458468,.5980019,.5786289,.57431477,.55575627,.54328853,.5288561,.52836186,.5081507,.54308254,.52396327,.50508142,.48359591,.51090139,.48874089,.54546446,.5232116,.51717609,.49491233,.46806809,.45123199,.51058108,.48848489,.57723343,.55719668,.54096156,.51854038,.57714021,.55540919,.51397359,.49478075,.52444649,.50744772,.47479197,.45611703,.58308637,.55694926,.40669036,.40624377,.43180048,.42756522,.46483257,.46148977,.43280718,.43229792,.44162634,.43824077,.44475162,.43980846,.42602056,.41809237,.47707731,.47240573,.44702563,.43947804,.48122543,.47374782,.44777122,.43926987,.46752432,.4581241,.46913293,.45577204,.47387087,.4633728,.4761472,.45946321,.49442193,.47814536,.48846507,.4753685,.49617043,.47900346,.50713289,.48800188,.53688604,.51606035,107891,103777,108609,124410,141474,154161,160247,164935,169283,178989,187001,194148,201498,210048,215535,221262,222896,221973,213886,175764,99900,102503,104646,117959,130451,143128,153101,162551,170413,179683,186719,194979,202417,208643,214260,219220,220665,218248,209462,168854
20800,Springfield,680014,25,Massachusetts,MA,80.991524,80.150238,82.655396,81.963982,82.972374,82.558006,82.678993,82.717026,85.352913,85.496002,84.129593,84.297791,82.890099,83.110977,84.617874,84.908844,85.058357,85.264229,85.880203,86.100136,85.842522,86.154984,85.266457,85.58522,85.407364,85.735085,85.872726,86.20755,86.467468,86.763046,87.376526,87.607445,87.238487,87.496559,88.549545,88.774597,87.810501,88.016983,88.981781,89.064278,75.409164,74.662819,76.865646,76.220673,77.939857,77.642265,78.187271,78.236549,79.2957,79.530228,78.667412,78.89399,79.745331,80.00251,80.559738,80.939247,80.620827,80.929428,82.340904,82.621567,82.380936,82.73629,82.665497,82.997223,83.369995,83.70742,83.007622,83.370544,83.853722,84.179367,84.926163,85.217186,86.713844,86.952339,85.535431,85.865402,86.755692,86.967354,87.20359,87.358047,.67066073,.67498893,.72050899,.72220618,.76804543,.75634587,.8385489,.81399453,.74007022,.71235931,.74619061,.72215503,.73779297,.71270335,.6609211,.63385415,.69700414,.67099011,.71071422,.68123388,.68706703,.65424407,.75815862,.72485965,.72679192,.69357932,.76542974,.73046982,.80224925,.76670152,.70418608,.67549103,.79822677,.76233733,.70867079,.6726833,.96962136,.93076622,.88961804,.86243939,.53994828,.53424042,.6100769,.60045242,.67535007,.66153085,.65993977,.64526403,.62211448,.60541713,.58939689,.57941955,.63667548,.62164205,.64891088,.63440442,.64675325,.63483202,.58243001,.56256455,.64618784,.62834138,.66251802,.64471358,.6802845,.6605016,.65877146,.63597274,.67684776,.6545558,.74908501,.71866643,.70111668,.67228979,.82831204,.79364192,.76562607,.73416495,.87927192,.84889436,70458,63986,65553,68529,74533,82297,84405,85354,87962,91679,92854,94535,97171,99893,101774,101283,95163,84883,70893,57857,63052,60556,59704,62405,69348,75969,79563,82121,85916,88678,89820,92001,93404,96644,96533,94492,87698,77049,64484,52168
20901,Bridgeport,3405565,9,Connecticut,CT,80.723114,80.443794,82.286598,82.067184,82.705933,82.646179,83.816444,83.927498,82.916298,83.127243,83.302261,83.459946,84.50808,84.604874,83.816833,84.046066,84.565582,84.75563,84.869736,85.080475,85.712105,85.930855,85.52626,85.734016,85.596863,85.79467,86.58284,86.753113,86.76123,86.955193,86.708359,86.930344,86.981003,87.185448,87.482613,87.653969,88.795128,88.945778,89.284279,89.400269,75.116768,74.926361,76.955132,76.781471,78.167801,78.14048,78.185921,78.361168,78.210335,78.443108,79.452957,79.628426,79.720718,79.877319,80.137779,80.387367,80.577896,80.815674,81.757011,82.003922,82.121796,82.401436,82.382523,82.631477,82.659103,82.914734,83.313004,83.558464,83.771774,84.036514,84.270424,84.538254,85.146004,85.388435,85.839516,86.050034,86.408722,86.634102,87.428925,87.621407,.31035033,.31336829,.36736915,.36788878,.3908543,.38146809,.36593521,.35550165,.38447189,.37226573,.36197093,.35136351,.3617194,.35169083,.35889983,.34693673,.35558987,.34300604,.33158806,.32039991,.30086926,.29014206,.33872002,.3267009,.32050949,.31172407,.3118003,.30270323,.32298541,.31277534,.30680424,.29659081,.30180296,.29300839,.28642422,.27970126,.26446998,.25603735,.24014609,.23557287,.26713505,.26746404,.29847243,.29541478,.31589389,.30978084,.30856994,.30393612,.2997148,.29549417,.31113103,.30371743,.30924365,.30408609,.29786474,.29166797,.31033775,.30517563,.29574859,.28951418,.29469153,.28883475,.28153121,.27734464,.31120655,.30404338,.29655522,.28840083,.29375097,.2876074,.28617218,.28103858,.28269929,.27711007,.2642293,.26017654,.27369347,.26636761,.24168195,.23399606,291826,264127,261563,282083,303011,329429,356143,379951,395596,409877,425359,446673,470241,493857,525261,568685,615647,674956,711710,863773,274748,258345,251447,268995,287102,301808,319522,342141,361970,380042,397074,419185,439514,466734,504536,544971,593793,646052,675328,832441
21400,St. Cloud,254139,27,Minnesota,MN,81.289421,81.730049,82.280922,82.67215,83.836288,84.134605,83.512573,83.680214,86.165741,86.368759,83.085098,83.411873,87.895203,88.035118,84.502975,84.909554,85.844948,86.188995,85.565857,85.911346,87.807053,88.081795,86.539368,86.854584,85.156601,85.53923,87.256111,87.547295,88.826561,89.038734,85.973572,86.35791,88.432442,88.699783,90.281044,90.450485,90.644775,90.797211,91.112648,91.207825,73.281998,73.921638,78.9702,79.44207,79.711723,80.039474,77.904289,78.16188,78.823898,79.216454,81.461708,81.789413,80.279602,80.609283,81.671967,82.081573,82.953072,83.332405,83.840767,84.18959,84.214836,84.556931,86.712395,86.963852,85.194557,85.491447,84.939629,85.266029,86.35096,86.618927,85.09391,85.417648,84.313202,84.686844,85.221733,85.573112,88.811615,88.97879,85.175888,85.538887,1.1272671,1.0781043,1.1287222,1.0795454,1.3611685,1.3105508,1.3110578,1.2685902,1.0261919,.98366213,1.1841688,1.1359608,.92388767,.88634151,1.2661424,1.2127336,1.2648543,1.2025346,1.1708145,1.1188812,1.1618243,1.1032748,1.2106558,1.1543474,1.2693903,1.2127465,1.226647,1.1671183,.98015606,.92937583,1.3810155,1.3208836,1.3127145,1.2403899,1.1225903,1.0589731,1.2267327,1.1578733,.93185663,.88237363,.83749646,.83615601,1.1271963,1.0944973,1.064765,1.0355942,.98597383,.96610028,.98624355,.96865839,1.0335506,1.0032928,1.0332155,1.0098618,1.0221332,.99410212,1.0263659,.98939753,1.1001705,1.0588361,.95364088,.9169156,.92209417,.88017738,.94535053,.90552646,1.0831609,1.0468215,1.0807608,1.0373563,1.2449633,1.199173,1.4502901,1.4036741,1.4559671,1.3987454,1.0458045,.99798542,1.6820087,1.6184585,21060,19501,20800,24216,27786,30370,31710,32137,34262,37683,41472,45797,47757,47709,46289,43361,39443,31407,24566,20975,21490,20123,20222,23361,27359,30836,33501,36760,39388,42434,46529,48155,47746,47887,45199,42114,37364,29889,23924,20485
21501,Minneapolis,2904389,27,Minnesota,MN,79.35511,79.309685,81.217941,81.145699,82.10051,82.165047,82.164642,82.242264,82.899933,82.991776,84.68309,84.950157,84.069885,84.355537,84.130211,84.353516,84.332092,84.608955,85.285713,85.598442,85.437111,85.720459,86.555809,86.767632,86.609604,86.821358,86.41275,86.633629,87.496948,87.694641,87.438362,87.655128,87.632332,87.834099,87.852196,88.031258,88.746513,88.903793,88.963562,89.062729,74.31295,74.589615,77.654419,77.830605,77.195831,77.421516,77.602859,77.834114,78.843674,79.062233,79.351196,79.731659,79.573074,79.933235,80.254196,80.560013,82.085106,82.391052,81.809189,82.187584,82.727364,83.070793,83.292343,83.605324,83.669891,83.969833,83.682579,83.981644,84.777008,85.061577,85.31041,85.588448,85.853455,86.113586,86.117348,86.359756,86.363457,86.60981,87.328903,87.497894,.3803044,.38897669,.44479528,.44561252,.48159969,.47115394,.46465781,.45475045,.44908631,.44072023,.39158666,.37870637,.38772643,.37800226,.3900449,.38322166,.38028771,.37248009,.37368998,.36034942,.37797618,.3663978,.33524212,.32418597,.34869537,.33900508,.37093008,.3602677,.34547102,.33455193,.35991102,.34714532,.34348017,.33319917,.35106361,.34021387,.32523268,.31580037,.3363083,.32921726,.30005133,.29888767,.36110532,.3613838,.35733384,.35475698,.36644959,.36298227,.35878202,.35536987,.34743801,.34339148,.3413218,.33950755,.33225125,.32973704,.34057269,.33164302,.35248011,.34568557,.34943721,.33979496,.33766145,.33083358,.33297518,.32315582,.33020034,.32366717,.31811848,.30876458,.3253535,.31407854,.32544568,.31815806,.32707781,.31578961,.34552515,.33714363,.30820841,.29996446,223365,181554,178199,199592,236698,277468,318285,342091,356486,366190,383350,407049,435979,468361,502049,531478,552071,554274,557651,560249,232984,201355,188381,207222,236611,264239,290521,314527,332100,349742,373530,398905,431063,463333,493564,518543,536159,537975,544959,544278
22200,Cedar Rapids,252901,19,Iowa,IA,77.964561,78.417854,81.856079,82.221031,81.828918,82.267616,83.29599,83.63604,82.451012,82.836845,85.017784,85.382957,84.735367,85.12487,84.00296,84.394943,85.101204,85.449242,87.668869,87.907028,86.062233,86.401031,85.177109,85.519775,84.799652,85.187294,88.281639,88.51857,85.074127,85.443741,88.140442,88.371201,88.259827,88.491913,88.285347,88.507278,89.31842,89.497932,90.058868,90.112511,70.801018,71.334633,74.804512,75.303185,76.704155,77.179428,76.935417,77.379951,78.3228,78.729668,78.189392,78.651779,79.437225,79.922913,79.79335,80.222183,82.327202,82.695549,81.452103,81.88118,81.332809,81.773575,83.684189,84.027962,83.765213,84.136703,82.3787,82.822052,84.504036,84.83194,83.089165,83.45903,86.82859,87.058411,84.812943,85.170387,86.872978,87.117531,88.655533,88.790878,1.1637152,1.1257571,1.193388,1.14666,1.2682974,1.2173834,1.183484,1.1351292,1.0972638,1.0535804,1.1624951,1.1075774,1.1453989,1.0912011,1.1568511,1.1061206,1.0979983,1.0451885,.95577884,.90661526,1.1200006,1.0659817,1.1335573,1.0861093,1.2254643,1.1806132,1.1191056,1.062794,1.2825404,1.2324226,1.1969216,1.1388496,1.295436,1.2355921,1.3640159,1.3053155,1.3335446,1.2739204,1.4964249,1.4585304,.75447297,.76195741,1.0041173,.98889399,.97754413,.95342684,1.0065695,.98907977,.9534018,.93208385,.91006893,.89438373,1.0070958,.98701471,.94993711,.93039793,1.0080242,.97378987,1.0006495,.97613376,.99244922,.96414423,.95732504,.92093223,1.0721973,1.034147,1.1202717,1.097291,.98089755,.94586533,1.3162216,1.2901663,1.0531911,1.0128541,1.4842533,1.4337065,1.3772006,1.3206598,1.4549516,1.4037757,19824,18135,19732,23784,26752,28935,31261,32004,33348,35009,37660,40332,42709,44385,44157,42774,40635,36181,27770,22584,19300,17852,19540,21679,24320,28133,30666,33005,34424,36731,38377,41383,43298,43762,43007,41463,39139,33581,26159,21506
22500,Appleton,549651,55,Wisconsin,WI,77.640564,77.840317,79.435257,79.669281,81.144356,81.472839,82.293823,82.77272,82.161133,82.661865,84.39872,84.698067,84.418213,84.737984,85.294052,85.604057,85.896629,86.189224,86.049538,86.361763,84.994987,85.367599,86.502319,86.8032,87.50988,87.771736,85.681946,86.078308,87.431061,87.679192,88.520645,88.691826,87.30864,87.567841,88.167381,88.432152,87.703629,87.864105,89.611687,89.674973,71.727509,72.087448,76.374794,76.657967,75.068184,75.371613,76.527184,77.005341,77.658798,78.100578,78.315819,78.698944,79.871834,80.255966,80.459503,80.847168,81.035141,81.435585,82.533699,82.903244,82.016281,82.422134,82.767113,83.158478,84.163086,84.508774,83.204697,83.609177,85.321205,85.608383,83.774338,84.096115,85.273354,85.559319,85.704353,86.015213,87.717735,87.87822,88.067398,88.204674,.73264503,.7112692,.8186726,.79589343,.83861661,.809201,.80687302,.77187741,.82044315,.78822875,.77449316,.74200386,.78004634,.74365467,.77885228,.74346721,.70255792,.6670956,.7752645,.73619908,.79592597,.75683492,.71775949,.68534285,.67548782,.64128309,.90690291,.86769146,.73257732,.70050734,.76771635,.73492396,.99841398,.95751238,1.021734,.97360945,1.2071828,1.170795,.97569597,.95202446,.52192122,.52337211,.68150645,.66926432,.63090956,.6245212,.65170479,.64144003,.65146238,.63629484,.66307694,.65323412,.66691947,.65180957,.6161648,.60594082,.6578697,.64102656,.6684739,.64795297,.6526078,.63709325,.64674944,.62576681,.66880178,.64577377,.74505574,.72523028,.70521891,.67988735,.82272989,.79831713,.83175999,.80375856,.98119807,.94369632,.97364479,.94146913,.84593743,.81456333,42369,39146,45512,53970,59940,63901,65930,67712,74007,82151,92318,101393,106889,109241,103650,92895,79290,62202,49355,48308,42652,39532,41114,46627,53315,60265,69860,80139,87763,94551,100970,106468,107632,105698,97248,88642,73197,58229,46477,46380
22601,Green Bay,310560,55,Wisconsin,WI,76.937302,76.97554,80.646515,80.764786,81.355186,81.679787,81.805901,82.296654,85.994102,86.205635,83.006409,83.467712,84.331665,84.632217,85.700134,86.001175,85.547096,85.781502,86.922737,87.169945,85.511108,85.914429,85.953911,86.290199,88.836281,89.038071,87.015717,87.342583,87.288483,87.615753,86.098297,86.495491,88.023438,88.320595,88.081169,88.253159,85.953857,86.391975,88.725937,88.914001,73.493042,73.642036,76.207993,76.363029,76.764549,77.058784,78.287193,78.689995,79.1726,79.458511,79.826759,80.242706,79.611992,79.978912,80.827789,81.226456,82.373322,82.690384,83.175797,83.508163,83.390472,83.772247,83.809036,84.164337,83.944702,84.309174,84.781723,85.127663,85.631142,85.958946,85.597481,85.934319,84.170097,84.527946,84.421501,84.617073,85.655937,86.019722,84.574852,84.893326,.95078063,.92305636,1.1391981,1.1012924,1.1194469,1.0826838,1.1583886,1.1145386,1.1104158,1.059065,1.1238694,1.0815831,1.0354443,.98950696,1.0278628,.9733988,1.0473728,1.0126058,1.0897158,1.0428731,1.0883194,1.033728,.99595654,.94583362,.79624635,.75299197,1.0065721,.95661795,1.0904417,1.0343207,1.2241426,1.1637298,1.3456705,1.2809502,1.2710272,1.2233608,1.6044524,1.5329,1.437849,1.3784193,.76688218,.75538635,.92202753,.89975798,.87784481,.86257792,.86571455,.84621292,.83490658,.81288129,.91955918,.89429814,.88736504,.86611128,.92150444,.90101945,.90945131,.88022548,.90606314,.8789615,.88197231,.84600121,.88735801,.85933191,.94548851,.91191059,.98695982,.94427049,.99405301,.95398712,1.0592293,1.0095217,1.1770791,1.1374066,1.1700114,1.1379194,1.430727,1.3688788,1.3840255,1.3412508,25134,23812,26782,32289,35898,37669,38440,39030,41944,46592,50732,53994,56482,56292,54256,50327,45187,37821,31266,29825,25023,24936,26155,30485,34136,36982,39723,44287,46647,49763,52792,54896,55709,54469,51656,48048,42507,35479,29762,28442
22700,Wausau,370092,55,Wisconsin,WI,80.780121,80.798531,81.276108,81.396454,82.615967,82.885422,82.919739,83.267136,84.124451,84.44194,84.185677,84.542412,85.969139,86.267578,85.439072,85.785957,86.060722,86.33223,86.370445,86.661438,87.389336,87.674309,88.122688,88.369637,87.179489,87.475868,88.179672,88.438614,88.54319,88.789291,88.536095,88.808426,89.922173,90.108612,88.536484,88.812149,85.247475,85.681244,85.36451,85.404808,73.050446,73.289474,75.781334,76.01796,76.940605,77.296043,77.850777,78.234283,78.742714,79.172722,80.794037,81.168892,80.062088,80.493927,80.581093,81.018173,83.069435,83.395462,84.085075,84.415466,82.711296,83.127617,83.450157,83.831917,83.149399,83.548401,83.76284,84.149666,86.977272,87.222191,85.051025,85.397995,86.038834,86.342354,86.647644,86.937828,85.272346,85.620956,87.553398,87.664055,.8242256,.80321175,.98055565,.95250022,1.0356798,.99317229,1.0234448,.97697598,.89016896,.85310423,.89810342,.85824591,.87640208,.83405977,.98136491,.93243968,.95834905,.91327548,.88587308,.8494758,.83617371,.78802651,.80059397,.75670469,.89650172,.85324812,.93310368,.8845377,.90768093,.85604692,1.0620548,1.0053575,.91992295,.86788458,1.4227828,1.3480834,1.6191155,1.5493885,1.8599344,1.8158824,.64118946,.63300395,.76320326,.75245017,.78913164,.77641416,.75913292,.74744511,.77572292,.75502235,.77775037,.75808448,.835042,.81984496,.75869441,.73779577,.74486804,.71938372,.81937206,.78880411,.84048146,.81409305,.81541014,.78529507,.88264596,.85860372,.97525603,.9436112,.76890719,.73260581,1.0212673,.98328066,1.1115757,1.0628444,1.2829435,1.2255031,1.3673536,1.313706,1.3321984,1.2942356,31850,29802,33550,39516,44860,47074,45895,46970,50625,56755,63269,66771,67400,64967,58620,50759,42835,33312,25878,26215,31004,30535,33330,38503,44794,49017,51611,55240,59360,64111,67038,67344,66047,61122,54485,47535,39009,30282,23972,25117
22800,Eau Claire,305307,55,Wisconsin,WI,78.12941,78.594048,81.943848,82.359245,80.252106,80.561691,83.467941,83.808846,83.951965,84.378166,86.050186,86.269157,86.494095,86.758118,85.118858,85.490166,86.045502,86.401184,85.845139,86.192879,85.299049,85.65609,87.176003,87.456589,85.771027,86.154076,86.958534,87.304886,88.277237,88.532692,87.033684,87.337296,86.269333,86.644493,88.324646,88.638229,87.659935,88.015022,88.577339,88.329796,74.55941,75.024399,77.405128,77.809784,78.089302,78.420044,77.832504,78.233643,79.385208,79.86557,80.474022,80.823586,81.653938,82.043625,81.044556,81.480873,81.859276,82.292862,84.242371,84.603607,84.319595,84.635834,83.721283,84.063118,85.409073,85.717278,85.413605,85.734428,86.496841,86.758179,81.852432,82.290955,86.282722,86.573395,85.439438,85.812653,88.617401,88.808502,86.26017,86.250237,.93207598,.894131,1.1522969,1.1044564,1.1319286,1.099988,1.1016392,1.0620258,1.02236,.97605938,.86334336,.82414126,.94429016,.89791775,1.0164362,.96368676,1.06327,1.0116646,1.0056483,.95594931,1.0677787,1.0191879,1.1410078,1.0872184,1.2971787,1.2402862,1.2726896,1.2131279,1.1370627,1.0806707,1.3174624,1.2540849,1.6374735,1.5677356,1.5187072,1.4352803,1.8802929,1.7870673,1.4839989,1.5130666,.73826212,.73521292,.84923649,.82985365,.85073316,.83409154,.79739696,.78547537,.85177827,.83393288,.83836573,.81232071,.91489947,.89117092,.89076734,.86764014,.92202067,.8991406,.9608283,.92666698,.86158311,.82855225,.88297111,.85058481,1.0067449,.95919973,1.062741,1.0235481,1.0004072,.955688,1.3248941,1.3068054,1.265282,1.2105244,1.5484582,1.4871668,1.206113,1.1497248,1.5591335,1.5426747,27656,24515,27906,33998,37792,39304,38385,38500,41287,45203,48539,51153,50881,48006,44592,39025,32870,25608,20647,19151,28437,27625,28490,33439,37479,41384,43019,45299,46017,48035,50674,51662,48508,45256,41634,35754,29839,23649,19273,17977
23100,Madison,590755,55,Wisconsin,WI,78.991982,79.187584,81.035492,81.287338,79.27813,79.669235,82.773819,82.989357,82.625488,82.953522,84.149467,84.330559,83.341949,83.630608,86.052574,86.265892,85.695686,85.973656,86.206123,86.437447,86.940918,87.140373,86.097366,86.373253,87.144272,87.404037,88.081047,88.294197,87.130554,87.370934,89.066727,89.195366,88.904007,89.058067,86.337296,86.686714,87.408928,87.746231,89.019432,89.268547,73.396278,73.78183,76.016464,76.416756,76.117897,76.532265,77.529526,77.871742,78.501747,78.899803,80.366692,80.581512,79.717522,80.028114,81.329788,81.671654,81.431992,81.805527,83.709221,83.980621,81.595329,81.964737,82.544434,82.926254,83.126419,83.501953,85.224365,85.50943,84.6511,84.950966,84.829079,85.118858,86.009087,86.279182,87.46286,87.709,86.465881,86.77803,87.839912,88.088333,.73742515,.71588123,.91110569,.88025105,.95143849,.92579579,.91114944,.87970179,.88956767,.86266792,.84709299,.8203094,.85306984,.82338738,.71001053,.68403387,.76617092,.73201966,.75815368,.72587973,.6706894,.64474446,.73763889,.70506257,.74340957,.70989889,.67905724,.64786482,.82549095,.79453343,.64860338,.62061942,.62979072,.60345656,.89527237,.85540688,.91567129,.8723287,.78929061,.74110121,.57161456,.56731218,.69103515,.68213832,.7232933,.71015221,.7340402,.72350788,.67797035,.66545397,.67773718,.66082186,.66897076,.65328836,.74279815,.72503769,.67743927,.65707022,.66488922,.64440674,.7156561,.70168954,.72682691,.70817316,.74292719,.7239154,.63306022,.60297996,.72549254,.70084882,.73897666,.717655,.76590496,.73513436,.68555897,.65147609,.87142688,.83411634,.76252073,.72394621,46889,39144,41039,47955,57180,65229,70821,74755,78265,81771,86657,91918,97985,103760,106730,108465,106355,99127,88742,80788,51555,44500,43945,50196,57801,63135,67973,71560,76813,79745,85100,90879,96264,100669,103151,104232,99886,93180,83796,75030
23500,Decatur,382083,17,Illinois,IL,76.713463,77.739685,77.51059,78.421783,79.885399,80.492195,81.160362,81.848457,82.781395,83.447304,82.179268,82.681633,83.134583,83.524231,83.530518,84.024513,84.506493,84.965263,83.55912,83.974953,85.930862,86.182793,86.289474,86.546494,85.274719,85.670448,86.128548,86.524147,85.919388,86.286507,88.312904,88.520271,88.503365,88.711731,88.020668,88.231926,88.436157,88.434174,87.878296,87.985992,71.844193,72.857407,74.110313,74.988159,74.880615,75.510132,74.846886,75.560982,76.795403,77.518478,78.116257,78.654335,78.808434,79.251122,80.026855,80.522644,80.283859,80.783714,80.616951,81.030945,80.338806,80.731003,83.443718,83.78598,83.575325,83.969063,83.362038,83.782104,81.90844,82.343437,85.712692,85.967201,83.815201,84.159164,84.117744,84.479309,85.872147,86.038872,88.254761,88.391129,.8574937,.84206504,.88462198,.87421244,.90088534,.88149863,.95242196,.92408019,.86802715,.82740813,.98233807,.94564998,.97855681,.94366682,1.0831485,1.0352422,.98329377,.9378317,1.0733228,1.0380464,.92627567,.89376521,.99592137,.95493835,1.0133989,.96521276,1.0164803,.96827722,1.1424216,1.0920641,.95553648,.91067988,1.0562555,1.011845,.99995893,.95783263,1.0993679,1.0832034,1.3511664,1.3093803,.66745615,.67701101,.78107584,.78261995,.75884008,.75891674,.68811721,.69291389,.76181048,.75387704,.79971224,.79159385,.80611503,.79554629,.80178171,.7828725,.80158907,.78223175,.78218782,.76300555,.81819111,.80442864,.89049429,.86248261,.8907637,.85851538,.94199055,.90518594,.93812931,.91382885,.87328523,.83754611,1.0991964,1.0648206,1.3207194,1.2835326,1.2523873,1.2159096,.94968295,.90684742,34623,33547,36889,40272,42447,43536,43301,43813,45860,47865,49730,51914,53096,53353,51858,49380,45208,39279,34828,31252,31654,30695,31852,35076,37539,40064,42606,45737,47123,49889,51235,52503,52558,51464,49511,46158,40849,35454,31641,28124
23801,Davenport,382351,17,Illinois,IL,76.159019,76.768295,79.825333,80.367577,80.696388,81.2621,79.691971,80.177422,83.368134,83.720184,82.529243,82.947693,83.622314,83.848457,83.713821,83.953712,84.333199,84.608215,84.467178,84.802422,85.707039,85.998634,85.374641,85.693077,86.589775,86.817772,85.66465,85.932846,85.072281,85.358307,85.31675,85.5672,86.39827,86.634682,84.640884,85.00325,89.173622,89.374115,88.958015,88.787315,72.699348,73.317131,73.173569,73.730019,75.740761,76.30278,74.959892,75.390099,78.160103,78.524498,76.937996,77.391609,79.196175,79.427414,79.704887,79.961769,79.524368,79.875076,83.206673,83.501892,82.743034,83.071098,82.002922,82.355934,81.659119,81.976845,82.163322,82.454811,83.30043,83.558716,83.567253,83.801247,86.127228,86.305763,85.804848,86.049896,84.867493,85.19651,85.302963,85.318115,.805255,.79236758,.92232096,.89794338,.89052492,.85383159,.8451581,.82343996,.87363911,.83888853,.86463141,.82754487,.94053656,.909675,.8887248,.85806853,.90502316,.86694157,.9200592,.88379157,.87328613,.83519959,.95848578,.92108947,.85785419,.82215428,.98440582,.948897,1.1201084,1.0820291,1.0503447,1.0134802,1.1081111,1.0702982,1.2388766,1.1949693,1.1165298,1.0597245,1.1572847,1.175458,.70981973,.70533329,.63851011,.64235282,.73708236,.73031104,.65355217,.65402144,.68368673,.67178041,.65221655,.64713687,.75346959,.73967278,.7449249,.73103124,.75649726,.74472696,.75212532,.72770524,.79159164,.76595217,.81012988,.78762859,.78802615,.76913702,.84038705,.8211295,.94459063,.92166841,.87301731,.85013062,.84000432,.81302971,.95966119,.92422664,1.1782311,1.1421609,1.2445846,1.2247953,35494,36744,41406,45058,46473,46202,45639,46564,49215,52614,55469,57516,59296,60092,59633,57990,54527,48461,39309,32513,32467,32415,35511,39414,43891,45773,47017,50234,53167,55310,57205,58459,59165,58777,57270,55481,50924,43663,35399,30508
23900,Peoria,529703,17,Illinois,IL,76.297302,77.128746,78.653755,79.344582,79.667908,80.170265,80.50145,80.958481,81.637001,82.128189,81.829292,82.281815,83.27475,83.689545,82.754501,83.201591,85.263763,85.544662,84.503372,84.834076,85.068665,85.404419,84.519722,84.855064,84.522064,84.897308,85.234749,85.591164,86.149055,86.488533,86.415802,86.758354,87.013237,87.305717,86.763283,87.045319,87.444626,87.583931,88.655945,88.643875,71.396271,72.225006,72.473282,73.172157,73.457245,74.002205,75.195297,75.676689,76.625839,77.14959,78.264618,78.71875,78.762894,79.207504,79.763596,80.188431,80.252289,80.631569,80.50856,80.903076,80.339317,80.759842,80.431137,80.818901,83.433311,83.769966,82.829018,83.204704,83.954178,84.287682,83.929062,84.281563,84.296265,84.618233,85.617218,85.890945,86.20153,86.389381,86.413582,86.559525,.67309296,.66082585,.73445088,.71585667,.7208305,.70529222,.75679839,.73626411,.74242079,.71699476,.72146082,.69496804,.75316375,.72490317,.79964435,.76786548,.70504421,.67746234,.7762832,.74133974,.7539224,.72187823,.80354267,.77129072,.81325084,.77955788,.82653338,.79322934,.80816537,.77049029,.86733848,.82839555,.87655193,.83411944,.95066476,.90947258,.97348213,.94362599,.91303015,.89996672,.52533603,.52832067,.54723805,.55601722,.57026935,.5726546,.57194233,.57532036,.57014954,.56989324,.63484091,.62524045,.61446744,.60176343,.66195881,.64711577,.64578861,.63361084,.62855667,.61536717,.64280403,.63090861,.65741587,.64821959,.69000334,.66712689,.69462663,.67389625,.70133942,.67670131,.77382326,.75020534,.78519857,.75623387,.86290127,.8317011,.87929952,.84924877,.97284311,.93458259,48322,48068,53157,59756,62007,61551,60288,60962,64903,69787,74304,77834,81370,83326,82866,78874,74896,66237,54240,49509,42813,41730,44443,49465,54106,56401,59697,64654,70812,75783,79312,81177,83305,82320,80220,76227,70677,60647,49886,46537
24000,Kenosha,584474,55,Wisconsin,WI,76.754204,77.321526,77.610458,78.156494,79.656181,80.210571,82.200722,82.599632,81.709961,82.153313,82.314629,82.71772,85.411118,85.623451,85.21241,85.392593,84.210243,84.50544,83.078156,83.391174,85.224968,85.469994,84.496262,84.847725,85.202507,85.470955,85.170784,85.423431,86.231583,86.548515,87.505257,87.819633,88.231239,88.483902,86.646271,86.912468,87.801483,88.064209,87.821152,87.963684,71.717514,72.307724,73.884094,74.422836,75.337845,75.828423,75.235077,75.678886,76.313751,76.76712,77.024055,77.471939,80.77076,81.044823,79.962296,80.225685,81.05439,81.386116,80.140778,80.449501,80.046669,80.361008,82.129509,82.457581,83.003128,83.27626,82.599701,82.890701,83.444992,83.771973,83.628632,84.014717,85.088905,85.393616,85.417625,85.665642,85.518089,85.836311,86.061508,86.27063,.69191706,.67434531,.74186873,.72666121,.81720489,.79358876,.79717153,.76649469,.81026,.78219891,.7854529,.75495154,.6930027,.66406524,.66773498,.64377677,.71269673,.67856085,.75893229,.73263812,.73245531,.70330787,.76546997,.73440093,.80631894,.77440381,.79519719,.76760381,.83196181,.79163176,.77494645,.73155552,.75138247,.71485204,.95983893,.92132956,1.0767436,1.0318574,1.1065477,1.0646392,.50308436,.5042482,.60558587,.60329163,.63688082,.63147014,.57406235,.57223701,.6189571,.61497623,.61122358,.60903192,.62229377,.60462755,.63260168,.62007415,.65677863,.63862157,.64935553,.63880289,.62397975,.61634207,.65629339,.6392408,.66327226,.64521712,.7272796,.71116662,.70177472,.67818791,.75084186,.72771251,.75125116,.72363907,.86416131,.83552766,1.0481378,1.0136886,1.0535071,1.0148405,57616,49854,52188,58665,63135,67180,70957,72828,73840,78352,84646,91388,96201,98978,101143,99922,93337,79509,58628,43461,55478,48386,48615,53540,56961,63623,69783,73492,77793,83805,89513,95722,98994,99717,99743,96323,88877,74376,54538,40561
24100,Milwaukee,1660659,55,Wisconsin,WI,77.605957,78.457642,79.161751,79.868454,80.97245,81.642548,81.670036,82.185646,82.168701,82.691734,82.243835,82.740036,83.021347,83.446976,85.094833,85.4058,83.929153,84.23613,84.682426,84.983231,84.260979,84.657425,85.955887,86.306129,84.97261,85.370552,86.650192,86.973038,86.631714,86.91288,86.688293,86.939781,86.55555,86.81852,87.781937,88.002594,88.8405,88.984634,88.579285,88.681976,72.220207,73.065132,74.241287,74.998825,74.956253,75.661819,76.037651,76.597481,77.382164,77.93261,78.058922,78.557312,78.861229,79.297058,79.252266,79.656967,80.823883,81.159653,81.064026,81.405029,81.798325,82.185135,82.40004,82.797401,82.649551,83.045319,83.436424,83.813766,83.754562,84.080673,84.775078,85.040184,84.289925,84.5755,85.86071,86.1185,86.397621,86.622879,86.192017,86.398514,.4162046,.41540462,.47219473,.46829891,.49678037,.48079365,.50019413,.48539251,.49807394,.48411599,.50352222,.48744088,.463857,.44932988,.45681047,.44125885,.47004393,.45423135,.45798412,.44126958,.47875679,.45862678,.44968066,.43074939,.4955048,.4785777,.46806768,.44643351,.45072392,.43140772,.50038999,.48279169,.53903967,.51992965,.51828992,.4998337,.50071424,.48527658,.50358033,.48825887,.33677769,.34088823,.37556311,.37392685,.41591108,.41866615,.40289351,.39913815,.40420359,.40308172,.40360484,.39941809,.42177799,.41565257,.39548656,.39141279,.40440351,.39655107,.41496637,.4084346,.40498412,.39591679,.41933507,.40828651,.41005471,.40217283,.42473942,.41136986,.42889899,.41588262,.44549644,.43195322,.46557158,.45056123,.48150048,.46218401,.50596869,.48882142,.51368326,.49835491,153370,128605,132527,149897,167055,179829,190238,192734,196893,205826,218756,235514,250363,261769,271273,270883,262415,242092,213105,213706,150438,127905,125034,138607,148646,160072,172371,184321,194661,205865,221050,233901,244692,254340,258731,257156,247616,228244,202344,204181
24300,Chicago,8183799,17,Illinois,IL,80.928932,81.562981,82.108826,82.601532,82.560974,82.773415,83.493965,83.396843,82.692841,82.80127,83.410881,83.560684,84.098984,84.13398,83.713516,83.777039,84.10218,84.172485,84.192657,84.182144,84.053764,84.010445,85.231201,85.202141,85.02784,85.019783,85.166306,85.160873,85.798645,85.733673,86.085236,85.987946,86.602066,86.491394,87.357185,87.21859,88.105522,87.90731,88.685593,88.529968,75.901451,76.492279,77.186584,77.613335,78.221931,78.373688,78.291611,78.183495,78.465149,78.540695,78.568916,78.71183,79.34758,79.396996,79.834412,79.891495,80.14373,80.216545,80.705353,80.713692,81.329224,81.308983,81.596283,81.609833,81.781853,81.831444,82.320587,82.371765,82.796623,82.808258,83.428894,83.416718,83.385002,83.38382,84.52533,84.515694,85.571289,85.517914,86.688873,86.670013,.1819731,.20613222,.19549625,.21801625,.2248686,.23045526,.22754948,.23457201,.23947041,.23825799,.23392619,.23099682,.23644835,.23585036,.23611175,.23500647,.2275064,.22267295,.23569514,.23367566,.23640442,.23457879,.22834069,.22704625,.2337379,.23115435,.23389114,.23176853,.23003545,.22854158,.22829553,.22947872,.23447806,.23837584,.2127827,.22129324,.20623635,.21966304,.19153744,.20415477,.15716615,.1777999,.17728418,.19451773,.18995202,.19452466,.18211195,.18666933,.19291864,.19312049,.19804913,.19507758,.19769484,.19429448,.20342115,.20129317,.21742843,.21396518,.21395172,.21105725,.22576268,.22340915,.22291467,.21933241,.21246164,.20928805,.21150336,.20805742,.20410526,.20214573,.21363366,.21246111,.21303014,.21443954,.21100473,.2135188,.2050788,.21213712,.19325125,.19328986,787174,815297,764221,763217,791288,835297,859311,875602,889466,900877,907509,915096,936403,970838,1015368,1082091,1156481,1236552,1311090,1458821,755544,755564,727887,730826,742085,755994,752662,768268,792734,819953,838920,857248,892164,934549,984884,1048163,1120187,1203184,1270354,1423107
24400,Rockford,622573,17,Illinois,IL,78.593651,78.926506,79.774368,80.108635,80.531776,81.004341,80.702187,80.951767,82.713242,83.171906,82.70649,83.244614,82.599541,83.030785,83.639816,84.04998,84.674126,84.986862,84.662125,84.937401,83.613503,83.979385,85.207024,85.526878,85.568863,85.809822,85.830811,86.048187,85.978325,86.23288,88.09774,88.315041,87.240868,87.449974,86.198692,86.386986,87.791908,87.979782,87.580421,87.695488,72.42939,72.827278,74.567123,74.903915,76.928421,77.355782,76.144485,76.367271,76.81324,77.251183,79.167648,79.663429,79.018219,79.449272,79.795021,80.214607,80.754486,81.095406,81.329712,81.638153,81.66906,82.001366,81.634552,81.98896,81.905113,82.193993,84.042931,84.243469,83.713127,83.986916,84.627014,84.906693,84.196831,84.488815,84.243233,84.471382,86.618416,86.82711,86.511429,86.678398,.67421937,.65965784,.69322515,.67450017,.76584315,.74315494,.70636082,.68311095,.79071218,.75874668,.72491229,.69359511,.70696169,.68069649,.72073454,.68668014,.70181704,.67084491,.67820686,.64974755,.76672691,.73452795,.74286687,.70950341,.70913976,.68362314,.73408079,.70601547,.74170381,.7093854,.73086077,.69519365,.73744762,.70920521,.97520715,.94114083,.83679175,.80074525,1.0704947,1.0367571,.51729864,.50985354,.59407461,.58650434,.61273605,.60322714,.55457902,.54876989,.56941336,.56291056,.58071202,.56620711,.59568304,.58670986,.6011188,.58676279,.6017369,.58649623,.62967318,.61117387,.62762195,.61488014,.6564039,.64152318,.63096237,.61722976,.60479522,.58852941,.66182363,.64189142,.66478229,.64256066,.8123467,.78516716,.85289401,.83055907,.81624854,.78299773,.91376364,.88203865,61140,60018,61858,68801,73432,76047,78185,79201,81287,85525,91277,96096,100248,101439,99241,95932,86637,74084,56950,43332,56488,54086,55247,60028,65798,72661,77618,83292,88323,92905,96839,101104,101835,99784,96610,91575,81534,68281,51345,39986
24701,St. Louis,2325609,29,Missouri,MO,77.124359,78.675888,78.910545,80.180801,79.846329,80.796028,80.945045,81.710991,82.211014,82.906342,82.212631,82.87088,82.912071,83.572304,83.138229,83.729935,83.448975,84.01091,84.688812,85.170143,84.411781,84.869423,85.329781,85.74054,85.411583,85.849167,86.325104,86.73098,86.745247,87.111671,86.144257,86.531303,86.506744,86.886375,87.852356,88.181808,88.30809,88.53083,87.993095,88.031769,71.783852,73.312683,73.824837,75.147858,73.955032,74.988602,75.434242,76.279564,76.175446,76.972343,77.038879,77.760323,78.122429,78.841637,79.473724,80.103363,79.991791,80.579659,80.334015,80.88327,81.319923,81.810226,81.3647,81.847305,81.920761,82.412399,82.593079,83.072952,82.752121,83.214729,83.88826,84.303398,83.808502,84.230789,84.375534,84.79612,85.855659,86.141312,86.040291,86.206886,.34615424,.34902331,.37444985,.37984022,.36601838,.36776659,.37332663,.36685985,.38591105,.37737864,.38161278,.37172276,.40032503,.38851151,.38937971,.37767604,.38947532,.38041002,.38431326,.37288854,.40623292,.39122406,.39924058,.38593724,.39725354,.38289541,.40802947,.38714731,.38969392,.3728765,.40896663,.39266407,.42347494,.4060201,.38385189,.36260018,.40022576,.38419503,.42537007,.42080116,.25865293,.28134397,.30377707,.31322595,.29045945,.30341208,.29376766,.30066076,.30794245,.31061652,.32078728,.32052091,.33039385,.32965696,.33755416,.33484855,.34804329,.34579933,.33725223,.33352527,.36026511,.3540059,.35067698,.34532997,.34785745,.33929706,.35815147,.34854046,.37434903,.36757123,.38544491,.37641743,.37415332,.36299336,.41023505,.39720869,.39286906,.38041529,.42463085,.41425374,235223,221818,233496,257738,275290,286683,288116,288877,289553,291566,298175,308342,317142,327842,339079,350775,355196,352882,331797,319669,218700,204284,207457,219235,225445,232080,241129,249449,261650,272088,282990,296881,308338,322339,332181,339631,342962,336333,312707,305859
24802,Springfield,267992,17,Illinois,IL,74.766327,75.545662,78.23867,78.866722,78.544975,79.319069,80.341904,80.893303,81.137886,81.66954,80.18895,80.674637,82.115379,82.560593,82.263573,82.835701,83.637955,84.108719,84.899277,85.272232,82.863739,83.317108,81.881065,82.422249,86.020889,86.386398,86.876846,87.196938,84.500687,84.934692,85.579208,85.959915,87.51931,87.834641,86.142586,86.585266,88.394943,88.583931,87.997528,87.912155,70.879768,71.751762,72.363213,73.082085,74.711037,75.489746,74.936424,75.503815,75.926498,76.498718,76.505341,76.993546,78.912102,79.368996,78.741631,79.307487,79.733009,80.233635,80.49559,80.93248,80.384605,80.82103,79.650024,80.13279,81.000664,81.459335,80.592766,81.062477,82.038612,82.4823,82.610397,83.043289,85.210312,85.555405,85.130516,85.517242,86.48455,86.724625,86.053551,86.114174,.88581377,.87557977,1.0016773,.98005068,1.0739858,1.0526092,1.1292189,1.096337,1.0394748,1.0018686,1.0604224,1.0375973,1.0985388,1.059281,1.0095538,.97769964,1.0425547,.99795842,1.1232042,1.0718375,1.0302912,.98751777,1.1606517,1.1362311,1.127106,1.0715207,.98576593,.93869317,1.1679478,1.1244558,1.1523153,1.1019284,1.1799717,1.1212057,1.4254062,1.357676,1.3789319,1.321849,1.7164272,1.7088033,.67376041,.67841876,.76786846,.77047986,.86723882,.86241907,.86621457,.86928064,.88115692,.87823004,.86305594,.86051822,.90565938,.88731605,.9020859,.88460076,.90007454,.87918335,.98204708,.96094453,.93800509,.91871285,.90569532,.89926827,.98655665,.96944213,.97818232,.96493655,1.0783695,1.0542049,1.0940578,1.0660446,1.0888033,1.0444423,1.1873122,1.1351551,1.361095,1.3114418,1.3566989,1.3286633,24836,23563,25087,27442,29774,31847,33818,35693,36810,38608,40318,41456,41287,43071,43896,45078,44097,39326,28741,23270,24225,22791,23518,25235,26310,27756,29412,30824,33601,35692,37775,39151,40465,41465,41578,42153,40629,34651,25427,21139
24900,Edwardsville,382997,17,Illinois,IL,77.551674,78.165573,78.43087,79.015884,81.429016,81.899673,80.788132,81.29232,81.320091,81.788445,81.867584,82.30307,83.421822,83.845222,84.2239,84.541718,82.911827,83.313354,85.413734,85.760033,84.777405,85.169563,84.199715,84.598282,84.634972,85.010963,84.211914,84.620293,84.518562,84.948662,85.989197,86.368729,85.840195,86.268097,86.678993,87.096756,89.301819,89.530594,87.555847,87.858803,71.847237,72.535934,72.477219,73.081688,73.493576,74.062645,75.348763,75.90728,76.172096,76.661102,76.434776,76.933273,80.100624,80.548676,79.852997,80.227089,79.037636,79.448235,80.383507,80.855743,84.141052,84.4692,80.759598,81.154037,80.084564,80.523102,80.955086,81.389977,83.144539,83.533699,84.164391,84.523766,84.775589,85.133186,84.647232,85.054001,85.298225,85.65023,84.206009,84.574425,.79996884,.77844423,.83590627,.81085289,.83738673,.80484533,.82806194,.80263525,.86932766,.84189898,.86685348,.83902901,.92653048,.88921064,.82045114,.78893876,.93196422,.90023798,.75783551,.72095591,.88058078,.83930367,1.049122,1.0101907,.93554032,.89818192,.95789987,.92106646,1.054619,1.0147467,.99777424,.95338619,1.2168223,1.1576717,1.1786836,1.1139143,1.1525345,1.0861194,1.6633518,1.5825253,.62129092,.62086225,.60145164,.60581213,.63932979,.64177263,.70748681,.70309526,.68714267,.68216199,.68905306,.6879428,.76236498,.74060744,.73682547,.71846187,.74032205,.72766024,.74304664,.72310984,.70004177,.67273521,.79451168,.77755952,.7901721,.77445722,.87786508,.86507714,.88447458,.8599999,.85989714,.82700878,.97198266,.93737549,1.066651,1.0190314,1.3017077,1.2488116,1.6025759,1.5514256,37909,37792,40994,42970,43496,44044,45180,47719,50031,53157,55439,57283,59183,61505,60427,59852,55832,47706,35210,22103,33919,33616,34426,36318,37984,41090,45333,49308,53145,55725,57723,59064,60323,60754,59645,57564,52734,43331,31787,20207
25601,Carbondale,265022,17,Illinois,IL,77.383743,77.999138,79.136162,79.715668,81.055328,81.655563,82.739372,83.186539,83.221535,83.607605,82.294502,82.6408,84.474739,84.82972,85.399788,85.76181,86.110855,86.392624,85.299377,85.695351,84.742836,85.219963,86.215034,86.558762,87.956612,88.222542,86.296211,86.638245,88.099716,88.363976,86.812614,87.162796,88.951981,89.184555,86.324142,86.553238,88.719223,88.786247,89.348167,89.558136,73.505867,74.211464,73.510414,74.146431,74.354988,75.012909,76.560593,77.101494,77.596947,78.081367,79.38633,79.715988,78.393593,78.854576,78.683083,79.171722,80.188026,80.62957,80.963562,81.43602,80.976006,81.472885,82.177467,82.604813,82.742134,83.158539,83.597923,83.959846,82.937607,83.359406,85.679825,85.990265,82.763367,83.168663,84.981262,85.24601,85.989227,86.124947,85.38504,85.748436,.8478328,.82591653,.85664517,.83514535,.97570843,.9483273,.8976438,.85880011,.89063585,.85644209,.99057621,.9570967,.94247335,.90033746,1.0142676,.96357954,.87327391,.83376348,1.0369658,.98781675,1.2369282,1.1817188,1.1216885,1.0670531,1.0750835,1.0190761,1.3168895,1.2548523,1.1265171,1.0679225,1.3150237,1.2457973,1.3635905,1.2926798,1.7325124,1.6666749,2.0460238,1.9890393,1.6625049,1.57585,.72193855,.72074807,.63626027,.63664955,.65962011,.65783036,.74051052,.72822702,.83838248,.8330428,.86513853,.84691042,.82192081,.81774497,.82961905,.81267494,.91911614,.90041459,.90530497,.88246888,.99349684,.96792531,1.0651474,1.0339808,1.0892597,1.0560839,1.0506859,1.0136005,1.382966,1.3497332,1.09874,1.0562166,1.4509535,1.4139006,1.6170905,1.5661732,1.444491,1.3989377,1.9862667,1.9163313,30974,33401,35099,35933,33890,33466,32870,33059,33704,34669,34692,34755,33194,31951,29804,27072,22909,17873,13505,9707,27902,30020,31678,31952,32590,33331,33829,35138,35868,36120,35594,34162,32714,30647,27826,25127,20468,15599,11515,8704
26002,Duluth,286544,27,Minnesota,MN,78.061424,78.475967,80.746445,81.16423,83.408859,83.781929,80.948997,81.500656,82.269669,82.693008,82.617081,83.095596,83.79715,84.134224,84.892532,85.220863,85.116379,85.479721,84.591125,85.024239,86.156799,86.512169,86.125175,86.495361,89.34507,89.537827,85.520149,85.932785,86.197701,86.591393,89.339149,89.566269,88.570305,88.826057,88.321106,88.518585,87.010361,87.411842,90.128242,89.916016,73.157166,73.619095,76.251534,76.711441,75.952484,76.449173,76.673683,77.209213,77.832321,78.278702,79.23912,79.691963,79.843796,80.235382,81.705864,82.06218,83.088295,83.435745,82.727303,83.13105,84.803558,85.130722,82.123398,82.550377,82.300934,82.732689,83.257103,83.682899,85.108307,85.442604,83.899704,84.295097,85.651436,85.94352,85.774811,86.076042,86.295746,86.616196,86.898178,86.920052,.89823097,.86900115,1.0218936,.98452473,.96171272,.91759396,1.0127155,.97884059,.96693504,.92581856,1.0920117,1.0472842,1.0459011,1.004804,1.0242602,.98049664,.97281039,.9249056,1.1425942,1.0915461,1.0747631,1.0181597,1.1419777,1.0851004,.80791146,.76364416,1.2065786,1.1501476,1.2792516,1.2172669,1.0540088,.99515241,1.2673411,1.2015297,1.5444993,1.4807301,2.2166212,2.1244655,1.8900115,1.9300196,.70165968,.69596177,.80842352,.79514468,.78343713,.78384143,.79622239,.79395413,.81105608,.81018579,.86102521,.83840406,.84451115,.82372868,.80985951,.78851259,.8255654,.79489458,.88606298,.85522312,.90069848,.86708391,.96424443,.9394691,.97334534,.94691604,1.1511461,1.1174752,1.0042704,.96452701,1.2300192,1.1919481,1.1300895,1.0820198,1.5624995,1.5048916,1.6779028,1.6107419,1.6237476,1.5987358,30286,29231,29888,33400,36015,36709,36604,37077,38660,41885,44403,45963,47148,45709,43735,40396,34042,25564,19288,16667,31008,28991,29515,31443,33261,34430,38593,41333,43966,46901,47082,48156,47101,44591,41856,36891,30420,23105,17353,15715
27501,Des Moines,595842,19,Iowa,IA,77.789963,78.23674,80.067795,80.49324,80.148575,80.560928,80.90403,81.349426,81.917686,82.175171,82.38179,82.78157,83.535233,83.868965,84.579117,84.899948,84.029442,84.363968,85.252396,85.551941,84.789841,85.124153,84.315804,84.695801,86.479324,86.716812,86.896118,87.117348,86.711983,86.888199,86.498001,86.644371,88.505806,88.606209,89.374123,89.494888,88.55143,88.73156,89.871529,90.004852,72.060509,72.572189,74.915329,75.390923,75.165581,75.599083,76.090141,76.565765,76.191299,76.472061,77.31469,77.727959,78.195015,78.581299,80.463394,80.831146,80.507362,80.877693,81.043175,81.411156,81.661369,82.041046,82.305038,82.658318,83.315483,83.616638,83.829643,84.110031,85.045837,85.274353,84.544937,84.758873,82.692574,82.983727,85.161972,85.411797,85.444229,85.691269,86.812103,87.040527,.7550993,.73333436,.77664089,.74672925,.83687776,.81571418,.84030885,.8135823,.78901249,.76576269,.81471753,.78068787,.77734184,.74317312,.72439295,.69153041,.72445768,.69484049,.78647065,.74928129,.75016302,.71655655,.83907753,.80361903,.71825856,.68793297,.75658584,.72364599,.727943,.70119035,.84177518,.81590992,.71487767,.69075203,.73542732,.70950514,.9816556,.94617045,.77472484,.74269736,.55043775,.54989386,.67337018,.66596365,.63641626,.63278431,.62263179,.61763579,.60823154,.60572499,.63827175,.63613468,.63579774,.62645018,.67202896,.65103137,.68305707,.66751486,.6690712,.65045804,.70521295,.6802454,.68351704,.66420668,.71406311,.69277853,.70821148,.68434399,.7286458,.70457655,.70526356,.68864906,.80778337,.79150605,.82991087,.80248821,.82790321,.79836875,.76832253,.73896021,46828,42728,45064,53152,62202,67255,70904,74816,79145,82255,84199,87878,90963,95570,99218,99971,98089,91458,83701,78575,47258,43314,45477,52637,58740,62383,66280,70462,74394,77652,81180,85473,88780,92629,95284,96700,93075,86733,80005,74882
28101,Lincoln,311956,31,Nebraska,NE,76.643417,76.823997,83.399803,83.525497,83.583351,83.796295,83.481987,83.848618,83.907471,84.220726,83.667229,84.087608,83.32737,83.698341,84.725365,84.990768,84.73455,84.990273,85.065514,85.307114,85.91732,86.145645,84.85804,85.159142,87.253189,87.397743,86.164841,86.35601,87.351212,87.544388,89.521667,89.685196,87.785301,88.057312,88.203682,88.462708,87.520752,87.616188,88.59671,88.784111,71.719238,71.996765,76.752861,76.981071,75.47245,75.789398,76.104263,76.502487,77.552704,77.913849,78.273857,78.737206,80.422668,80.756683,79.301308,79.657776,82.293282,82.589943,81.883591,82.20652,82.393311,82.674835,84.693771,84.937737,83.961586,84.196167,85.602074,85.760788,82.805077,83.11924,86.078629,86.322395,84.350304,84.682579,85.520042,85.826553,87.678413,87.786125,87.891701,88.050499,.99973005,.97441995,1.2136115,1.1676106,1.1272376,1.0848737,1.2082621,1.1589882,1.1425248,1.0998211,1.1759334,1.1236271,1.1449471,1.1006993,1.0557865,1.0145881,1.1226541,1.0811735,1.1443803,1.0971152,1.1789341,1.1320107,1.1624792,1.1177839,1.0245622,.98682839,1.2320989,1.190556,1.0533396,1.0108632,.97308296,.92844331,1.2784553,1.2139672,1.3474578,1.2870698,1.5429244,1.5019339,1.6788656,1.6105026,.69813305,.69774938,1.0153404,.99249202,.88932866,.88430095,.85233724,.84547514,.87225789,.8586303,.9246335,.90778309,.93673873,.9078542,.92818767,.91168743,.94814259,.91663516,1.0068268,.97986674,1.0366015,1.0080186,.98094898,.94600302,1.0097643,.97833955,.91089004,.88575453,1.1025563,1.0764815,1.0732385,1.0334221,1.2199194,1.1779014,1.3151147,1.2641857,1.3464185,1.312868,1.211592,1.1621195,23893,21850,23453,29471,33714,35650,36916,38255,40209,42176,43819,46489,48265,48120,47385,45047,40563,35053,29436,27404,26144,23779,24613,29057,31916,34301,37268,39509,41500,43327,44734,46227,47515,46806,45131,41519,37215,32074,26722,25078
28202,Omaha,803201,31,Nebraska,NE,76.515526,77.072319,79.936798,80.454811,80.953888,81.597054,81.478516,81.903282,82.259659,82.690475,82.275658,82.629524,83.883873,84.235062,83.046989,83.436287,84.870697,85.076065,84.155418,84.466782,85.891663,86.211876,86.261589,86.540085,85.902267,86.205147,86.351028,86.642067,87.546669,87.763496,87.1203,87.343132,87.818703,88.022232,87.141624,87.391785,89.096214,89.258308,88.488213,88.711388,72.3125,72.900223,75.161591,75.706436,74.829636,75.490341,75.874146,76.34935,77.374756,77.823593,77.900024,78.288124,79.101608,79.519325,79.644554,80.037178,80.908104,81.203461,81.792023,82.119202,80.936081,81.365761,82.337166,82.713898,82.557602,82.920967,82.272133,82.654297,83.257004,83.591064,84.180733,84.473221,84.287865,84.587357,85.410927,85.674332,85.87886,86.127251,86.751663,87.037926,.60510868,.59453303,.71819139,.69498432,.68861705,.66191828,.69466019,.66928685,.6975711,.67145181,.64943957,.62975031,.67650318,.64946133,.72244149,.69443148,.62491012,.60364896,.67185527,.6474852,.67545861,.64392,.67019755,.64157039,.67424005,.64119118,.67978811,.64945632,.62416351,.5997889,.66764379,.64207286,.65857178,.63588226,.73795152,.70702523,.67162639,.64502376,.72960019,.69420469,.45800927,.45996261,.57425123,.5670318,.51734996,.52020472,.49997732,.49798781,.53449708,.52827686,.553532,.54462034,.5670287,.55620736,.54841238,.53838068,.59231329,.5798803,.59248644,.57912534,.61647773,.60056001,.60128355,.58388972,.61593652,.5983867,.65348315,.63639408,.64103293,.62422746,.64437515,.6243453,.68726182,.66616958,.74011052,.71483254,.71666574,.68991983,.76031482,.72401452,68894,63689,68987,79801,89990,97258,98506,99189,103395,107239,110863,116385,120043,124613,128404,128809,125731,114555,101875,95468,69833,63791,68007,78386,85653,90360,92866,97116,101348,105276,108455,113301,118314,122369,124883,124327,118537,108061,96132,90888
28401,Colorado Springs,587132,8,Colorado,CO,81.061554,80.286423,82.382309,81.721046,83.064812,82.745102,82.289841,81.944092,82.421829,82.483986,84.637596,84.282005,85.550095,85.569862,84.305443,84.27002,84.486717,84.561615,85.842636,85.804314,87.216537,87.051666,86.383293,86.273445,86.23629,86.176552,87.296028,87.248215,86.97644,87.00322,87.446739,87.49614,87.758347,87.863258,88.48748,88.676979,88.822151,88.937927,88.655991,88.797707,75.251587,74.991447,77.301575,77.071892,77.277969,77.26033,77.691071,77.554878,78.940903,79.069115,79.633331,79.683632,81.568253,81.676857,81.297005,81.434395,82.427834,82.615761,83.209785,83.287018,82.367523,82.438416,82.641197,82.772934,84.408524,84.506302,86.147057,86.225929,84.778404,84.938423,84.981491,85.176666,86.80899,86.97728,85.701439,86.032074,85.828796,86.10891,87.442963,87.610237,.63138384,.64329213,.76288342,.77106088,.82266712,.80995131,.82799631,.81516427,.85109812,.82638282,.69826156,.70175731,.7830357,.7596463,.81261933,.79346055,.83699089,.81285036,.76369929,.74925172,.66778499,.66847527,.7998724,.79277998,.81758827,.80612165,.76712811,.75591958,.79685593,.7800914,.77725387,.7581687,.78850901,.76463681,.69105512,.65802246,.77127868,.74227327,1.0224171,.98574424,.56249714,.5554418,.63689721,.62663078,.68721652,.67480928,.6468699,.63227195,.64919817,.63641268,.69272935,.67963952,.6853168,.66993839,.72696018,.71202296,.73109704,.71203476,.67645699,.66177344,.8184734,.80267775,.74038231,.72444385,.67939824,.66465867,.67946374,.66406667,.73995095,.7198987,.79124314,.76558751,.6678763,.64599383,.78803986,.75618923,.7570973,.7275489,.80547351,.77071053,65695,61240,60716,64879,69211,73099,75931,77267,78959,79695,81291,83044,85477,88956,90597,92586,93808,94150,89797,62719,59100,56724,58091,60445,62936,65678,68793,72573,75150,77999,79740,82107,85007,88725,90295,91680,91152,91223,84359,57064
28800,Fort Collins,459601,8,Colorado,CO,82.687119,82.109489,82.925514,82.437271,82.864807,82.483994,84.991272,84.618767,83.541946,83.521935,85.121918,85.177086,85.086906,85.053131,86.031204,86.054169,86.812782,86.761284,85.304031,85.270035,86.664497,86.622536,85.096313,85.121803,84.544189,84.616043,86.776566,86.758553,86.93203,86.975479,89.408852,89.4328,87.353195,87.466599,88.770599,88.873398,90.557373,90.624977,88.372665,88.481422,76.474998,75.850227,79.319267,78.799538,78.022926,77.596649,79.847504,79.453957,81.233711,81.048477,81.416557,81.476471,82.182922,82.08622,82.184059,82.164421,83.558556,83.495201,83.874115,83.807968,83.834076,83.795013,84.913612,84.873604,84.493462,84.4981,85.033333,85.040527,85.052795,85.120613,86.974251,87.027634,87.108673,87.184845,88.456924,88.549561,86.521187,86.715599,86.813072,86.978691,.72427189,.7195335,.8559888,.84721899,.96938604,.94835329,.91747445,.90688378,.93539923,.90384263,.89541447,.85966372,.8905251,.86248881,.91561818,.88808256,.84960717,.8269043,.86528826,.84022641,.81813234,.7982946,.92273563,.89516389,1.0657927,1.0329953,.89949238,.87887347,.91340184,.88686866,.73165292,.71307153,.96118653,.93062907,.95502144,.92372721,.68616641,.66078389,1.0416367,1.0079023,.62248486,.61293954,.74364817,.73544699,.73491907,.71962088,.77841735,.76691443,.73223287,.71486336,.83978486,.81604934,.80607349,.79040092,.75445002,.739456,.71969998,.70577651,.77732325,.76295012,.80327255,.78906155,.71062064,.69888449,.83491063,.82069308,.82781458,.81455374,.87799466,.85805106,.72125214,.70427203,.75397611,.73401278,.82067716,.79732716,.9157986,.88506067,.96297687,.92776042,50033,46113,46552,49545,54037,57570,59056,60540,62501,64755,67389,69730,72622,74413,77515,78985,78842,77939,73571,59450,44992,44706,45236,49334,53445,56160,58051,61145,63638,65717,68261,71068,73334,74925,77457,77503,76805,75369,71471,55816
28900,Denver,2449044,8,Colorado,CO,81.26899,80.481163,82.140282,81.436882,82.95211,82.371994,83.143501,82.724442,83.742516,83.545799,83.410652,83.177505,84.566711,84.29718,85.215385,84.871521,84.789879,84.547157,85.392426,85.231758,85.897438,85.757965,85.686394,85.535172,86.206451,86.06221,87.00869,86.872284,87.483055,87.375481,86.878113,86.80909,88.154778,88.102089,88.639366,88.650162,88.876999,88.953209,90.029495,90.044701,75.360046,74.69799,78.209785,77.592224,78.143677,77.673294,78.373146,78.022865,78.971222,78.819084,79.625397,79.439049,80.527161,80.336304,80.986504,80.729233,82.172768,81.981041,82.995514,82.898323,82.72654,82.650513,83.417587,83.328468,83.939949,83.8666,84.045082,83.985886,84.77626,84.753708,85.255508,85.250664,85.671509,85.713539,86.816032,86.899536,87.513947,87.629257,87.702591,87.812897,.33331946,.34742978,.39787701,.4031941,.44424999,.44849068,.44348261,.43935344,.46027157,.45031089,.44980943,.44163069,.42031035,.41836265,.40369457,.40533891,.41110033,.40900788,.39653108,.3923355,.39959979,.3945379,.40774062,.40555501,.40930474,.40464792,.37361905,.37350884,.36690158,.36467817,.42056611,.41491121,.36039829,.35834709,.3277013,.32215679,.35264072,.34602675,.29608434,.292584,.27764884,.28050783,.32927173,.33070803,.33909199,.33564654,.3432166,.33843511,.35152015,.34442618,.35147858,.34641203,.36036476,.35429475,.36624953,.36182731,.36863261,.36333814,.36891159,.36343443,.39212522,.38637158,.36550808,.36005247,.36704776,.36130089,.36249089,.35904068,.36116552,.35632962,.3480874,.34381559,.35105759,.34490761,.32482603,.31734389,.30624217,.29618198,.32207921,.31337351,239176,210991,204220,217351,237641,261343,286833,301205,308120,312169,315671,320415,327724,341196,359428,384755,412549,448293,481754,474428,258374,235731,226294,232672,245860,255650,269410,279613,283328,286951,292428,302257,315328,332135,354481,379604,411675,443887,476076,463622
29204,Topeka,324513,20,Kansas,KS,77.776558,78.183243,79.047112,79.487846,79.082664,79.401047,81.783951,82.106987,81.495773,82.027199,82.795135,83.126541,81.237122,81.591454,86.256729,86.406342,82.658371,83.013321,84.004257,84.373619,84.070366,84.429001,85.386009,85.724358,86.521439,86.766068,87.541672,87.711067,86.955933,87.200417,87.770859,87.987335,89.017273,89.175964,87.660042,87.913826,87.38736,87.343735,87.328362,87.621498,71.735329,72.228455,72.719772,73.208511,75.229958,75.522736,76.284363,76.603905,77.709846,78.243622,78.998871,79.358368,79.638435,79.938713,81.210396,81.447876,80.257156,80.604813,82.361664,82.675972,81.829788,82.165611,82.264069,82.595528,82.989578,83.268806,84.474884,84.714569,84.315186,84.577934,85.496002,85.736763,85.278252,85.537804,83.419807,83.79631,86.400375,86.446648,84.806778,85.096428,.86179417,.83373821,1.0190214,.99277157,1.0652244,1.0363172,1.0894732,1.0495607,.98979855,.95446593,1.0678914,1.0292438,.97053784,.94030392,.94467658,.91327381,1.0692508,1.034096,1.1189362,1.0766107,1.033347,.99135399,1.0812646,1.032993,1.0289878,.98701251,.81416672,.78263754,1.069957,1.0273796,1.1082401,1.0621165,.94113111,.90335912,1.2194209,1.1607484,1.3983923,1.3816451,1.8486903,1.7740519,.61411029,.6151368,.70233899,.70234841,.81992775,.81091911,.82316595,.80876291,.87845093,.86700714,.87930149,.8565886,.8822735,.86302006,.8795591,.86127812,.86509353,.84369582,.85502535,.82809728,.94210762,.91490972,.90098989,.87435818,.92110199,.89678359,.94054902,.91566026,.93243545,.90387893,1.0137544,.98072624,1.1462152,1.1077676,1.3460788,1.3106855,1.1195296,1.09988,1.4747369,1.4272914,32190,27916,28731,32844,37355,39738,41260,42353,43270,43829,44726,46457,48221,49429,49062,46279,41908,35531,29517,25187,32607,27444,27754,31185,33390,34794,37768,39313,40484,42830,43835,45791,47158,47326,45990,42456,37587,31914,26932,22485
29301,Wichita,553506,20,Kansas,KS,76.107544,76.355095,79.072334,79.270836,79.740555,80.078453,81.865929,82.143929,83.417549,83.716545,82.328743,82.682076,83.963936,84.241096,82.402199,82.423668,83.88282,83.886047,85.766258,85.886192,83.775017,84.039825,85.514038,85.765038,85.449837,85.71595,86.726364,86.951973,86.290482,86.514717,86.706505,86.879486,87.438324,87.600647,87.788284,87.955147,87.105316,87.206367,86.860733,87.005928,71.238579,71.555801,73.632561,73.922569,74.110916,74.504944,76.16938,76.509338,75.942284,76.373268,77.760147,78.13633,78.678963,79.018753,78.859779,78.978508,79.72464,79.826988,79.818947,80.055397,80.243065,80.565559,81.447853,81.78019,82.213089,82.534073,82.078362,82.421097,81.825905,82.156685,83.415604,83.706917,83.421051,83.698265,85.377457,85.614532,84.5448,84.755295,86.335381,86.497871,.67217124,.65473872,.78085363,.75919187,.75786734,.7379064,.77106833,.74350125,.7833904,.75173634,.80713683,.77916914,.8073076,.77561927,.85714668,.83604747,.79423207,.77681506,.78047276,.75482512,.82068986,.79298669,.78984612,.75793254,.77983505,.7497921,.76985627,.73628849,.85445207,.82117641,.77197182,.74497855,.84480172,.81662816,.94512546,.91115236,1.1338118,1.1027598,1.2524476,1.2109826,.49053994,.48753288,.56893373,.56277609,.6102314,.60684776,.64816254,.634547,.62350285,.61833239,.65596837,.64658326,.70681131,.69168299,.71333611,.7005623,.69152051,.67770302,.69345278,.68099844,.68564391,.67316926,.72250527,.70543092,.74662316,.72896183,.764202,.7438395,.77242303,.75413626,.82903075,.80630994,.7982263,.7746349,.8686927,.83572328,1.0561589,1.0296624,.98019975,.94863719,53657,48303,51762,57087,60720,60770,61547,62728,65231,68509,71366,73279,76642,80180,82334,83312,80526,71805,56803,48879,51749,46823,48542,52009,55513,57789,59585,62178,66974,72400,75018,77874,80099,82143,82884,82041,77048,66299,51981,45954
29502,Kansas City,1762873,29,Missouri,MO,76.919304,77.960182,79.0895,79.936615,80.946594,81.50103,81.257416,81.847939,82.403061,82.821091,82.522385,82.955452,82.956802,83.331116,84.072029,84.428879,84.407898,84.740448,84.920898,85.226753,85.307114,85.616051,85.688141,85.989151,85.876472,86.178711,85.708176,86.033585,85.882202,86.155891,87.352539,87.537277,87.31649,87.53212,87.295059,87.568802,88.980927,89.193024,88.155945,88.344208,72.397575,73.423492,74.551987,75.38826,75.002869,75.605698,75.619865,76.242325,77.084175,77.539803,78.017998,78.494095,77.938797,78.345985,79.662849,80.065582,80.397537,80.775879,81.173386,81.534218,81.023094,81.409073,81.2771,81.666313,81.823982,82.193687,83.719894,84.034569,83.16716,83.467964,83.804977,84.072281,85.53891,85.779716,84.725548,85.039078,85.695099,86.00235,87.021912,87.236778,.38940966,.38893002,.43083227,.42156553,.45606515,.44268438,.43751156,.42235944,.43255684,.4205752,.42012948,.40490919,.44731221,.43409091,.42341894,.40652558,.45232978,.43671551,.4354884,.41777375,.44187358,.42329064,.42933112,.41241279,.44634372,.42809293,.45427912,.43843889,.47898433,.46223575,.43968418,.42405906,.45209363,.4348616,.47484165,.4554843,.44237715,.42113748,.5612784,.54360193,.31699967,.32389316,.36075497,.36432979,.36819303,.37058237,.34519336,.34329733,.36850771,.36336184,.35868815,.35557625,.36998838,.3649486,.3977333,.3889361,.39328834,.38463855,.39858231,.38676414,.39877933,.39199194,.40214959,.39398885,.40256804,.39601389,.40854821,.3969264,.41679677,.40781888,.42271435,.41291106,.42928255,.41322452,.4363524,.42247126,.48812905,.47111824,.49657094,.47713083,172423,156147,159732,181814,204156,219344,225998,230260,230518,233987,239175,245228,253742,262740,272366,280796,284219,277710,254649,228072,167382,152549,153674,167180,178209,185546,193916,199600,206406,214619,225087,235457,248861,258000,267022,272017,273503,262584,243284,219960
29601,Columbia,302388,29,Missouri,MO,75.02359,75.718018,81.017967,81.54512,81.273735,81.723854,81.982849,82.555153,81.891251,82.138992,84.167488,84.52829,83.04586,83.586403,82.771667,83.20845,85.220581,85.522484,85.416138,85.755592,86.916946,87.197182,86.097504,86.453804,85.342392,85.693092,88.841354,89.032784,89.548325,89.702118,89.325554,89.498077,88.507843,88.73922,88.953003,89.188988,90.514221,90.589218,87.565125,87.606941,70.688843,71.410271,74.21283,74.851631,76.139793,76.665787,74.604813,75.263962,78.268456,78.612007,78.709595,79.176407,78.682648,79.246368,79.271866,79.739372,82.44117,82.811165,82.190399,82.556419,81.064293,81.479774,82.522415,82.943497,83.623993,83.985161,83.428642,83.799332,85.93763,86.202713,85.351067,85.664558,85.50766,85.816086,87.954346,88.186859,85.122147,85.384171,85.31002,85.476868,.84470165,.83153838,1.0862899,1.0462584,1.0803314,1.0402329,1.1077669,1.0606955,1.0402064,1.0155123,1.0313736,.9886499,1.0959992,1.0485401,1.1446505,1.1057614,.9774217,.9368282,1.1282911,1.079852,1.0273981,.97872823,1.0824991,1.030558,1.1321813,1.0842662,.99973059,.95167601,.87698066,.83690584,.99406689,.9473244,1.1838616,1.1255375,1.2327859,1.1646595,.91400868,.88415319,1.3812964,1.3462143,.60511506,.61232871,.82129133,.82659721,.86392504,.84979922,.74848104,.74520719,.87544465,.86169994,.86670518,.85179788,.87658799,.86119515,.89875853,.87976998,.98324662,.95172918,.94749606,.91846108,.99012613,.97123295,1.0051156,.97598815,1.0028362,.97106975,1.0846986,1.0497193,.96076632,.92043632,1.1954975,1.1533792,1.2630329,1.217029,1.1162752,1.0624115,1.5223114,1.4781566,1.5297172,1.4913797,28772,25591,27501,33845,38919,39910,39961,39761,39160,40531,42789,44337,44732,43807,42102,39156,35795,30539,25949,22946,29027,25501,27479,31587,34600,35899,36497,37218,38486,39717,41560,43212,43060,41974,40192,36787,32446,27977,23064,20844
29700,Springfield,440866,29,Missouri,MO,80.619354,80.961792,82.016563,82.394501,82.971703,83.286095,83.152847,83.521545,83.602005,83.94014,83.485352,83.905327,84.685913,85.033531,84.62471,84.936691,83.548058,83.912628,86.12455,86.412888,86.79306,87.103783,85.713463,86.089081,88.382301,88.620216,87.899658,88.154907,85.515335,85.890892,87.557274,87.864891,85.956833,86.332443,88.895126,89.133698,88.830505,88.894043,89.412613,89.402222,75.360443,75.791313,75.116905,75.566437,76.848068,77.233894,77.196739,77.652016,77.166641,77.637558,78.979843,79.41246,80.084175,80.506355,80.930267,81.328552,81.976753,82.350403,83.259109,83.585838,84.198532,84.524193,83.310661,83.695152,82.26963,82.667244,83.053047,83.450119,84.518616,84.859306,86.515091,86.748596,82.927498,83.326271,84.199539,84.554832,85.532997,85.699425,84.739853,84.929115,.60199165,.57862633,.67507243,.6441614,.70073444,.6748088,.69865656,.67137927,.69822657,.66965157,.79167563,.75869226,.71709538,.68477935,.76979184,.73470825,.8753069,.84513193,.85795707,.81719106,.86758792,.82119238,.92746079,.87843472,.86180949,.81649262,.94230211,.89109695,1.1794486,1.1255511,1.3254212,1.2607634,1.4235576,1.3641889,1.3267537,1.2563788,1.2563863,1.2229239,1.1062508,1.0900776,.55418354,.54691583,.52136296,.52030677,.57420701,.57022804,.57911587,.57569337,.5806672,.57992154,.61694372,.60339469,.63239008,.61735982,.70982337,.69187313,.79546964,.77622008,.7263065,.7019726,.74227524,.71454394,.82413667,.79314619,.89374077,.86524028,1.0593951,1.0248359,1.1145128,1.0745028,.95314974,.91176337,1.3491585,1.3178031,1.3897583,1.3429371,1.1528975,1.1222976,1.3274548,1.2956967,63349,63091,69272,73197,72629,69345,66549,65972,65940,65751,63529,61506,56812,52094,46304,40555,35027,29387,27090,30773,56516,59861,64846,67975,68593,67370,66540,66046,65503,64056,60849,57181,52250,47638,42102,37053,31279,26989,25429,29796
29901,Joplin,266742,29,Missouri,MO,77.395691,77.72496,79.674248,80.058617,79.971718,80.486725,81.647774,82.033928,83.633621,83.97879,81.846825,82.259689,82.110748,82.617073,84.272629,84.629555,83.064262,83.543221,83.651016,84.051224,84.620964,84.967171,86.490555,86.768806,85.536919,85.86319,85.445587,85.824776,85.950943,86.291473,86.275337,86.599892,85.660027,85.972343,88.320267,88.539566,85.943863,85.946594,87.619904,87.372131,71.971207,72.331245,73.558197,73.940811,74.589417,75.06485,76.607002,77.014427,77.361862,77.78067,79.044876,79.429855,79.541283,80.007874,78.975571,79.435623,81.788513,82.18737,81.753174,82.122337,83.392281,83.710045,83.685219,83.997574,82.217995,82.613747,83.880302,84.209496,81.913162,82.320152,82.535271,82.905434,80.807404,81.23484,84.015419,84.379669,83.64727,83.787422,84.355316,84.342117,.75994229,.73917603,.87741005,.85099858,.84740156,.8184244,.83541763,.80364639,.86112809,.82385004,.95376164,.91744632,1.0138215,.97383296,.8965376,.85120946,1.1184889,1.0688492,1.0454003,.99676371,1.1565845,1.1069727,1.109303,1.0613651,1.155488,1.1038121,1.4803706,1.4110554,1.5020295,1.4315503,1.6597354,1.57979,1.5070871,1.4299206,1.3607364,1.282795,2.0700438,2.0261986,1.9793566,1.9849739,.61421967,.60937327,.63011849,.62493801,.63277888,.63460851,.66780406,.65664023,.68110514,.66783035,.74601871,.73388261,.83436424,.81743884,.82023239,.81025225,.89405465,.86371058,.94452953,.91848153,1.0227661,.99387187,1.061969,1.024557,1.2245076,1.1909509,1.1927097,1.145767,1.5102901,1.4752156,1.5943844,1.5531685,1.6741575,1.6584551,1.7290103,1.6646924,1.9515187,1.9128265,1.7467349,1.7148608,37635,37899,41169,44360,41658,39600,38909,37967,38095,37228,36350,35185,31151,27434,23761,20238,16798,13852,11875,12763,32679,35605,38435,41572,41764,41267,40883,39789,38444,37095,35277,31811,28537,25034,21141,17665,14814,12057,10787,12258
30100,Fort Smith,332832,5,Arkansas,AR,77.545616,78.025093,77.932533,78.447441,81.610405,81.96833,80.922852,81.296928,81.591934,81.883278,83.062218,83.42662,82.567299,82.916885,82.226685,82.594635,83.793251,84.021164,83.551613,83.8116,82.714729,83.090057,85.476807,85.776314,85.161278,85.484703,86.63633,86.929176,87.648087,87.841599,86.483231,86.769234,87.907036,88.127182,89.158188,89.327049,89.427277,89.618614,87.985077,88.307144,72.325943,72.800148,74.283096,74.727531,75.524773,75.860367,75.362953,75.679344,76.98687,77.269707,77.140312,77.537468,79.692444,79.97934,79.807274,80.146011,79.590607,79.884117,80.305923,80.609688,79.779121,80.164818,81.46067,81.801254,80.759163,81.141571,81.592636,81.961784,81.136177,81.525681,82.777748,83.137108,82.346672,82.718216,80.903938,81.312454,83.792107,84.184471,85.213837,85.615692,.72391158,.69846672,.70132083,.68344569,.75292724,.72690237,.74562269,.72099543,.82759559,.79464132,.89895624,.85855323,.92929673,.89529777,.91906309,.88476688,.9036234,.87168926,.9928084,.95953041,1.1244913,1.08667,1.2991402,1.2436801,1.2280889,1.1744051,1.2784573,1.2193992,1.07971,1.0297632,1.450767,1.3876882,1.4787756,1.4114723,1.6232291,1.547744,1.2351347,1.1569513,1.6930441,1.5881002,.51162022,.51481497,.55531251,.55865639,.5610975,.55446696,.58251017,.57701778,.66548592,.65416586,.65146786,.6456337,.71513611,.69617456,.77809185,.76055211,.78068531,.7621547,.88537568,.86365187,.9157213,.90329647,.96424907,.94041657,1.0382576,1.0198165,1.1826082,1.1523224,1.2155337,1.1851928,1.3441986,1.3038155,1.5426756,1.5057517,1.5685081,1.5479606,1.6014303,1.5388772,1.7066488,1.6261859,47354,51231,55704,57227,50687,46892,46272,45142,43735,41493,40012,38789,36327,32993,28728,24871,20700,17232,14648,16111,41975,47405,52404,53913,49632,48876,48442,45188,43246,41315,39508,37831,34499,30464,27348,22973,19026,15517,13538,15319
30300,Fayetteville,384122,5,Arkansas,AR,79.117683,79.395081,80.448921,80.795372,81.238647,81.535439,81.317429,81.475494,81.215569,81.738228,83.369736,83.523293,82.378403,82.676918,83.60482,83.804092,83.984253,84.265091,82.992676,83.372803,83.267578,83.722893,86.365135,86.62088,84.863159,85.241615,87.211815,87.451401,86.456078,86.630348,84.734795,84.933228,86.799103,86.929253,88.907822,89.039513,88.607887,88.765381,88.112694,88.375267,73.528534,73.737083,75.105728,75.395134,75.864197,76.134087,76.776329,76.906693,77.637909,78.069038,78.385445,78.570755,79.795723,80.069,80.196243,80.448654,80.763504,81.023903,80.295525,80.663345,80.95594,81.327087,80.168678,80.561729,83.437866,83.748413,82.313011,82.669731,83.79718,84.04657,84.494789,84.688065,83.688477,83.917786,83.957207,84.171883,83.283005,83.588593,84.480194,84.837204,.74971497,.72710264,.79700834,.76801997,.77506012,.74142981,.7606467,.73556787,.77118969,.7414667,.76891857,.73671865,.86056685,.82406813,.9014684,.86713558,.9830932,.94479698,.99913073,.9606753,1.0845151,1.040939,.92221826,.87727964,1.1706089,1.1187451,.98427439,.93546736,.97533482,.93596572,1.2804995,1.2397065,1.1794477,1.1382751,1.099303,1.0554332,1.0322589,.99205035,1.1848236,1.1208688,.5603385,.55326718,.59327,.58807802,.61735159,.60303217,.60965985,.59853518,.65441769,.6400907,.68419433,.66786814,.75225252,.73473364,.80952656,.79400551,.83708155,.81474692,.84540236,.82650471,.82948452,.80418879,.91899103,.90165979,1.0351676,.99831545,1.0577463,1.0226808,1.0861044,1.0533659,1.217189,1.1815259,1.256623,1.2199098,1.200544,1.1672434,1.2122581,1.1768994,1.3140012,1.2724906,45934,48305,51230,58310,58642,56447,53802,51832,52250,51061,49466,47348,45278,42555,39703,37243,35449,35841,39297,41327,41362,47526,52401,57014,57442,56033,54145,51793,50810,48947,46949,44513,41610,39209,36811,34905,33766,34964,39031,40593
30402,Tulsa,921246,40,Oklahoma,OK,77.490662,78.155876,79.420906,80.013184,80.05761,80.559418,80.127869,80.630989,80.971428,81.401886,81.851662,82.172813,82.427292,82.765945,80.911659,81.43074,83.690086,84.086487,83.075783,83.484215,84.759674,85.064445,84.976868,85.22876,85.076233,85.371834,85.25946,85.564796,86.414665,86.680641,86.307121,86.605873,85.083496,85.424576,87.1334,87.376793,87.570724,87.863037,87.675453,88.014053,72.031425,72.697495,73.213379,73.797577,74.487427,75.000732,75.964935,76.467621,76.652626,77.078117,76.565117,76.919266,78.008377,78.372063,79.16584,79.607628,80.153076,80.577675,80.176491,80.586998,80.58091,80.921188,81.000862,81.308823,82.924217,83.238052,82.072983,82.447525,82.849258,83.204147,82.402008,82.781937,84.847389,85.147446,84.622032,84.922981,84.697365,85.062485,85.447197,85.831024,.42871422,.42064267,.49507535,.48053053,.52482963,.51119775,.50455201,.49116269,.49587804,.48228651,.55436528,.53753883,.56739646,.5511952,.59724867,.58217829,.55772513,.53285074,.58925825,.56789547,.61750162,.59523934,.59477019,.57466269,.66927159,.64282602,.67819786,.65066737,.64316958,.61758173,.73812777,.70829421,.76189542,.72919154,.77008504,.73475158,.76528144,.7267859,.74571204,.69823766,.35711303,.3594355,.36534879,.36983353,.38717401,.38881129,.411125,.41162097,.45196792,.44807285,.4209539,.41684911,.46593711,.45617417,.45168197,.44747254,.48273402,.4703472,.54617262,.53752106,.53188139,.51665324,.54406953,.53510004,.56342667,.54646933,.59644818,.58148152,.62240088,.60616958,.66424471,.64441609,.68717796,.66093516,.69558877,.67320633,.74315709,.71588916,.68620402,.65533113,118219,110937,114754,122839,127201,127567,124555,121882,118080,115212,114843,115105,115431,115297,113099,110319,103869,95523,87081,95037,101090,100446,104158,110137,113734,114933,115476,114593,112366,113378,115979,116152,115263,112409,110191,104894,98699,90136,83730,90466
30601,El Paso,857648,48,Texas,TX,84.170944,80.291306,85.381844,81.807365,85.238457,81.8396,85.941383,82.805687,85.042435,81.749527,86.078163,83.063744,86.291245,83.507507,84.899246,82.133362,85.360336,82.637177,85.154503,82.480988,86.22007,83.778061,88.209564,86.195343,86.610283,84.401024,85.160843,82.86515,87.523483,85.888023,85.027031,83.661667,88.569565,87.399429,88.838402,87.615059,89.446922,89.036324,88.664726,87.680946,77.045975,72.998497,80.069931,76.300835,81.288971,77.772247,81.076309,77.843941,81.84198,78.623726,81.342087,78.337784,82.369606,79.634155,81.584061,78.958183,81.967049,79.409439,81.600914,79.116608,82.210785,79.924805,82.21656,80.145844,82.433998,80.393509,83.952087,82.047577,84.174789,82.727829,83.557373,82.469963,82.887794,81.727852,86.193199,85.087891,85.680359,85.332764,82.870117,82.01371,.44949019,.71722895,.43078735,.70772475,.52850521,.78262013,.5931313,.84476227,.68629092,.94116014,.66822803,.91354197,.74465632,.97187155,.818937,.98788917,.8293795,.99102765,.91984445,1.1061294,.88159531,1.0565605,.77794737,.9801653,.91864026,1.0909851,1.0339298,1.1417726,.83631861,.98051208,1.1451685,1.1869292,.83463067,.94209874,.80506748,.9412598,.9375596,.95483202,1.0589024,1.1633757,.3780826,.49960741,.34805337,.52021182,.40521166,.5652802,.48232418,.61451381,.58191001,.7166335,.6239956,.71269751,.66330296,.76119047,.70031255,.76861852,.75272048,.83027166,.80596751,.85193843,.84090406,.89177835,.95589894,.96094167,.92337793,.95402735,.95177257,1.0246073,.91780132,.98028684,.95993125,.98569632,.99127132,1.0062169,.95060396,1.0359181,1.0066224,1.0048571,1.2307564,1.2118651,141229,214527,209499,165563,134818,115708,104118,96932,91852,82723,75291,70209,65821,62840,61423,58346,54542,49713,41779,36414,116304,175024,192001,162056,136310,117235,104316,93923,85699,77964,72446,68295,63617,61657,60126,56827,51873,46069,38692,34333
30802,Lubbock,287568,48,Texas,TX,78.064743,76.947952,79.60479,78.579376,82.405342,81.518631,81.454056,80.549774,83.447899,82.940369,83.962448,83.071625,82.164398,81.468292,83.702881,83.121201,84.329414,83.825348,83.226707,82.982559,84.112358,83.962593,85.699112,85.529503,84.306839,84.242607,84.052773,84.012978,86.38961,86.452385,87.373779,87.586067,86.081711,86.238991,85.802544,85.805511,88.794456,89.10009,88.727463,88.591743,72.120438,71.053276,75.880051,74.644165,74.853813,73.815132,77.257904,76.292259,78.256958,77.60363,77.279488,76.357056,78.993271,78.213776,77.457359,76.832642,81.373642,80.880417,82.650536,82.32962,79.926086,79.755409,78.932457,78.829895,84.603485,84.461639,83.341721,83.276741,83.326942,83.421463,82.896255,83.11837,84.272415,84.418427,83.516212,83.592514,85.387589,85.68956,88.152542,88.107956,.8729949,.84981686,.90852118,.89381909,1.0009561,1.0030919,.90699005,.9058001,1.0575581,1.047796,1.0712951,1.0929834,1.1828449,1.1703147,1.2920214,1.2779709,1.1416329,1.1330047,1.2637674,1.2285188,1.2671976,1.2337879,1.2507941,1.2282156,1.3720317,1.3348012,1.3641547,1.3262883,1.2579128,1.2101122,1.6483539,1.5724066,1.5017574,1.4484143,1.6320421,1.5927341,1.3904097,1.2956161,1.4030193,1.3954231,.654338,.62962383,.7694115,.77004939,.69609922,.67604959,.82293719,.81232125,.87902498,.86840183,.84286642,.81660169,.97186762,.9589175,.92163402,.88787723,1.091725,1.0863187,1.1268575,1.1150744,1.0418026,1.0182091,1.09761,1.0756608,1.1726018,1.1615058,1.4211829,1.3967023,1.3563867,1.3251576,1.484607,1.4405506,1.4431108,1.4035658,1.4766344,1.4496968,1.2652947,1.1958145,1.2129225,1.1904647,35121,37977,40983,41642,38347,35643,32705,31421,31214,29845,29671,28590,28285,27939,27425,26281,24778,23358,22023,23135,29121,31345,34939,36653,36015,33915,32068,30214,29251,28439,28104,27412,26856,26740,26008,24769,23000,21511,20098,21126
31201,Austin,1298076,48,Texas,TX,82.027954,81.111626,82.025749,81.184319,83.253426,82.58255,83.418762,82.846184,82.913849,82.507896,84.702057,83.899467,85.466225,85.020508,85.137299,84.813248,86.423836,85.997398,85.514313,85.135765,85.705124,85.353691,86.116768,85.640625,87.122429,86.793922,87.264252,86.987068,87.793488,87.567398,87.216896,87.024559,88.212502,88.081284,88.021957,88.053062,89.059097,88.984222,88.38076,88.391808,76.038078,75.240318,77.244392,76.503853,77.578712,76.963806,78.626595,78.079697,78.987053,78.609146,80.043045,79.374359,81.014648,80.608505,80.972618,80.709999,81.169609,80.810707,81.48716,81.189461,82.913887,82.644775,83.136169,82.797539,83.094521,82.858147,83.67115,83.449089,84.352905,84.203773,84.404518,84.297073,85.190323,85.135887,86.05999,86.15152,86.986725,87.056381,87.553566,87.636536,.47686568,.50993657,.55399668,.57161236,.55753982,.56465638,.57822257,.58629853,.59939778,.59309131,.57729179,.60034865,.58871144,.59388834,.57493585,.57271749,.57193553,.58438629,.59820724,.59898067,.60384542,.60685366,.61207372,.62405676,.58192581,.58823949,.6047768,.6076867,.57041818,.57432944,.60956979,.60829145,.51247787,.50994378,.56009257,.54667026,.50102282,.5000816,.54253703,.53158581,.43235931,.42714867,.45844558,.45829758,.46717617,.46204701,.47544843,.47142595,.47944906,.47156632,.50038886,.49858913,.52661127,.52283984,.54115641,.53134888,.53272969,.52565688,.55863303,.553289,.57608241,.57423186,.57431394,.57251084,.58814138,.58155674,.54992682,.54480165,.56442428,.55760139,.57435507,.56533223,.51206768,.50526428,.52402592,.50878567,.53044021,.51800925,.44928867,.43670252,132310,126647,130966,145241,152454,157453,164311,171064,173895,168971,162284,158313,161451,166585,175106,184207,194740,208952,228890,236221,133260,132804,135891,148508,153093,153393,154440,154555,153117,152426,152428,155402,159782,168509,177379,187160,199105,213323,235406,239050
31301,San Antonio,1724863,48,Texas,TX,81.583138,78.802338,82.725372,80.153786,83.761513,81.296303,83.196503,80.938988,83.799881,81.817299,84.157684,82.462547,84.664314,82.729424,83.998505,82.336845,85.647247,84.181129,85.674416,84.190117,85.09877,83.712883,85.080597,83.834595,85.61528,84.578911,87.000351,86.108421,86.689018,85.928726,86.719604,86.069183,87.160591,86.571274,88.101448,87.615494,88.15226,87.963081,88.905281,88.595963,74.574883,72.020973,76.286545,73.846092,77.152771,74.774017,78.768166,76.624588,79.795494,77.960907,79.40213,77.852379,81.126495,79.342735,80.481865,79.041672,81.508156,80.158958,82.649994,81.303352,81.400154,80.180679,81.976677,80.87056,83.840889,82.934456,83.036255,82.200844,83.965828,83.278412,83.732315,83.144402,85.440468,84.948891,84.452789,84.043228,86.319542,86.206139,86.59845,86.438721,.33357617,.4628146,.38047573,.51452869,.37842312,.53172982,.40445194,.51552278,.42882803,.54508448,.45545572,.54074723,.47224194,.58182722,.49601752,.57190472,.46884027,.54083806,.48981264,.57141858,.51864815,.57112652,.54367155,.59243906,.5482313,.58656883,.51468909,.56903785,.53730607,.5700177,.54916584,.5823403,.56103247,.59825784,.50473583,.53723496,.61020017,.61239195,.57268906,.58883655,.27918202,.33905441,.30624878,.3687081,.31002727,.3659631,.34312588,.40079412,.38910139,.42904028,.3925277,.42131463,.41140911,.46635634,.44548842,.46323305,.4602212,.49604827,.44938239,.49272817,.47687939,.49902114,.49852577,.51508534,.46121484,.48493364,.50091255,.51972747,.51767373,.53123099,.50995147,.52197671,.54299831,.55994886,.53787684,.54045475,.52166194,.51936501,.59978026,.59653217,225645,259461,281333,277137,260501,241194,227862,222530,221981,215464,206371,200609,198957,198119,199269,199277,197843,194607,183345,165975,200114,228333,252145,256020,243493,231417,219261,210045,203003,196814,192556,189886,188180,189886,191242,192830,188502,185150,171115,156111
31401,Midland,262282,48,Texas,TX,79.39344,77.644791,78.345222,76.922295,81.834511,80.728432,82.43116,81.331841,82.283195,81.778084,82.145416,81.789444,82.290627,81.737251,83.478241,82.921181,83.503067,83.233734,84.1446,83.708076,80.103935,79.716881,85.177002,84.769188,82.729385,82.471504,83.457329,83.290657,86.76268,86.591446,85.954407,85.86647,86.172722,86.164207,85.686699,85.808586,85.796555,85.832565,90.711533,90.426193,72.839714,71.096626,74.724876,73.049698,75.037888,73.684799,75.739807,74.49437,76.370918,75.636963,79.019058,78.546547,78.774612,78.071068,78.894073,78.291367,78.757851,78.382011,80.557915,80.178741,80.846581,80.308098,82.537628,82.128876,80.83783,80.554451,82.778549,82.509308,80.635017,80.464523,81.080627,80.975082,84.563469,84.476524,84.910286,84.967346,84.947952,84.935051,86.035851,85.777161,.9103061,.92478538,.90937173,.8763119,1.0722113,1.0718217,1.1183133,1.1214209,1.2069588,1.1763321,1.2144383,1.175194,1.2905461,1.2562804,1.1543729,1.1385453,1.3145225,1.2857068,1.1998506,1.1785479,1.2216128,1.1788067,1.2196304,1.2120906,1.3129979,1.2854992,1.3902576,1.3549625,1.2362438,1.2227722,1.4287596,1.4007429,1.5511482,1.510938,1.5285428,1.4770058,1.6559207,1.608356,.77933794,.8187362,.69597137,.68294168,.76412958,.74030048,.75716394,.72837925,.79950762,.77860934,.80943143,.79348677,.98231387,.95765674,.99450642,.97162324,1.026469,1.0043654,1.0403584,1.0171322,1.1206471,1.0991317,1.0747094,1.0673128,1.1788818,1.1712747,1.1609906,1.1410104,1.1504548,1.1394393,1.3166099,1.2941885,1.3588731,1.3345729,1.2769766,1.2613626,1.2624673,1.234704,1.4893341,1.4613019,1.2577957,1.2555015,34912,38011,36804,34635,33296,30863,29308,29924,30049,29532,29030,28585,28306,28323,28469,28196,27678,26729,26288,31101,26022,28957,29089,30084,31082,30964,31442,31521,31906,31977,31951,31360,30545,29570,28972,28550,27311,26282,25823,29724
31600,Brownsville,978369,48,Texas,TX,86.321907,82.819298,85.610535,82.11097,85.973938,82.687035,87.174278,84.243462,85.560295,82.37957,85.791229,83.048027,84.299866,81.481812,85.70417,83.016258,85.721596,82.959938,86.428688,83.901505,86.602966,84.273178,84.551765,82.088531,87.339111,85.361679,87.757904,86.024399,84.591896,82.90699,84.962097,83.537109,89.361671,88.20797,85.358482,83.788696,87.685692,85.916916,89.926308,89.019493,79.409813,75.31266,80.549713,76.682129,81.579796,78.059601,82.504196,79.202232,81.74617,78.485077,82.903885,80.11747,82.272438,79.511513,82.443359,79.78054,82.697815,79.993294,80.424545,77.739761,82.381729,80.000969,84.801826,82.629784,82.510513,80.466385,83.231812,81.360191,83.946854,82.383675,83.188866,81.857925,85.160271,83.822617,85.469803,84.119881,82.980774,81.299904,87.660103,86.771461,.38613179,.68113828,.41523427,.72456586,.45306522,.76376009,.53068393,.80147851,.71761525,.93268144,.81770074,1.0207225,.94271284,1.0943114,.97011054,1.1503634,1.0125998,1.2113765,1.0397685,1.2556081,1.0081675,1.1887041,1.1771445,1.2803853,1.0332502,1.2118785,1.1781828,1.3620977,1.3908517,1.4420816,1.4700131,1.4893416,1.0541573,1.200169,1.4070352,1.4472004,1.410295,1.5806524,1.0369728,1.1464446,.34451509,.51085001,.3146247,.50849438,.40180022,.55851579,.47760123,.62736827,.5878197,.70665908,.67750502,.78831649,.76795667,.85257393,.7927478,.88163239,.91330373,1.0007476,.8825227,.90192783,.96433038,1.0155767,.99744213,1.1353469,1.1269549,1.1864048,1.1566513,1.2011771,1.1975187,1.2469168,1.305529,1.3173404,1.1746554,1.244154,1.1302847,1.2169864,1.369889,1.3713285,.98186946,1.0514292,158944,291738,273339,196284,148835,114106,93665,83274,78332,71639,61144,52814,47590,45161,44212,43347,39743,34881,29245,31391,128928,241885,254325,194338,148045,116037,94398,81574,72023,63426,56254,50059,47209,44522,43911,42434,38421,33050,28172,31772
31700,Corpus Christi,503493,48,Texas,TX,80.634674,77.455986,81.856171,79.091049,82.078308,79.587753,82.933876,80.368332,83.451202,80.972504,85.112015,82.958755,84.01722,82.070839,84.012321,82.096077,82.843094,80.940735,82.725121,80.897552,84.436386,82.828506,85.085052,83.693298,86.130272,84.916405,85.679726,84.493507,86.99205,85.966515,86.404816,85.42617,86.868958,85.95443,86.255394,85.425774,89.064522,88.510117,86.872955,86.199165,73.259415,70.387802,75.06971,72.388412,76.330727,73.91288,77.066757,74.599747,78.718575,76.260056,79.824989,77.635353,78.038025,76.258957,79.112473,77.409225,82.935867,81.268867,81.430855,79.716873,80.572334,79.047966,81.079002,79.784447,81.254784,80.087257,80.786484,79.686981,82.411156,81.455025,83.642174,82.771515,85.089737,84.3041,85.438255,84.722961,84.952217,84.587837,84.796181,84.265846,.59495044,.70234424,.6690895,.76565462,.66039109,.75506186,.78105402,.87740433,.82617539,.91573882,.82249987,.93856412,.89171159,.96959436,.86570865,.94574749,.99004459,1.0375184,1.0476017,1.0734389,.95877856,1.0284996,1.0557328,1.1129785,.99902749,1.0730273,1.039916,1.0956051,.98939431,1.0630223,1.0676109,1.1204984,1.0777924,1.1349202,1.230513,1.2754637,.98129743,1.0233899,1.3665559,1.4003021,.47114962,.49216443,.49881232,.51843524,.50754374,.53049356,.54986864,.55169654,.63213682,.66231203,.68811238,.71634346,.69825381,.68765998,.74881423,.73992217,.7661376,.83466607,.79884577,.84462476,.75212955,.77964461,.85447389,.86979556,.86901397,.87066573,.87726617,.86671537,.93818831,.9479214,.98948801,1.0147796,.91858298,.95598924,.9641977,1.0073858,1.2051098,1.1976368,1.1362747,1.1460569,74414,89127,87863,79730,68600,60636,55247,54049,52392,51288,50059,49085,49048,49685,48740,47498,45893,40636,32588,31547,60011,69086,72707,70240,65155,60497,57868,56851,56039,55311,54683,53545,52622,51273,50223,47016,44850,38511,30334,29883
31900,Pearland,320912,48,Texas,TX,80.417274,80.139618,80.849586,80.48629,80.536583,79.334076,79.86145,79.209198,82.424583,81.98098,81.346207,80.727905,81.927879,81.486076,82.631386,82.392326,83.990372,83.823837,84.55069,84.431313,84.354073,84.106377,84.233932,83.896889,84.758797,84.633011,85.840889,85.763885,85.414223,85.382622,86.141853,86.117218,84.35598,84.42424,86.817055,86.803093,87.13678,86.45285,89.294235,89.365051,73.992821,73.875511,74.93692,74.688347,75.06205,74.115746,77.731323,77.114677,77.57019,77.068008,78.869247,78.23259,79.536942,79.060944,77.118622,76.973167,79.950317,79.906738,80.748718,80.714951,82.575386,82.376556,79.946495,79.724625,83.206406,83.092857,83.038879,83.008667,81.85598,81.89991,81.805283,81.901833,83.42012,83.487923,84.418411,84.484184,82.837486,82.493805,85.07946,85.270401,.80459559,.79815084,.85053498,.83695436,.9556182,.94184852,.95200348,.92437077,1.073561,1.059496,1.073261,1.0545461,1.0969131,1.0799099,1.0495365,1.026642,.99086595,.96584314,1.0434725,1.0211936,1.0126088,1.0004016,1.0589435,1.0543751,1.098021,1.0793151,1.0216013,1.0034693,1.0335343,1.0120176,1.0029287,.98199713,1.3111475,1.2771881,1.0903709,1.0719124,1.112505,1.1815913,1.4102443,1.3622626,.68254834,.67381883,.67287946,.66053003,.71454775,.68701881,.81752181,.80590355,.81411469,.800906,.83704823,.82890517,.87420619,.8659271,.77419239,.75676495,.91444594,.89360547,.95599729,.93871248,.93815708,.93009639,.93859959,.91999364,.88359213,.87256581,.97432286,.9575206,.95195562,.932275,.99597764,.97551805,.99514645,.97584635,1.0722197,1.0501356,1.2028588,1.1927706,1.4058092,1.353544,35633,41265,42124,38699,37150,36108,35581,36628,38558,38158,37794,38975,41482,44996,48782,52553,56568,56360,49033,31597,27924,33490,34775,34894,35152,36769,38361,38695,39226,39635,40353,42055,45449,48644,52036,55073,58320,56703,48788,30255
32000,Houston,4504013,48,Texas,TX,81.035431,80.883148,81.89846,81.706154,82.186569,81.758751,82.854187,82.23629,83.425453,82.79023,82.967842,82.35128,83.394325,82.834923,84.303635,83.679062,84.753654,84.202362,84.315979,83.75293,84.819748,84.2342,84.180313,83.621597,85.466805,84.96682,85.478127,85.000916,85.502708,85.047089,86.444153,86.013573,87.331581,86.956047,87.277252,86.961388,88.188301,87.85659,88.99324,88.840332,75.396683,75.221649,76.5,76.245049,77.188446,76.710953,78.252701,77.593727,78.306427,77.683128,78.262756,77.693306,79.523766,78.985428,79.586929,79.003204,80.280853,79.784546,80.239502,79.760559,80.794182,80.304283,80.824203,80.374588,81.769333,81.379211,82.216293,81.852844,82.979759,82.665344,83.704353,83.416199,83.753906,83.508926,85.02803,84.853012,86.08326,85.916496,87.066673,87.017136,.21991226,.24070016,.2481408,.26708579,.27646166,.29462725,.28058252,.30648914,.31504679,.33403713,.30321524,.32017976,.31499133,.33753285,.32022873,.34007001,.33713052,.35371667,.30886886,.32592136,.32751906,.34486714,.34436318,.35490423,.32522881,.34123811,.33332363,.34867483,.36355689,.37476593,.3428753,.35535723,.31772596,.33019331,.31179851,.31898296,.27428386,.28934899,.25568455,.26156598,.18910231,.20601186,.19677435,.20834586,.21410911,.22128345,.23056172,.24912263,.24330589,.2523604,.26022813,.26338586,.26535964,.26651263,.26924604,.27452737,.28968975,.29241621,.29215673,.29604536,.29422119,.30267558,.28716552,.29088593,.31462058,.31965774,.30137944,.30339399,.31642032,.31906158,.29459846,.29787728,.29370525,.29713622,.28561109,.28929719,.26823834,.27014861,.23834087,.23479532,525180,625906,636726,588038,556303,547247,543430,541188,537675,521994,492922,471208,462106,469326,490855,526998,580187,650992,747403,842816,486649,550120,560119,553078,540422,532865,522887,512112,498695,480211,469603,460347,465239,481148,510386,550604,605965,672664,763335,849523
32100,Beaumont,497770,48,Texas,TX,78.537109,79.669769,80.504303,81.417549,81.60453,82.294556,82.039787,82.643959,82.679184,83.217262,82.91671,83.262856,83.836502,84.237206,83.471115,83.884384,85.098289,85.497826,84.23999,84.680305,84.365837,84.841599,85.140923,85.64695,85.549873,85.819038,87.033821,87.181198,84.880806,85.136436,86.762489,86.994492,87.694939,87.908836,87.734741,87.999695,87.753059,88.08625,87.080704,87.296463,73.588707,74.733688,73.971252,74.996513,73.677231,74.504875,76.30677,76.932678,77.33596,77.92762,78.868248,79.241905,78.90773,79.366829,79.098755,79.52874,80.111267,80.591408,80.802422,81.244911,81.039352,81.497658,82.23587,82.737717,81.807686,82.070961,83.471977,83.602692,82.258118,82.500648,81.686363,82.002487,82.172836,82.504692,84.54332,84.852097,84.283676,84.697983,85.58297,85.769386,.54764611,.53644109,.59198833,.57513911,.62494785,.60745877,.67766434,.65573764,.71061713,.68586874,.73969901,.71760094,.72592837,.70037299,.82461095,.79591608,.74333733,.70973974,.80109304,.76563346,.89154917,.85293806,.85861528,.81559062,.8033849,.77439439,.81113368,.78677797,.85954607,.83088219,.84802848,.81523854,.81418943,.78010011,.90528029,.86269516,1.0531907,.99005842,1.4215232,1.3704158,.51048285,.51272851,.48884392,.48945063,.48320779,.48488167,.57508636,.56582624,.59354711,.58211946,.64330709,.62889904,.62674963,.612939,.65195715,.63987744,.65032494,.633771,.67207003,.65460753,.73577601,.71829861,.74196714,.71658313,.75750482,.73963493,.74173588,.72852606,.84342605,.8230294,.82850486,.80802417,.88266319,.86136079,.90619808,.87144417,1.0468565,.99682224,1.0654052,1.0265607,71636,79890,78904,69650,63742,59883,56784,55270,54215,53911,53570,53225,54690,55203,56171,56250,53836,48068,35906,28237,56113,60529,59733,56852,56378,57480,56382,56080,56600,56408,57086,57764,58217,58317,57177,55700,52280,44804,32520,25986
32801,Waco,281618,48,Texas,TX,77.483315,78.24823,78.58107,79.184959,82.702744,82.629547,79.746353,80.104919,80.262833,80.630852,84.426544,84.659081,82.508392,82.536011,82.390739,82.633499,83.584816,83.718964,84.046463,84.104134,83.909462,84.032066,85.802231,85.854881,83.991943,84.293808,85.5765,85.912315,85.627449,85.775032,87.644363,87.619446,85.680199,85.780106,88.845474,89.035591,86.128975,86.424309,88.311768,88.31134,73.276169,73.91674,74.254036,74.70195,75.457321,75.31488,76.165771,76.447189,77.328117,77.54953,76.390305,76.668465,78.525452,78.471169,77.414536,77.588913,79.284966,79.4244,80.990952,81.018257,80.683258,80.75798,80.508354,80.53067,82.25412,82.47113,82.754463,83.064606,83.669632,83.85215,84.538193,84.660385,84.1045,84.288307,85.339188,85.632698,87.131798,87.312607,83.722153,83.987335,.80954492,.7900492,.88739985,.86875969,.88308835,.87060612,.96269631,.93625104,.9923104,.95857388,1.0077469,.96535575,1.1673149,1.1381806,1.1881652,1.1505076,1.0460492,1.0131648,1.0958068,1.0660259,1.1300797,1.0947585,1.2524016,1.2182022,1.3574657,1.3090588,1.4174353,1.3580782,1.5504514,1.5048494,1.2704562,1.2488595,1.552171,1.5108678,1.308087,1.242313,1.8568273,1.7823849,1.5964088,1.5694513,.7172069,.71170092,.63850045,.63740647,.69020581,.67837119,.73445642,.72359818,.81189817,.80004156,.7988497,.79194516,.91412193,.89894009,.86372197,.85144633,.96522784,.94860947,1.0355043,1.0177965,1.0602884,1.0412711,1.0012394,.98148155,1.1159769,1.0886489,1.2140747,1.1811208,1.2061567,1.1745402,1.3093463,1.2745969,1.4404029,1.4019972,1.4421252,1.3857172,1.5066698,1.4520899,1.799046,1.7571458,36028,38608,40986,40698,38561,35974,34456,33494,33524,32099,31728,31380,30975,30110,28573,27226,24044,20790,18310,16794,30264,33409,36306,38555,38105,35879,34362,33559,32141,31523,31204,30147,29430,28282,26801,24951,21935,18579,16413,15193
32900,Killeen,330714,48,Texas,TX,81.980598,81.332016,80.403267,79.679413,79.999733,79.285728,80.187202,79.341858,80.250633,80.752182,82.680573,82.485237,83.250153,82.696487,83.028076,82.45961,81.936096,81.820465,82.305832,82.589561,84.562439,84.681465,83.270164,83.268829,85.957848,85.934479,84.042534,84.050568,87.20546,87.236336,82.774712,82.959587,87.268486,87.413261,88.026253,88.353073,86.119003,85.652893,88.742409,88.516869,72.714859,72.792458,74.093086,74.085838,75.447075,75.356056,75.204651,74.901611,78.476852,79.02639,77.712097,77.788567,78.399216,78.222801,78.803635,78.597626,77.846367,77.913696,81.123337,81.38652,80.481056,80.76033,79.857201,80.0914,82.246078,82.43943,83.901657,84.06514,82.158829,82.3825,86.687096,86.824066,83.85051,84.091484,85.294838,85.645981,85.01358,84.96682,86.846329,86.900581,.95677841,1.0003951,.94243425,.93795609,.91709131,.90369487,1.0214431,.99596882,1.0834733,1.0515168,1.1544989,1.1399245,1.1317272,1.1402839,1.1147335,1.116441,1.1478667,1.1261008,1.2624422,1.226456,1.1562064,1.1294944,1.1689384,1.1440037,1.2324913,1.2131721,1.3334674,1.3038735,1.2052943,1.1828432,1.291644,1.2558156,1.2949545,1.2553504,1.7125545,1.622378,1.7063535,1.7189865,1.5805407,1.5933659,.76068562,.74296582,.70114303,.68166161,.755202,.73993981,.75312781,.72721803,.89604735,.87563282,.91445804,.89598751,.90437937,.88560891,.94480067,.92447788,.83285856,.81623739,1.0095514,.99067265,.9750042,.95971888,1.025966,1.0103203,1.1117301,1.0872033,1.0963742,1.0726264,1.1867378,1.1635054,1.0626334,1.0368893,1.2383097,1.2067134,1.5140474,1.4595239,1.562187,1.5430224,1.8180618,1.7764292,35959,39534,41936,41299,39724,39850,40218,40176,40487,39466,39222,39051,38295,36514,35036,32677,28878,24386,19016,15240,27603,32251,35058,36718,37559,38708,40175,40781,40544,39950,39362,38753,37578,35629,33922,30844,26394,21749,17405,13739
33000,Fort Worth,1804370,48,Texas,TX,79.831978,80.120628,80.758842,80.918472,81.523666,81.157249,81.753029,81.446541,82.849625,82.789063,82.668587,82.648376,82.747795,82.726357,82.684738,82.731003,83.15731,83.214973,84.57225,84.510849,84.816353,84.750404,84.394409,84.407364,83.54921,83.466461,84.815514,84.670181,85.62529,85.602631,86.729401,86.786469,86.944695,87.002678,87.028488,87.090096,88.814247,88.7817,88.195023,88.300629,73.222618,73.523933,75.836403,75.973602,76.1633,75.84996,76.480873,76.240715,77.673279,77.635246,77.054352,77.045692,78.393799,78.384521,78.778099,78.817062,79.041229,79.102051,80.579498,80.5578,79.977005,79.982384,81.632324,81.678009,82.274178,82.209991,82.706345,82.620598,82.181351,82.228767,84.027847,84.127846,84.168594,84.282295,84.591728,84.715881,85.577942,85.624825,86.344673,86.528374,.36860096,.36095679,.40599874,.39540926,.41614613,.41368961,.45099851,.4462527,.45286387,.44349501,.46782106,.45579523,.4371807,.42802611,.48247185,.47033402,.4750413,.4621172,.43863252,.43158713,.45524931,.44712055,.50265753,.49014479,.53682214,.52414495,.51505107,.510153,.46429887,.45377976,.4747332,.463745,.47326058,.46253026,.47713089,.46770436,.45369968,.44993347,.52430749,.51107126,.29142094,.29083261,.33733648,.33181462,.33689055,.33030429,.32611734,.31795096,.37093779,.36441597,.36735508,.36112863,.39990988,.39147431,.38027653,.3730996,.40424451,.39471355,.41663939,.40994698,.41275096,.40389332,.43481624,.42560217,.42118883,.41338351,.43893021,.43104592,.42031926,.41241166,.4228135,.41271812,.41194406,.40240574,.41953945,.40592811,.4475216,.43782574,.49579638,.47828993,194961,206240,216661,222789,225357,223035,224816,231856,236272,231888,224652,222201,224695,231123,239111,250507,262224,269395,264409,243871,182445,189708,198789,207907,210018,210800,214189,219121,219077,218868,220899,223058,228194,234799,242615,253692,261330,264405,258278,237381
33100,Dallas,3405666,48,Texas,TX,80.654831,80.988472,81.436028,81.646782,82.553619,82.403481,82.503639,82.307922,83.090744,82.662338,82.738968,82.477371,83.740028,83.558075,84.587784,84.327431,83.413559,83.167732,84.894691,84.558014,85.631218,85.344444,85.3106,85.159454,85.909103,85.717049,85.481415,85.289139,86.076393,85.90155,86.729134,86.559326,87.364983,87.218056,87.635201,87.531776,88.342125,88.37487,88.721313,88.808701,75.406105,75.66095,77.392555,77.478683,77.518433,77.323967,78.023399,77.801521,78.557472,78.137291,78.165207,77.923012,79.250931,79.072929,79.681068,79.466438,80.322021,80.108231,80.913147,80.639465,80.833374,80.625099,81.417961,81.33918,82.390579,82.269569,82.762619,82.631966,82.777489,82.697479,83.14473,83.086479,83.987404,83.942245,84.659714,84.669502,85.864502,85.992783,87.176727,87.317268,.28129992,.28853121,.32299519,.3243773,.32310754,.3264176,.34546024,.34542438,.34885353,.35667527,.35912901,.36064875,.36176449,.36047897,.34574151,.35319889,.36790648,.36604103,.36055255,.36504933,.3507078,.35767874,.38737977,.38715121,.35720995,.35945323,.38403127,.38275293,.38438958,.38589072,.3588534,.36127242,.35727748,.35961199,.3450948,.34424278,.31744015,.31193975,.32243806,.31494677,.23536593,.24230482,.25455856,.25883484,.26198351,.2619006,.27305886,.27375072,.29613453,.29577851,.29728669,.29426223,.30012488,.29756519,.3281565,.32480705,.33381513,.32919139,.35131636,.34840161,.33523232,.33003938,.35030845,.34479314,.34056544,.33651876,.33441144,.3311342,.35746285,.35162908,.34448537,.34017813,.33621073,.33202633,.32740268,.3231248,.31558278,.30909619,.27845407,.26952097,356828,377388,393637,399696,408961,414455,418817,425876,428251,415623,395059,380164,380818,388029,409461,436404,474846,523311,579759,630185,348522,367632,384628,400522,402975,397094,389681,381647,373773,364628,357216,359034,365626,383708,411740,443320,483433,533134,593793,641601
33300,Tyler,434643,48,Texas,TX,78.744453,79.468796,81.716499,82.304558,81.388687,81.811996,82.109131,82.546288,81.393509,81.86541,83.324142,83.805031,83.904739,84.256454,83.675995,84.039856,84.321457,84.678673,85.689728,85.970787,84.883873,85.208946,84.021721,84.398972,84.14357,84.516136,86.167885,86.460999,86.720757,87.020821,85.148972,85.573196,88.306145,88.549362,87.657249,87.932831,86.440849,86.846115,90.584061,90.734581,74.41642,75.132401,74.975723,75.612007,75.528305,75.973976,75.518303,75.981895,77.570335,77.94857,77.247719,77.770485,78.270447,78.647469,79.974083,80.35083,80.284561,80.631615,81.181847,81.506691,80.938217,81.30172,81.438568,81.806,81.240768,81.62368,82.984329,83.302101,81.912239,82.298157,84.862679,85.181366,85.284714,85.575264,83.648529,83.940727,82.757042,83.170738,83.143394,83.587784,.57090431,.54985559,.63477302,.61029619,.67748195,.65160167,.73008561,.70021135,.7893675,.76356339,.81631655,.77885109,.78362519,.74972826,.78640777,.75293839,.86123151,.82233042,.72524005,.69302559,.90932512,.87074721,.98169124,.94378996,.94301897,.90553951,.89826494,.85852861,.85632557,.81402606,1.162887,1.1154487,.89687723,.84746599,1.1555269,1.0987554,1.4195044,1.3491696,.78039575,.73169678,.53844893,.53829163,.52477264,.52693713,.53680152,.53134799,.5521031,.54643643,.62160742,.61292517,.62613732,.62328821,.6459226,.63390088,.72379035,.70773631,.75986868,.74137253,.79296458,.77482879,.79605037,.77711689,.78708082,.76774865,.84811044,.82890564,.80523723,.78021151,.84839696,.8276937,.9462651,.91404843,1.0175959,.98043543,1.04752,1.0136064,1.2496765,1.215965,1.3076727,1.2723203,60860,67471,69305,65347,61291,58848,57454,55731,54336,52235,50955,50118,49203,47506,45523,42412,38836,34677,30768,32740,49698,56971,60245,57479,56134,56850,54987,53141,51881,50658,49599,47999,46858,44641,42298,38852,34694,30799,27756,30203
33400,Longview,289849,48,Texas,TX,79.724533,80.942902,80.620865,81.685257,80.839561,81.557457,81.286972,82.101624,83.730797,84.247162,82.156204,82.659462,83.154167,83.751099,81.789383,82.260757,84.378464,84.818886,83.557594,84.174675,85.973442,86.37812,84.830307,85.23867,83.963211,84.262787,84.701797,84.925842,85.037804,85.384735,85.99794,86.415558,87.818855,88.168266,87.361443,87.76017,86.428772,86.631569,87.993538,88.206772,73.281502,74.657158,72.998283,74.125656,74.795235,75.547569,75.137238,75.976929,77.755089,78.337395,77.885567,78.365112,77.681206,78.325096,79.673973,80.134628,78.79969,79.346527,80.711525,81.312065,80.379677,80.92305,82.236084,82.657631,82.043091,82.327187,81.983109,82.222702,83.243759,83.574776,85.308418,85.670547,84.195656,84.614929,83.305229,83.844887,85.347778,85.483574,83.484596,83.844917,.77513403,.7483018,.78915894,.75252801,.80000544,.77387172,.90484709,.87036121,.92405748,.88328058,.96726358,.92918104,1.0254771,.97698218,1.0475202,1.0121646,.97461128,.93318874,1.1237757,1.0646415,.96844041,.91427648,1.0907035,1.0448487,1.1957753,1.1586862,1.2251048,1.1900998,1.2646821,1.2168081,1.3278831,1.2638524,1.3110785,1.2366663,1.1374902,1.0634097,1.6157029,1.5633384,1.5110309,1.4385409,.64593369,.64151126,.57308763,.58030635,.6450814,.63972247,.66547441,.66179061,.7742238,.75951105,.74617952,.73048139,.78607154,.77562517,.84494936,.82766056,.89550263,.88322437,.894642,.86547345,.95558947,.92995584,.90937644,.88207555,1.0258714,1.0036693,1.1012268,1.0811522,1.116377,1.0828627,1.1358079,1.0896333,1.1476483,1.1005577,1.6007038,1.550568,1.2803096,1.2513899,1.4390863,1.3817629,41004,44962,47696,45396,39980,37077,35499,34733,34784,33803,34271,34402,33971,33540,32595,30107,27027,22931,18831,18798,31079,34846,36823,36807,36251,37218,37336,37787,37027,37331,36857,35671,35099,33661,31681,28389,25022,20517,17419,17615
33803,Oklahoma City,1154246,40,Oklahoma,OK,77.256165,77.892342,78.327393,78.869781,80.10463,80.445587,80.107605,80.505951,81.59124,81.935722,81.660202,81.925385,82.45443,82.735847,83.273285,83.57975,83.52652,83.770561,83.764931,84.04155,84.80529,85.063156,84.577698,84.792297,84.539558,84.84742,84.824547,85.156036,86.681595,86.872658,85.580765,85.764595,85.911964,86.127357,86.373032,86.653671,88.016808,88.237007,88.643715,88.817543,72.00721,72.715668,73.910149,74.461891,74.739731,75.088577,75.082268,75.468544,76.915024,77.282318,77.13578,77.455429,78.665565,79.010185,79.01786,79.385887,79.707527,80.036621,79.662422,80.026184,80.979271,81.326347,80.926193,81.214699,80.989532,81.36129,82.236343,82.60643,83.051933,83.351166,83.762695,84.015968,83.566055,83.843605,84.484718,84.775818,86.262764,86.532761,86.594948,86.803047,.41698307,.40901732,.46278164,.45268562,.45381808,.44169497,.47273412,.46386492,.4907586,.47494131,.51655996,.5009256,.51574481,.50297868,.50974655,.49264008,.54791403,.53041589,.51783115,.5003981,.52955264,.51090747,.57137924,.55170274,.60055327,.57592404,.63668281,.61201948,.55354178,.53416264,.62871033,.60977203,.68104237,.6617527,.737746,.7063815,.66311318,.63418341,.70380503,.67400032,.33175507,.33111441,.3494463,.35118082,.34871605,.34783721,.3636916,.36565891,.41488582,.40885386,.4035134,.39879027,.43368378,.42941537,.43946904,.43238673,.46135682,.45156413,.47392422,.46565694,.49948087,.48834932,.49924454,.48888656,.51068962,.49926999,.56944442,.55480897,.53492463,.51934099,.55498302,.53805107,.60447454,.58636725,.56471324,.54316455,.65559739,.62829906,.64936525,.61991447,141147,139218,143548,149471,152061,152649,152781,151565,148026,146335,144486,142867,142094,141713,140157,137803,132167,122082,106278,105078,124457,125424,131530,136033,137561,138852,139387,139642,139403,139441,138502,138075,137366,136392,134386,131455,123821,112455,97242,99940
34102,Anchorage,369296,2,Alaska,AK,80.549545,80.011604,81.804825,81.464607,82.995087,82.859901,82.129044,81.95816,82.718338,81.901276,84.031532,83.874168,84.106155,84.254555,83.910927,83.782478,84.179726,83.957954,83.868835,83.647614,85.484955,85.300735,86.136536,86.015717,85.425369,85.04229,85.472534,85.014305,87.805893,87.455582,85.66391,85.290092,87.902,87.71579,88.003029,88.066147,87.43441,87.622124,88.910248,89.069199,72.874008,72.828026,76.096992,76.068527,77.559265,77.758965,76.975006,77.16478,77.093201,76.958656,79.190231,79.369484,79.74501,80.026474,80.829178,81.026543,81.735222,81.878937,81.172264,81.400482,81.405655,81.596848,82.839645,82.963058,82.558044,82.613831,84.450882,84.455101,83.265068,83.307358,83.894814,83.935051,86.372246,86.43837,86.469711,86.652695,87.06752,87.285103,87.910027,88.082191,.79892457,.80628145,1.1310333,1.1193241,1.0977083,1.0813512,1.2368993,1.2153356,1.2287436,1.2308643,1.131119,1.1129322,1.0803764,1.041266,1.0995128,1.0928429,1.0518296,1.045244,1.0715886,1.070538,.93041795,.93021369,.8674885,.86352921,.97719723,.9953568,.90530449,.93471944,.88261414,.91670138,.88789928,.90916604,.91417915,.92619026,.81002688,.78858149,.93629819,.90027398,.9994123,.9572863,.63198173,.62134862,.74483979,.72758645,.86612546,.84917098,.82893217,.81779855,.85797852,.8464399,.90336132,.8832683,.87878203,.85017574,.91744721,.89320165,.8696658,.84672338,.93938053,.91833144,.91214007,.89437598,.84685063,.82404882,.89150208,.875669,.84844899,.83729905,.87750679,.86144936,.8242749,.81250203,.7236442,.70773119,.69007999,.66390866,.72306842,.68958241,.76819289,.73235869,38145,31593,29959,31106,34561,38771,41887,44652,47814,48090,49748,50848,52426,55429,60379,66378,72705,78109,74371,56879,39462,37298,33933,34650,36246,37485,39765,44045,47048,49489,51736,54247,57034,61657,66049,71526,77478,80723,73612,54518
34701,Honolulu,876156,15,Hawaii,HI,82.923218,78.761513,84.2258,80.202095,83.990509,79.834953,85.946739,82.183846,84.703018,80.336174,86.224922,82.048897,86.940582,82.989822,85.983017,81.859474,84.839569,80.669296,86.966362,83.263039,85.826248,81.687119,86.788795,82.750931,86.481651,82.413277,85.9589,81.810394,87.756172,83.883469,88.48214,84.798019,87.671967,83.751968,89.067924,85.829964,89.403816,86.130974,90.083572,87.680534,77.275864,74.708313,77.697243,75.32093,77.483505,75.182808,78.736641,76.419922,79.604034,77.076714,80.088417,77.55632,80.977196,78.558884,81.465836,79.20417,81.986732,79.946014,81.141449,79.131439,82.791313,80.744293,83.101868,81.023529,82.604401,80.541237,83.265739,81.294548,84.670982,82.692299,84.926048,82.975449,85.082123,83.213203,86.22731,84.63942,87.018761,85.421288,88.423904,87.359558,.57221371,.98058581,.64521897,1.0664133,.65914923,1.0618927,.62149739,1.1163507,.71543682,1.1328311,.60702556,1.1540059,.57971823,1.1493115,.63900691,1.1039312,.73586828,1.1518573,.62434292,1.1581321,.71972913,1.1890503,.69464803,1.243776,.71693599,1.2217985,.71679592,1.1510779,.68872046,1.283825,.60922366,1.207646,.65273404,1.2119395,.53637391,1.0954424,.57014143,1.1898997,.62701654,1.1704333,.48717222,.66341788,.52795434,.70221907,.52989334,.71603882,.57264632,.76766527,.53022337,.75842702,.55190551,.80971259,.60161817,.83519262,.6143266,.86911529,.62901473,.84714001,.61408967,.84636033,.62020391,.85894305,.63938367,.88954633,.60942626,.85370255,.63324583,.89968348,.59109014,.86863655,.62038547,.93205601,.57329619,.88912141,.60705513,.8413505,.64125144,.91293424,.63013828,.79259241,93579,83281,83234,87589,97325,106521,110428,110773,108842,108745,108054,108251,112007,114596,120664,127264,132025,129621,113357,85952,85151,83549,83892,88394,95587,97583,101081,103793,107441,109672,111144,113027,116449,119611,124300,127594,127696,121387,103526,78131
34901,Albuquerque,755244,35,New Mexico,NM,80.465706,78.038422,83.545212,81.5261,83.716858,82.14959,82.977409,81.332512,84.279869,82.759148,84.869698,83.563683,84.312614,83.167282,84.853012,83.54351,84.532028,83.121277,86.363647,85.167641,87.46962,86.569489,85.148727,84.253624,85.394691,84.56266,87.098755,86.361504,86.444122,85.885178,86.627296,86.199219,86.42057,86.043922,86.992867,86.768234,88.844147,88.571228,89.378456,89.118324,74.784363,72.443687,77.308098,75.240303,77.475769,75.827347,79.021996,77.322716,78.02066,76.498047,80.316422,78.984528,80.100273,79.042015,80.726379,79.425644,81.557777,80.181213,81.89489,80.652252,82.569962,81.591606,84.318291,83.495758,84.089592,83.351746,84.764114,84.068321,84.903519,84.379211,84.489563,84.058411,85.5271,85.182732,85.798019,85.605049,86.355011,86.192535,87.209526,87.044083,.48398763,.55561602,.5213834,.61608028,.62952799,.67221421,.65112317,.70247388,.63892972,.70579833,.59673578,.66587651,.64615494,.68395662,.65723693,.70933837,.71655995,.77392268,.64960122,.71667188,.63603479,.68689799,.78650492,.82517201,.7711702,.80131251,.69037271,.72225595,.7822454,.79364169,.82455921,.83067852,.85611713,.85983324,.8026287,.80281305,.65125084,.66067702,.73504162,.74999273,.41182387,.44156623,.44759074,.48255301,.45503902,.47228003,.53886622,.55580193,.54168749,.53877181,.57206154,.58651102,.60399181,.60074806,.6138913,.63345027,.64605117,.67777437,.62777209,.65207314,.65731794,.67337769,.65740514,.69306642,.67973524,.69743592,.64377314,.66835636,.66777414,.68625909,.67267638,.67278671,.66015381,.67065483,.72280276,.72077584,.71406275,.71045703,.77253318,.77174693,108073,99226,100145,103007,105140,108862,109647,109122,104810,100169,96500,95134,94413,94737,94203,93175,94028,94998,90913,69423,101987,95225,94738,98213,97560,96031,95638,93173,90718,89153,88889,89036,90094,90621,89452,89910,89828,90890,83599,62306
35001,Phoenix,3303211,4,Arizona,AZ,80.727051,80.119499,81.675858,81.201004,82.404335,81.938431,82.666451,82.396164,83.264099,83.037605,83.951279,83.727066,84.454018,84.24131,83.918762,83.728081,84.966537,84.795433,85.824356,85.602272,85.16954,85.011002,85.640213,85.551567,85.662918,85.578651,86.149521,86.067451,86.645752,86.598488,86.639778,86.625381,86.821114,86.841995,87.462311,87.499435,88.554794,88.571838,88.703033,88.796364,75.008125,74.511635,76.885651,76.409798,77.377853,76.928406,78.176125,77.906441,78.288353,78.080948,78.674217,78.477608,80.126373,79.930367,80.215919,80.093338,80.204826,80.09568,81.541412,81.382027,82.033852,81.8965,81.832535,81.790756,82.710716,82.681549,83.513138,83.483475,83.485611,83.51902,84.270966,84.327866,84.358505,84.450691,85.108765,85.23024,85.753784,85.868965,87.084579,87.241035,.27974796,.28029025,.31738913,.31467697,.3389596,.33475092,.32947183,.32468396,.33625564,.33040288,.34910843,.34205207,.34819463,.34456044,.34926012,.34576625,.34571248,.34242037,.31578231,.31091681,.35880613,.35487643,.34402856,.33912235,.34707785,.34453869,.36774915,.36237049,.36860985,.36302653,.35618305,.35047436,.38542214,.37775043,.37148845,.36414233,.33635512,.33203539,.33293864,.32087499,.22606601,.22526412,.24588956,.24228059,.25446069,.25245395,.27196085,.26742664,.27761412,.27517214,.28291991,.27883318,.29993314,.29608816,.32995933,.3242299,.31576675,.31065086,.32876575,.32287085,.31424186,.31089264,.32804325,.32326698,.3493717,.34369057,.33824357,.33272997,.34582785,.34106413,.34760702,.33940354,.34188271,.33398592,.35360086,.34471402,.34356916,.33493462,.32069048,.30744871,358701,344063,347821,365580,387218,406846,423594,428941,423527,413090,401792,398682,398105,401880,407217,413137,424084,428514,428878,417215,369859,363856,367851,376222,377701,382960,387883,388162,381710,374573,373167,373808,378384,385141,395804,403368,413164,417758,419722,408176
35100,Tucson,999882,4,Arizona,AZ,82.209831,80.997635,82.907654,81.937378,82.422104,81.42321,83.386932,82.239037,83.752327,82.914673,83.278198,82.610123,84.862816,84.301636,85.483994,84.869492,84.671852,84.068344,85.547264,85.010078,85.597748,85.271858,86.344971,86.1493,86.44149,86.216461,84.814781,84.653076,86.524109,86.321854,87.34642,87.122749,87.109337,86.943207,87.534615,87.483307,88.4226,88.38784,89.488289,89.460953,75.102745,74.073586,77.00563,76.092819,77.444641,76.536232,79.900002,78.841843,79.511063,78.83046,79.952538,79.424843,81.658417,81.176735,81.365547,80.86689,81.568039,81.085739,83.15535,82.747505,82.951149,82.69838,82.696739,82.570847,81.563072,81.458923,82.858032,82.724831,84.494431,84.393211,85.796059,85.673721,85.111008,85.045441,84.844124,84.902748,86.183556,86.240433,86.356277,86.4841,.43705636,.4569093,.50037313,.51304364,.5207231,.53177154,.55320573,.58291769,.5410248,.55785501,.58937293,.5910576,.55646986,.56097865,.564574,.57582194,.61969256,.62127048,.58815485,.59216839,.61709476,.61448801,.60868132,.59941894,.60485214,.60067761,.72405684,.70933968,.69184971,.68524319,.62933695,.63101953,.70629185,.69785613,.65553969,.63877368,.67833143,.66047114,.61356401,.60089296,.35980454,.35930109,.37764075,.37945312,.40636215,.40701056,.43811285,.44347462,.47415224,.46726468,.47567788,.47286329,.52979785,.53204006,.52825409,.52714068,.55521762,.55647355,.53650612,.53757358,.58633131,.58091122,.58464545,.57729352,.59712899,.58902198,.58640271,.57533282,.63948202,.6302138,.58016127,.57500118,.62471676,.61425686,.68865407,.66997349,.59845132,.57972932,.70352453,.67880756,132053,139658,141294,139898,136726,135487,134250,131967,126787,123365,119868,117588,117263,115479,114874,114073,111999,108423,103180,90257,125060,131762,138342,134616,126584,123468,121749,117966,114532,112520,110732,109630,109673,108355,108916,107005,103142,98871,92447,79170
35401,Flagstaff,289883,4,Arizona,AZ,83.650032,83.663376,83.056519,83.226555,83.559334,83.706345,82.332306,82.585686,82.129028,82.333534,82.053841,82.403839,84.307327,84.520393,86.03051,86.117027,86.90274,86.943497,86.02597,85.966507,86.320412,86.398079,86.694504,86.871155,86.589615,86.656357,85.140587,85.235886,88.385063,88.455086,88.873627,89.014488,87.599953,87.812714,86.563751,86.836456,87.315483,87.393478,88.150002,88.263252,76.324928,76.482529,76.840828,77.037476,79.490723,79.593391,79.345337,79.538445,79.888313,80.012321,82.105476,82.260544,81.371422,81.610893,83.156937,83.303391,82.737312,82.813713,85.673988,85.630905,82.694931,82.846405,85.750275,85.883087,85.160477,85.244904,83.489632,83.60273,84.979584,85.113091,86.667023,86.818665,86.346977,86.500023,86.207031,86.405815,85.352577,85.531929,87.473717,87.573357,.64314479,.62027425,.79881066,.76582938,.89302391,.86078292,.97077036,.93695641,.93809658,.91280723,1.0189621,.98469341,.92676419,.87972295,.85957927,.8266753,.93769687,.91091043,.91111988,.8891806,1.0981349,1.0641786,.99537694,.95364738,1.041797,1.0099093,1.2078974,1.1724336,.95765936,.92176169,1.0029439,.95002884,1.1815593,1.1231657,1.3074239,1.2402796,1.4595281,1.4174422,1.3189887,1.2664595,.60025865,.58498353,.65442008,.6419664,.70261496,.68823898,.70828623,.69354147,.77912921,.75796449,.74758226,.72352594,.87299949,.84740174,.85938221,.83011168,.86254346,.84438854,.74852669,.73427087,.97460073,.94986594,.90838158,.87687659,.95012754,.92416465,1.0465444,1.0217049,.98101646,.94632286,1.0121357,.97501528,.9964605,.95746976,1.0549835,1.0041704,1.2983577,1.2562909,1.0347377,.99891239,48770,49395,47098,46500,46054,46713,45486,44658,41753,40684,40535,40015,39666,38151,35871,33908,31925,29569,26401,24737,44466,45423,44552,43491,42610,42112,41888,40192,38797,38001,37687,36735,35781,33307,31637,30027,27436,25432,22051,21018
35801,Boise,493970,16,Idaho,ID,81.818924,82.008362,82.562866,82.758163,83.592873,83.542877,83.05986,82.884132,84.888565,85.011505,84.020615,84.200798,85.522133,85.717476,84.502182,84.714577,87.064064,87.12027,85.99955,86.171822,86.55999,86.741623,88.548264,88.702301,84.079918,84.46653,87.109406,87.386139,86.379654,86.536438,86.779335,86.829063,87.724625,87.825783,88.780457,89.036324,89.988716,89.925415,88.754288,88.920235,76.53756,76.7015,76.348518,76.519341,78.427994,78.419678,78.387047,78.313637,81.172188,81.359795,81.478584,81.628555,81.744728,81.989639,83.471718,83.599541,82.234512,82.416084,82.281357,82.504494,83.22879,83.455048,83.64019,83.894867,85.588699,85.856369,84.009674,84.365707,85.063141,85.258499,85.070015,85.210304,87.057106,87.18074,87.97229,88.158615,87.138618,87.24292,87.820419,87.939522,.76513791,.73146409,.82282346,.78927821,.82915819,.80325419,.84375882,.8248257,.78880119,.75561911,.88194889,.8474589,.79014736,.75122964,.87290114,.83917487,.67886263,.65433055,.8799777,.84418184,.79449856,.76241034,.7808336,.74432266,1.004379,.96853071,.99704164,.94841063,1.1066694,1.0724659,1.0940014,1.0683653,1.1069119,1.0699683,1.1157085,1.0563313,1.001272,.99912614,1.1502025,1.1020572,.62045485,.60611612,.64179468,.63187677,.70393938,.68879265,.68438047,.67317742,.73306537,.71238059,.7273916,.70449799,.76236987,.73648137,.70479476,.68453747,.78361654,.76423055,.80354172,.78411621,.8140012,.78846854,.89836138,.8700614,.82806432,.79383826,.91245842,.87931007,.86833811,.83850855,.96669018,.94287139,.90568805,.87601423,.77622962,.73988354,1.1091808,1.0800403,.86229926,.83519375,53347,54438,57096,63248,66566,69169,68882,69833,72130,73207,73925,73636,71928,69755,67582,65427,62493,58801,53065,51330,49065,53358,57723,62115,65152,67489,68936,70736,71766,71775,72649,71506,70430,68251,66454,63435,60121,57027,51916,50161
36000,Provo,389179,49,Utah,UT,82.916405,82.675964,81.367035,81.610504,84.258545,84.567017,84.781136,84.585693,83.644325,83.39196,85.869781,86.054543,86.782364,86.814598,84.224213,84.31945,86.254105,86.193375,86.534195,86.72644,85.441925,85.730942,87.635902,87.765091,86.240547,86.470268,86.743477,86.990868,86.973816,87.148903,88.602837,88.649506,89.15274,89.259331,91.426636,91.50898,89.594795,89.739845,87.40448,87.596596,76.773598,76.65432,79.956841,79.900383,80.086075,80.260521,81.412254,81.271317,80.662239,80.423401,78.892059,79.23407,81.443336,81.591881,80.635895,80.711525,81.506332,81.58284,83.7015,83.987137,82.180496,82.534798,85.878532,85.996422,83.489883,83.742813,84.436127,84.713554,86.384689,86.55394,86.660919,86.798897,88.08728,88.234627,88.41906,88.645668,90.158058,90.254059,89.462097,89.526642,.9334178,.90255153,1.2863642,1.2347349,1.3606237,1.2856598,1.1737368,1.1468109,1.3060983,1.278644,1.0906537,1.0258915,1.1065272,1.0606958,1.2899868,1.2478995,1.0444064,1.0249059,1.1928815,1.144169,1.2645291,1.2084352,1.1702709,1.1252954,1.1728516,1.12421,1.2068564,1.154086,1.3440313,1.2978699,1.063966,1.0351648,1.0460907,1.0025787,.62187129,.5844754,1.166232,1.111867,1.751652,1.6916009,.89195615,.86816537,.99512064,.96286839,1.1156596,1.0755395,1.1682168,1.1459588,1.019931,1.0064048,1.0672146,1.0454371,1.1519433,1.1207657,1.0433707,1.0188981,1.0569298,1.0365443,1.1862141,1.1502328,1.1084754,1.079481,.95759714,.92826539,1.0881199,1.0581931,1.1881355,1.1469516,1.0303506,.99764729,1.0543019,1.0205082,1.0383317,.99856085,1.060149,1.0015256,1.0519929,1.0076032,.86858356,.8446396,26203,25316,25365,26485,28102,29070,29699,31125,33780,37221,40808,42886,44947,45765,45263,44329,41023,36280,30283,29674,22631,22699,24262,25023,26682,27806,29635,32506,36303,39327,42321,44650,45839,46235,45692,43120,39505,34421,29335,29508
36100,Salt Lake City,1426729,49,Utah,UT,80.507896,80.132217,82.491669,82.203537,82.298546,82.09137,82.632385,82.561974,83.238876,83.108353,84.989006,84.946602,85.319748,85.095398,84.607185,84.389923,84.722015,84.609413,86.115791,86.037537,85.081665,85.017639,86.358643,86.289627,86.024506,86.056183,87.111366,87.155693,86.710915,86.798271,88.385895,88.437737,89.47213,89.51162,88.720703,88.817543,90.279976,90.333237,89.557083,89.686348,73.487335,73.2882,77.233505,77.057014,77.672798,77.427689,77.653763,77.599342,78.889389,78.773827,78.891014,78.948975,79.556091,79.420815,81.800316,81.647987,82.10334,82.10965,82.90313,82.936646,83.694748,83.712273,83.517059,83.574493,85.090546,85.149033,84.62513,84.734505,85.725212,85.821365,85.542458,85.694809,84.904282,85.100754,87.125298,87.267021,86.773003,86.951981,89.029221,89.165497,.49098381,.48172629,.54011673,.531829,.59870976,.58272916,.60736054,.58875251,.57966119,.56383717,.54055512,.52467573,.56782323,.5630697,.55769932,.54971677,.54071158,.52842498,.52526402,.51636612,.53222388,.52125031,.49513158,.48762468,.54229611,.52916831,.52692682,.51375228,.55387914,.53888875,.47013369,.45895639,.44139534,.42881307,.50801772,.49259573,.42843565,.41243866,.53814292,.51599193,.38688174,.38049504,.4608503,.45200637,.473737,.46518996,.46241629,.45283392,.48934877,.48033369,.48100862,.47100511,.46130806,.45107993,.50163001,.49453053,.49214825,.48160455,.52570486,.51578426,.50454402,.49602523,.49176392,.48319572,.43709764,.4270812,.51181841,.49751592,.44384244,.43153235,.51521683,.50153381,.58063257,.56521726,.49553615,.47617081,.53929818,.51897258,.48367658,.46153489,114204,102445,105955,116737,128917,134713,139816,147347,156031,166145,174961,182001,188430,194978,198344,197352,191596,174407,153772,150895,113558,106428,109124,115940,123544,129051,140054,150534,161542,171057,179863,186685,194037,198473,198746,194061,183459,165466,148189,147735
36301,Pocatello,269722,16,Idaho,ID,79.084816,79.24884,81.556572,81.724625,82.154617,82.375893,81.768044,82.08078,83.957375,84.181854,85.130386,85.287529,83.552383,83.697754,85.446709,85.615524,85.621681,85.913307,84.564713,84.843155,87.123482,87.243156,88.048141,88.222,87.638222,87.74575,86.718735,86.815819,88.252747,88.390312,87.291573,87.56028,87.448631,87.725983,87.476807,87.766655,87.674561,88.019707,88.181602,88.249207,75.99855,76.072731,77.41497,77.464386,76.690468,76.888161,79.55365,79.8162,80.202446,80.357475,79.266167,79.476295,80.539627,80.610031,82.053001,82.221504,83.008102,83.266571,81.196899,81.495392,83.244553,83.481323,81.753349,82.065689,85.442215,85.574234,84.580406,84.731766,86.628494,86.779648,85.806648,86.053528,85.10347,85.370377,87.912933,88.099594,87.226051,87.439262,88.436676,88.493332,1.0564551,1.0216902,1.1374745,1.096149,1.0415685,1.0000386,1.151374,1.1054453,1.1448143,1.0889099,1.1590714,1.1056293,1.1977184,1.1537007,1.168709,1.1200354,1.2424281,1.1823777,1.2375703,1.1879083,1.0030301,.96485883,1.1437843,1.092319,1.1019094,1.0675135,1.1614059,1.1256585,1.1759295,1.1271533,1.4834867,1.413951,1.5052592,1.4372652,1.4713973,1.3950874,1.779598,1.6819882,1.9907455,1.9360089,.89648223,.87208319,.88248551,.86128712,.83634925,.81899762,1.0215372,.99399674,.97858983,.94900525,.96940684,.9490127,1.0034566,.98095822,1.0061007,.9774527,.95607769,.92183942,1.0619818,1.0349718,1.1558521,1.1229442,1.0262208,1.0035301,.99218595,.96197248,1.1821612,1.15318,1.0714169,1.0366218,1.2005407,1.1541682,1.2701578,1.2264293,1.1787181,1.122738,1.2032281,1.1415424,1.6680208,1.623722,25981,26660,28257,28688,29100,29458,29714,30572,32318,33639,34216,34786,35392,35420,33953,31155,28139,23481,18424,14985,22026,24836,27698,28865,29417,30583,32076,33560,34841,34842,36171,36902,36204,35242,33341,29772,25847,21192,16714,13879
36800,Medford,256995,41,Oregon,OR,82.428703,82.550339,82.710197,82.932236,83.354858,83.515533,82.968895,83.065742,82.450699,82.625778,83.902679,84.252098,83.745689,84.083801,84.991318,85.243027,85.272087,85.524956,85.165451,85.455933,85.234177,85.48716,85.907112,86.133377,85.576912,85.864349,86.262787,86.55423,85.78643,86.136192,87.510124,87.829704,88.212753,88.452782,84.230637,84.678093,87.278107,87.409836,89.470207,89.537247,75.533936,75.765526,78.458069,78.677368,77.347069,77.543358,80.2453,80.429047,78.488632,78.735649,80.30986,80.681656,82.283463,82.527954,82.841011,83.092628,82.89875,83.18763,82.382957,82.715553,82.910751,83.252686,83.686005,83.997177,83.273438,83.594887,85.278847,85.526405,88.13063,88.27494,86.150391,86.404732,86.204979,86.488556,86.247009,86.557289,87.669846,87.845299,87.893494,88.077377,.71145779,.68163937,.83344585,.80528265,.87205374,.83545148,.91769171,.88961011,.9908908,.95861101,.91950995,.87242824,1.0265263,.97973633,1.0467817,.99869525,1.0367823,.99268663,1.0646943,1.0169716,1.0845886,1.0402735,1.1428882,1.0966909,1.1709322,1.1255285,1.2907112,1.233465,1.4261069,1.3626996,1.488786,1.4150311,1.2636356,1.1911212,1.8374339,1.7783641,1.8673168,1.8077492,1.1622009,1.1258044,.62628824,.61371911,.67236245,.65306956,.71459723,.69930983,.78354901,.76331395,.78101867,.76857358,.79893166,.77351105,.82370144,.79383278,.86158049,.83265835,1.0200974,.98567212,.94467074,.91451281,.98412347,.95192331,1.1263415,1.0932117,1.2231412,1.1913501,1.1846963,1.1434494,.90576476,.86520791,1.1997956,1.1463106,1.3188087,1.2550704,1.4218785,1.3578269,1.2717195,1.2150847,1.5061901,1.4495518,46295,44802,43085,44015,42912,41593,40034,38743,38672,38370,38527,37106,34218,31576,29037,26101,23722,20681,18430,19187,40230,41847,40264,40308,39965,39398,39022,38504,37133,36337,34770,32916,30546,28112,25133,22837,20852,17961,16185,17029
37000,Modesto,729182,6,California,CA,82.568802,81.548302,82.691208,81.729919,82.55825,81.431709,83.919922,82.880013,83.034096,81.829651,84.301445,83.050293,83.616913,82.700394,83.755821,82.849754,84.715729,84.062012,84.625954,84.112297,83.326035,82.634445,83.879662,83.072823,85.57663,85.155083,86.537399,86.241196,85.687576,85.458817,86.673409,86.455345,89.259193,89.029144,88.316254,88.05484,86.711487,86.490608,88.295723,87.954643,77.491295,76.489769,78.481758,77.53286,80.224449,79.135132,80.212357,79.099815,80.15004,78.959915,79.73468,78.531189,81.082375,80.14962,80.854759,79.985977,81.10215,80.462044,82.746857,82.23159,82.220078,81.539856,83.03006,82.283279,83.344345,82.966911,82.402184,82.187561,84.72625,84.485603,82.974579,82.79493,85.462059,85.277039,85.433098,85.301552,86.473984,86.367805,85.757416,85.59095,.53228724,.54377019,.6057865,.61672056,.64394718,.65128368,.67239988,.6844731,.71972853,.73485547,.7521612,.78269976,.77139241,.77644253,.80470085,.80875629,.77589285,.78160048,.76513785,.76272207,.81461126,.80966568,.79677367,.80519152,.80281454,.80067587,.74708527,.74330437,.8808201,.86623472,.85631788,.84643376,.6889869,.69490212,.78590745,.79271734,1.0428802,1.0333186,.9751215,.99812454,.46592423,.46495879,.46349236,.46323591,.50965226,.51170063,.53725278,.54276383,.58622724,.58883101,.61887741,.61704999,.66286463,.66833425,.63833076,.64169526,.6424666,.6383884,.68782723,.68670732,.65114552,.65375048,.74397302,.74466068,.77743089,.77154678,.78814596,.77415973,.73791921,.73284072,.87136036,.85442626,.83652329,.82660842,.91746873,.90686011,.9427442,.93172896,1.011667,.99816537,101873,98585,93029,90577,88247,87829,87334,87606,85993,84138,83309,83177,82316,79974,76742,73915,70335,65463,54346,40554,84255,95858,95212,94534,91907,90795,91144,91697,90165,87803,85460,83328,79944,77110,74264,69513,66577,61880,49413,36891
37100,Bakersfield,661645,6,California,CA,82.543022,81.462219,82.147057,81.128571,82.282051,81.011208,82.210548,81.172295,82.172653,81.070213,82.168106,80.848824,83.041862,81.871292,82.537788,81.366676,83.783638,82.683678,82.481049,81.458023,84.406464,83.534317,83.116966,82.326385,83.472168,82.736176,85.70076,84.991295,85.053131,84.579224,84.637825,84.312111,86.12429,85.880905,87.619034,87.438728,87.901505,87.689484,86.908669,86.430893,75.808899,74.784637,78.30661,77.251663,78.445396,77.146751,78.440819,77.383705,78.183075,77.047241,79.186447,77.838219,79.891411,78.764023,78.548759,77.565536,79.530792,78.585533,80.481476,79.573738,79.71196,78.986267,81.847649,81.203278,80.788834,80.217552,80.765625,80.2304,83.842896,83.477524,82.774582,82.5476,83.771675,83.567253,84.148041,84.026772,86.380211,86.2845,85.723572,85.476631,.54072678,.56367666,.62322068,.63058627,.74014223,.74833661,.72569084,.73420411,.81617898,.8211391,.84088111,.84760171,.88997364,.89652872,.82890683,.82950747,.90927523,.92757338,.95640886,.95060128,.86664635,.88788724,.89351898,.88843328,.93808794,.93250358,.86824769,.89282048,.9007293,.90100199,.91152573,.89693457,.96835178,.9600507,.92129236,.91564876,.95598865,.96025598,1.2320241,1.2516093,.43834463,.43369222,.50032097,.50133318,.53650898,.5382452,.57817215,.57522464,.62290478,.60603148,.65144628,.65109718,.72920376,.72038764,.68583232,.66714913,.74987048,.7344678,.76259655,.76038235,.74771291,.73009169,.77435291,.77379626,.78209728,.76759535,.77376348,.75992638,.81078625,.80965441,.8746137,.85882241,.81463194,.8037191,.95321065,.94272679,.82375813,.81152457,1.2052912,1.198536,92872,98042,96041,84283,76549,72815,71665,68642,65678,63967,64215,64532,64506,65049,66120,66501,68704,68236,59443,37964,83496,97367,96198,86395,80542,75626,71644,68836,67109,66688,67091,67016,66772,67037,68003,67162,68041,67060,55308,34289
37200,Fresno,1419998,6,California,CA,83.226982,81.420448,83.08889,81.35643,83.582115,81.705902,83.181526,81.171623,83.658295,81.877342,84.233803,82.709305,83.285126,81.909828,84.630684,83.242714,85.428406,84.144638,85.425064,84.241814,85.624695,84.542709,85.581764,84.648788,87.127335,86.38678,86.571495,85.845795,86.301758,85.686012,87.735893,87.234039,86.510933,86.062523,89.049698,88.794556,87.513321,87.334122,89.107468,88.88781,78.133858,76.304527,80.193199,78.43618,79.970795,78.063065,80.650848,78.740089,79.942352,78.20224,80.389946,78.866402,80.084946,78.679993,81.574196,80.180962,81.403381,80.147392,82.950157,81.831718,82.594742,81.557762,82.274948,81.378426,83.556259,82.800034,83.641815,82.93309,84.045029,83.441559,84.221725,83.724319,84.168716,83.777313,84.446449,84.23838,85.486862,85.351112,86.966011,86.841476,.38478279,.43932089,.42928836,.48447612,.49095601,.55791777,.52343905,.58588165,.55146718,.61881804,.58879077,.64924103,.61068612,.64609671,.6123687,.65537876,.59864032,.63974857,.60807031,.64873171,.62119377,.66508555,.65306097,.68026805,.61289084,.65082747,.64393485,.6758793,.68158078,.70055234,.64392787,.66626126,.7469061,.75739682,.62434065,.63239104,.78784686,.7842623,.64855719,.65620399,.33068192,.36096138,.33619559,.36904895,.36910254,.40533444,.42336556,.46668732,.4486945,.4781597,.48062623,.48753411,.49827227,.51269722,.56070554,.58443791,.54199678,.55298042,.55631351,.58332324,.54783559,.56270087,.60471678,.61111134,.61682415,.62670869,.6238544,.63382012,.62692881,.63675457,.66939551,.67192465,.70453072,.70828688,.64224005,.63529366,.68812519,.67785472,.65900379,.64631915,194056,199037,189733,180208,172484,165944,158263,148403,141034,135830,132029,131766,129113,124601,120530,118736,119264,117051,100315,79927,187164,223131,216445,201408,188035,171915,158375,148732,140737,131958,127569,124123,120398,117354,113607,112376,112175,107434,90676,72731
37300,Chico,387577,6,California,CA,81.676498,81.257271,82.747002,82.341713,82.917236,82.472061,82.18071,81.646469,82.131775,81.707657,83.553009,83.489304,83.138023,82.943451,84.374992,83.979454,82.861481,82.629547,84.89724,84.742805,85.272919,85.080322,85.349518,85.28035,86.780617,86.661209,86.017242,85.873131,86.54821,86.408951,86.916885,86.83979,84.219421,84.123116,89.212158,88.887253,88.99649,89.088425,88.874588,88.955315,77.009804,76.583176,77.783409,77.403984,78.821793,78.272308,77.750175,77.279968,79.873962,79.522766,80.399719,80.295036,80.977776,80.823425,79.70932,79.425354,82.800522,82.529106,81.215637,81.086594,83.408897,83.33551,82.504143,82.53727,84.408615,84.362793,83.269028,83.284233,85.969727,85.930031,84.895485,84.907532,84.726662,84.724884,85.81514,85.632286,85.850723,86.069435,84.203178,84.430756,.70567942,.6925478,.74092269,.73026186,.86282933,.84998357,.91268831,.89728546,.87691289,.85823441,.9362998,.90301991,.93751311,.90809959,1.0617896,1.0493221,1.0880163,1.0603775,1.0698451,1.0507401,.91661876,.90124547,1.0561253,1.034301,1.0824109,1.0651896,1.0757697,1.0616138,1.0071938,.99758613,1.1327411,1.1093254,1.4033514,1.3694364,1.1025343,1.1443864,1.1548902,1.1036842,1.6185073,1.5604092,.62043983,.60773057,.59132904,.57987422,.6134932,.60035098,.69136208,.67510265,.76235437,.7458685,.80818528,.78489834,.86119461,.83732939,.92469227,.9002161,.89608592,.8883242,.87231863,.85437024,.94460791,.92758304,.98597592,.96433914,.93038106,.91279739,1.1049039,1.0791813,.95780522,.93839169,1.1040595,1.0769569,1.2246881,1.1995198,1.0113782,1.0019726,1.4790144,1.4254402,1.6183441,1.5672897,57212,50883,48226,49513,49548,48662,47948,47199,46406,45392,44898,43800,42405,41614,39870,38883,37664,34215,28172,21790,50615,53123,51933,51392,50265,49032,47712,46490,45710,44424,43083,41719,40467,38764,37883,36384,34502,31155,25219,19059
37400,Sacramento,2570609,6,California,CA,81.709076,80.596848,82.661674,81.59288,82.100525,80.999962,82.981262,81.788445,82.484016,81.50518,83.189156,82.255653,84.613327,83.890305,83.806602,83.226845,84.984901,84.396065,85.323761,84.730545,85.322815,84.770142,85.621399,85.121094,86.239807,85.797798,85.471512,85.042244,86.694382,86.325638,86.516525,86.172523,87.986916,87.657654,87.915428,87.532799,88.833946,88.531586,88.69239,88.489761,76.597923,75.796768,77.792076,77.02623,78.599831,77.82682,79.107925,78.288879,79.282486,78.639519,79.446945,78.815102,79.927498,79.441269,80.861,80.48513,81.185471,80.848145,82.429344,82.073914,81.449242,81.145401,82.600586,82.340157,83.304138,83.069771,83.131668,82.945168,84.426331,84.257172,84.757202,84.624474,84.597488,84.484421,85.805061,85.674339,85.713188,85.658073,86.758148,86.74588,.31025025,.35150358,.33726642,.37199628,.38072777,.4134312,.38815838,.42671534,.42494839,.44695055,.39050502,.40737885,.38492349,.3986364,.38842627,.39667982,.38540238,.40396094,.40824988,.42547059,.38530803,.40103301,.38725609,.40037304,.36458886,.3794122,.38036948,.39144933,.38578498,.39425907,.39587587,.4081046,.35713762,.37193871,.36158901,.38306364,.34819078,.37069368,.42270368,.43783119,.25742754,.26924169,.27823514,.29122779,.29500863,.30040121,.31179848,.32506934,.32002223,.3263028,.34135324,.34374791,.35080475,.34655854,.33602467,.33302191,.35549721,.35131109,.35725576,.35567778,.36720809,.36394307,.37370405,.37210041,.34044302,.33661127,.37666032,.37577853,.34326112,.34181741,.34768084,.34429839,.36040169,.35945997,.32310709,.32435423,.37773189,.37611085,.41512465,.40959015,320033,294541,275945,273574,275645,291317,317090,327703,332137,334073,336340,344588,346702,350130,360925,375825,400533,419904,398458,294907,288795,300636,287357,279973,277157,280917,286905,293402,299616,305743,310457,317690,323247,331577,343363,362200,386390,402858,372282,273747
37500,San Jose,2393183,6,California,CA,85.13752,82.818123,85.957863,83.82901,85.995346,84.17234,86.053436,84.128998,85.387337,83.436874,85.414459,83.692268,85.839828,84.249481,86.396194,84.876228,86.166718,84.430344,85.739029,84.110367,86.419525,84.980988,84.983566,83.369003,86.171066,84.589378,86.725105,85.210922,86.599854,85.033188,87.244118,85.728142,87.983955,86.554649,88.119499,86.672287,88.843704,87.53183,89.218147,88.23378,79.993591,78.011009,81.105247,79.292786,80.785393,79.202324,81.659599,80.034302,81.707253,80.13105,81.738029,80.367683,82.06691,80.842003,82.017555,80.900352,83.309959,82.114166,82.440331,81.280533,82.638771,81.609711,83.342422,82.357285,84.398735,83.446259,84.164085,83.204086,85.067894,84.139626,84.491013,83.569572,85.362297,84.503517,85.496552,84.710388,86.794937,86.130295,87.620163,87.234749,.34977919,.49364278,.38540092,.51893198,.44392732,.53027809,.46136361,.56061363,.49057454,.57826596,.52213198,.60391188,.49583256,.58079231,.47238961,.55962259,.45169097,.5661664,.49006775,.59282297,.46586445,.5535751,.51355636,.59820098,.47932073,.5833596,.48378149,.58958709,.47141007,.58378226,.42495397,.53363967,.36444044,.49679908,.36344627,.50656474,.31016141,.47301608,.28333333,.41059044,.32829159,.39037862,.33475912,.39214325,.37360618,.40028894,.38517326,.43109757,.40753013,.45032325,.41907093,.44612032,.42126504,.45610699,.44421926,.46946278,.45064795,.50184274,.45202571,.48558542,.44111079,.46767035,.46114311,.50582623,.43186134,.47518206,.42419916,.46339864,.40976271,.45338222,.40064487,.46151888,.38008425,.43781874,.3702994,.43610606,.2983337,.37210485,.28744134,.34265402,229552,216329,198836,193758,192789,192499,201495,212290,223498,229637,230095,229830,232889,240113,253004,275140,320219,397502,543261,674732,216068,231806,222449,216039,211023,206270,208398,212013,214295,214289,213154,215105,219865,230988,249527,278767,335959,425917,581364,699907
37604,Reno,453825,32,Nevada,NV,78.299339,78.107735,81.630013,81.428734,80.955292,80.683083,81.381828,81.22538,81.160713,81.103142,82.902138,82.626823,82.737823,81.985802,83.497658,83.050713,83.293541,82.961678,84.373451,84.169106,83.346474,83.382622,83.231659,83.309242,85.432274,85.409012,83.738213,83.759293,86.186081,86.169044,85.714088,85.69339,87.047333,87.052399,86.821495,86.925056,87.813072,87.818245,87.043541,86.952209,74.303543,74.307289,75.419029,75.456329,74.910149,74.775612,75.904259,75.745514,77.461853,77.487633,78.329559,78.206253,79.595383,79.109329,79.591171,79.398781,79.804375,79.643066,79.262085,79.264862,81.327431,81.461922,81.341164,81.495712,81.983131,82.155075,83.147308,83.281479,83.679848,83.841316,84.720657,84.83828,83.82502,84.010254,86.015533,86.194221,85.897064,85.973122,87.081673,87.059166,.6928671,.67302716,.73382074,.71309018,.72529703,.70703983,.76352209,.73972356,.75542992,.72895414,.79417586,.77904481,.78692722,.78570527,.85517573,.8406781,.8269133,.81339681,.76879764,.75260693,.8014366,.77191591,.82741737,.79916334,.81824517,.79622215,.88964194,.86846513,.88701969,.86526638,.88789827,.86507547,.90805203,.88431782,.97652143,.94031286,.94381386,.9234978,.87026012,.86100167,.50699848,.49591574,.51890957,.5077796,.4887653,.47945794,.50466859,.49384031,.59621722,.58531559,.61726964,.60328192,.64838094,.63737851,.68296605,.66988009,.65257353,.64014572,.62830776,.61683929,.69875836,.67763668,.74466497,.72670197,.76533306,.74493223,.71624941,.69643968,.82598549,.80146551,.75182104,.73047459,.81207788,.78749973,.81083274,.77680099,.84508544,.82141137,.62206602,.61161172,57591,52792,59766,65147,65551,65016,66733,67669,68315,68045,67725,67162,66405,66063,65793,66000,66397,63280,59843,64170,63804,62289,68441,71687,68509,68915,70255,70639,69761,69554,68503,66700,65469,65578,64281,64162,63748,60057,56708,61217
37700,Santa Rosa,603188,6,California,CA,82.419373,82.241211,82.040237,81.938362,83.511986,83.453575,83.559753,83.515114,83.416,83.437317,83.830589,83.648697,82.601952,82.830894,84.160851,84.203499,86.444069,86.418503,84.82914,84.886002,84.461586,84.475067,85.610588,85.667412,86.06987,86.050323,86.432053,86.392769,86.827621,86.771553,86.141579,86.108055,87.552567,87.468216,88.886833,88.758018,88.219414,88.102592,89.055603,89.175461,77.925346,77.892189,79.032387,78.982117,79.650864,79.630646,78.973991,78.998474,80.034119,79.913017,80.782692,80.670883,79.581635,79.765976,81.114632,81.164131,83.185417,83.214714,82.258865,82.278343,83.043335,83.093323,83.464386,83.618271,83.133797,83.235817,84.41021,84.431633,83.714523,83.787697,84.848671,84.886299,85.325432,85.354507,86.692902,86.675339,87.79071,87.763626,87.333466,87.482529,.58306128,.57202715,.66530675,.64513648,.71732396,.6937753,.70838988,.68133283,.87816322,.85097885,.81181461,.79378164,.86702293,.83084589,.79584324,.76773864,.67917705,.6578427,.80405605,.77430236,.79124802,.76646864,.77883267,.75099933,.7756061,.75458211,.84288806,.82557762,.7507692,.73664945,.80983216,.7915222,.69705671,.68567246,.62225312,.62031436,.73848552,.73186511,.82231331,.79131603,.5014416,.4902786,.53589994,.524095,.61289155,.59523869,.61589926,.5998404,.6060099,.59367621,.63902074,.62236762,.6628316,.64656115,.73735285,.71592516,.67247093,.65242451,.7294876,.71146679,.75764126,.7378906,.82214135,.79432213,.78049874,.75930572,.68511635,.66815096,.79494315,.77481604,.73722321,.71969551,.74620426,.72848308,.6908778,.67649728,.66705054,.65399075,.68936408,.65887719,83890,72290,65467,65883,67535,70426,73003,76479,78645,79686,78523,78415,78454,79922,81911,85871,89735,91912,89779,76570,72971,71561,66896,66155,67077,66192,67652,69313,71030,70846,70732,71002,72273,74230,76219,80825,84393,86243,83314,68681
37800,San Francisco,4642561,6,California,CA,84.135742,82.735931,84.746475,83.308708,84.406609,82.884918,84.686279,83.329216,84.602043,82.742058,84.572639,83.033302,85.187004,83.617645,85.311348,83.798294,86.012794,84.681137,85.303162,83.818619,85.874855,84.459587,86.056023,84.78286,86.479996,85.081131,86.621635,85.191353,86.81115,85.345284,87.1688,85.710999,87.317505,85.91433,88.295288,87.090782,88.865807,87.634346,88.978264,88.277588,78.160645,77.263489,79.728668,78.83979,79.860619,78.932869,79.978806,79.146843,80.658188,79.555115,80.963524,80.07518,80.831924,79.880699,81.91555,81.04689,81.712677,80.9235,82.335953,81.520653,82.298279,81.548317,82.726852,82.064445,83.509148,82.742653,83.478485,82.71447,84.356682,83.609276,83.911346,83.169052,84.771599,84.096153,85.404175,84.807266,86.588646,86.015198,87.480408,87.265945,.22110963,.33908701,.2657741,.40159956,.29113573,.42022663,.33878088,.4242402,.33133644,.48843005,.3293705,.45537484,.33505169,.44647327,.31127772,.4327524,.31599262,.41364163,.30553401,.43198553,.29349717,.42442763,.30158311,.41460222,.28202927,.39458576,.30432612,.42823705,.28490725,.41497746,.27635667,.43166992,.27941573,.42807642,.25299236,.39227721,.21474196,.3777779,.21279618,.29720226,.21310067,.2710461,.23594593,.28877914,.2632618,.3174476,.26385385,.30450153,.26443997,.34634086,.27868709,.33408007,.28299576,.33760604,.27207586,.3233164,.2850337,.32872221,.27927592,.330823,.28974399,.3453711,.29574648,.3347851,.28407225,.34160241,.27328151,.34509152,.27755451,.36167079,.27344111,.35599163,.26713771,.34963372,.24721484,.32434261,.22634499,.30898175,.20882261,.24645267,497656,442850,397309,391282,399419,412404,442009,479632,511651,525163,528708,530385,535501,548585,578844,629593,716096,844794,1052121,1248134,466452,463276,426841,418703,418112,422180,431516,449025,459695,464223,471835,478012,492217,514910,554028,612647,707549,843500,1057804,1238768
37901,Las Vegas,1568418,32,Nevada,NV,79.10247,78.653786,79.934563,79.563194,80.834511,80.549042,80.80648,80.31916,81.89209,81.259727,81.765282,81.155449,82.341324,81.8564,82.317421,81.852554,82.002159,81.518456,82.36422,81.759567,83.346405,82.804726,83.185249,82.758957,83.516479,83.083839,84.196304,83.793098,84.541649,84.070053,84.65049,84.128296,85.422157,84.958916,86.0177,85.64801,87.284843,86.965462,86.854668,86.757713,73.719749,73.595337,74.658989,74.548927,75.47554,75.375023,75.93325,75.666916,76.711678,76.421654,77.096512,76.791122,77.955956,77.756516,78.7584,78.580032,79.115723,78.920731,80.241463,79.993736,80.620613,80.420448,80.110489,79.983818,80.495064,80.409843,80.872665,80.812317,80.820663,80.753922,81.681908,81.589081,82.5298,82.438721,82.325096,82.328026,83.040672,83.035629,84.364021,84.519615,.34106356,.34174198,.39611545,.39437348,.38316411,.37432894,.39043447,.38616863,.3796249,.38289362,.38249609,.38226208,.40044299,.39716306,.40742055,.4008829,.44218871,.44015282,.42158484,.4281303,.43902257,.44338864,.46261048,.46178529,.43513611,.43741459,.4675802,.47255632,.4655216,.47638497,.51581067,.52432317,.52191281,.53388786,.49152428,.50137913,.51758558,.52886593,.53793913,.53095156,.26165408,.25798601,.27410078,.27025032,.26624244,.26177573,.26282382,.25684419,.27434129,.26934567,.30430028,.29670009,.32748932,.32026333,.35494721,.34735975,.35454816,.3472878,.35643762,.35181874,.35975921,.35305411,.38744515,.37919146,.40366146,.39445546,.41919115,.41254371,.43918702,.43226326,.45911101,.4520824,.45190576,.44526625,.50950432,.50057578,.5306083,.52059269,.51481116,.49817967,218143,208368,217998,240363,269569,284966,265684,242072,230006,228197,226092,220010,208823,202153,197715,193411,191079,185179,168980,160906,235661,235489,248827,268106,277136,268046,249796,235985,234669,234676,229831,219313,206541,200184,193342,189299,185138,178505,163461,163163
38000,San Diego,2813833,6,California,CA,84.130791,82.871246,84.825966,83.645821,83.560654,82.2342,85.156555,83.991287,85.001343,83.922112,84.949013,83.824333,85.043045,83.84407,85.810638,84.69519,85.696686,84.616478,85.976196,84.836868,86.440735,85.379951,86.545288,85.573975,86.830566,85.920403,86.955345,86.072578,87.738396,86.879768,87.639954,86.750092,87.424675,86.568489,88.083717,87.36647,87.976288,87.408394,89.346359,88.963882,77.962593,77.012268,79.471489,78.57666,79.80928,78.844429,80.498329,79.696175,80.707237,79.937935,80.304108,79.531685,80.971291,80.190651,81.190323,80.494507,81.617554,80.92009,81.152573,80.426651,82.368469,81.677406,82.596985,82.004562,82.993958,82.486374,84.590523,84.129097,83.977043,83.524231,85.379631,84.95739,84.958855,84.57634,85.645096,85.34285,86.809486,86.630562,87.141876,87.027504,.29007608,.33092174,.33564648,.37033102,.40293953,.43882114,.38082823,.42195791,.42324623,.45642945,.43284723,.47830808,.43313223,.47895795,.42319968,.46951818,.42768246,.47216281,.43283489,.48190567,.44954714,.50115949,.41620216,.45773822,.41819343,.45614517,.392557,.43358669,.37347522,.42516759,.37170801,.42858672,.41446242,.46254358,.35601801,.39916515,.3648842,.39946216,.31370848,.3372246,.26516038,.27203789,.28399086,.29091763,.28423819,.2932851,.33336759,.34112817,.35992903,.36898583,.37754154,.37759745,.37386447,.38037473,.38880959,.39062825,.39371806,.4027763,.40248871,.40961093,.40537798,.41865349,.39940006,.40350756,.40064803,.40554112,.40579179,.41541818,.3935971,.40357858,.35970044,.37531453,.36196873,.37154755,.36467367,.37711844,.3247382,.33173513,.33749416,.33854848,331746,317911,308339,303224,292494,292578,301961,306719,307511,304215,301909,302735,306008,313027,324546,341687,370137,412217,455222,441087,318612,335803,343901,332501,315047,303338,300392,299314,296991,294047,290741,294181,298278,306574,319851,342307,372927,413696,449892,430087
38100,Yuma,302387,6,California,CA,86.585022,84.40918,85.773933,83.733765,84.769142,82.861908,83.27668,81.295845,82.334023,80.483086,82.722321,81.423744,81.859993,80.370384,85.994194,84.476555,83.126244,81.934593,85.630783,84.529297,83.587875,82.613907,84.542328,83.609009,86.242981,85.383278,86.890854,86.09716,85.254929,84.332848,84.764069,83.868843,85.849678,85.002197,88.683319,88.266296,84.861404,84.23954,89.85421,89.621574,78.883003,76.485466,80.89917,78.699036,79.390457,77.539833,79.909599,78.019722,81.401604,79.636276,78.84993,77.548203,81.444565,79.954842,80.938301,79.482605,78.437889,77.271118,78.275665,77.424713,81.35778,80.374374,80.151016,79.307816,81.007439,80.242256,81.019012,80.357651,82.010445,81.235603,83.324348,82.410789,83.756363,83.034393,82.991447,82.563766,86.221474,85.582664,80.22187,80.180992,.56048048,.69518721,.73992985,.85368198,.94620198,1.0291296,1.0638615,1.1122073,1.2361447,1.2385908,1.3248532,1.316718,1.3288797,1.309568,1.2473297,1.3369666,1.6313546,1.6078826,1.3674334,1.3981848,1.6155733,1.6013669,1.6586413,1.6562134,1.5376859,1.5645126,1.4086964,1.4468627,1.6782576,1.6983898,1.8972502,1.8900944,1.7052414,1.7262866,1.5504357,1.5615048,2.5841269,2.5359099,2.114557,2.0833435,.49700424,.54791123,.54876745,.59599972,.67311603,.67070645,.76597589,.76640528,.95230681,.96425521,.89760429,.87318647,1.1163538,1.1174703,1.2007726,1.1999992,1.0940405,1.0469877,1.1540349,1.1058714,1.2647398,1.2627846,1.3405162,1.3030559,1.4480158,1.4294822,1.4738721,1.4451408,1.5293797,1.5172752,1.4702657,1.4935703,1.6613889,1.6699324,1.5504435,1.5315933,1.4699622,1.5056325,2.2017407,2.1722753,75616,89867,75391,61905,52542,46801,41309,36111,31872,28482,25956,24873,23097,22165,21444,20653,19815,18275,14111,10271,78632,107901,88709,72079,59242,49435,41539,36258,31913,28690,26484,25013,23097,22466,21895,20979,19463,17416,12932,9263
38200,Santa Barbara,646028,6,California,CA,83.154182,82.200249,84.14772,83.267349,84.069107,83.260918,85.321358,84.853264,84.918236,84.222954,84.844566,84.32209,84.951042,84.268127,85.802383,85.221832,86.894508,86.342346,85.002716,84.553352,87.263176,86.920113,87.131798,86.734818,85.693764,85.427032,86.902977,86.685188,87.382889,87.196304,87.306107,87.140686,88.54644,88.431381,88.061172,88.038193,88.726791,88.677261,90.356682,90.415184,77.68544,76.86026,80.248413,79.407555,80.528305,79.707703,81.929314,81.537331,80.466431,79.850082,81.651436,81.063759,82.039116,81.432068,82.685669,82.073212,82.690674,82.19175,83.276375,82.854538,84.533531,84.21225,84.246559,83.857773,83.450058,83.31308,84.420303,84.324844,85.334648,85.225418,86.367516,86.251381,85.712769,85.652283,87.296219,87.322426,86.334969,86.361076,87.513367,87.673233,.60660565,.61853456,.66811901,.68431807,.78673393,.78740036,.80872434,.79829288,.77775741,.78684288,.8481524,.84743398,.88402283,.88717866,.85915893,.86843169,.77366161,.7966907,.89207929,.88519472,.77002108,.77241421,.75685197,.76791304,.84155279,.83284789,.84528673,.83752126,.84836268,.8380996,.87914771,.86926132,.79694635,.78781134,.73223817,.71412396,.70263422,.68890369,.51929694,.49795899,.56170362,.56103832,.55033755,.55588305,.64284962,.63467211,.68104082,.67061239,.73522526,.72629476,.74473536,.74369431,.75834078,.76106727,.75509053,.76098412,.83291572,.82687384,.75655705,.75634938,.81612998,.8110013,.70221126,.70272344,.79599804,.77925032,.76102132,.7424168,.74024242,.7261219,.71708614,.70677954,.70392179,.69231367,.68992639,.6691671,.70776474,.68966383,.63293147,.60402149,71301,65733,63639,62872,63832,65674,68450,70885,71094,70895,71260,71076,72134,73703,75390,77687,83274,88340,89758,93184,67691,70013,67978,66494,64941,65133,66127,66389,67022,67122,66961,66969,68664,70539,72604,75196,79173,82929,82593,81158
38300,Los Angeles,16393360,6,California,CA,84.687134,83.122505,85.303207,83.766998,84.991028,83.17218,85.119331,83.3041,84.988724,83.12075,84.681564,82.88913,84.598236,82.896568,84.828148,83.164246,85.109688,83.522354,85.099831,83.546577,85.572998,84.0886,85.957512,84.553192,85.773666,84.394455,86.188652,84.862366,86.242874,84.943611,87.002457,85.779724,87.061394,85.849014,87.248375,86.054802,88.055962,87.106567,88.935341,88.313187,79.00309,77.609367,80.432823,79.059105,81.040398,79.457733,81.217209,79.665573,81.053604,79.498665,80.987541,79.570526,81.136803,79.80204,81.538445,80.258003,81.561333,80.352615,81.926689,80.753769,81.884254,80.774597,82.100403,81.074165,82.788506,81.81076,83.298866,82.367943,83.672256,82.81118,84.161385,83.351089,84.926697,84.166382,85.226631,84.525009,86.101799,85.592216,87.226563,86.931686,.11034682,.21627423,.12517871,.23786254,.14735465,.27107245,.1599946,.28185043,.17149404,.30046222,.1874214,.29813567,.19434421,.29288694,.18160279,.28597471,.18814453,.29144344,.1882318,.28903413,.1904359,.28788152,.1864765,.2776401,.18858454,.28491589,.1896058,.2780928,.18612891,.2747485,.17515634,.26768148,.17973001,.27498829,.1824802,.28654745,.16945507,.26217493,.15504737,.20204221,.10549632,.16390738,.10971299,.17371917,.1241954,.19769801,.13393992,.21344741,.14068532,.21854626,.15896879,.21928412,.16193761,.21600425,.16378094,.22067015,.16403751,.22085451,.16874157,.22159399,.18160637,.22844097,.17909472,.22459744,.16906911,.21938309,.17698523,.22235478,.18460238,.23465277,.17468384,.22775453,.16289046,.22156112,.17191195,.2312808,.1599739,.20452553,.1462044,.17009582,2202162,2306634,2115141,1933303,1800799,1736608,1739244,1751080,1737646,1692723,1639882,1611034,1589215,1572598,1581839,1631785,1738110,1917384,2104304,2094528,1957826,2208877,2215893,2072788,1918123,1774202,1702790,1658379,1624420,1588573,1551914,1520211,1496659,1498496,1526605,1604829,1735037,1925250,2077425,2047019
38601,Spokane,608317,53,Washington,WA,80.10083,80.259094,81.200401,81.400085,81.967171,82.282433,83.306206,83.432404,82.621521,82.879189,82.889389,83.19603,84.392036,84.649132,85.383934,85.621124,85.070084,85.290024,87.528534,87.682297,86.641953,86.873604,84.879349,85.194206,86.161674,86.483223,87.681023,87.952194,87.850281,88.09845,88.096924,88.315414,88.347237,88.569199,89.3815,89.572647,89.741531,89.920609,89.850677,90.055428,74.464981,74.803322,76.074043,76.436752,77.331032,77.692024,78.450249,78.675148,79.209534,79.530197,81.221428,81.505234,80.156754,80.513405,82.322876,82.658531,83.538567,83.80986,82.388702,82.721092,85.292915,85.512421,84.348145,84.625557,84.187973,84.5326,84.146217,84.513069,84.981964,85.314804,85.912224,86.190498,85.721611,86.009933,85.018677,85.334663,88.097572,88.320053,86.966949,87.279076,.6263476,.60901356,.61600065,.60342169,.65340841,.63136786,.66959506,.64860588,.68141872,.65865767,.71129453,.6878379,.75274962,.72521496,.7010656,.6730758,.72440797,.6959421,.66032523,.63411683,.80063254,.77136242,.88086903,.84763074,.82169783,.78318465,.75618804,.71652925,.82985175,.783916,.83477336,.79424787,.90608293,.86277151,.78592515,.7422139,.80207312,.75776631,.8694132,.81338763,.48033696,.47194594,.50871909,.50355089,.50367332,.49745399,.55025226,.53747493,.58779293,.5781163,.60732907,.59123778,.6090852,.59833878,.62634361,.60966533,.61048853,.59022647,.6886763,.67395133,.59642488,.57642514,.63382268,.61052889,.75064158,.72444534,.76935512,.74353397,.82068086,.78547806,.79483199,.7640183,.8680318,.83586663,.89993536,.86676669,.9036296,.85880166,1.0408251,.98997194,75816,76113,79081,85531,87088,88834,88272,89378,90697,92827,93647,93820,92106,88486,84003,78848,71907,63035,54682,53191,68582,73092,77092,80991,82724,84738,88138,90749,91649,91999,91698,90623,87206,83735,78606,73373,66453,57630,51443,50379
38801,Portland,1842889,41,Oregon,OR,81.502502,81.55719,82.269943,82.3424,82.452644,82.432083,82.82058,82.650002,83.231529,83.315773,83.753922,83.78421,84.542458,84.535278,84.514359,84.452156,84.949265,84.953773,84.962212,84.939491,85.663956,85.6595,85.578018,85.697754,86.605377,86.577858,87.147202,87.07415,86.928383,86.962158,86.52491,86.644012,87.407234,87.503494,87.863937,87.964447,88.184937,88.160774,89.39991,89.42704,75.312584,75.534309,77.456123,77.646889,77.713745,77.836456,77.993973,78.025383,78.839378,79.037804,79.95063,80.065948,80.64994,80.758217,81.245079,81.314903,81.151054,81.325363,82.258881,82.387939,82.912308,83.069862,82.906723,83.143471,83.633087,83.75341,84.280029,84.356178,85.020988,85.168327,85.044228,85.250267,84.544228,84.786087,86.203239,86.429413,86.126244,86.261902,86.331497,86.524902,.37538493,.36829644,.44284156,.42991284,.47385731,.46523666,.46302167,.46321651,.4673951,.45391616,.46459717,.45309103,.4532007,.44530848,.46777052,.46208754,.4492752,.44254288,.46017006,.4546012,.44498208,.44574913,.44807687,.43568662,.44674507,.44205755,.44079417,.43944383,.46164444,.45561293,.51280236,.49970365,.47215873,.46076337,.47747168,.46604502,.45033011,.44979069,.4245238,.4188053,.31753105,.31355295,.36389318,.36132517,.36748645,.35908204,.36582449,.36306554,.38962048,.37970054,.39301506,.38440806,.38260233,.37406218,.3924931,.38269928,.38611951,.37977377,.3951045,.38634253,.40503469,.39547816,.40367094,.39454544,.40904194,.40095124,.4082264,.40077808,.41492173,.40504348,.41539577,.40237045,.45727846,.44345441,.43087876,.41687903,.45924452,.44377717,.46456477,.4510541,198169,179367,181282,194624,204258,216255,231813,241840,247083,253271,260454,267318,271629,277300,282006,283938,284772,281788,277114,262992,190901,182007,187630,197637,205849,211452,224922,234445,243690,247791,255328,261142,265954,271514,275918,276620,278654,274576,271079,255484
38901,Eugene,936387,41,Oregon,OR,80.188828,80.327515,81.529678,81.636078,82.272469,82.425911,83.064606,83.239403,82.648705,82.921059,83.778122,84.045395,84.856277,85.06884,83.681129,83.847466,83.740021,83.897324,85.246468,85.433334,86.280128,86.481361,85.474197,85.774605,87.710785,87.890396,87.368103,87.559265,86.41851,86.644012,86.755264,86.949173,88.796776,88.935692,88.246017,88.469879,87.512947,87.707787,88.480019,88.611671,75.389343,75.540771,77.373756,77.487923,77.637566,77.764839,78.462845,78.678482,78.868172,79.103592,79.908203,80.217369,81.213737,81.479889,81.077362,81.28299,82.833672,83.014999,81.998466,82.254234,82.889412,83.169571,83.287857,83.59166,85.278038,85.508904,84.761398,85.013878,85.534744,85.758896,85.816467,86.015167,86.026794,86.262123,85.984917,86.249802,87.198456,87.388657,87.053848,87.26815,.52347511,.50409007,.52197129,.5027191,.57267261,.55215627,.57186562,.54979122,.57899183,.55326134,.59870261,.57426119,.58581239,.55956292,.62602109,.61044347,.63497221,.61094159,.62077832,.60047847,.60917324,.58309132,.70349348,.67399418,.58098161,.55335522,.56733775,.53980619,.67028075,.64210904,.70022678,.67070991,.61534804,.5907287,.70768875,.66957408,.9006176,.86676979,.88592702,.8512826,.40023449,.39555523,.47269684,.46267995,.46278718,.45460862,.50320941,.49150011,.47091737,.45973796,.51683998,.50561363,.52314216,.51015508,.52217889,.51289058,.51555765,.50093657,.53692889,.52434862,.53089565,.51725054,.57249492,.56028914,.53799927,.51783991,.57262826,.54864532,.62168986,.59965771,.57910115,.55794019,.71371353,.68439567,.69646883,.66889411,.76796979,.73561507,.82948941,.79553211,114990,106629,106898,113460,116083,118667,122777,124783,128150,130802,134739,134219,132817,130432,125491,118738,110317,95754,80372,67401,106807,103407,105272,109960,113165,115643,120932,125072,126931,129363,130064,129623,126659,122615,117647,110389,99519,85004,71707,59864
39000,Yakima,255943,53,Washington,WA,80.770653,80.047646,83.019981,82.402222,83.921288,83.308739,83.294044,82.987991,81.360619,81.320457,82.94899,82.826591,83.385712,83.355431,84.431496,84.358521,83.463379,83.37413,84.267128,84.210571,87.579681,87.430244,85.993782,85.798096,86.466515,86.37117,85.723862,85.663208,86.688644,86.657028,88.612907,88.535614,87.339088,87.3144,85.91684,85.960312,88.075989,88.125809,84.246193,84.458076,77.211403,76.5811,78.810783,78.137344,79.223633,78.465721,79.346115,78.948212,78.772499,78.652733,79.902077,79.66584,81.081253,80.839516,81.093521,80.892975,81.334656,81.12085,81.984413,81.840195,83.407219,83.265182,81.364594,81.157448,83.793724,83.643456,84.596939,84.564651,85.179672,85.109596,85.458946,85.288933,86.5047,86.402679,86.189987,86.133446,87.759247,87.801598,85.774002,85.873329,.85738766,.84193212,.97858804,.95934409,.97534877,.95966536,1.083528,1.0463756,1.1712004,1.1300905,1.2728659,1.2225677,1.2790793,1.2325472,1.2876726,1.2448875,1.3132881,1.2712182,1.2949699,1.2560685,1.1219412,1.1045911,1.2550445,1.2366644,1.4806195,1.4470569,1.5478332,1.5099616,1.6165938,1.5794424,1.4704887,1.4417635,1.8189545,1.780063,1.9947717,1.9420726,2.1521158,2.0954936,1.9574218,1.8908274,.76677436,.75013769,.79012346,.77880377,.87298757,.85665166,.96464139,.93874002,.94927359,.92715549,1.0219642,.99886233,.96731806,.9474107,1.0375254,1.0158944,1.1201859,1.100648,1.006847,.98558742,1.1634296,1.1430142,1.2590983,1.2326483,1.2390374,1.2200208,1.469895,1.4417474,1.4477317,1.4230471,1.1903905,1.1790203,1.546618,1.5313811,1.6348974,1.6098351,1.5893211,1.5505832,1.9129971,1.8648232,32555,30539,33967,33108,31217,31294,31089,29988,29991,29601,29604,29341,28689,27217,25745,23643,21706,18221,14756,13624,30904,31975,33798,34321,34535,34030,33326,33350,31601,30720,29686,28373,26929,25574,23820,22270,19866,16236,13136,12587
39100,Kennewick,332609,53,Washington,WA,80.711861,80.21302,81.824715,81.500961,82.599617,82.358841,82.048637,82.086243,81.064926,81.182243,84.888649,85.064972,83.66404,83.698509,84.160942,84.283493,85.201912,85.254601,83.96315,84.008667,83.195648,83.375237,86.159698,86.236473,87.592567,87.608742,86.614731,86.694206,87.444885,87.474274,87.310707,87.339569,86.680031,86.774765,85.428757,85.586792,86.210152,86.397079,87.78051,87.842506,76.267334,75.877197,77.0252,76.713951,77.252823,76.899231,78.189018,78.17083,78.428459,78.431496,78.561615,78.795013,78.706131,78.84256,79.029243,79.207947,83.970573,83.947601,81.525665,81.522736,82.006454,82.168953,82.143204,82.311562,82.846542,82.988594,83.931503,84.044167,83.423882,83.548439,83.523216,83.657104,84.852089,84.991348,85.333275,85.469933,86.540298,86.693459,85.438965,85.571793,.86129099,.83966416,1.0010004,.97157806,1.0804459,1.046338,1.0301547,.98961264,1.0520443,1.0132767,1.0564373,.99826789,.98547632,.94314289,1.0847439,1.0409939,1.101681,1.0650035,1.0970217,1.0599853,1.0981336,1.0576192,1.0166239,.98020029,.89647084,.87071121,1.044392,1.0109594,1.0124431,.98447812,.98215151,.95272774,1.3148534,1.2752197,1.3220264,1.2746708,1.4410095,1.391004,1.6707406,1.6174676,.76650268,.75138694,.80880296,.78958422,.79988831,.78045851,.80504245,.78623962,.85323948,.8344112,.86090666,.84290361,.86807942,.8546049,.88548332,.86981946,.85966444,.83822048,.91094792,.89230508,1.0370445,1.007955,.95646954,.93482852,.97358215,.95226306,.93319696,.90792841,.93852782,.91393697,.98875165,.96332699,1.0584363,1.0308992,1.0074953,.97792065,1.1776463,1.1364521,1.596258,1.5481606,34377,33251,35687,36410,36764,36873,37506,37891,39141,40966,42399,44021,45750,47616,48741,49947,49239,46305,38785,23126,30784,31867,33985,35212,36862,37967,38951,41481,43427,43906,45996,47314,48857,50774,50811,50100,49168,43709,34766,20555
39400,Seattle,3775744,53,Washington,WA,81.765327,81.148544,81.912086,81.323601,82.702057,82.112671,83.108032,82.707031,83.646988,83.291954,83.531837,83.117767,84.329475,83.956894,84.394257,84.256477,85.053505,84.915535,85.447525,85.294762,85.527405,85.340073,86.205696,85.969879,85.768959,85.652473,86.168015,86.090637,86.895073,86.750618,86.591057,86.408203,87.993896,87.804688,88.121498,87.89949,88.213715,88.009529,88.994225,88.838707,75.883919,75.70948,77.082237,76.953606,77.715843,77.580505,77.631477,77.639191,78.749168,78.749191,79.155167,79.125793,79.782036,79.792267,81.026512,81.154472,81.429146,81.570862,81.833931,81.975639,82.006371,82.12989,83.009308,83.076042,82.925507,83.087311,84.011971,84.173225,84.06736,84.205818,85.43705,85.513069,85.101265,85.190529,86.006332,86.069344,86.224556,86.30394,87.104462,87.192787,.26941687,.30385751,.33015409,.35423386,.3338078,.35329208,.35330334,.37254754,.3378953,.35921851,.35414943,.37723374,.35167873,.37581554,.34285501,.34940574,.30978918,.31787068,.30914527,.31712872,.31458747,.32935393,.30299267,.31986162,.31963342,.32808375,.30979609,.31085241,.30027089,.31256956,.31420809,.32576811,.29744685,.31246087,.31383261,.33148947,.30881757,.32605526,.30314398,.31953883,.24896742,.25493196,.26094991,.26649553,.27245986,.27826464,.26538569,.26447544,.27947971,.2804248,.28035763,.28479883,.2901133,.29587233,.29389098,.29476398,.28675887,.28571334,.27876797,.27437103,.28386709,.28264016,.29564601,.29543829,.28519571,.28309536,.27667931,.27322304,.28501025,.28292698,.26230064,.26151979,.29541084,.29656446,.28528163,.28412262,.29820493,.29956838,.30265927,.30105641,367007,320585,320274,339228,364483,402194,439841,472234,491002,502967,519408,539167,561649,587808,615158,643241,668766,680905,666496,628397,340007,323958,318621,335167,363006,389375,416439,448055,476052,498186,517996,543713,569461,594819,619048,642667,659972,665396,649488,613804
