STRUCTURE,STRUCTURE_ID,STRUCTURE_NAME,ACTION,REF_AREA,Reference area,FREQ,Frequency of observation,MEASURE,Measure,UNIT_MEASURE,Unit of measure,TIME_PERIOD,Time period,OBS_VALUE,Observation value,OBS_STATUS,Observation status,UNIT_MULT,Unit multiplier,ADJUSTMENT,Adjustment,DECIMALS,Decimals,BASE_PER,Base period
DATAFLOW,OECD.ECO.MPD:DSD_AN_HOUSE_PRICES@DF_HOUSE_PRICES(1.0),Analytical house prices indicators,I,DEU,Germany,Q,Quarterly,RHP,Real house price indices,IX,Index,2021-Q3,,143.21687526848,,A,Normal value,0,Units,S,"Seasonally adjusted, not calendar adjusted",1,One,2015,
DATAFLOW,OECD.ECO.MPD:DSD_AN_HOUSE_PRICES@DF_HOUSE_PRICES(1.0),Analytical house prices indicators,I,DEU,Germany,Q,Quarterly,RHP,Real house price indices,IX,Index,2021-Q4,,145.441103218897,,A,Normal value,0,Units,S,"Seasonally adjusted, not calendar adjusted",1,One,2015,
DATAFLOW,OECD.ECO.MPD:DSD_AN_HOUSE_PRICES@DF_HOUSE_PRICES(1.0),Analytical house prices indicators,I,DEU,Germany,Q,Quarterly,RHP,Real house price indices,IX,Index,2022-Q1,,145.100451403812,,A,Normal value,0,Units,S,"Seasonally adjusted, not calendar adjusted",1,One,2015,
DATAFLOW,OECD.ECO.MPD:DSD_AN_HOUSE_PRICES@DF_HOUSE_PRICES(1.0),Analytical house prices indicators,I,DEU,Germany,Q,Quarterly,RHP,Real house price indices,IX,Index,2022-Q2,,143.754949517086,,A,Normal value,0,Units,S,"Seasonally adjusted, not calendar adjusted",1,One,2015,
DATAFLOW,OECD.ECO.MPD:DSD_AN_HOUSE_PRICES@DF_HOUSE_PRICES(1.0),Analytical house prices indicators,I,DEU,Germany,Q,Quarterly,RHP,Real house price indices,IX,Index,2022-Q3,,140.015098412419,,A,Normal value,0,Units,S,"Seasonally adjusted, not calendar adjusted",1,One,2015,
DATAFLOW,OECD.ECO.MPD:DSD_AN_HOUSE_PRICES@DF_HOUSE_PRICES(1.0),Analytical house prices indicators,I,DEU,Germany,Q,Quarterly,RHP,Real house price indices,IX,Index,2022-Q4,,130.815039075798,,A,Normal value,0,Units,S,"Seasonally adjusted, not calendar adjusted",1,One,2015,
DATAFLOW,OECD.ECO.MPD:DSD_AN_HOUSE_PRICES@DF_HOUSE_PRICES(1.0),Analytical house prices indicators,I,DEU,Germany,Q,Quarterly,RHP,Real house price indices,IX,Index,2023-Q1,,125.01155630196,,A,Normal value,0,Units,S,"Seasonally adjusted, not calendar adjusted",1,One,2015,
DATAFLOW,OECD.ECO.MPD:DSD_AN_HOUSE_PRICES@DF_HOUSE_PRICES(1.0),Analytical house prices indicators,I,DEU,Germany,Q,Quarterly,RHP,Real house price indices,IX,Index,2023-Q2,,121.295842345689,,A,Normal value,0,Units,S,"Seasonally adjusted, not calendar adjusted",1,One,2015,
DATAFLOW,OECD.ECO.MPD:DSD_AN_HOUSE_PRICES@DF_HOUSE_PRICES(1.0),Analytical house prices indicators,I,DEU,Germany,Q,Quarterly,RHP,Real house price indices,IX,Index,2023-Q3,,118.383481645556,,A,Normal value,0,Units,S,"Seasonally adjusted, not calendar adjusted",1,One,2015,
DATAFLOW,OECD.ECO.MPD:DSD_AN_HOUSE_PRICES@DF_HOUSE_PRICES(1.0),Analytical house prices indicators,I,DEU,Germany,Q,Quarterly,RHP,Real house price indices,IX,Index,2023-Q4,,116.108656227516,,A,Normal value,0,Units,S,"Seasonally adjusted, not calendar adjusted",1,One,2015,
DATAFLOW,OECD.ECO.MPD:DSD_AN_HOUSE_PRICES@DF_HOUSE_PRICES(1.0),Analytical house prices indicators,I,DEU,Germany,Q,Quarterly,RHP,Real house price indices,IX,Index,2024-Q1,,115.592469278593,,A,Normal value,0,Units,S,"Seasonally adjusted, not calendar adjusted",1,One,2015,
DATAFLOW,OECD.ECO.MPD:DSD_AN_HOUSE_PRICES@DF_HOUSE_PRICES(1.0),Analytical house prices indicators,I,DEU,Germany,Q,Quarterly,RHP,Real house price indices,IX,Index,2024-Q2,,115.353580319884,,A,Normal value,0,Units,S,"Seasonally adjusted, not calendar adjusted",1,One,2015,
DATAFLOW,OECD.ECO.MPD:DSD_AN_HOUSE_PRICES@DF_HOUSE_PRICES(1.0),Analytical house prices indicators,I,DEU,Germany,Q,Quarterly,RHP,Real house price indices,IX,Index,2024-Q3,,115.492415891381,,A,Normal value,0,Units,S,"Seasonally adjusted, not calendar adjusted",1,One,2015,
DATAFLOW,OECD.ECO.MPD:DSD_AN_HOUSE_PRICES@DF_HOUSE_PRICES(1.0),Analytical house prices indicators,I,DEU,Germany,Q,Quarterly,RHP,Real house price indices,IX,Index,2024-Q4,,116.055375365839,,A,Normal value,0,Units,S,"Seasonally adjusted, not calendar adjusted",1,One,2015,
DATAFLOW,OECD.ECO.MPD:DSD_AN_HOUSE_PRICES@DF_HOUSE_PRICES(1.0),Analytical house prices indicators,I,DEU,Germany,Q,Quarterly,RHP,Real house price indices,IX,Index,2025-Q1,,117.017015064177,,A,Normal value,0,Units,S,"Seasonally adjusted, not calendar adjusted",1,One,2015,
DATAFLOW,OECD.ECO.MPD:DSD_AN_HOUSE_PRICES@DF_HOUSE_PRICES(1.0),Analytical house prices indicators,I,DEU,Germany,Q,Quarterly,RHP,Real house price indices,IX,Index,2025-Q2,,116.417825521498,,A,Normal value,0,Units,S,"Seasonally adjusted, not calendar adjusted",1,One,2015,
DATAFLOW,OECD.ECO.MPD:DSD_AN_HOUSE_PRICES@DF_HOUSE_PRICES(1.0),Analytical house prices indicators,I,DEU,Germany,Q,Quarterly,RHP,Real house price indices,IX,Index,2025-Q3,,116.234608709615,,A,Normal value,0,Units,S,"Seasonally adjusted, not calendar adjusted",1,One,2015,
DATAFLOW,OECD.ECO.MPD:DSD_AN_HOUSE_PRICES@DF_HOUSE_PRICES(1.0),Analytical house prices indicators,I,DEU,Germany,Q,Quarterly,RHP,Real house price indices,IX,Index,2025-Q4,,116.148965260677,,A,Normal value,0,Units,S,"Seasonally adjusted, not calendar adjusted",1,One,2015,
DATAFLOW,OECD.ECO.MPD:DSD_AN_HOUSE_PRICES@DF_HOUSE_PRICES(1.0),Analytical house prices indicators,I,DEU,Germany,Q,Quarterly,RHP,Real house price indices,IX,Index,2026-Q1,,115.776173679235,,A,Normal value,0,Units,S,"Seasonally adjusted, not calendar adjusted",1,One,2015,
DATAFLOW,OECD.ECO.MPD:DSD_AN_HOUSE_PRICES@DF_HOUSE_PRICES(1.0),Analytical house prices indicators,I,EA17,Euro area (17 countries),Q,Quarterly,RHP,Real house price indices,IX,Index,2021-Q3,,126.03841326934,,A,Normal value,0,Units,S,"Seasonally adjusted, not calendar adjusted",1,One,2015,
DATAFLOW,OECD.ECO.MPD:DSD_AN_HOUSE_PRICES@DF_HOUSE_PRICES(1.0),Analytical house prices indicators,I,EA17,Euro area (17 countries),Q,Quarterly,RHP,Real house price indices,IX,Index,2021-Q4,,127.257053850525,,A,Normal value,0,Units,S,"Seasonally adjusted, not calendar adjusted",1,One,2015,
DATAFLOW,OECD.ECO.MPD:DSD_AN_HOUSE_PRICES@DF_HOUSE_PRICES(1.0),Analytical house prices indicators,I,EA17,Euro area (17 countries),Q,Quarterly,RHP,Real house price indices,IX,Index,2022-Q1,,127.493618629537,,A,Normal value,0,Units,S,"Seasonally adjusted, not calendar adjusted",1,One,2015,
DATAFLOW,OECD.ECO.MPD:DSD_AN_HOUSE_PRICES@DF_HOUSE_PRICES(1.0),Analytical house prices indicators,I,EA17,Euro area (17 countries),Q,Quarterly,RHP,Real house price indices,IX,Index,2022-Q2,,126.976831323078,,A,Normal value,0,Units,S,"Seasonally adjusted, not calendar adjusted",1,One,2015,
DATAFLOW,OECD.ECO.MPD:DSD_AN_HOUSE_PRICES@DF_HOUSE_PRICES(1.0),Analytical house prices indicators,I,EA17,Euro area (17 countries),Q,Quarterly,RHP,Real house price indices,IX,Index,2022-Q3,,125.205516977081,,A,Normal value,0,Units,S,"Seasonally adjusted, not calendar adjusted",1,One,2015,
DATAFLOW,OECD.ECO.MPD:DSD_AN_HOUSE_PRICES@DF_HOUSE_PRICES(1.0),Analytical house prices indicators,I,EA17,Euro area (17 countries),Q,Quarterly,RHP,Real house price indices,IX,Index,2022-Q4,,120.875102173354,,A,Normal value,0,Units,S,"Seasonally adjusted, not calendar adjusted",1,One,2015,
DATAFLOW,OECD.ECO.MPD:DSD_AN_HOUSE_PRICES@DF_HOUSE_PRICES(1.0),Analytical house prices indicators,I,EA17,Euro area (17 countries),Q,Quarterly,RHP,Real house price indices,IX,Index,2023-Q1,,118.307672779018,,A,Normal value,0,Units,S,"Seasonally adjusted, not calendar adjusted",1,One,2015,
DATAFLOW,OECD.ECO.MPD:DSD_AN_HOUSE_PRICES@DF_HOUSE_PRICES(1.0),Analytical house prices indicators,I,EA17,Euro area (17 countries),Q,Quarterly,RHP,Real house price indices,IX,Index,2023-Q2,,116.581544492976,,A,Normal value,0,Units,S,"Seasonally adjusted, not calendar adjusted",1,One,2015,
DATAFLOW,OECD.ECO.MPD:DSD_AN_HOUSE_PRICES@DF_HOUSE_PRICES(1.0),Analytical house prices indicators,I,EA17,Euro area (17 countries),Q,Quarterly,RHP,Real house price indices,IX,Index,2023-Q3,,115.231043519766,,A,Normal value,0,Units,S,"Seasonally adjusted, not calendar adjusted",1,One,2015,
DATAFLOW,OECD.ECO.MPD:DSD_AN_HOUSE_PRICES@DF_HOUSE_PRICES(1.0),Analytical house prices indicators,I,EA17,Euro area (17 countries),Q,Quarterly,RHP,Real house price indices,IX,Index,2023-Q4,,114.300348608439,,A,Normal value,0,Units,S,"Seasonally adjusted, not calendar adjusted",1,One,2015,
DATAFLOW,OECD.ECO.MPD:DSD_AN_HOUSE_PRICES@DF_HOUSE_PRICES(1.0),Analytical house prices indicators,I,EA17,Euro area (17 countries),Q,Quarterly,RHP,Real house price indices,IX,Index,2024-Q1,,113.996138196025,,A,Normal value,0,Units,S,"Seasonally adjusted, not calendar adjusted",1,One,2015,
DATAFLOW,OECD.ECO.MPD:DSD_AN_HOUSE_PRICES@DF_HOUSE_PRICES(1.0),Analytical house prices indicators,I,EA17,Euro area (17 countries),Q,Quarterly,RHP,Real house price indices,IX,Index,2024-Q2,,114.829159133284,,A,Normal value,0,Units,S,"Seasonally adjusted, not calendar adjusted",1,One,2015,
DATAFLOW,OECD.ECO.MPD:DSD_AN_HOUSE_PRICES@DF_HOUSE_PRICES(1.0),Analytical house prices indicators,I,EA17,Euro area (17 countries),Q,Quarterly,RHP,Real house price indices,IX,Index,2024-Q3,,115.731135533264,,A,Normal value,0,Units,S,"Seasonally adjusted, not calendar adjusted",1,One,2015,
DATAFLOW,OECD.ECO.MPD:DSD_AN_HOUSE_PRICES@DF_HOUSE_PRICES(1.0),Analytical house prices indicators,I,EA17,Euro area (17 countries),Q,Quarterly,RHP,Real house price indices,IX,Index,2024-Q4,,116.781553310858,,A,Normal value,0,Units,S,"Seasonally adjusted, not calendar adjusted",1,One,2015,
DATAFLOW,OECD.ECO.MPD:DSD_AN_HOUSE_PRICES@DF_HOUSE_PRICES(1.0),Analytical house prices indicators,I,EA17,Euro area (17 countries),Q,Quarterly,RHP,Real house price indices,IX,Index,2025-Q1,,117.593559125621,,A,Normal value,0,Units,S,"Seasonally adjusted, not calendar adjusted",1,One,2015,
DATAFLOW,OECD.ECO.MPD:DSD_AN_HOUSE_PRICES@DF_HOUSE_PRICES(1.0),Analytical house prices indicators,I,EA17,Euro area (17 countries),Q,Quarterly,RHP,Real house price indices,IX,Index,2025-Q2,,118.285160357745,,A,Normal value,0,Units,S,"Seasonally adjusted, not calendar adjusted",1,One,2015,
DATAFLOW,OECD.ECO.MPD:DSD_AN_HOUSE_PRICES@DF_HOUSE_PRICES(1.0),Analytical house prices indicators,I,EA17,Euro area (17 countries),Q,Quarterly,RHP,Real house price indices,IX,Index,2025-Q3,,118.93794068663,,A,Normal value,0,Units,S,"Seasonally adjusted, not calendar adjusted",1,One,2015,
DATAFLOW,OECD.ECO.MPD:DSD_AN_HOUSE_PRICES@DF_HOUSE_PRICES(1.0),Analytical house prices indicators,I,EA17,Euro area (17 countries),Q,Quarterly,RHP,Real house price indices,IX,Index,2025-Q4,,119.655471058228,,A,Normal value,0,Units,S,"Seasonally adjusted, not calendar adjusted",1,One,2015,
DATAFLOW,OECD.ECO.MPD:DSD_AN_HOUSE_PRICES@DF_HOUSE_PRICES(1.0),Analytical house prices indicators,I,EA17,Euro area (17 countries),Q,Quarterly,RHP,Real house price indices,IX,Index,2026-Q1,,120.14395375466,,A,Normal value,0,Units,S,"Seasonally adjusted, not calendar adjusted",1,One,2015,
DATAFLOW,OECD.ECO.MPD:DSD_AN_HOUSE_PRICES@DF_HOUSE_PRICES(1.0),Analytical house prices indicators,I,EA,Euro area,Q,Quarterly,RHP,Real house price indices,IX,Index,2021-Q3,,126.347580730648,,A,Normal value,0,Units,S,"Seasonally adjusted, not calendar adjusted",1,One,2015,
DATAFLOW,OECD.ECO.MPD:DSD_AN_HOUSE_PRICES@DF_HOUSE_PRICES(1.0),Analytical house prices indicators,I,EA,Euro area,Q,Quarterly,RHP,Real house price indices,IX,Index,2021-Q4,,127.646292445891,,A,Normal value,0,Units,S,"Seasonally adjusted, not calendar adjusted",1,One,2015,
DATAFLOW,OECD.ECO.MPD:DSD_AN_HOUSE_PRICES@DF_HOUSE_PRICES(1.0),Analytical house prices indicators,I,EA,Euro area,Q,Quarterly,RHP,Real house price indices,IX,Index,2022-Q1,,127.863819805337,,A,Normal value,0,Units,S,"Seasonally adjusted, not calendar adjusted",1,One,2015,
DATAFLOW,OECD.ECO.MPD:DSD_AN_HOUSE_PRICES@DF_HOUSE_PRICES(1.0),Analytical house prices indicators,I,EA,Euro area,Q,Quarterly,RHP,Real house price indices,IX,Index,2022-Q2,,127.455549665384,,A,Normal value,0,Units,S,"Seasonally adjusted, not calendar adjusted",1,One,2015,
DATAFLOW,OECD.ECO.MPD:DSD_AN_HOUSE_PRICES@DF_HOUSE_PRICES(1.0),Analytical house prices indicators,I,EA,Euro area,Q,Quarterly,RHP,Real house price indices,IX,Index,2022-Q3,,125.770608302922,,A,Normal value,0,Units,S,"Seasonally adjusted, not calendar adjusted",1,One,2015,
DATAFLOW,OECD.ECO.MPD:DSD_AN_HOUSE_PRICES@DF_HOUSE_PRICES(1.0),Analytical house prices indicators,I,EA,Euro area,Q,Quarterly,RHP,Real house price indices,IX,Index,2022-Q4,,121.465776317346,,A,Normal value,0,Units,S,"Seasonally adjusted, not calendar adjusted",1,One,2015,
DATAFLOW,OECD.ECO.MPD:DSD_AN_HOUSE_PRICES@DF_HOUSE_PRICES(1.0),Analytical house prices indicators,I,EA,Euro area,Q,Quarterly,RHP,Real house price indices,IX,Index,2023-Q1,,118.930301124941,,A,Normal value,0,Units,S,"Seasonally adjusted, not calendar adjusted",1,One,2015,
DATAFLOW,OECD.ECO.MPD:DSD_AN_HOUSE_PRICES@DF_HOUSE_PRICES(1.0),Analytical house prices indicators,I,EA,Euro area,Q,Quarterly,RHP,Real house price indices,IX,Index,2023-Q2,,117.25892542389,,A,Normal value,0,Units,S,"Seasonally adjusted, not calendar adjusted",1,One,2015,
DATAFLOW,OECD.ECO.MPD:DSD_AN_HOUSE_PRICES@DF_HOUSE_PRICES(1.0),Analytical house prices indicators,I,EA,Euro area,Q,Quarterly,RHP,Real house price indices,IX,Index,2023-Q3,,116.050001851967,,A,Normal value,0,Units,S,"Seasonally adjusted, not calendar adjusted",1,One,2015,
DATAFLOW,OECD.ECO.MPD:DSD_AN_HOUSE_PRICES@DF_HOUSE_PRICES(1.0),Analytical house prices indicators,I,EA,Euro area,Q,Quarterly,RHP,Real house price indices,IX,Index,2023-Q4,,115.28403441367,,A,Normal value,0,Units,S,"Seasonally adjusted, not calendar adjusted",1,One,2015,
DATAFLOW,OECD.ECO.MPD:DSD_AN_HOUSE_PRICES@DF_HOUSE_PRICES(1.0),Analytical house prices indicators,I,EA,Euro area,Q,Quarterly,RHP,Real house price indices,IX,Index,2024-Q1,,115.042220628309,,A,Normal value,0,Units,S,"Seasonally adjusted, not calendar adjusted",1,One,2015,
DATAFLOW,OECD.ECO.MPD:DSD_AN_HOUSE_PRICES@DF_HOUSE_PRICES(1.0),Analytical house prices indicators,I,EA,Euro area,Q,Quarterly,RHP,Real house price indices,IX,Index,2024-Q2,,115.95599811367,,A,Normal value,0,Units,S,"Seasonally adjusted, not calendar adjusted",1,One,2015,
DATAFLOW,OECD.ECO.MPD:DSD_AN_HOUSE_PRICES@DF_HOUSE_PRICES(1.0),Analytical house prices indicators,I,EA,Euro area,Q,Quarterly,RHP,Real house price indices,IX,Index,2024-Q3,,116.927953715294,,A,Normal value,0,Units,S,"Seasonally adjusted, not calendar adjusted",1,One,2015,
DATAFLOW,OECD.ECO.MPD:DSD_AN_HOUSE_PRICES@DF_HOUSE_PRICES(1.0),Analytical house prices indicators,I,EA,Euro area,Q,Quarterly,RHP,Real house price indices,IX,Index,2024-Q4,,118.06352489509,,A,Normal value,0,Units,S,"Seasonally adjusted, not calendar adjusted",1,One,2015,
DATAFLOW,OECD.ECO.MPD:DSD_AN_HOUSE_PRICES@DF_HOUSE_PRICES(1.0),Analytical house prices indicators,I,EA,Euro area,Q,Quarterly,RHP,Real house price indices,IX,Index,2025-Q1,,118.86143261138,,A,Normal value,0,Units,S,"Seasonally adjusted, not calendar adjusted",1,One,2015,
DATAFLOW,OECD.ECO.MPD:DSD_AN_HOUSE_PRICES@DF_HOUSE_PRICES(1.0),Analytical house prices indicators,I,EA,Euro area,Q,Quarterly,RHP,Real house price indices,IX,Index,2025-Q2,,119.62648222769,,A,Normal value,0,Units,S,"Seasonally adjusted, not calendar adjusted",1,One,2015,
DATAFLOW,OECD.ECO.MPD:DSD_AN_HOUSE_PRICES@DF_HOUSE_PRICES(1.0),Analytical house prices indicators,I,EA,Euro area,Q,Quarterly,RHP,Real house price indices,IX,Index,2025-Q3,,120.333750193925,,A,Normal value,0,Units,S,"Seasonally adjusted, not calendar adjusted",1,One,2015,
DATAFLOW,OECD.ECO.MPD:DSD_AN_HOUSE_PRICES@DF_HOUSE_PRICES(1.0),Analytical house prices indicators,I,EA,Euro area,Q,Quarterly,RHP,Real house price indices,IX,Index,2025-Q4,,121.415522505204,,A,Normal value,0,Units,S,"Seasonally adjusted, not calendar adjusted",1,One,2015,
DATAFLOW,OECD.ECO.MPD:DSD_AN_HOUSE_PRICES@DF_HOUSE_PRICES(1.0),Analytical house prices indicators,I,CHL,Chile,Q,Quarterly,RHP,Real house price indices,IX,Index,2021-Q3,,135.087183583949,,A,Normal value,0,Units,S,"Seasonally adjusted, not calendar adjusted",1,One,2015,
DATAFLOW,OECD.ECO.MPD:DSD_AN_HOUSE_PRICES@DF_HOUSE_PRICES(1.0),Analytical house prices indicators,I,CHL,Chile,Q,Quarterly,RHP,Real house price indices,IX,Index,2021-Q4,,138.21024531054,,A,Normal value,0,Units,S,"Seasonally adjusted, not calendar adjusted",1,One,2015,
DATAFLOW,OECD.ECO.MPD:DSD_AN_HOUSE_PRICES@DF_HOUSE_PRICES(1.0),Analytical house prices indicators,I,CHL,Chile,Q,Quarterly,RHP,Real house price indices,IX,Index,2022-Q1,,132.402405981674,,A,Normal value,0,Units,S,"Seasonally adjusted, not calendar adjusted",1,One,2015,
DATAFLOW,OECD.ECO.MPD:DSD_AN_HOUSE_PRICES@DF_HOUSE_PRICES(1.0),Analytical house prices indicators,I,CHL,Chile,Q,Quarterly,RHP,Real house price indices,IX,Index,2022-Q2,,131.552608193923,,A,Normal value,0,Units,S,"Seasonally adjusted, not calendar adjusted",1,One,2015,
DATAFLOW,OECD.ECO.MPD:DSD_AN_HOUSE_PRICES@DF_HOUSE_PRICES(1.0),Analytical house prices indicators,I,CHL,Chile,Q,Quarterly,RHP,Real house price indices,IX,Index,2022-Q3,,129.89591842516,,A,Normal value,0,Units,S,"Seasonally adjusted, not calendar adjusted",1,One,2015,
DATAFLOW,OECD.ECO.MPD:DSD_AN_HOUSE_PRICES@DF_HOUSE_PRICES(1.0),Analytical house prices indicators,I,CHL,Chile,Q,Quarterly,RHP,Real house price indices,IX,Index,2022-Q4,,128.886161142248,,A,Normal value,0,Units,S,"Seasonally adjusted, not calendar adjusted",1,One,2015,
DATAFLOW,OECD.ECO.MPD:DSD_AN_HOUSE_PRICES@DF_HOUSE_PRICES(1.0),Analytical house prices indicators,I,CHL,Chile,Q,Quarterly,RHP,Real house price indices,IX,Index,2023-Q1,,129.785965487478,,A,Normal value,0,Units,S,"Seasonally adjusted, not calendar adjusted",1,One,2015,
DATAFLOW,OECD.ECO.MPD:DSD_AN_HOUSE_PRICES@DF_HOUSE_PRICES(1.0),Analytical house prices indicators,I,CHL,Chile,Q,Quarterly,RHP,Real house price indices,IX,Index,2023-Q2,,131.430968331062,,A,Normal value,0,Units,S,"Seasonally adjusted, not calendar adjusted",1,One,2015,
DATAFLOW,OECD.ECO.MPD:DSD_AN_HOUSE_PRICES@DF_HOUSE_PRICES(1.0),Analytical house prices indicators,I,CHL,Chile,Q,Quarterly,RHP,Real house price indices,IX,Index,2023-Q3,,132.870011045676,,A,Normal value,0,Units,S,"Seasonally adjusted, not calendar adjusted",1,One,2015,
DATAFLOW,OECD.ECO.MPD:DSD_AN_HOUSE_PRICES@DF_HOUSE_PRICES(1.0),Analytical house prices indicators,I,CHL,Chile,Q,Quarterly,RHP,Real house price indices,IX,Index,2023-Q4,,132.438568419743,,A,Normal value,0,Units,S,"Seasonally adjusted, not calendar adjusted",1,One,2015,
DATAFLOW,OECD.ECO.MPD:DSD_AN_HOUSE_PRICES@DF_HOUSE_PRICES(1.0),Analytical house prices indicators,I,CHL,Chile,Q,Quarterly,RHP,Real house price indices,IX,Index,2024-Q1,,133.801464326584,,A,Normal value,0,Units,S,"Seasonally adjusted, not calendar adjusted",1,One,2015,
DATAFLOW,OECD.ECO.MPD:DSD_AN_HOUSE_PRICES@DF_HOUSE_PRICES(1.0),Analytical house prices indicators,I,CHL,Chile,Q,Quarterly,RHP,Real house price indices,IX,Index,2024-Q2,,133.941969543106,,A,Normal value,0,Units,S,"Seasonally adjusted, not calendar adjusted",1,One,2015,
DATAFLOW,OECD.ECO.MPD:DSD_AN_HOUSE_PRICES@DF_HOUSE_PRICES(1.0),Analytical house prices indicators,I,CHL,Chile,Q,Quarterly,RHP,Real house price indices,IX,Index,2024-Q3,,134.755929714606,,A,Normal value,0,Units,S,"Seasonally adjusted, not calendar adjusted",1,One,2015,
DATAFLOW,OECD.ECO.MPD:DSD_AN_HOUSE_PRICES@DF_HOUSE_PRICES(1.0),Analytical house prices indicators,I,CHL,Chile,Q,Quarterly,RHP,Real house price indices,IX,Index,2024-Q4,,135.552597930602,,A,Normal value,0,Units,S,"Seasonally adjusted, not calendar adjusted",1,One,2015,
DATAFLOW,OECD.ECO.MPD:DSD_AN_HOUSE_PRICES@DF_HOUSE_PRICES(1.0),Analytical house prices indicators,I,CHL,Chile,Q,Quarterly,RHP,Real house price indices,IX,Index,2025-Q1,,136.208634980502,,A,Normal value,0,Units,S,"Seasonally adjusted, not calendar adjusted",1,One,2015,
DATAFLOW,OECD.ECO.MPD:DSD_AN_HOUSE_PRICES@DF_HOUSE_PRICES(1.0),Analytical house prices indicators,I,CHL,Chile,Q,Quarterly,RHP,Real house price indices,IX,Index,2025-Q2,,137.485283836281,,A,Normal value,0,Units,S,"Seasonally adjusted, not calendar adjusted",1,One,2015,
DATAFLOW,OECD.ECO.MPD:DSD_AN_HOUSE_PRICES@DF_HOUSE_PRICES(1.0),Analytical house prices indicators,I,CHL,Chile,Q,Quarterly,RHP,Real house price indices,IX,Index,2025-Q3,,138.702963693463,,A,Normal value,0,Units,S,"Seasonally adjusted, not calendar adjusted",1,One,2015,
DATAFLOW,OECD.ECO.MPD:DSD_AN_HOUSE_PRICES@DF_HOUSE_PRICES(1.0),Analytical house prices indicators,I,CHL,Chile,Q,Quarterly,RHP,Real house price indices,IX,Index,2025-Q4,,139.086063936667,,A,Normal value,0,Units,S,"Seasonally adjusted, not calendar adjusted",1,One,2015,
DATAFLOW,OECD.ECO.MPD:DSD_AN_HOUSE_PRICES@DF_HOUSE_PRICES(1.0),Analytical house prices indicators,I,DNK,Denmark,Q,Quarterly,RHP,Real house price indices,IX,Index,2024-Q1,,117.919879808828,,A,Normal value,0,Units,S,"Seasonally adjusted, not calendar adjusted",1,One,2015,
DATAFLOW,OECD.ECO.MPD:DSD_AN_HOUSE_PRICES@DF_HOUSE_PRICES(1.0),Analytical house prices indicators,I,DNK,Denmark,Q,Quarterly,RHP,Real house price indices,IX,Index,2024-Q2,,120.306409125177,,A,Normal value,0,Units,S,"Seasonally adjusted, not calendar adjusted",1,One,2015,
DATAFLOW,OECD.ECO.MPD:DSD_AN_HOUSE_PRICES@DF_HOUSE_PRICES(1.0),Analytical house prices indicators,I,DNK,Denmark,Q,Quarterly,RHP,Real house price indices,IX,Index,2024-Q3,,121.982235212991,,A,Normal value,0,Units,S,"Seasonally adjusted, not calendar adjusted",1,One,2015,
DATAFLOW,OECD.ECO.MPD:DSD_AN_HOUSE_PRICES@DF_HOUSE_PRICES(1.0),Analytical house prices indicators,I,DNK,Denmark,Q,Quarterly,RHP,Real house price indices,IX,Index,2024-Q4,,122.111609326296,,A,Normal value,0,Units,S,"Seasonally adjusted, not calendar adjusted",1,One,2015,
DATAFLOW,OECD.ECO.MPD:DSD_AN_HOUSE_PRICES@DF_HOUSE_PRICES(1.0),Analytical house prices indicators,I,DNK,Denmark,Q,Quarterly,RHP,Real house price indices,IX,Index,2025-Q1,,125.119889817559,,A,Normal value,0,Units,S,"Seasonally adjusted, not calendar adjusted",1,One,2015,
DATAFLOW,OECD.ECO.MPD:DSD_AN_HOUSE_PRICES@DF_HOUSE_PRICES(1.0),Analytical house prices indicators,I,DNK,Denmark,Q,Quarterly,RHP,Real house price indices,IX,Index,2025-Q2,,125.952618466973,,A,Normal value,0,Units,S,"Seasonally adjusted, not calendar adjusted",1,One,2015,
DATAFLOW,OECD.ECO.MPD:DSD_AN_HOUSE_PRICES@DF_HOUSE_PRICES(1.0),Analytical house prices indicators,I,DNK,Denmark,Q,Quarterly,RHP,Real house price indices,IX,Index,2025-Q3,,125.529775847718,,A,Normal value,0,Units,S,"Seasonally adjusted, not calendar adjusted",1,One,2015,
DATAFLOW,OECD.ECO.MPD:DSD_AN_HOUSE_PRICES@DF_HOUSE_PRICES(1.0),Analytical house prices indicators,I,DNK,Denmark,Q,Quarterly,RHP,Real house price indices,IX,Index,2025-Q4,,128.850687416635,,A,Normal value,0,Units,S,"Seasonally adjusted, not calendar adjusted",1,One,2015,
DATAFLOW,OECD.ECO.MPD:DSD_AN_HOUSE_PRICES@DF_HOUSE_PRICES(1.0),Analytical house prices indicators,I,DNK,Denmark,Q,Quarterly,RHP,Real house price indices,IX,Index,2026-Q1,,133.604695696023,,A,Normal value,0,Units,S,"Seasonally adjusted, not calendar adjusted",1,One,2015,
DATAFLOW,OECD.ECO.MPD:DSD_AN_HOUSE_PRICES@DF_HOUSE_PRICES(1.0),Analytical house prices indicators,I,FIN,Finland,Q,Quarterly,RHP,Real house price indices,IX,Index,2022-Q1,,102.481887480439,,A,Normal value,0,Units,S,"Seasonally adjusted, not calendar adjusted",1,One,2015,
DATAFLOW,OECD.ECO.MPD:DSD_AN_HOUSE_PRICES@DF_HOUSE_PRICES(1.0),Analytical house prices indicators,I,FIN,Finland,Q,Quarterly,RHP,Real house price indices,IX,Index,2022-Q2,,100.439642936166,,A,Normal value,0,Units,S,"Seasonally adjusted, not calendar adjusted",1,One,2015,
DATAFLOW,OECD.ECO.MPD:DSD_AN_HOUSE_PRICES@DF_HOUSE_PRICES(1.0),Analytical house prices indicators,I,FIN,Finland,Q,Quarterly,RHP,Real house price indices,IX,Index,2022-Q3,,98.4774236469793,,A,Normal value,0,Units,S,"Seasonally adjusted, not calendar adjusted",1,One,2015,
DATAFLOW,OECD.ECO.MPD:DSD_AN_HOUSE_PRICES@DF_HOUSE_PRICES(1.0),Analytical house prices indicators,I,FIN,Finland,Q,Quarterly,RHP,Real house price indices,IX,Index,2022-Q4,,93.3787376418864,,A,Normal value,0,Units,S,"Seasonally adjusted, not calendar adjusted",1,One,2015,
DATAFLOW,OECD.ECO.MPD:DSD_AN_HOUSE_PRICES@DF_HOUSE_PRICES(1.0),Analytical house prices indicators,I,FIN,Finland,Q,Quarterly,RHP,Real house price indices,IX,Index,2023-Q1,,91.0634276414141,,A,Normal value,0,Units,S,"Seasonally adjusted, not calendar adjusted",1,One,2015,
DATAFLOW,OECD.ECO.MPD:DSD_AN_HOUSE_PRICES@DF_HOUSE_PRICES(1.0),Analytical house prices indicators,I,FIN,Finland,Q,Quarterly,RHP,Real house price indices,IX,Index,2023-Q2,,89.8238692754782,,A,Normal value,0,Units,S,"Seasonally adjusted, not calendar adjusted",1,One,2015,
DATAFLOW,OECD.ECO.MPD:DSD_AN_HOUSE_PRICES@DF_HOUSE_PRICES(1.0),Analytical house prices indicators,I,FIN,Finland,Q,Quarterly,RHP,Real house price indices,IX,Index,2023-Q3,,87.0118964812393,,A,Normal value,0,Units,S,"Seasonally adjusted, not calendar adjusted",1,One,2015,
DATAFLOW,OECD.ECO.MPD:DSD_AN_HOUSE_PRICES@DF_HOUSE_PRICES(1.0),Analytical house prices indicators,I,FIN,Finland,Q,Quarterly,RHP,Real house price indices,IX,Index,2023-Q4,,86.7681526150198,,A,Normal value,0,Units,S,"Seasonally adjusted, not calendar adjusted",1,One,2015,
DATAFLOW,OECD.ECO.MPD:DSD_AN_HOUSE_PRICES@DF_HOUSE_PRICES(1.0),Analytical house prices indicators,I,FIN,Finland,Q,Quarterly,RHP,Real house price indices,IX,Index,2024-Q1,,86.2528251104428,,A,Normal value,0,Units,S,"Seasonally adjusted, not calendar adjusted",1,One,2015,
DATAFLOW,OECD.ECO.MPD:DSD_AN_HOUSE_PRICES@DF_HOUSE_PRICES(1.0),Analytical house prices indicators,I,FIN,Finland,Q,Quarterly,RHP,Real house price indices,IX,Index,2024-Q2,,84.8888717723577,,A,Normal value,0,Units,S,"Seasonally adjusted, not calendar adjusted",1,One,2015,
DATAFLOW,OECD.ECO.MPD:DSD_AN_HOUSE_PRICES@DF_HOUSE_PRICES(1.0),Analytical house prices indicators,I,FIN,Finland,Q,Quarterly,RHP,Real house price indices,IX,Index,2024-Q3,,84.5173068002971,,A,Normal value,0,Units,S,"Seasonally adjusted, not calendar adjusted",1,One,2015,
DATAFLOW,OECD.ECO.MPD:DSD_AN_HOUSE_PRICES@DF_HOUSE_PRICES(1.0),Analytical house prices indicators,I,FIN,Finland,Q,Quarterly,RHP,Real house price indices,IX,Index,2024-Q4,,83.9402467883519,,A,Normal value,0,Units,S,"Seasonally adjusted, not calendar adjusted",1,One,2015,
DATAFLOW,OECD.ECO.MPD:DSD_AN_HOUSE_PRICES@DF_HOUSE_PRICES(1.0),Analytical house prices indicators,I,FIN,Finland,Q,Quarterly,RHP,Real house price indices,IX,Index,2025-Q1,,83.1322917652627,,A,Normal value,0,Units,S,"Seasonally adjusted, not calendar adjusted",1,One,2015,
DATAFLOW,OECD.ECO.MPD:DSD_AN_HOUSE_PRICES@DF_HOUSE_PRICES(1.0),Analytical house prices indicators,I,FIN,Finland,Q,Quarterly,RHP,Real house price indices,IX,Index,2025-Q2,,82.4874548976186,,A,Normal value,0,Units,S,"Seasonally adjusted, not calendar adjusted",1,One,2015,
DATAFLOW,OECD.ECO.MPD:DSD_AN_HOUSE_PRICES@DF_HOUSE_PRICES(1.0),Analytical house prices indicators,I,FIN,Finland,Q,Quarterly,RHP,Real house price indices,IX,Index,2025-Q3,,81.3110746847942,,A,Normal value,0,Units,S,"Seasonally adjusted, not calendar adjusted",1,One,2015,
DATAFLOW,OECD.ECO.MPD:DSD_AN_HOUSE_PRICES@DF_HOUSE_PRICES(1.0),Analytical house prices indicators,I,FIN,Finland,Q,Quarterly,RHP,Real house price indices,IX,Index,2025-Q4,,80.6927460346091,,A,Normal value,0,Units,S,"Seasonally adjusted, not calendar adjusted",1,One,2015,
DATAFLOW,OECD.ECO.MPD:DSD_AN_HOUSE_PRICES@DF_HOUSE_PRICES(1.0),Analytical house prices indicators,I,FIN,Finland,Q,Quarterly,RHP,Real house price indices,IX,Index,2026-Q1,,80.2065743508327,,A,Normal value,0,Units,S,"Seasonally adjusted, not calendar adjusted",1,One,2015,
DATAFLOW,OECD.ECO.MPD:DSD_AN_HOUSE_PRICES@DF_HOUSE_PRICES(1.0),Analytical house prices indicators,I,ISR,Israel,Q,Quarterly,RHP,Real house price indices,IX,Index,2021-Q3,,125.967465618619,,A,Normal value,0,Units,S,"Seasonally adjusted, not calendar adjusted",1,One,2015,
DATAFLOW,OECD.ECO.MPD:DSD_AN_HOUSE_PRICES@DF_HOUSE_PRICES(1.0),Analytical house prices indicators,I,ISR,Israel,Q,Quarterly,RHP,Real house price indices,IX,Index,2021-Q4,,129.200361225724,,A,Normal value,0,Units,S,"Seasonally adjusted, not calendar adjusted",1,One,2015,
DATAFLOW,OECD.ECO.MPD:DSD_AN_HOUSE_PRICES@DF_HOUSE_PRICES(1.0),Analytical house prices indicators,I,ISR,Israel,Q,Quarterly,RHP,Real house price indices,IX,Index,2022-Q1,,132.448322970993,,A,Normal value,0,Units,S,"Seasonally adjusted, not calendar adjusted",1,One,2015,
DATAFLOW,OECD.ECO.MPD:DSD_AN_HOUSE_PRICES@DF_HOUSE_PRICES(1.0),Analytical house prices indicators,I,ISR,Israel,Q,Quarterly,RHP,Real house price indices,IX,Index,2022-Q2,,137.789590192752,,A,Normal value,0,Units,S,"Seasonally adjusted, not calendar adjusted",1,One,2015,
DATAFLOW,OECD.ECO.MPD:DSD_AN_HOUSE_PRICES@DF_HOUSE_PRICES(1.0),Analytical house prices indicators,I,ISR,Israel,Q,Quarterly,RHP,Real house price indices,IX,Index,2022-Q3,,143.618980804049,,A,Normal value,0,Units,S,"Seasonally adjusted, not calendar adjusted",1,One,2015,
DATAFLOW,OECD.ECO.MPD:DSD_AN_HOUSE_PRICES@DF_HOUSE_PRICES(1.0),Analytical house prices indicators,I,ISR,Israel,Q,Quarterly,RHP,Real house price indices,IX,Index,2022-Q4,,142.134377990745,,A,Normal value,0,Units,S,"Seasonally adjusted, not calendar adjusted",1,One,2015,
DATAFLOW,OECD.ECO.MPD:DSD_AN_HOUSE_PRICES@DF_HOUSE_PRICES(1.0),Analytical house prices indicators,I,ISR,Israel,Q,Quarterly,RHP,Real house price indices,IX,Index,2023-Q1,,138.364092212749,,A,Normal value,0,Units,S,"Seasonally adjusted, not calendar adjusted",1,One,2015,
DATAFLOW,OECD.ECO.MPD:DSD_AN_HOUSE_PRICES@DF_HOUSE_PRICES(1.0),Analytical house prices indicators,I,ISR,Israel,Q,Quarterly,RHP,Real house price indices,IX,Index,2023-Q2,,136.992034189546,,A,Normal value,0,Units,S,"Seasonally adjusted, not calendar adjusted",1,One,2015,
DATAFLOW,OECD.ECO.MPD:DSD_AN_HOUSE_PRICES@DF_HOUSE_PRICES(1.0),Analytical house prices indicators,I,ISR,Israel,Q,Quarterly,RHP,Real house price indices,IX,Index,2023-Q3,,137.564446283841,,A,Normal value,0,Units,S,"Seasonally adjusted, not calendar adjusted",1,One,2015,
DATAFLOW,OECD.ECO.MPD:DSD_AN_HOUSE_PRICES@DF_HOUSE_PRICES(1.0),Analytical house prices indicators,I,ISR,Israel,Q,Quarterly,RHP,Real house price indices,IX,Index,2023-Q4,,133.216525292513,,A,Normal value,0,Units,S,"Seasonally adjusted, not calendar adjusted",1,One,2015,
DATAFLOW,OECD.ECO.MPD:DSD_AN_HOUSE_PRICES@DF_HOUSE_PRICES(1.0),Analytical house prices indicators,I,ISR,Israel,Q,Quarterly,RHP,Real house price indices,IX,Index,2024-Q1,,135.59248475475,,A,Normal value,0,Units,S,"Seasonally adjusted, not calendar adjusted",1,One,2015,
DATAFLOW,OECD.ECO.MPD:DSD_AN_HOUSE_PRICES@DF_HOUSE_PRICES(1.0),Analytical house prices indicators,I,ISR,Israel,Q,Quarterly,RHP,Real house price indices,IX,Index,2024-Q2,,138.91226192438,,A,Normal value,0,Units,S,"Seasonally adjusted, not calendar adjusted",1,One,2015,
DATAFLOW,OECD.ECO.MPD:DSD_AN_HOUSE_PRICES@DF_HOUSE_PRICES(1.0),Analytical house prices indicators,I,ISR,Israel,Q,Quarterly,RHP,Real house price indices,IX,Index,2024-Q3,,140.984273367468,,A,Normal value,0,Units,S,"Seasonally adjusted, not calendar adjusted",1,One,2015,
DATAFLOW,OECD.ECO.MPD:DSD_AN_HOUSE_PRICES@DF_HOUSE_PRICES(1.0),Analytical house prices indicators,I,ISR,Israel,Q,Quarterly,RHP,Real house price indices,IX,Index,2024-Q4,,139.777957015937,,A,Normal value,0,Units,S,"Seasonally adjusted, not calendar adjusted",1,One,2015,
DATAFLOW,OECD.ECO.MPD:DSD_AN_HOUSE_PRICES@DF_HOUSE_PRICES(1.0),Analytical house prices indicators,I,ISR,Israel,Q,Quarterly,RHP,Real house price indices,IX,Index,2025-Q1,,139.595934811782,,A,Normal value,0,Units,S,"Seasonally adjusted, not calendar adjusted",1,One,2015,
DATAFLOW,OECD.ECO.MPD:DSD_AN_HOUSE_PRICES@DF_HOUSE_PRICES(1.0),Analytical house prices indicators,I,ISR,Israel,Q,Quarterly,RHP,Real house price indices,IX,Index,2025-Q2,,138.215621488419,,A,Normal value,0,Units,S,"Seasonally adjusted, not calendar adjusted",1,One,2015,
DATAFLOW,OECD.ECO.MPD:DSD_AN_HOUSE_PRICES@DF_HOUSE_PRICES(1.0),Analytical house prices indicators,I,ISR,Israel,Q,Quarterly,RHP,Real house price indices,IX,Index,2025-Q3,,139.180271450949,,A,Normal value,0,Units,S,"Seasonally adjusted, not calendar adjusted",1,One,2015,
DATAFLOW,OECD.ECO.MPD:DSD_AN_HOUSE_PRICES@DF_HOUSE_PRICES(1.0),Analytical house prices indicators,I,ISR,Israel,Q,Quarterly,RHP,Real house price indices,IX,Index,2025-Q4,,137.233666471126,,A,Normal value,0,Units,S,"Seasonally adjusted, not calendar adjusted",1,One,2015,
DATAFLOW,OECD.ECO.MPD:DSD_AN_HOUSE_PRICES@DF_HOUSE_PRICES(1.0),Analytical house prices indicators,I,ISR,Israel,Q,Quarterly,RHP,Real house price indices,IX,Index,2026-Q1,,135.23671094774,,A,Normal value,0,Units,S,"Seasonally adjusted, not calendar adjusted",1,One,2015,
DATAFLOW,OECD.ECO.MPD:DSD_AN_HOUSE_PRICES@DF_HOUSE_PRICES(1.0),Analytical house prices indicators,I,COL,Colombia,Q,Quarterly,RHP,Real house price indices,IX,Index,2021-Q3,,106.454457580473,,A,Normal value,0,Units,S,"Seasonally adjusted, not calendar adjusted",1,One,2015,
DATAFLOW,OECD.ECO.MPD:DSD_AN_HOUSE_PRICES@DF_HOUSE_PRICES(1.0),Analytical house prices indicators,I,COL,Colombia,Q,Quarterly,RHP,Real house price indices,IX,Index,2021-Q4,,106.701372142341,,A,Normal value,0,Units,S,"Seasonally adjusted, not calendar adjusted",1,One,2015,
DATAFLOW,OECD.ECO.MPD:DSD_AN_HOUSE_PRICES@DF_HOUSE_PRICES(1.0),Analytical house prices indicators,I,COL,Colombia,Q,Quarterly,RHP,Real house price indices,IX,Index,2022-Q1,,103.554458178353,,A,Normal value,0,Units,S,"Seasonally adjusted, not calendar adjusted",1,One,2015,
DATAFLOW,OECD.ECO.MPD:DSD_AN_HOUSE_PRICES@DF_HOUSE_PRICES(1.0),Analytical house prices indicators,I,COL,Colombia,Q,Quarterly,RHP,Real house price indices,IX,Index,2022-Q2,,102.263345353307,,A,Normal value,0,Units,S,"Seasonally adjusted, not calendar adjusted",1,One,2015,
DATAFLOW,OECD.ECO.MPD:DSD_AN_HOUSE_PRICES@DF_HOUSE_PRICES(1.0),Analytical house prices indicators,I,COL,Colombia,Q,Quarterly,RHP,Real house price indices,IX,Index,2022-Q3,,100.175277421333,,A,Normal value,0,Units,S,"Seasonally adjusted, not calendar adjusted",1,One,2015,
DATAFLOW,OECD.ECO.MPD:DSD_AN_HOUSE_PRICES@DF_HOUSE_PRICES(1.0),Analytical house prices indicators,I,COL,Colombia,Q,Quarterly,RHP,Real house price indices,IX,Index,2022-Q4,,99.6809651755704,,A,Normal value,0,Units,S,"Seasonally adjusted, not calendar adjusted",1,One,2015,
DATAFLOW,OECD.ECO.MPD:DSD_AN_HOUSE_PRICES@DF_HOUSE_PRICES(1.0),Analytical house prices indicators,I,COL,Colombia,Q,Quarterly,RHP,Real house price indices,IX,Index,2023-Q1,,101.321013528934,,A,Normal value,0,Units,S,"Seasonally adjusted, not calendar adjusted",1,One,2015,
DATAFLOW,OECD.ECO.MPD:DSD_AN_HOUSE_PRICES@DF_HOUSE_PRICES(1.0),Analytical house prices indicators,I,COL,Colombia,Q,Quarterly,RHP,Real house price indices,IX,Index,2023-Q2,,100.652250397764,,A,Normal value,0,Units,S,"Seasonally adjusted, not calendar adjusted",1,One,2015,
DATAFLOW,OECD.ECO.MPD:DSD_AN_HOUSE_PRICES@DF_HOUSE_PRICES(1.0),Analytical house prices indicators,I,COL,Colombia,Q,Quarterly,RHP,Real house price indices,IX,Index,2023-Q3,,102.617267053745,,A,Normal value,0,Units,S,"Seasonally adjusted, not calendar adjusted",1,One,2015,
DATAFLOW,OECD.ECO.MPD:DSD_AN_HOUSE_PRICES@DF_HOUSE_PRICES(1.0),Analytical house prices indicators,I,COL,Colombia,Q,Quarterly,RHP,Real house price indices,IX,Index,2023-Q4,,99.7121993295755,,A,Normal value,0,Units,S,"Seasonally adjusted, not calendar adjusted",1,One,2015,
DATAFLOW,OECD.ECO.MPD:DSD_AN_HOUSE_PRICES@DF_HOUSE_PRICES(1.0),Analytical house prices indicators,I,COL,Colombia,Q,Quarterly,RHP,Real house price indices,IX,Index,2024-Q1,,104.951861952732,,A,Normal value,0,Units,S,"Seasonally adjusted, not calendar adjusted",1,One,2015,
DATAFLOW,OECD.ECO.MPD:DSD_AN_HOUSE_PRICES@DF_HOUSE_PRICES(1.0),Analytical house prices indicators,I,COL,Colombia,Q,Quarterly,RHP,Real house price indices,IX,Index,2024-Q2,,102.723636475051,,A,Normal value,0,Units,S,"Seasonally adjusted, not calendar adjusted",1,One,2015,
DATAFLOW,OECD.ECO.MPD:DSD_AN_HOUSE_PRICES@DF_HOUSE_PRICES(1.0),Analytical house prices indicators,I,COL,Colombia,Q,Quarterly,RHP,Real house price indices,IX,Index,2024-Q3,,104.055199647534,,A,Normal value,0,Units,S,"Seasonally adjusted, not calendar adjusted",1,One,2015,
DATAFLOW,OECD.ECO.MPD:DSD_AN_HOUSE_PRICES@DF_HOUSE_PRICES(1.0),Analytical house prices indicators,I,COL,Colombia,Q,Quarterly,RHP,Real house price indices,IX,Index,2024-Q4,,104.236873815561,,A,Normal value,0,Units,S,"Seasonally adjusted, not calendar adjusted",1,One,2015,
DATAFLOW,OECD.ECO.MPD:DSD_AN_HOUSE_PRICES@DF_HOUSE_PRICES(1.0),Analytical house prices indicators,I,COL,Colombia,Q,Quarterly,RHP,Real house price indices,IX,Index,2025-Q1,,104.044963615491,,A,Normal value,0,Units,S,"Seasonally adjusted, not calendar adjusted",1,One,2015,
DATAFLOW,OECD.ECO.MPD:DSD_AN_HOUSE_PRICES@DF_HOUSE_PRICES(1.0),Analytical house prices indicators,I,COL,Colombia,Q,Quarterly,RHP,Real house price indices,IX,Index,2025-Q2,,107.938866642882,,A,Normal value,0,Units,S,"Seasonally adjusted, not calendar adjusted",1,One,2015,
DATAFLOW,OECD.ECO.MPD:DSD_AN_HOUSE_PRICES@DF_HOUSE_PRICES(1.0),Analytical house prices indicators,I,COL,Colombia,Q,Quarterly,RHP,Real house price indices,IX,Index,2025-Q3,,107.234801600386,,A,Normal value,0,Units,S,"Seasonally adjusted, not calendar adjusted",1,One,2015,
DATAFLOW,OECD.ECO.MPD:DSD_AN_HOUSE_PRICES@DF_HOUSE_PRICES(1.0),Analytical house prices indicators,I,COL,Colombia,Q,Quarterly,RHP,Real house price indices,IX,Index,2025-Q4,,110.612270436771,,A,Normal value,0,Units,S,"Seasonally adjusted, not calendar adjusted",1,One,2015,
DATAFLOW,OECD.ECO.MPD:DSD_AN_HOUSE_PRICES@DF_HOUSE_PRICES(1.0),Analytical house prices indicators,I,COL,Colombia,Q,Quarterly,RHP,Real house price indices,IX,Index,2026-Q1,,110.870192829529,,A,Normal value,0,Units,S,"Seasonally adjusted, not calendar adjusted",1,One,2015,
DATAFLOW,OECD.ECO.MPD:DSD_AN_HOUSE_PRICES@DF_HOUSE_PRICES(1.0),Analytical house prices indicators,I,CAN,Canada,Q,Quarterly,RHP,Real house price indices,IX,Index,2021-Q3,,146.647591578419,,A,Normal value,0,Units,S,"Seasonally adjusted, not calendar adjusted",1,One,2015,
DATAFLOW,OECD.ECO.MPD:DSD_AN_HOUSE_PRICES@DF_HOUSE_PRICES(1.0),Analytical house prices indicators,I,CAN,Canada,Q,Quarterly,RHP,Real house price indices,IX,Index,2021-Q4,,149.854469333911,,A,Normal value,0,Units,S,"Seasonally adjusted, not calendar adjusted",1,One,2015,
DATAFLOW,OECD.ECO.MPD:DSD_AN_HOUSE_PRICES@DF_HOUSE_PRICES(1.0),Analytical house prices indicators,I,CAN,Canada,Q,Quarterly,RHP,Real house price indices,IX,Index,2022-Q1,,155.181390186294,,A,Normal value,0,Units,S,"Seasonally adjusted, not calendar adjusted",1,One,2015,
DATAFLOW,OECD.ECO.MPD:DSD_AN_HOUSE_PRICES@DF_HOUSE_PRICES(1.0),Analytical house prices indicators,I,CAN,Canada,Q,Quarterly,RHP,Real house price indices,IX,Index,2022-Q2,,157.306301072881,,A,Normal value,0,Units,S,"Seasonally adjusted, not calendar adjusted",1,One,2015,
DATAFLOW,OECD.ECO.MPD:DSD_AN_HOUSE_PRICES@DF_HOUSE_PRICES(1.0),Analytical house prices indicators,I,CAN,Canada,Q,Quarterly,RHP,Real house price indices,IX,Index,2022-Q3,,150.354794823331,,A,Normal value,0,Units,S,"Seasonally adjusted, not calendar adjusted",1,One,2015,
DATAFLOW,OECD.ECO.MPD:DSD_AN_HOUSE_PRICES@DF_HOUSE_PRICES(1.0),Analytical house prices indicators,I,CAN,Canada,Q,Quarterly,RHP,Real house price indices,IX,Index,2022-Q4,,144.972965811981,,A,Normal value,0,Units,S,"Seasonally adjusted, not calendar adjusted",1,One,2015,
DATAFLOW,OECD.ECO.MPD:DSD_AN_HOUSE_PRICES@DF_HOUSE_PRICES(1.0),Analytical house prices indicators,I,CAN,Canada,Q,Quarterly,RHP,Real house price indices,IX,Index,2023-Q1,,141.377594687013,,A,Normal value,0,Units,S,"Seasonally adjusted, not calendar adjusted",1,One,2015,
DATAFLOW,OECD.ECO.MPD:DSD_AN_HOUSE_PRICES@DF_HOUSE_PRICES(1.0),Analytical house prices indicators,I,CAN,Canada,Q,Quarterly,RHP,Real house price indices,IX,Index,2023-Q2,,141.367635151329,,A,Normal value,0,Units,S,"Seasonally adjusted, not calendar adjusted",1,One,2015,
DATAFLOW,OECD.ECO.MPD:DSD_AN_HOUSE_PRICES@DF_HOUSE_PRICES(1.0),Analytical house prices indicators,I,CAN,Canada,Q,Quarterly,RHP,Real house price indices,IX,Index,2023-Q3,,145.837592804845,,A,Normal value,0,Units,S,"Seasonally adjusted, not calendar adjusted",1,One,2015,
DATAFLOW,OECD.ECO.MPD:DSD_AN_HOUSE_PRICES@DF_HOUSE_PRICES(1.0),Analytical house prices indicators,I,CAN,Canada,Q,Quarterly,RHP,Real house price indices,IX,Index,2023-Q4,,144.803826015121,,A,Normal value,0,Units,S,"Seasonally adjusted, not calendar adjusted",1,One,2015,
DATAFLOW,OECD.ECO.MPD:DSD_AN_HOUSE_PRICES@DF_HOUSE_PRICES(1.0),Analytical house prices indicators,I,CAN,Canada,Q,Quarterly,RHP,Real house price indices,IX,Index,2024-Q1,,143.64645165129,,A,Normal value,0,Units,S,"Seasonally adjusted, not calendar adjusted",1,One,2015,
DATAFLOW,OECD.ECO.MPD:DSD_AN_HOUSE_PRICES@DF_HOUSE_PRICES(1.0),Analytical house prices indicators,I,CAN,Canada,Q,Quarterly,RHP,Real house price indices,IX,Index,2024-Q2,,144.356998726433,,A,Normal value,0,Units,S,"Seasonally adjusted, not calendar adjusted",1,One,2015,
DATAFLOW,OECD.ECO.MPD:DSD_AN_HOUSE_PRICES@DF_HOUSE_PRICES(1.0),Analytical house prices indicators,I,CAN,Canada,Q,Quarterly,RHP,Real house price indices,IX,Index,2024-Q3,,144.074050555108,,A,Normal value,0,Units,S,"Seasonally adjusted, not calendar adjusted",1,One,2015,
DATAFLOW,OECD.ECO.MPD:DSD_AN_HOUSE_PRICES@DF_HOUSE_PRICES(1.0),Analytical house prices indicators,I,CAN,Canada,Q,Quarterly,RHP,Real house price indices,IX,Index,2024-Q4,,144.550752556667,,A,Normal value,0,Units,S,"Seasonally adjusted, not calendar adjusted",1,One,2015,
DATAFLOW,OECD.ECO.MPD:DSD_AN_HOUSE_PRICES@DF_HOUSE_PRICES(1.0),Analytical house prices indicators,I,CAN,Canada,Q,Quarterly,RHP,Real house price indices,IX,Index,2025-Q1,,143.937431533559,,A,Normal value,0,Units,S,"Seasonally adjusted, not calendar adjusted",1,One,2015,
DATAFLOW,OECD.ECO.MPD:DSD_AN_HOUSE_PRICES@DF_HOUSE_PRICES(1.0),Analytical house prices indicators,I,CAN,Canada,Q,Quarterly,RHP,Real house price indices,IX,Index,2025-Q2,,140.234103846876,,A,Normal value,0,Units,S,"Seasonally adjusted, not calendar adjusted",1,One,2015,
DATAFLOW,OECD.ECO.MPD:DSD_AN_HOUSE_PRICES@DF_HOUSE_PRICES(1.0),Analytical house prices indicators,I,CAN,Canada,Q,Quarterly,RHP,Real house price indices,IX,Index,2025-Q3,,137.248613776868,,A,Normal value,0,Units,S,"Seasonally adjusted, not calendar adjusted",1,One,2015,
DATAFLOW,OECD.ECO.MPD:DSD_AN_HOUSE_PRICES@DF_HOUSE_PRICES(1.0),Analytical house prices indicators,I,CAN,Canada,Q,Quarterly,RHP,Real house price indices,IX,Index,2025-Q4,,136.68289059965,,A,Normal value,0,Units,S,"Seasonally adjusted, not calendar adjusted",1,One,2015,
DATAFLOW,OECD.ECO.MPD:DSD_AN_HOUSE_PRICES@DF_HOUSE_PRICES(1.0),Analytical house prices indicators,I,CAN,Canada,Q,Quarterly,RHP,Real house price indices,IX,Index,2026-Q1,,134.242441779932,,A,Normal value,0,Units,S,"Seasonally adjusted, not calendar adjusted",1,One,2015,
DATAFLOW,OECD.ECO.MPD:DSD_AN_HOUSE_PRICES@DF_HOUSE_PRICES(1.0),Analytical house prices indicators,I,CAN,Canada,Q,Quarterly,RHP,Real house price indices,IX,Index,2026-Q2,,130.437443031178,,A,Normal value,0,Units,S,"Seasonally adjusted, not calendar adjusted",1,One,2015,
DATAFLOW,OECD.ECO.MPD:DSD_AN_HOUSE_PRICES@DF_HOUSE_PRICES(1.0),Analytical house prices indicators,I,SWE,Sweden,Q,Quarterly,RHP,Real house price indices,IX,Index,2021-Q3,,123.827720313783,,A,Normal value,0,Units,S,"Seasonally adjusted, not calendar adjusted",1,One,2015,
DATAFLOW,OECD.ECO.MPD:DSD_AN_HOUSE_PRICES@DF_HOUSE_PRICES(1.0),Analytical house prices indicators,I,SWE,Sweden,Q,Quarterly,RHP,Real house price indices,IX,Index,2021-Q4,,124.846629049861,,A,Normal value,0,Units,S,"Seasonally adjusted, not calendar adjusted",1,One,2015,
DATAFLOW,OECD.ECO.MPD:DSD_AN_HOUSE_PRICES@DF_HOUSE_PRICES(1.0),Analytical house prices indicators,I,SWE,Sweden,Q,Quarterly,RHP,Real house price indices,IX,Index,2022-Q1,,125.213432610459,,A,Normal value,0,Units,S,"Seasonally adjusted, not calendar adjusted",1,One,2015,
DATAFLOW,OECD.ECO.MPD:DSD_AN_HOUSE_PRICES@DF_HOUSE_PRICES(1.0),Analytical house prices indicators,I,SWE,Sweden,Q,Quarterly,RHP,Real house price indices,IX,Index,2022-Q2,,121.056494865941,,A,Normal value,0,Units,S,"Seasonally adjusted, not calendar adjusted",1,One,2015,
DATAFLOW,OECD.ECO.MPD:DSD_AN_HOUSE_PRICES@DF_HOUSE_PRICES(1.0),Analytical house prices indicators,I,SWE,Sweden,Q,Quarterly,RHP,Real house price indices,IX,Index,2022-Q3,,115.599421324565,,A,Normal value,0,Units,S,"Seasonally adjusted, not calendar adjusted",1,One,2015,
DATAFLOW,OECD.ECO.MPD:DSD_AN_HOUSE_PRICES@DF_HOUSE_PRICES(1.0),Analytical house prices indicators,I,SWE,Sweden,Q,Quarterly,RHP,Real house price indices,IX,Index,2022-Q4,,110.238386986572,,A,Normal value,0,Units,S,"Seasonally adjusted, not calendar adjusted",1,One,2015,
DATAFLOW,OECD.ECO.MPD:DSD_AN_HOUSE_PRICES@DF_HOUSE_PRICES(1.0),Analytical house prices indicators,I,SWE,Sweden,Q,Quarterly,RHP,Real house price indices,IX,Index,2023-Q1,,107.094903725762,,A,Normal value,0,Units,S,"Seasonally adjusted, not calendar adjusted",1,One,2015,
DATAFLOW,OECD.ECO.MPD:DSD_AN_HOUSE_PRICES@DF_HOUSE_PRICES(1.0),Analytical house prices indicators,I,SWE,Sweden,Q,Quarterly,RHP,Real house price indices,IX,Index,2023-Q2,,104.788307353773,,A,Normal value,0,Units,S,"Seasonally adjusted, not calendar adjusted",1,One,2015,
DATAFLOW,OECD.ECO.MPD:DSD_AN_HOUSE_PRICES@DF_HOUSE_PRICES(1.0),Analytical house prices indicators,I,SWE,Sweden,Q,Quarterly,RHP,Real house price indices,IX,Index,2023-Q3,,103.690195422472,,A,Normal value,0,Units,S,"Seasonally adjusted, not calendar adjusted",1,One,2015,
DATAFLOW,OECD.ECO.MPD:DSD_AN_HOUSE_PRICES@DF_HOUSE_PRICES(1.0),Analytical house prices indicators,I,SWE,Sweden,Q,Quarterly,RHP,Real house price indices,IX,Index,2023-Q4,,103.409183725436,,A,Normal value,0,Units,S,"Seasonally adjusted, not calendar adjusted",1,One,2015,
DATAFLOW,OECD.ECO.MPD:DSD_AN_HOUSE_PRICES@DF_HOUSE_PRICES(1.0),Analytical house prices indicators,I,SWE,Sweden,Q,Quarterly,RHP,Real house price indices,IX,Index,2024-Q1,,101.48325621177,,A,Normal value,0,Units,S,"Seasonally adjusted, not calendar adjusted",1,One,2015,
DATAFLOW,OECD.ECO.MPD:DSD_AN_HOUSE_PRICES@DF_HOUSE_PRICES(1.0),Analytical house prices indicators,I,SWE,Sweden,Q,Quarterly,RHP,Real house price indices,IX,Index,2024-Q2,,101.293519410684,,A,Normal value,0,Units,S,"Seasonally adjusted, not calendar adjusted",1,One,2015,
DATAFLOW,OECD.ECO.MPD:DSD_AN_HOUSE_PRICES@DF_HOUSE_PRICES(1.0),Analytical house prices indicators,I,SWE,Sweden,Q,Quarterly,RHP,Real house price indices,IX,Index,2024-Q3,,101.930324609188,,A,Normal value,0,Units,S,"Seasonally adjusted, not calendar adjusted",1,One,2015,
DATAFLOW,OECD.ECO.MPD:DSD_AN_HOUSE_PRICES@DF_HOUSE_PRICES(1.0),Analytical house prices indicators,I,SWE,Sweden,Q,Quarterly,RHP,Real house price indices,IX,Index,2024-Q4,,102.485159351164,,A,Normal value,0,Units,S,"Seasonally adjusted, not calendar adjusted",1,One,2015,
DATAFLOW,OECD.ECO.MPD:DSD_AN_HOUSE_PRICES@DF_HOUSE_PRICES(1.0),Analytical house prices indicators,I,SWE,Sweden,Q,Quarterly,RHP,Real house price indices,IX,Index,2025-Q1,,101.225497244369,,A,Normal value,0,Units,S,"Seasonally adjusted, not calendar adjusted",1,One,2015,
DATAFLOW,OECD.ECO.MPD:DSD_AN_HOUSE_PRICES@DF_HOUSE_PRICES(1.0),Analytical house prices indicators,I,SWE,Sweden,Q,Quarterly,RHP,Real house price indices,IX,Index,2025-Q2,,99.4512451419567,,A,Normal value,0,Units,S,"Seasonally adjusted, not calendar adjusted",1,One,2015,
DATAFLOW,OECD.ECO.MPD:DSD_AN_HOUSE_PRICES@DF_HOUSE_PRICES(1.0),Analytical house prices indicators,I,SWE,Sweden,Q,Quarterly,RHP,Real house price indices,IX,Index,2025-Q3,,99.3092652535174,,A,Normal value,0,Units,S,"Seasonally adjusted, not calendar adjusted",1,One,2015,
DATAFLOW,OECD.ECO.MPD:DSD_AN_HOUSE_PRICES@DF_HOUSE_PRICES(1.0),Analytical house prices indicators,I,SWE,Sweden,Q,Quarterly,RHP,Real house price indices,IX,Index,2025-Q4,,100.853794335855,,A,Normal value,0,Units,S,"Seasonally adjusted, not calendar adjusted",1,One,2015,
DATAFLOW,OECD.ECO.MPD:DSD_AN_HOUSE_PRICES@DF_HOUSE_PRICES(1.0),Analytical house prices indicators,I,SWE,Sweden,Q,Quarterly,RHP,Real house price indices,IX,Index,2026-Q1,,101.785502937241,,A,Normal value,0,Units,S,"Seasonally adjusted, not calendar adjusted",1,One,2015,
DATAFLOW,OECD.ECO.MPD:DSD_AN_HOUSE_PRICES@DF_HOUSE_PRICES(1.0),Analytical house prices indicators,I,OECD,OECD,Q,Quarterly,RHP,Real house price indices,IX,Index,2021-Q3,,129.033559875203,,A,Normal value,0,Units,S,"Seasonally adjusted, not calendar adjusted",1,One,2015,
DATAFLOW,OECD.ECO.MPD:DSD_AN_HOUSE_PRICES@DF_HOUSE_PRICES(1.0),Analytical house prices indicators,I,OECD,OECD,Q,Quarterly,RHP,Real house price indices,IX,Index,2021-Q4,,131.135023079961,,A,Normal value,0,Units,S,"Seasonally adjusted, not calendar adjusted",1,One,2015,
DATAFLOW,OECD.ECO.MPD:DSD_AN_HOUSE_PRICES@DF_HOUSE_PRICES(1.0),Analytical house prices indicators,I,OECD,OECD,Q,Quarterly,RHP,Real house price indices,IX,Index,2022-Q1,,133.017481065811,,A,Normal value,0,Units,S,"Seasonally adjusted, not calendar adjusted",1,One,2015,
DATAFLOW,OECD.ECO.MPD:DSD_AN_HOUSE_PRICES@DF_HOUSE_PRICES(1.0),Analytical house prices indicators,I,OECD,OECD,Q,Quarterly,RHP,Real house price indices,IX,Index,2022-Q2,,133.734058293792,,A,Normal value,0,Units,S,"Seasonally adjusted, not calendar adjusted",1,One,2015,
DATAFLOW,OECD.ECO.MPD:DSD_AN_HOUSE_PRICES@DF_HOUSE_PRICES(1.0),Analytical house prices indicators,I,OECD,OECD,Q,Quarterly,RHP,Real house price indices,IX,Index,2022-Q3,,133.013092203611,,A,Normal value,0,Units,S,"Seasonally adjusted, not calendar adjusted",1,One,2015,
DATAFLOW,OECD.ECO.MPD:DSD_AN_HOUSE_PRICES@DF_HOUSE_PRICES(1.0),Analytical house prices indicators,I,OECD,OECD,Q,Quarterly,RHP,Real house price indices,IX,Index,2022-Q4,,130.939335363031,,A,Normal value,0,Units,S,"Seasonally adjusted, not calendar adjusted",1,One,2015,
DATAFLOW,OECD.ECO.MPD:DSD_AN_HOUSE_PRICES@DF_HOUSE_PRICES(1.0),Analytical house prices indicators,I,OECD,OECD,Q,Quarterly,RHP,Real house price indices,IX,Index,2023-Q1,,129.982723786753,,A,Normal value,0,Units,S,"Seasonally adjusted, not calendar adjusted",1,One,2015,
DATAFLOW,OECD.ECO.MPD:DSD_AN_HOUSE_PRICES@DF_HOUSE_PRICES(1.0),Analytical house prices indicators,I,OECD,OECD,Q,Quarterly,RHP,Real house price indices,IX,Index,2023-Q2,,130.117762591021,,A,Normal value,0,Units,S,"Seasonally adjusted, not calendar adjusted",1,One,2015,
DATAFLOW,OECD.ECO.MPD:DSD_AN_HOUSE_PRICES@DF_HOUSE_PRICES(1.0),Analytical house prices indicators,I,OECD,OECD,Q,Quarterly,RHP,Real house price indices,IX,Index,2023-Q3,,130.52837534318,,A,Normal value,0,Units,S,"Seasonally adjusted, not calendar adjusted",1,One,2015,
DATAFLOW,OECD.ECO.MPD:DSD_AN_HOUSE_PRICES@DF_HOUSE_PRICES(1.0),Analytical house prices indicators,I,OECD,OECD,Q,Quarterly,RHP,Real house price indices,IX,Index,2023-Q4,,130.743498373415,,A,Normal value,0,Units,S,"Seasonally adjusted, not calendar adjusted",1,One,2015,
DATAFLOW,OECD.ECO.MPD:DSD_AN_HOUSE_PRICES@DF_HOUSE_PRICES(1.0),Analytical house prices indicators,I,OECD,OECD,Q,Quarterly,RHP,Real house price indices,IX,Index,2024-Q1,,130.52828264904,,A,Normal value,0,Units,S,"Seasonally adjusted, not calendar adjusted",1,One,2015,
DATAFLOW,OECD.ECO.MPD:DSD_AN_HOUSE_PRICES@DF_HOUSE_PRICES(1.0),Analytical house prices indicators,I,OECD,OECD,Q,Quarterly,RHP,Real house price indices,IX,Index,2024-Q2,,130.797756529757,,A,Normal value,0,Units,S,"Seasonally adjusted, not calendar adjusted",1,One,2015,
DATAFLOW,OECD.ECO.MPD:DSD_AN_HOUSE_PRICES@DF_HOUSE_PRICES(1.0),Analytical house prices indicators,I,OECD,OECD,Q,Quarterly,RHP,Real house price indices,IX,Index,2024-Q3,,131.269979722707,,A,Normal value,0,Units,S,"Seasonally adjusted, not calendar adjusted",1,One,2015,
DATAFLOW,OECD.ECO.MPD:DSD_AN_HOUSE_PRICES@DF_HOUSE_PRICES(1.0),Analytical house prices indicators,I,OECD,OECD,Q,Quarterly,RHP,Real house price indices,IX,Index,2024-Q4,,132.217008648686,,A,Normal value,0,Units,S,"Seasonally adjusted, not calendar adjusted",1,One,2015,
DATAFLOW,OECD.ECO.MPD:DSD_AN_HOUSE_PRICES@DF_HOUSE_PRICES(1.0),Analytical house prices indicators,I,OECD,OECD,Q,Quarterly,RHP,Real house price indices,IX,Index,2025-Q1,,132.558060393116,,A,Normal value,0,Units,S,"Seasonally adjusted, not calendar adjusted",1,One,2015,
DATAFLOW,OECD.ECO.MPD:DSD_AN_HOUSE_PRICES@DF_HOUSE_PRICES(1.0),Analytical house prices indicators,I,OECD,OECD,Q,Quarterly,RHP,Real house price indices,IX,Index,2025-Q2,,132.36227422636,,A,Normal value,0,Units,S,"Seasonally adjusted, not calendar adjusted",1,One,2015,
DATAFLOW,OECD.ECO.MPD:DSD_AN_HOUSE_PRICES@DF_HOUSE_PRICES(1.0),Analytical house prices indicators,I,OECD,OECD,Q,Quarterly,RHP,Real house price indices,IX,Index,2025-Q3,,132.547361851586,,A,Normal value,0,Units,S,"Seasonally adjusted, not calendar adjusted",1,One,2015,
DATAFLOW,OECD.ECO.MPD:DSD_AN_HOUSE_PRICES@DF_HOUSE_PRICES(1.0),Analytical house prices indicators,I,OECD,OECD,Q,Quarterly,RHP,Real house price indices,IX,Index,2025-Q4,,133.463637203374,,A,Normal value,0,Units,S,"Seasonally adjusted, not calendar adjusted",1,One,2015,
DATAFLOW,OECD.ECO.MPD:DSD_AN_HOUSE_PRICES@DF_HOUSE_PRICES(1.0),Analytical house prices indicators,I,OECD,OECD,Q,Quarterly,RHP,Real house price indices,IX,Index,2026-Q1,,133.281847059846,,A,Normal value,0,Units,S,"Seasonally adjusted, not calendar adjusted",1,One,2015,
DATAFLOW,OECD.ECO.MPD:DSD_AN_HOUSE_PRICES@DF_HOUSE_PRICES(1.0),Analytical house prices indicators,I,IND,India,Q,Quarterly,RHP,Real house price indices,IX,Index,2021-Q3,,101.473145215048,,A,Normal value,0,Units,S,"Seasonally adjusted, not calendar adjusted",1,One,2015,
DATAFLOW,OECD.ECO.MPD:DSD_AN_HOUSE_PRICES@DF_HOUSE_PRICES(1.0),Analytical house prices indicators,I,IND,India,Q,Quarterly,RHP,Real house price indices,IX,Index,2021-Q4,,102.06640654383,,A,Normal value,0,Units,S,"Seasonally adjusted, not calendar adjusted",1,One,2015,
DATAFLOW,OECD.ECO.MPD:DSD_AN_HOUSE_PRICES@DF_HOUSE_PRICES(1.0),Analytical house prices indicators,I,IND,India,Q,Quarterly,RHP,Real house price indices,IX,Index,2022-Q1,,99.7128118974539,,A,Normal value,0,Units,S,"Seasonally adjusted, not calendar adjusted",1,One,2015,
DATAFLOW,OECD.ECO.MPD:DSD_AN_HOUSE_PRICES@DF_HOUSE_PRICES(1.0),Analytical house prices indicators,I,IND,India,Q,Quarterly,RHP,Real house price indices,IX,Index,2022-Q2,,99.3888650751297,,A,Normal value,0,Units,S,"Seasonally adjusted, not calendar adjusted",1,One,2015,
DATAFLOW,OECD.ECO.MPD:DSD_AN_HOUSE_PRICES@DF_HOUSE_PRICES(1.0),Analytical house prices indicators,I,IND,India,Q,Quarterly,RHP,Real house price indices,IX,Index,2022-Q3,,100.654384895825,,A,Normal value,0,Units,S,"Seasonally adjusted, not calendar adjusted",1,One,2015,
DATAFLOW,OECD.ECO.MPD:DSD_AN_HOUSE_PRICES@DF_HOUSE_PRICES(1.0),Analytical house prices indicators,I,IND,India,Q,Quarterly,RHP,Real house price indices,IX,Index,2022-Q4,,100.249124366387,,A,Normal value,0,Units,S,"Seasonally adjusted, not calendar adjusted",1,One,2015,
DATAFLOW,OECD.ECO.MPD:DSD_AN_HOUSE_PRICES@DF_HOUSE_PRICES(1.0),Analytical house prices indicators,I,IND,India,Q,Quarterly,RHP,Real house price indices,IX,Index,2023-Q1,,99.2972163857814,,A,Normal value,0,Units,S,"Seasonally adjusted, not calendar adjusted",1,One,2015,
DATAFLOW,OECD.ECO.MPD:DSD_AN_HOUSE_PRICES@DF_HOUSE_PRICES(1.0),Analytical house prices indicators,I,IND,India,Q,Quarterly,RHP,Real house price indices,IX,Index,2023-Q2,,99.3621392416205,,A,Normal value,0,Units,S,"Seasonally adjusted, not calendar adjusted",1,One,2015,
DATAFLOW,OECD.ECO.MPD:DSD_AN_HOUSE_PRICES@DF_HOUSE_PRICES(1.0),Analytical house prices indicators,I,IND,India,Q,Quarterly,RHP,Real house price indices,IX,Index,2023-Q3,,99.8441785962851,,A,Normal value,0,Units,S,"Seasonally adjusted, not calendar adjusted",1,One,2015,
DATAFLOW,OECD.ECO.MPD:DSD_AN_HOUSE_PRICES@DF_HOUSE_PRICES(1.0),Analytical house prices indicators,I,IND,India,Q,Quarterly,RHP,Real house price indices,IX,Index,2023-Q4,,100.123959030775,,A,Normal value,0,Units,S,"Seasonally adjusted, not calendar adjusted",1,One,2015,
DATAFLOW,OECD.ECO.MPD:DSD_AN_HOUSE_PRICES@DF_HOUSE_PRICES(1.0),Analytical house prices indicators,I,IND,India,Q,Quarterly,RHP,Real house price indices,IX,Index,2024-Q1,,102.650915285565,,A,Normal value,0,Units,S,"Seasonally adjusted, not calendar adjusted",1,One,2015,
DATAFLOW,OECD.ECO.MPD:DSD_AN_HOUSE_PRICES@DF_HOUSE_PRICES(1.0),Analytical house prices indicators,I,IND,India,Q,Quarterly,RHP,Real house price indices,IX,Index,2024-Q2,,102.982392276186,,A,Normal value,0,Units,S,"Seasonally adjusted, not calendar adjusted",1,One,2015,
DATAFLOW,OECD.ECO.MPD:DSD_AN_HOUSE_PRICES@DF_HOUSE_PRICES(1.0),Analytical house prices indicators,I,IND,India,Q,Quarterly,RHP,Real house price indices,IX,Index,2024-Q3,,103.086096754434,,A,Normal value,0,Units,S,"Seasonally adjusted, not calendar adjusted",1,One,2015,
DATAFLOW,OECD.ECO.MPD:DSD_AN_HOUSE_PRICES@DF_HOUSE_PRICES(1.0),Analytical house prices indicators,I,IND,India,Q,Quarterly,RHP,Real house price indices,IX,Index,2024-Q4,,103.333368230188,,A,Normal value,0,Units,S,"Seasonally adjusted, not calendar adjusted",1,One,2015,
DATAFLOW,OECD.ECO.MPD:DSD_AN_HOUSE_PRICES@DF_HOUSE_PRICES(1.0),Analytical house prices indicators,I,IND,India,Q,Quarterly,RHP,Real house price indices,IX,Index,2025-Q1,,103.540422097572,,A,Normal value,0,Units,S,"Seasonally adjusted, not calendar adjusted",1,One,2015,
DATAFLOW,OECD.ECO.MPD:DSD_AN_HOUSE_PRICES@DF_HOUSE_PRICES(1.0),Analytical house prices indicators,I,IND,India,Q,Quarterly,RHP,Real house price indices,IX,Index,2025-Q2,,105.042229549321,,A,Normal value,0,Units,S,"Seasonally adjusted, not calendar adjusted",1,One,2015,
DATAFLOW,OECD.ECO.MPD:DSD_AN_HOUSE_PRICES@DF_HOUSE_PRICES(1.0),Analytical house prices indicators,I,IND,India,Q,Quarterly,RHP,Real house price indices,IX,Index,2025-Q3,,105.335471123461,,A,Normal value,0,Units,S,"Seasonally adjusted, not calendar adjusted",1,One,2015,
DATAFLOW,OECD.ECO.MPD:DSD_AN_HOUSE_PRICES@DF_HOUSE_PRICES(1.0),Analytical house prices indicators,I,IND,India,Q,Quarterly,RHP,Real house price indices,IX,Index,2025-Q4,,106.214515090233,,A,Normal value,0,Units,S,"Seasonally adjusted, not calendar adjusted",1,One,2015,
DATAFLOW,OECD.ECO.MPD:DSD_AN_HOUSE_PRICES@DF_HOUSE_PRICES(1.0),Analytical house prices indicators,I,IND,India,Q,Quarterly,RHP,Real house price indices,IX,Index,2026-Q1,,106.593026361077,,A,Normal value,0,Units,S,"Seasonally adjusted, not calendar adjusted",1,One,2015,
DATAFLOW,OECD.ECO.MPD:DSD_AN_HOUSE_PRICES@DF_HOUSE_PRICES(1.0),Analytical house prices indicators,I,NLD,Netherlands,Q,Quarterly,RHP,Real house price indices,IX,Index,2021-Q3,,147.629950852028,,A,Normal value,0,Units,S,"Seasonally adjusted, not calendar adjusted",1,One,2015,
DATAFLOW,OECD.ECO.MPD:DSD_AN_HOUSE_PRICES@DF_HOUSE_PRICES(1.0),Analytical house prices indicators,I,NLD,Netherlands,Q,Quarterly,RHP,Real house price indices,IX,Index,2021-Q4,,152.157491088915,,A,Normal value,0,Units,S,"Seasonally adjusted, not calendar adjusted",1,One,2015,
DATAFLOW,OECD.ECO.MPD:DSD_AN_HOUSE_PRICES@DF_HOUSE_PRICES(1.0),Analytical house prices indicators,I,NLD,Netherlands,Q,Quarterly,RHP,Real house price indices,IX,Index,2022-Q1,,155.454556430304,,A,Normal value,0,Units,S,"Seasonally adjusted, not calendar adjusted",1,One,2015,
DATAFLOW,OECD.ECO.MPD:DSD_AN_HOUSE_PRICES@DF_HOUSE_PRICES(1.0),Analytical house prices indicators,I,NLD,Netherlands,Q,Quarterly,RHP,Real house price indices,IX,Index,2022-Q2,,156.089424134629,,A,Normal value,0,Units,S,"Seasonally adjusted, not calendar adjusted",1,One,2015,
DATAFLOW,OECD.ECO.MPD:DSD_AN_HOUSE_PRICES@DF_HOUSE_PRICES(1.0),Analytical house prices indicators,I,NLD,Netherlands,Q,Quarterly,RHP,Real house price indices,IX,Index,2022-Q3,,152.924120361316,,A,Normal value,0,Units,S,"Seasonally adjusted, not calendar adjusted",1,One,2015,
DATAFLOW,OECD.ECO.MPD:DSD_AN_HOUSE_PRICES@DF_HOUSE_PRICES(1.0),Analytical house prices indicators,I,NLD,Netherlands,Q,Quarterly,RHP,Real house price indices,IX,Index,2022-Q4,,144.628094735886,,A,Normal value,0,Units,S,"Seasonally adjusted, not calendar adjusted",1,One,2015,
DATAFLOW,OECD.ECO.MPD:DSD_AN_HOUSE_PRICES@DF_HOUSE_PRICES(1.0),Analytical house prices indicators,I,NLD,Netherlands,Q,Quarterly,RHP,Real house price indices,IX,Index,2023-Q1,,141.396793714041,,A,Normal value,0,Units,S,"Seasonally adjusted, not calendar adjusted",1,One,2015,
DATAFLOW,OECD.ECO.MPD:DSD_AN_HOUSE_PRICES@DF_HOUSE_PRICES(1.0),Analytical house prices indicators,I,NLD,Netherlands,Q,Quarterly,RHP,Real house price indices,IX,Index,2023-Q2,,138.402751165461,,A,Normal value,0,Units,S,"Seasonally adjusted, not calendar adjusted",1,One,2015,
DATAFLOW,OECD.ECO.MPD:DSD_AN_HOUSE_PRICES@DF_HOUSE_PRICES(1.0),Analytical house prices indicators,I,NLD,Netherlands,Q,Quarterly,RHP,Real house price indices,IX,Index,2023-Q3,,137.606784307068,,A,Normal value,0,Units,S,"Seasonally adjusted, not calendar adjusted",1,One,2015,
DATAFLOW,OECD.ECO.MPD:DSD_AN_HOUSE_PRICES@DF_HOUSE_PRICES(1.0),Analytical house prices indicators,I,NLD,Netherlands,Q,Quarterly,RHP,Real house price indices,IX,Index,2023-Q4,,140.783117002163,,A,Normal value,0,Units,S,"Seasonally adjusted, not calendar adjusted",1,One,2015,
DATAFLOW,OECD.ECO.MPD:DSD_AN_HOUSE_PRICES@DF_HOUSE_PRICES(1.0),Analytical house prices indicators,I,NLD,Netherlands,Q,Quarterly,RHP,Real house price indices,IX,Index,2024-Q1,,142.015083850404,,A,Normal value,0,Units,S,"Seasonally adjusted, not calendar adjusted",1,One,2015,
DATAFLOW,OECD.ECO.MPD:DSD_AN_HOUSE_PRICES@DF_HOUSE_PRICES(1.0),Analytical house prices indicators,I,NLD,Netherlands,Q,Quarterly,RHP,Real house price indices,IX,Index,2024-Q2,,144.59625517408,,A,Normal value,0,Units,S,"Seasonally adjusted, not calendar adjusted",1,One,2015,
DATAFLOW,OECD.ECO.MPD:DSD_AN_HOUSE_PRICES@DF_HOUSE_PRICES(1.0),Analytical house prices indicators,I,NLD,Netherlands,Q,Quarterly,RHP,Real house price indices,IX,Index,2024-Q3,,148.188214795034,,A,Normal value,0,Units,S,"Seasonally adjusted, not calendar adjusted",1,One,2015,
DATAFLOW,OECD.ECO.MPD:DSD_AN_HOUSE_PRICES@DF_HOUSE_PRICES(1.0),Analytical house prices indicators,I,NLD,Netherlands,Q,Quarterly,RHP,Real house price indices,IX,Index,2024-Q4,,152.22315793689,,A,Normal value,0,Units,S,"Seasonally adjusted, not calendar adjusted",1,One,2015,
DATAFLOW,OECD.ECO.MPD:DSD_AN_HOUSE_PRICES@DF_HOUSE_PRICES(1.0),Analytical house prices indicators,I,NLD,Netherlands,Q,Quarterly,RHP,Real house price indices,IX,Index,2025-Q1,,153.26124386537,,A,Normal value,0,Units,S,"Seasonally adjusted, not calendar adjusted",1,One,2015,
DATAFLOW,OECD.ECO.MPD:DSD_AN_HOUSE_PRICES@DF_HOUSE_PRICES(1.0),Analytical house prices indicators,I,NLD,Netherlands,Q,Quarterly,RHP,Real house price indices,IX,Index,2025-Q2,,155.13133327743,,A,Normal value,0,Units,S,"Seasonally adjusted, not calendar adjusted",1,One,2015,
DATAFLOW,OECD.ECO.MPD:DSD_AN_HOUSE_PRICES@DF_HOUSE_PRICES(1.0),Analytical house prices indicators,I,NLD,Netherlands,Q,Quarterly,RHP,Real house price indices,IX,Index,2025-Q3,,156.036167526036,,A,Normal value,0,Units,S,"Seasonally adjusted, not calendar adjusted",1,One,2015,
DATAFLOW,OECD.ECO.MPD:DSD_AN_HOUSE_PRICES@DF_HOUSE_PRICES(1.0),Analytical house prices indicators,I,NLD,Netherlands,Q,Quarterly,RHP,Real house price indices,IX,Index,2025-Q4,,156.607464633538,,A,Normal value,0,Units,S,"Seasonally adjusted, not calendar adjusted",1,One,2015,
DATAFLOW,OECD.ECO.MPD:DSD_AN_HOUSE_PRICES@DF_HOUSE_PRICES(1.0),Analytical house prices indicators,I,FRA,France,Q,Quarterly,RHP,Real house price indices,IX,Index,2021-Q3,,118.261347388975,,A,Normal value,0,Units,S,"Seasonally adjusted, not calendar adjusted",1,One,2015,
DATAFLOW,OECD.ECO.MPD:DSD_AN_HOUSE_PRICES@DF_HOUSE_PRICES(1.0),Analytical house prices indicators,I,FRA,France,Q,Quarterly,RHP,Real house price indices,IX,Index,2021-Q4,,119.496453685394,,A,Normal value,0,Units,S,"Seasonally adjusted, not calendar adjusted",1,One,2015,
DATAFLOW,OECD.ECO.MPD:DSD_AN_HOUSE_PRICES@DF_HOUSE_PRICES(1.0),Analytical house prices indicators,I,FRA,France,Q,Quarterly,RHP,Real house price indices,IX,Index,2022-Q1,,119.807119843528,,A,Normal value,0,Units,S,"Seasonally adjusted, not calendar adjusted",1,One,2015,
DATAFLOW,OECD.ECO.MPD:DSD_AN_HOUSE_PRICES@DF_HOUSE_PRICES(1.0),Analytical house prices indicators,I,FRA,France,Q,Quarterly,RHP,Real house price indices,IX,Index,2022-Q2,,119.68774386334,,A,Normal value,0,Units,S,"Seasonally adjusted, not calendar adjusted",1,One,2015,
DATAFLOW,OECD.ECO.MPD:DSD_AN_HOUSE_PRICES@DF_HOUSE_PRICES(1.0),Analytical house prices indicators,I,FRA,France,Q,Quarterly,RHP,Real house price indices,IX,Index,2022-Q3,,119.286626468663,,A,Normal value,0,Units,S,"Seasonally adjusted, not calendar adjusted",1,One,2015,
DATAFLOW,OECD.ECO.MPD:DSD_AN_HOUSE_PRICES@DF_HOUSE_PRICES(1.0),Analytical house prices indicators,I,FRA,France,Q,Quarterly,RHP,Real house price indices,IX,Index,2022-Q4,,117.524260010249,,A,Normal value,0,Units,S,"Seasonally adjusted, not calendar adjusted",1,One,2015,
DATAFLOW,OECD.ECO.MPD:DSD_AN_HOUSE_PRICES@DF_HOUSE_PRICES(1.0),Analytical house prices indicators,I,FRA,France,Q,Quarterly,RHP,Real house price indices,IX,Index,2023-Q1,,114.755687758215,,A,Normal value,0,Units,S,"Seasonally adjusted, not calendar adjusted",1,One,2015,
DATAFLOW,OECD.ECO.MPD:DSD_AN_HOUSE_PRICES@DF_HOUSE_PRICES(1.0),Analytical house prices indicators,I,FRA,France,Q,Quarterly,RHP,Real house price indices,IX,Index,2023-Q2,,111.837610110301,,A,Normal value,0,Units,S,"Seasonally adjusted, not calendar adjusted",1,One,2015,
DATAFLOW,OECD.ECO.MPD:DSD_AN_HOUSE_PRICES@DF_HOUSE_PRICES(1.0),Analytical house prices indicators,I,FRA,France,Q,Quarterly,RHP,Real house price indices,IX,Index,2023-Q3,,109.255990014198,,A,Normal value,0,Units,S,"Seasonally adjusted, not calendar adjusted",1,One,2015,
DATAFLOW,OECD.ECO.MPD:DSD_AN_HOUSE_PRICES@DF_HOUSE_PRICES(1.0),Analytical house prices indicators,I,FRA,France,Q,Quarterly,RHP,Real house price indices,IX,Index,2023-Q4,,106.63828436409,,A,Normal value,0,Units,S,"Seasonally adjusted, not calendar adjusted",1,One,2015,
DATAFLOW,OECD.ECO.MPD:DSD_AN_HOUSE_PRICES@DF_HOUSE_PRICES(1.0),Analytical house prices indicators,I,FRA,France,Q,Quarterly,RHP,Real house price indices,IX,Index,2024-Q1,,104.326216251659,,A,Normal value,0,Units,S,"Seasonally adjusted, not calendar adjusted",1,One,2015,
DATAFLOW,OECD.ECO.MPD:DSD_AN_HOUSE_PRICES@DF_HOUSE_PRICES(1.0),Analytical house prices indicators,I,FRA,France,Q,Quarterly,RHP,Real house price indices,IX,Index,2024-Q2,,103.979419397507,,A,Normal value,0,Units,S,"Seasonally adjusted, not calendar adjusted",1,One,2015,
DATAFLOW,OECD.ECO.MPD:DSD_AN_HOUSE_PRICES@DF_HOUSE_PRICES(1.0),Analytical house prices indicators,I,FRA,France,Q,Quarterly,RHP,Real house price indices,IX,Index,2024-Q3,,103.308471373067,,A,Normal value,0,Units,S,"Seasonally adjusted, not calendar adjusted",1,One,2015,
DATAFLOW,OECD.ECO.MPD:DSD_AN_HOUSE_PRICES@DF_HOUSE_PRICES(1.0),Analytical house prices indicators,I,FRA,France,Q,Quarterly,RHP,Real house price indices,IX,Index,2024-Q4,,103.575329849239,,A,Normal value,0,Units,S,"Seasonally adjusted, not calendar adjusted",1,One,2015,
DATAFLOW,OECD.ECO.MPD:DSD_AN_HOUSE_PRICES@DF_HOUSE_PRICES(1.0),Analytical house prices indicators,I,FRA,France,Q,Quarterly,RHP,Real house price indices,IX,Index,2025-Q1,,104.136152120258,,A,Normal value,0,Units,S,"Seasonally adjusted, not calendar adjusted",1,One,2015,
DATAFLOW,OECD.ECO.MPD:DSD_AN_HOUSE_PRICES@DF_HOUSE_PRICES(1.0),Analytical house prices indicators,I,FRA,France,Q,Quarterly,RHP,Real house price indices,IX,Index,2025-Q2,,103.583529127096,,A,Normal value,0,Units,S,"Seasonally adjusted, not calendar adjusted",1,One,2015,
DATAFLOW,OECD.ECO.MPD:DSD_AN_HOUSE_PRICES@DF_HOUSE_PRICES(1.0),Analytical house prices indicators,I,FRA,France,Q,Quarterly,RHP,Real house price indices,IX,Index,2025-Q3,,103.100665907137,,A,Normal value,0,Units,S,"Seasonally adjusted, not calendar adjusted",1,One,2015,
DATAFLOW,OECD.ECO.MPD:DSD_AN_HOUSE_PRICES@DF_HOUSE_PRICES(1.0),Analytical house prices indicators,I,FRA,France,Q,Quarterly,RHP,Real house price indices,IX,Index,2025-Q4,,103.181254303126,,A,Normal value,0,Units,S,"Seasonally adjusted, not calendar adjusted",1,One,2015,
DATAFLOW,OECD.ECO.MPD:DSD_AN_HOUSE_PRICES@DF_HOUSE_PRICES(1.0),Analytical house prices indicators,I,FRA,France,Q,Quarterly,RHP,Real house price indices,IX,Index,2026-Q1,,102.826579324906,,A,Normal value,0,Units,S,"Seasonally adjusted, not calendar adjusted",1,One,2015,
DATAFLOW,OECD.ECO.MPD:DSD_AN_HOUSE_PRICES@DF_HOUSE_PRICES(1.0),Analytical house prices indicators,I,USA,United States,Q,Quarterly,RHP,Real house price indices,IX,Index,2021-Q3,,142.170940734471,,A,Normal value,0,Units,S,"Seasonally adjusted, not calendar adjusted",1,One,2015,
DATAFLOW,OECD.ECO.MPD:DSD_AN_HOUSE_PRICES@DF_HOUSE_PRICES(1.0),Analytical house prices indicators,I,USA,United States,Q,Quarterly,RHP,Real house price indices,IX,Index,2021-Q4,,145.107828124449,,A,Normal value,0,Units,S,"Seasonally adjusted, not calendar adjusted",1,One,2015,
DATAFLOW,OECD.ECO.MPD:DSD_AN_HOUSE_PRICES@DF_HOUSE_PRICES(1.0),Analytical house prices indicators,I,USA,United States,Q,Quarterly,RHP,Real house price indices,IX,Index,2022-Q1,,148.45003979799,,A,Normal value,0,Units,S,"Seasonally adjusted, not calendar adjusted",1,One,2015,
DATAFLOW,OECD.ECO.MPD:DSD_AN_HOUSE_PRICES@DF_HOUSE_PRICES(1.0),Analytical house prices indicators,I,USA,United States,Q,Quarterly,RHP,Real house price indices,IX,Index,2022-Q2,,150.387025020757,,A,Normal value,0,Units,S,"Seasonally adjusted, not calendar adjusted",1,One,2015,
DATAFLOW,OECD.ECO.MPD:DSD_AN_HOUSE_PRICES@DF_HOUSE_PRICES(1.0),Analytical house prices indicators,I,USA,United States,Q,Quarterly,RHP,Real house price indices,IX,Index,2022-Q3,,148.505487172807,,A,Normal value,0,Units,S,"Seasonally adjusted, not calendar adjusted",1,One,2015,
DATAFLOW,OECD.ECO.MPD:DSD_AN_HOUSE_PRICES@DF_HOUSE_PRICES(1.0),Analytical house prices indicators,I,USA,United States,Q,Quarterly,RHP,Real house price indices,IX,Index,2022-Q4,,147.363354093165,,A,Normal value,0,Units,S,"Seasonally adjusted, not calendar adjusted",1,One,2015,
DATAFLOW,OECD.ECO.MPD:DSD_AN_HOUSE_PRICES@DF_HOUSE_PRICES(1.0),Analytical house prices indicators,I,USA,United States,Q,Quarterly,RHP,Real house price indices,IX,Index,2023-Q1,,147.087172515903,,A,Normal value,0,Units,S,"Seasonally adjusted, not calendar adjusted",1,One,2015,
DATAFLOW,OECD.ECO.MPD:DSD_AN_HOUSE_PRICES@DF_HOUSE_PRICES(1.0),Analytical house prices indicators,I,USA,United States,Q,Quarterly,RHP,Real house price indices,IX,Index,2023-Q2,,148.779760187957,,A,Normal value,0,Units,S,"Seasonally adjusted, not calendar adjusted",1,One,2015,
DATAFLOW,OECD.ECO.MPD:DSD_AN_HOUSE_PRICES@DF_HOUSE_PRICES(1.0),Analytical house prices indicators,I,USA,United States,Q,Quarterly,RHP,Real house price indices,IX,Index,2023-Q3,,150.982874590119,,A,Normal value,0,Units,S,"Seasonally adjusted, not calendar adjusted",1,One,2015,
DATAFLOW,OECD.ECO.MPD:DSD_AN_HOUSE_PRICES@DF_HOUSE_PRICES(1.0),Analytical house prices indicators,I,USA,United States,Q,Quarterly,RHP,Real house price indices,IX,Index,2023-Q4,,152.051917547031,,A,Normal value,0,Units,S,"Seasonally adjusted, not calendar adjusted",1,One,2015,
DATAFLOW,OECD.ECO.MPD:DSD_AN_HOUSE_PRICES@DF_HOUSE_PRICES(1.0),Analytical house prices indicators,I,USA,United States,Q,Quarterly,RHP,Real house price indices,IX,Index,2024-Q1,,152.300754253783,,A,Normal value,0,Units,S,"Seasonally adjusted, not calendar adjusted",1,One,2015,
DATAFLOW,OECD.ECO.MPD:DSD_AN_HOUSE_PRICES@DF_HOUSE_PRICES(1.0),Analytical house prices indicators,I,USA,United States,Q,Quarterly,RHP,Real house price indices,IX,Index,2024-Q2,,153.157909401831,,A,Normal value,0,Units,S,"Seasonally adjusted, not calendar adjusted",1,One,2015,
DATAFLOW,OECD.ECO.MPD:DSD_AN_HOUSE_PRICES@DF_HOUSE_PRICES(1.0),Analytical house prices indicators,I,USA,United States,Q,Quarterly,RHP,Real house price indices,IX,Index,2024-Q3,,153.970981528031,,A,Normal value,0,Units,S,"Seasonally adjusted, not calendar adjusted",1,One,2015,
DATAFLOW,OECD.ECO.MPD:DSD_AN_HOUSE_PRICES@DF_HOUSE_PRICES(1.0),Analytical house prices indicators,I,USA,United States,Q,Quarterly,RHP,Real house price indices,IX,Index,2024-Q4,,154.971633688811,,A,Normal value,0,Units,S,"Seasonally adjusted, not calendar adjusted",1,One,2015,
DATAFLOW,OECD.ECO.MPD:DSD_AN_HOUSE_PRICES@DF_HOUSE_PRICES(1.0),Analytical house prices indicators,I,USA,United States,Q,Quarterly,RHP,Real house price indices,IX,Index,2025-Q1,,154.781356425008,,A,Normal value,0,Units,S,"Seasonally adjusted, not calendar adjusted",1,One,2015,
DATAFLOW,OECD.ECO.MPD:DSD_AN_HOUSE_PRICES@DF_HOUSE_PRICES(1.0),Analytical house prices indicators,I,USA,United States,Q,Quarterly,RHP,Real house price indices,IX,Index,2025-Q2,,154.108309038445,,A,Normal value,0,Units,S,"Seasonally adjusted, not calendar adjusted",1,One,2015,
DATAFLOW,OECD.ECO.MPD:DSD_AN_HOUSE_PRICES@DF_HOUSE_PRICES(1.0),Analytical house prices indicators,I,USA,United States,Q,Quarterly,RHP,Real house price indices,IX,Index,2025-Q3,,153.584464727063,,A,Normal value,0,Units,S,"Seasonally adjusted, not calendar adjusted",1,One,2015,
DATAFLOW,OECD.ECO.MPD:DSD_AN_HOUSE_PRICES@DF_HOUSE_PRICES(1.0),Analytical house prices indicators,I,USA,United States,Q,Quarterly,RHP,Real house price indices,IX,Index,2025-Q4,,153.808521660016,,A,Normal value,0,Units,S,"Seasonally adjusted, not calendar adjusted",1,One,2015,
DATAFLOW,OECD.ECO.MPD:DSD_AN_HOUSE_PRICES@DF_HOUSE_PRICES(1.0),Analytical house prices indicators,I,USA,United States,Q,Quarterly,RHP,Real house price indices,IX,Index,2026-Q1,,152.945855206175,,A,Normal value,0,Units,S,"Seasonally adjusted, not calendar adjusted",1,One,2015,
DATAFLOW,OECD.ECO.MPD:DSD_AN_HOUSE_PRICES@DF_HOUSE_PRICES(1.0),Analytical house prices indicators,I,USA,United States,Q,Quarterly,RHP,Real house price indices,IX,Index,2026-Q2,,151.525340187709,,A,Normal value,0,Units,S,"Seasonally adjusted, not calendar adjusted",1,One,2015,
DATAFLOW,OECD.ECO.MPD:DSD_AN_HOUSE_PRICES@DF_HOUSE_PRICES(1.0),Analytical house prices indicators,I,HRV,Croatia,Q,Quarterly,RHP,Real house price indices,IX,Index,2021-Q3,,135.600403513518,,A,Normal value,0,Units,S,"Seasonally adjusted, not calendar adjusted",1,One,2015,
DATAFLOW,OECD.ECO.MPD:DSD_AN_HOUSE_PRICES@DF_HOUSE_PRICES(1.0),Analytical house prices indicators,I,HRV,Croatia,Q,Quarterly,RHP,Real house price indices,IX,Index,2021-Q4,,135.191844333776,,A,Normal value,0,Units,S,"Seasonally adjusted, not calendar adjusted",1,One,2015,
DATAFLOW,OECD.ECO.MPD:DSD_AN_HOUSE_PRICES@DF_HOUSE_PRICES(1.0),Analytical house prices indicators,I,HRV,Croatia,Q,Quarterly,RHP,Real house price indices,IX,Index,2022-Q1,,137.201506238388,,A,Normal value,0,Units,S,"Seasonally adjusted, not calendar adjusted",1,One,2015,
DATAFLOW,OECD.ECO.MPD:DSD_AN_HOUSE_PRICES@DF_HOUSE_PRICES(1.0),Analytical house prices indicators,I,HRV,Croatia,Q,Quarterly,RHP,Real house price indices,IX,Index,2022-Q2,,136.573192881561,,A,Normal value,0,Units,S,"Seasonally adjusted, not calendar adjusted",1,One,2015,
DATAFLOW,OECD.ECO.MPD:DSD_AN_HOUSE_PRICES@DF_HOUSE_PRICES(1.0),Analytical house prices indicators,I,HRV,Croatia,Q,Quarterly,RHP,Real house price indices,IX,Index,2022-Q3,,138.62608404235,,A,Normal value,0,Units,S,"Seasonally adjusted, not calendar adjusted",1,One,2015,
DATAFLOW,OECD.ECO.MPD:DSD_AN_HOUSE_PRICES@DF_HOUSE_PRICES(1.0),Analytical house prices indicators,I,HRV,Croatia,Q,Quarterly,RHP,Real house price indices,IX,Index,2022-Q4,,139.739690991131,,A,Normal value,0,Units,S,"Seasonally adjusted, not calendar adjusted",1,One,2015,
DATAFLOW,OECD.ECO.MPD:DSD_AN_HOUSE_PRICES@DF_HOUSE_PRICES(1.0),Analytical house prices indicators,I,HRV,Croatia,Q,Quarterly,RHP,Real house price indices,IX,Index,2023-Q1,,141.177062320279,,A,Normal value,0,Units,S,"Seasonally adjusted, not calendar adjusted",1,One,2015,
DATAFLOW,OECD.ECO.MPD:DSD_AN_HOUSE_PRICES@DF_HOUSE_PRICES(1.0),Analytical house prices indicators,I,HRV,Croatia,Q,Quarterly,RHP,Real house price indices,IX,Index,2023-Q2,,142.902362574182,,A,Normal value,0,Units,S,"Seasonally adjusted, not calendar adjusted",1,One,2015,
DATAFLOW,OECD.ECO.MPD:DSD_AN_HOUSE_PRICES@DF_HOUSE_PRICES(1.0),Analytical house prices indicators,I,HRV,Croatia,Q,Quarterly,RHP,Real house price indices,IX,Index,2023-Q3,,141.122788445927,,A,Normal value,0,Units,S,"Seasonally adjusted, not calendar adjusted",1,One,2015,
DATAFLOW,OECD.ECO.MPD:DSD_AN_HOUSE_PRICES@DF_HOUSE_PRICES(1.0),Analytical house prices indicators,I,HRV,Croatia,Q,Quarterly,RHP,Real house price indices,IX,Index,2023-Q4,,144.290045399974,,A,Normal value,0,Units,S,"Seasonally adjusted, not calendar adjusted",1,One,2015,
DATAFLOW,OECD.ECO.MPD:DSD_AN_HOUSE_PRICES@DF_HOUSE_PRICES(1.0),Analytical house prices indicators,I,HRV,Croatia,Q,Quarterly,RHP,Real house price indices,IX,Index,2024-Q1,,146.80659277288,,A,Normal value,0,Units,S,"Seasonally adjusted, not calendar adjusted",1,One,2015,
DATAFLOW,OECD.ECO.MPD:DSD_AN_HOUSE_PRICES@DF_HOUSE_PRICES(1.0),Analytical house prices indicators,I,HRV,Croatia,Q,Quarterly,RHP,Real house price indices,IX,Index,2024-Q2,,151.495596667096,,A,Normal value,0,Units,S,"Seasonally adjusted, not calendar adjusted",1,One,2015,
DATAFLOW,OECD.ECO.MPD:DSD_AN_HOUSE_PRICES@DF_HOUSE_PRICES(1.0),Analytical house prices indicators,I,HRV,Croatia,Q,Quarterly,RHP,Real house price indices,IX,Index,2024-Q3,,155.744507652742,,A,Normal value,0,Units,S,"Seasonally adjusted, not calendar adjusted",1,One,2015,
DATAFLOW,OECD.ECO.MPD:DSD_AN_HOUSE_PRICES@DF_HOUSE_PRICES(1.0),Analytical house prices indicators,I,HRV,Croatia,Q,Quarterly,RHP,Real house price indices,IX,Index,2024-Q4,,153.80625836824,,A,Normal value,0,Units,S,"Seasonally adjusted, not calendar adjusted",1,One,2015,
DATAFLOW,OECD.ECO.MPD:DSD_AN_HOUSE_PRICES@DF_HOUSE_PRICES(1.0),Analytical house prices indicators,I,HRV,Croatia,Q,Quarterly,RHP,Real house price indices,IX,Index,2025-Q1,,160.504967307171,,A,Normal value,0,Units,S,"Seasonally adjusted, not calendar adjusted",1,One,2015,
DATAFLOW,OECD.ECO.MPD:DSD_AN_HOUSE_PRICES@DF_HOUSE_PRICES(1.0),Analytical house prices indicators,I,HRV,Croatia,Q,Quarterly,RHP,Real house price indices,IX,Index,2025-Q2,,164.980077284497,,A,Normal value,0,Units,S,"Seasonally adjusted, not calendar adjusted",1,One,2015,
DATAFLOW,OECD.ECO.MPD:DSD_AN_HOUSE_PRICES@DF_HOUSE_PRICES(1.0),Analytical house prices indicators,I,HRV,Croatia,Q,Quarterly,RHP,Real house price indices,IX,Index,2025-Q3,,169.511747064871,,A,Normal value,0,Units,S,"Seasonally adjusted, not calendar adjusted",1,One,2015,
DATAFLOW,OECD.ECO.MPD:DSD_AN_HOUSE_PRICES@DF_HOUSE_PRICES(1.0),Analytical house prices indicators,I,HRV,Croatia,Q,Quarterly,RHP,Real house price indices,IX,Index,2025-Q4,,172.311620737675,,A,Normal value,0,Units,S,"Seasonally adjusted, not calendar adjusted",1,One,2015,
DATAFLOW,OECD.ECO.MPD:DSD_AN_HOUSE_PRICES@DF_HOUSE_PRICES(1.0),Analytical house prices indicators,I,HRV,Croatia,Q,Quarterly,RHP,Real house price indices,IX,Index,2026-Q1,,176.412371458923,,A,Normal value,0,Units,S,"Seasonally adjusted, not calendar adjusted",1,One,2015,
DATAFLOW,OECD.ECO.MPD:DSD_AN_HOUSE_PRICES@DF_HOUSE_PRICES(1.0),Analytical house prices indicators,I,CZE,Czechia,Q,Quarterly,RHP,Real house price indices,IX,Index,2026-Q1,,164.456846891745,,A,Normal value,0,Units,S,"Seasonally adjusted, not calendar adjusted",1,One,2015,
DATAFLOW,OECD.ECO.MPD:DSD_AN_HOUSE_PRICES@DF_HOUSE_PRICES(1.0),Analytical house prices indicators,I,LTU,Lithuania,Q,Quarterly,RHP,Real house price indices,IX,Index,2021-Q3,,141.851030126348,,A,Normal value,0,Units,S,"Seasonally adjusted, not calendar adjusted",1,One,2015,
DATAFLOW,OECD.ECO.MPD:DSD_AN_HOUSE_PRICES@DF_HOUSE_PRICES(1.0),Analytical house prices indicators,I,LTU,Lithuania,Q,Quarterly,RHP,Real house price indices,IX,Index,2021-Q4,,145.177581301899,,A,Normal value,0,Units,S,"Seasonally adjusted, not calendar adjusted",1,One,2015,
DATAFLOW,OECD.ECO.MPD:DSD_AN_HOUSE_PRICES@DF_HOUSE_PRICES(1.0),Analytical house prices indicators,I,LTU,Lithuania,Q,Quarterly,RHP,Real house price indices,IX,Index,2022-Q1,,143.618000984461,,A,Normal value,0,Units,S,"Seasonally adjusted, not calendar adjusted",1,One,2015,
DATAFLOW,OECD.ECO.MPD:DSD_AN_HOUSE_PRICES@DF_HOUSE_PRICES(1.0),Analytical house prices indicators,I,LTU,Lithuania,Q,Quarterly,RHP,Real house price indices,IX,Index,2022-Q2,,143.250807262223,,A,Normal value,0,Units,S,"Seasonally adjusted, not calendar adjusted",1,One,2015,
DATAFLOW,OECD.ECO.MPD:DSD_AN_HOUSE_PRICES@DF_HOUSE_PRICES(1.0),Analytical house prices indicators,I,LTU,Lithuania,Q,Quarterly,RHP,Real house price indices,IX,Index,2022-Q3,,140.126937318978,,A,Normal value,0,Units,S,"Seasonally adjusted, not calendar adjusted",1,One,2015,
DATAFLOW,OECD.ECO.MPD:DSD_AN_HOUSE_PRICES@DF_HOUSE_PRICES(1.0),Analytical house prices indicators,I,LTU,Lithuania,Q,Quarterly,RHP,Real house price indices,IX,Index,2022-Q4,,139.277796394966,,A,Normal value,0,Units,S,"Seasonally adjusted, not calendar adjusted",1,One,2015,
DATAFLOW,OECD.ECO.MPD:DSD_AN_HOUSE_PRICES@DF_HOUSE_PRICES(1.0),Analytical house prices indicators,I,LTU,Lithuania,Q,Quarterly,RHP,Real house price indices,IX,Index,2023-Q1,,138.144745392592,,A,Normal value,0,Units,S,"Seasonally adjusted, not calendar adjusted",1,One,2015,
DATAFLOW,OECD.ECO.MPD:DSD_AN_HOUSE_PRICES@DF_HOUSE_PRICES(1.0),Analytical house prices indicators,I,LTU,Lithuania,Q,Quarterly,RHP,Real house price indices,IX,Index,2023-Q2,,142.376721014224,,A,Normal value,0,Units,S,"Seasonally adjusted, not calendar adjusted",1,One,2015,
DATAFLOW,OECD.ECO.MPD:DSD_AN_HOUSE_PRICES@DF_HOUSE_PRICES(1.0),Analytical house prices indicators,I,LTU,Lithuania,Q,Quarterly,RHP,Real house price indices,IX,Index,2023-Q3,,144.846062508829,,A,Normal value,0,Units,S,"Seasonally adjusted, not calendar adjusted",1,One,2015,
DATAFLOW,OECD.ECO.MPD:DSD_AN_HOUSE_PRICES@DF_HOUSE_PRICES(1.0),Analytical house prices indicators,I,LTU,Lithuania,Q,Quarterly,RHP,Real house price indices,IX,Index,2023-Q4,,147.137156691142,,A,Normal value,0,Units,S,"Seasonally adjusted, not calendar adjusted",1,One,2015,
DATAFLOW,OECD.ECO.MPD:DSD_AN_HOUSE_PRICES@DF_HOUSE_PRICES(1.0),Analytical house prices indicators,I,LTU,Lithuania,Q,Quarterly,RHP,Real house price indices,IX,Index,2024-Q1,,149.921645230081,,A,Normal value,0,Units,S,"Seasonally adjusted, not calendar adjusted",1,One,2015,
DATAFLOW,OECD.ECO.MPD:DSD_AN_HOUSE_PRICES@DF_HOUSE_PRICES(1.0),Analytical house prices indicators,I,LTU,Lithuania,Q,Quarterly,RHP,Real house price indices,IX,Index,2024-Q2,,154.910160181279,,A,Normal value,0,Units,S,"Seasonally adjusted, not calendar adjusted",1,One,2015,
DATAFLOW,OECD.ECO.MPD:DSD_AN_HOUSE_PRICES@DF_HOUSE_PRICES(1.0),Analytical house prices indicators,I,LTU,Lithuania,Q,Quarterly,RHP,Real house price indices,IX,Index,2024-Q3,,157.26048120711,,A,Normal value,0,Units,S,"Seasonally adjusted, not calendar adjusted",1,One,2015,
DATAFLOW,OECD.ECO.MPD:DSD_AN_HOUSE_PRICES@DF_HOUSE_PRICES(1.0),Analytical house prices indicators,I,LTU,Lithuania,Q,Quarterly,RHP,Real house price indices,IX,Index,2024-Q4,,158.085965473353,,A,Normal value,0,Units,S,"Seasonally adjusted, not calendar adjusted",1,One,2015,
DATAFLOW,OECD.ECO.MPD:DSD_AN_HOUSE_PRICES@DF_HOUSE_PRICES(1.0),Analytical house prices indicators,I,LTU,Lithuania,Q,Quarterly,RHP,Real house price indices,IX,Index,2025-Q1,,158.878225959643,,A,Normal value,0,Units,S,"Seasonally adjusted, not calendar adjusted",1,One,2015,
DATAFLOW,OECD.ECO.MPD:DSD_AN_HOUSE_PRICES@DF_HOUSE_PRICES(1.0),Analytical house prices indicators,I,LTU,Lithuania,Q,Quarterly,RHP,Real house price indices,IX,Index,2025-Q2,,163.031830967577,,A,Normal value,0,Units,S,"Seasonally adjusted, not calendar adjusted",1,One,2015,
DATAFLOW,OECD.ECO.MPD:DSD_AN_HOUSE_PRICES@DF_HOUSE_PRICES(1.0),Analytical house prices indicators,I,LTU,Lithuania,Q,Quarterly,RHP,Real house price indices,IX,Index,2025-Q3,,166.865616928663,,A,Normal value,0,Units,S,"Seasonally adjusted, not calendar adjusted",1,One,2015,
DATAFLOW,OECD.ECO.MPD:DSD_AN_HOUSE_PRICES@DF_HOUSE_PRICES(1.0),Analytical house prices indicators,I,LTU,Lithuania,Q,Quarterly,RHP,Real house price indices,IX,Index,2025-Q4,,169.086347610044,,A,Normal value,0,Units,S,"Seasonally adjusted, not calendar adjusted",1,One,2015,
DATAFLOW,OECD.ECO.MPD:DSD_AN_HOUSE_PRICES@DF_HOUSE_PRICES(1.0),Analytical house prices indicators,I,CHE,Switzerland,Q,Quarterly,RHP,Real house price indices,IX,Index,2021-Q3,,123.373791196798,,A,Normal value,0,Units,S,"Seasonally adjusted, not calendar adjusted",1,One,2015,
DATAFLOW,OECD.ECO.MPD:DSD_AN_HOUSE_PRICES@DF_HOUSE_PRICES(1.0),Analytical house prices indicators,I,CHE,Switzerland,Q,Quarterly,RHP,Real house price indices,IX,Index,2021-Q4,,124.974421082395,,A,Normal value,0,Units,S,"Seasonally adjusted, not calendar adjusted",1,One,2015,
DATAFLOW,OECD.ECO.MPD:DSD_AN_HOUSE_PRICES@DF_HOUSE_PRICES(1.0),Analytical house prices indicators,I,CHE,Switzerland,Q,Quarterly,RHP,Real house price indices,IX,Index,2022-Q1,,126.804400061861,,A,Normal value,0,Units,S,"Seasonally adjusted, not calendar adjusted",1,One,2015,
DATAFLOW,OECD.ECO.MPD:DSD_AN_HOUSE_PRICES@DF_HOUSE_PRICES(1.0),Analytical house prices indicators,I,CHE,Switzerland,Q,Quarterly,RHP,Real house price indices,IX,Index,2022-Q2,,128.033058526352,,A,Normal value,0,Units,S,"Seasonally adjusted, not calendar adjusted",1,One,2015,
DATAFLOW,OECD.ECO.MPD:DSD_AN_HOUSE_PRICES@DF_HOUSE_PRICES(1.0),Analytical house prices indicators,I,CHE,Switzerland,Q,Quarterly,RHP,Real house price indices,IX,Index,2022-Q3,,128.556007271142,,A,Normal value,0,Units,S,"Seasonally adjusted, not calendar adjusted",1,One,2015,
DATAFLOW,OECD.ECO.MPD:DSD_AN_HOUSE_PRICES@DF_HOUSE_PRICES(1.0),Analytical house prices indicators,I,CHE,Switzerland,Q,Quarterly,RHP,Real house price indices,IX,Index,2022-Q4,,128.803883444435,,A,Normal value,0,Units,S,"Seasonally adjusted, not calendar adjusted",1,One,2015,
DATAFLOW,OECD.ECO.MPD:DSD_AN_HOUSE_PRICES@DF_HOUSE_PRICES(1.0),Analytical house prices indicators,I,CHE,Switzerland,Q,Quarterly,RHP,Real house price indices,IX,Index,2023-Q1,,128.158660767258,,A,Normal value,0,Units,S,"Seasonally adjusted, not calendar adjusted",1,One,2015,
DATAFLOW,OECD.ECO.MPD:DSD_AN_HOUSE_PRICES@DF_HOUSE_PRICES(1.0),Analytical house prices indicators,I,CHE,Switzerland,Q,Quarterly,RHP,Real house price indices,IX,Index,2023-Q2,,127.757395698743,,A,Normal value,0,Units,S,"Seasonally adjusted, not calendar adjusted",1,One,2015,
DATAFLOW,OECD.ECO.MPD:DSD_AN_HOUSE_PRICES@DF_HOUSE_PRICES(1.0),Analytical house prices indicators,I,CHE,Switzerland,Q,Quarterly,RHP,Real house price indices,IX,Index,2023-Q3,,128.063459884006,,A,Normal value,0,Units,S,"Seasonally adjusted, not calendar adjusted",1,One,2015,
DATAFLOW,OECD.ECO.MPD:DSD_AN_HOUSE_PRICES@DF_HOUSE_PRICES(1.0),Analytical house prices indicators,I,CHE,Switzerland,Q,Quarterly,RHP,Real house price indices,IX,Index,2023-Q4,,129.17544285908,,A,Normal value,0,Units,S,"Seasonally adjusted, not calendar adjusted",1,One,2015,
DATAFLOW,OECD.ECO.MPD:DSD_AN_HOUSE_PRICES@DF_HOUSE_PRICES(1.0),Analytical house prices indicators,I,CHE,Switzerland,Q,Quarterly,RHP,Real house price indices,IX,Index,2024-Q1,,129.105942063535,,A,Normal value,0,Units,S,"Seasonally adjusted, not calendar adjusted",1,One,2015,
DATAFLOW,OECD.ECO.MPD:DSD_AN_HOUSE_PRICES@DF_HOUSE_PRICES(1.0),Analytical house prices indicators,I,CHE,Switzerland,Q,Quarterly,RHP,Real house price indices,IX,Index,2024-Q2,,129.544741008923,,A,Normal value,0,Units,S,"Seasonally adjusted, not calendar adjusted",1,One,2015,
DATAFLOW,OECD.ECO.MPD:DSD_AN_HOUSE_PRICES@DF_HOUSE_PRICES(1.0),Analytical house prices indicators,I,CHE,Switzerland,Q,Quarterly,RHP,Real house price indices,IX,Index,2024-Q3,,131.072527340379,,A,Normal value,0,Units,S,"Seasonally adjusted, not calendar adjusted",1,One,2015,
DATAFLOW,OECD.ECO.MPD:DSD_AN_HOUSE_PRICES@DF_HOUSE_PRICES(1.0),Analytical house prices indicators,I,CHE,Switzerland,Q,Quarterly,RHP,Real house price indices,IX,Index,2024-Q4,,132.313327418631,,A,Normal value,0,Units,S,"Seasonally adjusted, not calendar adjusted",1,One,2015,
DATAFLOW,OECD.ECO.MPD:DSD_AN_HOUSE_PRICES@DF_HOUSE_PRICES(1.0),Analytical house prices indicators,I,CHE,Switzerland,Q,Quarterly,RHP,Real house price indices,IX,Index,2025-Q1,,134.076228354192,,A,Normal value,0,Units,S,"Seasonally adjusted, not calendar adjusted",1,One,2015,
DATAFLOW,OECD.ECO.MPD:DSD_AN_HOUSE_PRICES@DF_HOUSE_PRICES(1.0),Analytical house prices indicators,I,CHE,Switzerland,Q,Quarterly,RHP,Real house price indices,IX,Index,2025-Q2,,136.022096483035,,A,Normal value,0,Units,S,"Seasonally adjusted, not calendar adjusted",1,One,2015,
DATAFLOW,OECD.ECO.MPD:DSD_AN_HOUSE_PRICES@DF_HOUSE_PRICES(1.0),Analytical house prices indicators,I,CHE,Switzerland,Q,Quarterly,RHP,Real house price indices,IX,Index,2025-Q3,,136.531788187984,,A,Normal value,0,Units,S,"Seasonally adjusted, not calendar adjusted",1,One,2015,
DATAFLOW,OECD.ECO.MPD:DSD_AN_HOUSE_PRICES@DF_HOUSE_PRICES(1.0),Analytical house prices indicators,I,CHE,Switzerland,Q,Quarterly,RHP,Real house price indices,IX,Index,2025-Q4,,138.846703714925,,A,Normal value,0,Units,S,"Seasonally adjusted, not calendar adjusted",1,One,2015,
DATAFLOW,OECD.ECO.MPD:DSD_AN_HOUSE_PRICES@DF_HOUSE_PRICES(1.0),Analytical house prices indicators,I,CHE,Switzerland,Q,Quarterly,RHP,Real house price indices,IX,Index,2026-Q1,,139.618565647603,,A,Normal value,0,Units,S,"Seasonally adjusted, not calendar adjusted",1,One,2015,
DATAFLOW,OECD.ECO.MPD:DSD_AN_HOUSE_PRICES@DF_HOUSE_PRICES(1.0),Analytical house prices indicators,I,IDN,Indonesia,Q,Quarterly,RHP,Real house price indices,IX,Index,2021-Q3,,98.4023379817493,,A,Normal value,0,Units,S,"Seasonally adjusted, not calendar adjusted",1,One,2015,
DATAFLOW,OECD.ECO.MPD:DSD_AN_HOUSE_PRICES@DF_HOUSE_PRICES(1.0),Analytical house prices indicators,I,IDN,Indonesia,Q,Quarterly,RHP,Real house price indices,IX,Index,2021-Q4,,97.8029933114882,,A,Normal value,0,Units,S,"Seasonally adjusted, not calendar adjusted",1,One,2015,
DATAFLOW,OECD.ECO.MPD:DSD_AN_HOUSE_PRICES@DF_HOUSE_PRICES(1.0),Analytical house prices indicators,I,IDN,Indonesia,Q,Quarterly,RHP,Real house price indices,IX,Index,2022-Q1,,96.804138689044,,A,Normal value,0,Units,S,"Seasonally adjusted, not calendar adjusted",1,One,2015,
DATAFLOW,OECD.ECO.MPD:DSD_AN_HOUSE_PRICES@DF_HOUSE_PRICES(1.0),Analytical house prices indicators,I,IDN,Indonesia,Q,Quarterly,RHP,Real house price indices,IX,Index,2022-Q2,,95.0749374775759,,A,Normal value,0,Units,S,"Seasonally adjusted, not calendar adjusted",1,One,2015,
DATAFLOW,OECD.ECO.MPD:DSD_AN_HOUSE_PRICES@DF_HOUSE_PRICES(1.0),Analytical house prices indicators,I,IDN,Indonesia,Q,Quarterly,RHP,Real house price indices,IX,Index,2022-Q3,,94.5500591388135,,A,Normal value,0,Units,S,"Seasonally adjusted, not calendar adjusted",1,One,2015,
DATAFLOW,OECD.ECO.MPD:DSD_AN_HOUSE_PRICES@DF_HOUSE_PRICES(1.0),Analytical house prices indicators,I,IDN,Indonesia,Q,Quarterly,RHP,Real house price indices,IX,Index,2022-Q4,,94.0287621363337,,A,Normal value,0,Units,S,"Seasonally adjusted, not calendar adjusted",1,One,2015,
DATAFLOW,OECD.ECO.MPD:DSD_AN_HOUSE_PRICES@DF_HOUSE_PRICES(1.0),Analytical house prices indicators,I,IDN,Indonesia,Q,Quarterly,RHP,Real house price indices,IX,Index,2023-Q1,,93.2728274063386,,A,Normal value,0,Units,S,"Seasonally adjusted, not calendar adjusted",1,One,2015,
DATAFLOW,OECD.ECO.MPD:DSD_AN_HOUSE_PRICES@DF_HOUSE_PRICES(1.0),Analytical house prices indicators,I,IDN,Indonesia,Q,Quarterly,RHP,Real house price indices,IX,Index,2023-Q2,,93.0511190557609,,A,Normal value,0,Units,S,"Seasonally adjusted, not calendar adjusted",1,One,2015,
DATAFLOW,OECD.ECO.MPD:DSD_AN_HOUSE_PRICES@DF_HOUSE_PRICES(1.0),Analytical house prices indicators,I,IDN,Indonesia,Q,Quarterly,RHP,Real house price indices,IX,Index,2023-Q3,,92.8432487195936,,A,Normal value,0,Units,S,"Seasonally adjusted, not calendar adjusted",1,One,2015,
DATAFLOW,OECD.ECO.MPD:DSD_AN_HOUSE_PRICES@DF_HOUSE_PRICES(1.0),Analytical house prices indicators,I,IDN,Indonesia,Q,Quarterly,RHP,Real house price indices,IX,Index,2023-Q4,,92.3759632700451,,A,Normal value,0,Units,S,"Seasonally adjusted, not calendar adjusted",1,One,2015,
DATAFLOW,OECD.ECO.MPD:DSD_AN_HOUSE_PRICES@DF_HOUSE_PRICES(1.0),Analytical house prices indicators,I,IDN,Indonesia,Q,Quarterly,RHP,Real house price indices,IX,Index,2024-Q1,,92.1567886920608,,A,Normal value,0,Units,S,"Seasonally adjusted, not calendar adjusted",1,One,2015,
DATAFLOW,OECD.ECO.MPD:DSD_AN_HOUSE_PRICES@DF_HOUSE_PRICES(1.0),Analytical house prices indicators,I,IDN,Indonesia,Q,Quarterly,RHP,Real house price indices,IX,Index,2024-Q2,,91.9431763064075,,A,Normal value,0,Units,S,"Seasonally adjusted, not calendar adjusted",1,One,2015,
DATAFLOW,OECD.ECO.MPD:DSD_AN_HOUSE_PRICES@DF_HOUSE_PRICES(1.0),Analytical house prices indicators,I,IDN,Indonesia,Q,Quarterly,RHP,Real house price indices,IX,Index,2024-Q3,,91.9437816799047,,A,Normal value,0,Units,S,"Seasonally adjusted, not calendar adjusted",1,One,2015,
DATAFLOW,OECD.ECO.MPD:DSD_AN_HOUSE_PRICES@DF_HOUSE_PRICES(1.0),Analytical house prices indicators,I,IDN,Indonesia,Q,Quarterly,RHP,Real house price indices,IX,Index,2024-Q4,,91.8691429694012,,A,Normal value,0,Units,S,"Seasonally adjusted, not calendar adjusted",1,One,2015,
DATAFLOW,OECD.ECO.MPD:DSD_AN_HOUSE_PRICES@DF_HOUSE_PRICES(1.0),Analytical house prices indicators,I,IDN,Indonesia,Q,Quarterly,RHP,Real house price indices,IX,Index,2025-Q1,,91.6290384443913,,A,Normal value,0,Units,S,"Seasonally adjusted, not calendar adjusted",1,One,2015,
DATAFLOW,OECD.ECO.MPD:DSD_AN_HOUSE_PRICES@DF_HOUSE_PRICES(1.0),Analytical house prices indicators,I,IDN,Indonesia,Q,Quarterly,RHP,Real house price indices,IX,Index,2025-Q2,,91.1212528986564,,A,Normal value,0,Units,S,"Seasonally adjusted, not calendar adjusted",1,One,2015,
DATAFLOW,OECD.ECO.MPD:DSD_AN_HOUSE_PRICES@DF_HOUSE_PRICES(1.0),Analytical house prices indicators,I,IDN,Indonesia,Q,Quarterly,RHP,Real house price indices,IX,Index,2025-Q3,,90.5577744696026,,A,Normal value,0,Units,S,"Seasonally adjusted, not calendar adjusted",1,One,2015,
DATAFLOW,OECD.ECO.MPD:DSD_AN_HOUSE_PRICES@DF_HOUSE_PRICES(1.0),Analytical house prices indicators,I,IDN,Indonesia,Q,Quarterly,RHP,Real house price indices,IX,Index,2025-Q4,,90.0981285093702,,A,Normal value,0,Units,S,"Seasonally adjusted, not calendar adjusted",1,One,2015,
DATAFLOW,OECD.ECO.MPD:DSD_AN_HOUSE_PRICES@DF_HOUSE_PRICES(1.0),Analytical house prices indicators,I,SVN,Slovenia,Q,Quarterly,RHP,Real house price indices,IX,Index,2021-Q3,,143.475915617613,,A,Normal value,0,Units,S,"Seasonally adjusted, not calendar adjusted",1,One,2015,
DATAFLOW,OECD.ECO.MPD:DSD_AN_HOUSE_PRICES@DF_HOUSE_PRICES(1.0),Analytical house prices indicators,I,SVN,Slovenia,Q,Quarterly,RHP,Real house price indices,IX,Index,2021-Q4,,144.485311629185,,A,Normal value,0,Units,S,"Seasonally adjusted, not calendar adjusted",1,One,2015,
DATAFLOW,OECD.ECO.MPD:DSD_AN_HOUSE_PRICES@DF_HOUSE_PRICES(1.0),Analytical house prices indicators,I,SVN,Slovenia,Q,Quarterly,RHP,Real house price indices,IX,Index,2022-Q1,,150.863973387353,,A,Normal value,0,Units,S,"Seasonally adjusted, not calendar adjusted",1,One,2015,
DATAFLOW,OECD.ECO.MPD:DSD_AN_HOUSE_PRICES@DF_HOUSE_PRICES(1.0),Analytical house prices indicators,I,SVN,Slovenia,Q,Quarterly,RHP,Real house price indices,IX,Index,2022-Q2,,144.90718370951,,A,Normal value,0,Units,S,"Seasonally adjusted, not calendar adjusted",1,One,2015,
DATAFLOW,OECD.ECO.MPD:DSD_AN_HOUSE_PRICES@DF_HOUSE_PRICES(1.0),Analytical house prices indicators,I,SVN,Slovenia,Q,Quarterly,RHP,Real house price indices,IX,Index,2022-Q3,,147.4393928293,,A,Normal value,0,Units,S,"Seasonally adjusted, not calendar adjusted",1,One,2015,
DATAFLOW,OECD.ECO.MPD:DSD_AN_HOUSE_PRICES@DF_HOUSE_PRICES(1.0),Analytical house prices indicators,I,SVN,Slovenia,Q,Quarterly,RHP,Real house price indices,IX,Index,2022-Q4,,145.564761076561,,A,Normal value,0,Units,S,"Seasonally adjusted, not calendar adjusted",1,One,2015,
DATAFLOW,OECD.ECO.MPD:DSD_AN_HOUSE_PRICES@DF_HOUSE_PRICES(1.0),Analytical house prices indicators,I,SVN,Slovenia,Q,Quarterly,RHP,Real house price indices,IX,Index,2023-Q1,,145.668720176541,,A,Normal value,0,Units,S,"Seasonally adjusted, not calendar adjusted",1,One,2015,
DATAFLOW,OECD.ECO.MPD:DSD_AN_HOUSE_PRICES@DF_HOUSE_PRICES(1.0),Analytical house prices indicators,I,SVN,Slovenia,Q,Quarterly,RHP,Real house price indices,IX,Index,2023-Q2,,145.87699319576,,A,Normal value,0,Units,S,"Seasonally adjusted, not calendar adjusted",1,One,2015,
DATAFLOW,OECD.ECO.MPD:DSD_AN_HOUSE_PRICES@DF_HOUSE_PRICES(1.0),Analytical house prices indicators,I,SVN,Slovenia,Q,Quarterly,RHP,Real house price indices,IX,Index,2023-Q3,,146.047260171019,,A,Normal value,0,Units,S,"Seasonally adjusted, not calendar adjusted",1,One,2015,
DATAFLOW,OECD.ECO.MPD:DSD_AN_HOUSE_PRICES@DF_HOUSE_PRICES(1.0),Analytical house prices indicators,I,SVN,Slovenia,Q,Quarterly,RHP,Real house price indices,IX,Index,2023-Q4,,148.802064851496,,A,Normal value,0,Units,S,"Seasonally adjusted, not calendar adjusted",1,One,2015,
DATAFLOW,OECD.ECO.MPD:DSD_AN_HOUSE_PRICES@DF_HOUSE_PRICES(1.0),Analytical house prices indicators,I,SVN,Slovenia,Q,Quarterly,RHP,Real house price indices,IX,Index,2024-Q1,,152.424598683907,,A,Normal value,0,Units,S,"Seasonally adjusted, not calendar adjusted",1,One,2015,
DATAFLOW,OECD.ECO.MPD:DSD_AN_HOUSE_PRICES@DF_HOUSE_PRICES(1.0),Analytical house prices indicators,I,SVN,Slovenia,Q,Quarterly,RHP,Real house price indices,IX,Index,2024-Q2,,151.905078304449,,A,Normal value,0,Units,S,"Seasonally adjusted, not calendar adjusted",1,One,2015,
DATAFLOW,OECD.ECO.MPD:DSD_AN_HOUSE_PRICES@DF_HOUSE_PRICES(1.0),Analytical house prices indicators,I,SVN,Slovenia,Q,Quarterly,RHP,Real house price indices,IX,Index,2024-Q3,,155.802321120868,,A,Normal value,0,Units,S,"Seasonally adjusted, not calendar adjusted",1,One,2015,
DATAFLOW,OECD.ECO.MPD:DSD_AN_HOUSE_PRICES@DF_HOUSE_PRICES(1.0),Analytical house prices indicators,I,SVN,Slovenia,Q,Quarterly,RHP,Real house price indices,IX,Index,2024-Q4,,157.699698008372,,A,Normal value,0,Units,S,"Seasonally adjusted, not calendar adjusted",1,One,2015,
DATAFLOW,OECD.ECO.MPD:DSD_AN_HOUSE_PRICES@DF_HOUSE_PRICES(1.0),Analytical house prices indicators,I,SVN,Slovenia,Q,Quarterly,RHP,Real house price indices,IX,Index,2025-Q1,,157.506118207514,,A,Normal value,0,Units,S,"Seasonally adjusted, not calendar adjusted",1,One,2015,
DATAFLOW,OECD.ECO.MPD:DSD_AN_HOUSE_PRICES@DF_HOUSE_PRICES(1.0),Analytical house prices indicators,I,SVN,Slovenia,Q,Quarterly,RHP,Real house price indices,IX,Index,2025-Q2,,162.911661200025,,A,Normal value,0,Units,S,"Seasonally adjusted, not calendar adjusted",1,One,2015,
DATAFLOW,OECD.ECO.MPD:DSD_AN_HOUSE_PRICES@DF_HOUSE_PRICES(1.0),Analytical house prices indicators,I,SVN,Slovenia,Q,Quarterly,RHP,Real house price indices,IX,Index,2025-Q3,,164.400836705858,,A,Normal value,0,Units,S,"Seasonally adjusted, not calendar adjusted",1,One,2015,
DATAFLOW,OECD.ECO.MPD:DSD_AN_HOUSE_PRICES@DF_HOUSE_PRICES(1.0),Analytical house prices indicators,I,SVN,Slovenia,Q,Quarterly,RHP,Real house price indices,IX,Index,2025-Q4,,166.883982290876,,A,Normal value,0,Units,S,"Seasonally adjusted, not calendar adjusted",1,One,2015,
DATAFLOW,OECD.ECO.MPD:DSD_AN_HOUSE_PRICES@DF_HOUSE_PRICES(1.0),Analytical house prices indicators,I,SVN,Slovenia,Q,Quarterly,RHP,Real house price indices,IX,Index,2026-Q1,,169.566197984774,,A,Normal value,0,Units,S,"Seasonally adjusted, not calendar adjusted",1,One,2015,
DATAFLOW,OECD.ECO.MPD:DSD_AN_HOUSE_PRICES@DF_HOUSE_PRICES(1.0),Analytical house prices indicators,I,BRA,Brazil,Q,Quarterly,RHP,Real house price indices,IX,Index,2021-Q3,,74.137096583546,,A,Normal value,0,Units,S,"Seasonally adjusted, not calendar adjusted",1,One,2015,
DATAFLOW,OECD.ECO.MPD:DSD_AN_HOUSE_PRICES@DF_HOUSE_PRICES(1.0),Analytical house prices indicators,I,BRA,Brazil,Q,Quarterly,RHP,Real house price indices,IX,Index,2021-Q4,,72.1091148017717,,A,Normal value,0,Units,S,"Seasonally adjusted, not calendar adjusted",1,One,2015,
DATAFLOW,OECD.ECO.MPD:DSD_AN_HOUSE_PRICES@DF_HOUSE_PRICES(1.0),Analytical house prices indicators,I,BRA,Brazil,Q,Quarterly,RHP,Real house price indices,IX,Index,2022-Q1,,72.2899669306708,,A,Normal value,0,Units,S,"Seasonally adjusted, not calendar adjusted",1,One,2015,
DATAFLOW,OECD.ECO.MPD:DSD_AN_HOUSE_PRICES@DF_HOUSE_PRICES(1.0),Analytical house prices indicators,I,BRA,Brazil,Q,Quarterly,RHP,Real house price indices,IX,Index,2022-Q2,,70.9465139788161,,A,Normal value,0,Units,S,"Seasonally adjusted, not calendar adjusted",1,One,2015,
DATAFLOW,OECD.ECO.MPD:DSD_AN_HOUSE_PRICES@DF_HOUSE_PRICES(1.0),Analytical house prices indicators,I,BRA,Brazil,Q,Quarterly,RHP,Real house price indices,IX,Index,2022-Q3,,71.5410536073666,,A,Normal value,0,Units,S,"Seasonally adjusted, not calendar adjusted",1,One,2015,
DATAFLOW,OECD.ECO.MPD:DSD_AN_HOUSE_PRICES@DF_HOUSE_PRICES(1.0),Analytical house prices indicators,I,BRA,Brazil,Q,Quarterly,RHP,Real house price indices,IX,Index,2022-Q4,,72.1494045313206,,A,Normal value,0,Units,S,"Seasonally adjusted, not calendar adjusted",1,One,2015,
DATAFLOW,OECD.ECO.MPD:DSD_AN_HOUSE_PRICES@DF_HOUSE_PRICES(1.0),Analytical house prices indicators,I,BRA,Brazil,Q,Quarterly,RHP,Real house price indices,IX,Index,2023-Q1,,71.8008882322484,,A,Normal value,0,Units,S,"Seasonally adjusted, not calendar adjusted",1,One,2015,
DATAFLOW,OECD.ECO.MPD:DSD_AN_HOUSE_PRICES@DF_HOUSE_PRICES(1.0),Analytical house prices indicators,I,BRA,Brazil,Q,Quarterly,RHP,Real house price indices,IX,Index,2023-Q2,,71.763296235763,,A,Normal value,0,Units,S,"Seasonally adjusted, not calendar adjusted",1,One,2015,
DATAFLOW,OECD.ECO.MPD:DSD_AN_HOUSE_PRICES@DF_HOUSE_PRICES(1.0),Analytical house prices indicators,I,BRA,Brazil,Q,Quarterly,RHP,Real house price indices,IX,Index,2023-Q3,,72.3676938547456,,A,Normal value,0,Units,S,"Seasonally adjusted, not calendar adjusted",1,One,2015,
DATAFLOW,OECD.ECO.MPD:DSD_AN_HOUSE_PRICES@DF_HOUSE_PRICES(1.0),Analytical house prices indicators,I,BRA,Brazil,Q,Quarterly,RHP,Real house price indices,IX,Index,2023-Q4,,72.5702217688807,,A,Normal value,0,Units,S,"Seasonally adjusted, not calendar adjusted",1,One,2015,
DATAFLOW,OECD.ECO.MPD:DSD_AN_HOUSE_PRICES@DF_HOUSE_PRICES(1.0),Analytical house prices indicators,I,BRA,Brazil,Q,Quarterly,RHP,Real house price indices,IX,Index,2024-Q1,,72.9320390749619,,A,Normal value,0,Units,S,"Seasonally adjusted, not calendar adjusted",1,One,2015,
DATAFLOW,OECD.ECO.MPD:DSD_AN_HOUSE_PRICES@DF_HOUSE_PRICES(1.0),Analytical house prices indicators,I,BRA,Brazil,Q,Quarterly,RHP,Real house price indices,IX,Index,2024-Q2,,73.7394294220276,,A,Normal value,0,Units,S,"Seasonally adjusted, not calendar adjusted",1,One,2015,
DATAFLOW,OECD.ECO.MPD:DSD_AN_HOUSE_PRICES@DF_HOUSE_PRICES(1.0),Analytical house prices indicators,I,BRA,Brazil,Q,Quarterly,RHP,Real house price indices,IX,Index,2024-Q3,,74.0157375501306,,A,Normal value,0,Units,S,"Seasonally adjusted, not calendar adjusted",1,One,2015,
DATAFLOW,OECD.ECO.MPD:DSD_AN_HOUSE_PRICES@DF_HOUSE_PRICES(1.0),Analytical house prices indicators,I,BRA,Brazil,Q,Quarterly,RHP,Real house price indices,IX,Index,2024-Q4,,74.2656750331538,,A,Normal value,0,Units,S,"Seasonally adjusted, not calendar adjusted",1,One,2015,
DATAFLOW,OECD.ECO.MPD:DSD_AN_HOUSE_PRICES@DF_HOUSE_PRICES(1.0),Analytical house prices indicators,I,BRA,Brazil,Q,Quarterly,RHP,Real house price indices,IX,Index,2025-Q1,,74.3557370138987,,A,Normal value,0,Units,S,"Seasonally adjusted, not calendar adjusted",1,One,2015,
DATAFLOW,OECD.ECO.MPD:DSD_AN_HOUSE_PRICES@DF_HOUSE_PRICES(1.0),Analytical house prices indicators,I,BRA,Brazil,Q,Quarterly,RHP,Real house price indices,IX,Index,2025-Q2,,74.5083932657704,,A,Normal value,0,Units,S,"Seasonally adjusted, not calendar adjusted",1,One,2015,
DATAFLOW,OECD.ECO.MPD:DSD_AN_HOUSE_PRICES@DF_HOUSE_PRICES(1.0),Analytical house prices indicators,I,BRA,Brazil,Q,Quarterly,RHP,Real house price indices,IX,Index,2025-Q3,,74.9433823596153,,A,Normal value,0,Units,S,"Seasonally adjusted, not calendar adjusted",1,One,2015,
DATAFLOW,OECD.ECO.MPD:DSD_AN_HOUSE_PRICES@DF_HOUSE_PRICES(1.0),Analytical house prices indicators,I,BRA,Brazil,Q,Quarterly,RHP,Real house price indices,IX,Index,2025-Q4,,75.355117119519,,A,Normal value,0,Units,S,"Seasonally adjusted, not calendar adjusted",1,One,2015,
DATAFLOW,OECD.ECO.MPD:DSD_AN_HOUSE_PRICES@DF_HOUSE_PRICES(1.0),Analytical house prices indicators,I,BRA,Brazil,Q,Quarterly,RHP,Real house price indices,IX,Index,2026-Q1,,75.3497656717229,,A,Normal value,0,Units,S,"Seasonally adjusted, not calendar adjusted",1,One,2015,
DATAFLOW,OECD.ECO.MPD:DSD_AN_HOUSE_PRICES@DF_HOUSE_PRICES(1.0),Analytical house prices indicators,I,BRA,Brazil,Q,Quarterly,RHP,Real house price indices,IX,Index,2026-Q2,,75.1579300617597,,A,Normal value,0,Units,S,"Seasonally adjusted, not calendar adjusted",1,One,2015,
DATAFLOW,OECD.ECO.MPD:DSD_AN_HOUSE_PRICES@DF_HOUSE_PRICES(1.0),Analytical house prices indicators,I,BGR,Bulgaria,Q,Quarterly,RHP,Real house price indices,IX,Index,2021-Q3,,126.144010002698,,A,Normal value,0,Units,S,"Seasonally adjusted, not calendar adjusted",1,One,2015,
DATAFLOW,OECD.ECO.MPD:DSD_AN_HOUSE_PRICES@DF_HOUSE_PRICES(1.0),Analytical house prices indicators,I,BGR,Bulgaria,Q,Quarterly,RHP,Real house price indices,IX,Index,2021-Q4,,130.640312397406,,A,Normal value,0,Units,S,"Seasonally adjusted, not calendar adjusted",1,One,2015,
DATAFLOW,OECD.ECO.MPD:DSD_AN_HOUSE_PRICES@DF_HOUSE_PRICES(1.0),Analytical house prices indicators,I,BGR,Bulgaria,Q,Quarterly,RHP,Real house price indices,IX,Index,2022-Q1,,128.023948540471,,A,Normal value,0,Units,S,"Seasonally adjusted, not calendar adjusted",1,One,2015,
DATAFLOW,OECD.ECO.MPD:DSD_AN_HOUSE_PRICES@DF_HOUSE_PRICES(1.0),Analytical house prices indicators,I,BGR,Bulgaria,Q,Quarterly,RHP,Real house price indices,IX,Index,2022-Q2,,132.50667387657,,A,Normal value,0,Units,S,"Seasonally adjusted, not calendar adjusted",1,One,2015,
DATAFLOW,OECD.ECO.MPD:DSD_AN_HOUSE_PRICES@DF_HOUSE_PRICES(1.0),Analytical house prices indicators,I,BGR,Bulgaria,Q,Quarterly,RHP,Real house price indices,IX,Index,2022-Q3,,119.336838894228,,A,Normal value,0,Units,S,"Seasonally adjusted, not calendar adjusted",1,One,2015,
DATAFLOW,OECD.ECO.MPD:DSD_AN_HOUSE_PRICES@DF_HOUSE_PRICES(1.0),Analytical house prices indicators,I,BGR,Bulgaria,Q,Quarterly,RHP,Real house price indices,IX,Index,2022-Q4,,121.882846885304,,A,Normal value,0,Units,S,"Seasonally adjusted, not calendar adjusted",1,One,2015,
DATAFLOW,OECD.ECO.MPD:DSD_AN_HOUSE_PRICES@DF_HOUSE_PRICES(1.0),Analytical house prices indicators,I,BGR,Bulgaria,Q,Quarterly,RHP,Real house price indices,IX,Index,2023-Q1,,122.806913180202,,A,Normal value,0,Units,S,"Seasonally adjusted, not calendar adjusted",1,One,2015,
DATAFLOW,OECD.ECO.MPD:DSD_AN_HOUSE_PRICES@DF_HOUSE_PRICES(1.0),Analytical house prices indicators,I,BGR,Bulgaria,Q,Quarterly,RHP,Real house price indices,IX,Index,2023-Q2,,123.242705786769,,A,Normal value,0,Units,S,"Seasonally adjusted, not calendar adjusted",1,One,2015,
DATAFLOW,OECD.ECO.MPD:DSD_AN_HOUSE_PRICES@DF_HOUSE_PRICES(1.0),Analytical house prices indicators,I,BGR,Bulgaria,Q,Quarterly,RHP,Real house price indices,IX,Index,2023-Q3,,129.851378731163,,A,Normal value,0,Units,S,"Seasonally adjusted, not calendar adjusted",1,One,2015,
DATAFLOW,OECD.ECO.MPD:DSD_AN_HOUSE_PRICES@DF_HOUSE_PRICES(1.0),Analytical house prices indicators,I,BGR,Bulgaria,Q,Quarterly,RHP,Real house price indices,IX,Index,2023-Q4,,132.231109259103,,A,Normal value,0,Units,S,"Seasonally adjusted, not calendar adjusted",1,One,2015,
DATAFLOW,OECD.ECO.MPD:DSD_AN_HOUSE_PRICES@DF_HOUSE_PRICES(1.0),Analytical house prices indicators,I,BGR,Bulgaria,Q,Quarterly,RHP,Real house price indices,IX,Index,2024-Q1,,134.586911130032,,A,Normal value,0,Units,S,"Seasonally adjusted, not calendar adjusted",1,One,2015,
DATAFLOW,OECD.ECO.MPD:DSD_AN_HOUSE_PRICES@DF_HOUSE_PRICES(1.0),Analytical house prices indicators,I,BGR,Bulgaria,Q,Quarterly,RHP,Real house price indices,IX,Index,2024-Q2,,138.327666387558,,A,Normal value,0,Units,S,"Seasonally adjusted, not calendar adjusted",1,One,2015,
DATAFLOW,OECD.ECO.MPD:DSD_AN_HOUSE_PRICES@DF_HOUSE_PRICES(1.0),Analytical house prices indicators,I,BGR,Bulgaria,Q,Quarterly,RHP,Real house price indices,IX,Index,2024-Q3,,144.119577396135,,A,Normal value,0,Units,S,"Seasonally adjusted, not calendar adjusted",1,One,2015,
DATAFLOW,OECD.ECO.MPD:DSD_AN_HOUSE_PRICES@DF_HOUSE_PRICES(1.0),Analytical house prices indicators,I,BGR,Bulgaria,Q,Quarterly,RHP,Real house price indices,IX,Index,2024-Q4,,146.752434324174,,A,Normal value,0,Units,S,"Seasonally adjusted, not calendar adjusted",1,One,2015,
DATAFLOW,OECD.ECO.MPD:DSD_AN_HOUSE_PRICES@DF_HOUSE_PRICES(1.0),Analytical house prices indicators,I,BGR,Bulgaria,Q,Quarterly,RHP,Real house price indices,IX,Index,2025-Q1,,149.59743826159,,A,Normal value,0,Units,S,"Seasonally adjusted, not calendar adjusted",1,One,2015,
DATAFLOW,OECD.ECO.MPD:DSD_AN_HOUSE_PRICES@DF_HOUSE_PRICES(1.0),Analytical house prices indicators,I,BGR,Bulgaria,Q,Quarterly,RHP,Real house price indices,IX,Index,2025-Q2,,157.215071485097,,A,Normal value,0,Units,S,"Seasonally adjusted, not calendar adjusted",1,One,2015,
DATAFLOW,OECD.ECO.MPD:DSD_AN_HOUSE_PRICES@DF_HOUSE_PRICES(1.0),Analytical house prices indicators,I,BGR,Bulgaria,Q,Quarterly,RHP,Real house price indices,IX,Index,2025-Q3,,153.180548958172,,A,Normal value,0,Units,S,"Seasonally adjusted, not calendar adjusted",1,One,2015,
DATAFLOW,OECD.ECO.MPD:DSD_AN_HOUSE_PRICES@DF_HOUSE_PRICES(1.0),Analytical house prices indicators,I,BGR,Bulgaria,Q,Quarterly,RHP,Real house price indices,IX,Index,2025-Q4,,156.620701714153,,A,Normal value,0,Units,S,"Seasonally adjusted, not calendar adjusted",1,One,2015,
DATAFLOW,OECD.ECO.MPD:DSD_AN_HOUSE_PRICES@DF_HOUSE_PRICES(1.0),Analytical house prices indicators,I,BGR,Bulgaria,Q,Quarterly,RHP,Real house price indices,IX,Index,2026-Q1,,163.445343416268,,A,Normal value,0,Units,S,"Seasonally adjusted, not calendar adjusted",1,One,2015,
DATAFLOW,OECD.ECO.MPD:DSD_AN_HOUSE_PRICES@DF_HOUSE_PRICES(1.0),Analytical house prices indicators,I,TUR,Türkiye,Q,Quarterly,RHP,Real house price indices,IX,Index,2021-Q3,,113.657209782588,,A,Normal value,0,Units,S,"Seasonally adjusted, not calendar adjusted",1,One,2015,
DATAFLOW,OECD.ECO.MPD:DSD_AN_HOUSE_PRICES@DF_HOUSE_PRICES(1.0),Analytical house prices indicators,I,TUR,Türkiye,Q,Quarterly,RHP,Real house price indices,IX,Index,2021-Q4,,122.776906539029,,A,Normal value,0,Units,S,"Seasonally adjusted, not calendar adjusted",1,One,2015,
DATAFLOW,OECD.ECO.MPD:DSD_AN_HOUSE_PRICES@DF_HOUSE_PRICES(1.0),Analytical house prices indicators,I,TUR,Türkiye,Q,Quarterly,RHP,Real house price indices,IX,Index,2022-Q1,,132.994118629532,,A,Normal value,0,Units,S,"Seasonally adjusted, not calendar adjusted",1,One,2015,
DATAFLOW,OECD.ECO.MPD:DSD_AN_HOUSE_PRICES@DF_HOUSE_PRICES(1.0),Analytical house prices indicators,I,TUR,Türkiye,Q,Quarterly,RHP,Real house price indices,IX,Index,2022-Q2,,145.740693296994,,A,Normal value,0,Units,S,"Seasonally adjusted, not calendar adjusted",1,One,2015,
DATAFLOW,OECD.ECO.MPD:DSD_AN_HOUSE_PRICES@DF_HOUSE_PRICES(1.0),Analytical house prices indicators,I,TUR,Türkiye,Q,Quarterly,RHP,Real house price indices,IX,Index,2022-Q3,,167.298979749697,,A,Normal value,0,Units,S,"Seasonally adjusted, not calendar adjusted",1,One,2015,
DATAFLOW,OECD.ECO.MPD:DSD_AN_HOUSE_PRICES@DF_HOUSE_PRICES(1.0),Analytical house prices indicators,I,TUR,Türkiye,Q,Quarterly,RHP,Real house price indices,IX,Index,2022-Q4,,175.156074384087,,A,Normal value,0,Units,S,"Seasonally adjusted, not calendar adjusted",1,One,2015,
DATAFLOW,OECD.ECO.MPD:DSD_AN_HOUSE_PRICES@DF_HOUSE_PRICES(1.0),Analytical house prices indicators,I,TUR,Türkiye,Q,Quarterly,RHP,Real house price indices,IX,Index,2023-Q1,,189.827711653756,,A,Normal value,0,Units,S,"Seasonally adjusted, not calendar adjusted",1,One,2015,
DATAFLOW,OECD.ECO.MPD:DSD_AN_HOUSE_PRICES@DF_HOUSE_PRICES(1.0),Analytical house prices indicators,I,TUR,Türkiye,Q,Quarterly,RHP,Real house price indices,IX,Index,2023-Q2,,197.311972606995,,A,Normal value,0,Units,S,"Seasonally adjusted, not calendar adjusted",1,One,2015,
DATAFLOW,OECD.ECO.MPD:DSD_AN_HOUSE_PRICES@DF_HOUSE_PRICES(1.0),Analytical house prices indicators,I,TUR,Türkiye,Q,Quarterly,RHP,Real house price indices,IX,Index,2023-Q3,,195.597146825172,,A,Normal value,0,Units,S,"Seasonally adjusted, not calendar adjusted",1,One,2015,
DATAFLOW,OECD.ECO.MPD:DSD_AN_HOUSE_PRICES@DF_HOUSE_PRICES(1.0),Analytical house prices indicators,I,TUR,Türkiye,Q,Quarterly,RHP,Real house price indices,IX,Index,2023-Q4,,198.952537853348,,A,Normal value,0,Units,S,"Seasonally adjusted, not calendar adjusted",1,One,2015,
DATAFLOW,OECD.ECO.MPD:DSD_AN_HOUSE_PRICES@DF_HOUSE_PRICES(1.0),Analytical house prices indicators,I,TUR,Türkiye,Q,Quarterly,RHP,Real house price indices,IX,Index,2024-Q1,,184.88552672607,,A,Normal value,0,Units,S,"Seasonally adjusted, not calendar adjusted",1,One,2015,
DATAFLOW,OECD.ECO.MPD:DSD_AN_HOUSE_PRICES@DF_HOUSE_PRICES(1.0),Analytical house prices indicators,I,TUR,Türkiye,Q,Quarterly,RHP,Real house price indices,IX,Index,2024-Q2,,172.528178223458,,A,Normal value,0,Units,S,"Seasonally adjusted, not calendar adjusted",1,One,2015,
DATAFLOW,OECD.ECO.MPD:DSD_AN_HOUSE_PRICES@DF_HOUSE_PRICES(1.0),Analytical house prices indicators,I,TUR,Türkiye,Q,Quarterly,RHP,Real house price indices,IX,Index,2024-Q3,,168.748783543549,,A,Normal value,0,Units,S,"Seasonally adjusted, not calendar adjusted",1,One,2015,
DATAFLOW,OECD.ECO.MPD:DSD_AN_HOUSE_PRICES@DF_HOUSE_PRICES(1.0),Analytical house prices indicators,I,TUR,Türkiye,Q,Quarterly,RHP,Real house price indices,IX,Index,2024-Q4,,173.565936751771,,A,Normal value,0,Units,S,"Seasonally adjusted, not calendar adjusted",1,One,2015,
DATAFLOW,OECD.ECO.MPD:DSD_AN_HOUSE_PRICES@DF_HOUSE_PRICES(1.0),Analytical house prices indicators,I,TUR,Türkiye,Q,Quarterly,RHP,Real house price indices,IX,Index,2025-Q1,,172.060888396994,,A,Normal value,0,Units,S,"Seasonally adjusted, not calendar adjusted",1,One,2015,
DATAFLOW,OECD.ECO.MPD:DSD_AN_HOUSE_PRICES@DF_HOUSE_PRICES(1.0),Analytical house prices indicators,I,TUR,Türkiye,Q,Quarterly,RHP,Real house price indices,IX,Index,2025-Q2,,167.197545009072,,A,Normal value,0,Units,S,"Seasonally adjusted, not calendar adjusted",1,One,2015,
DATAFLOW,OECD.ECO.MPD:DSD_AN_HOUSE_PRICES@DF_HOUSE_PRICES(1.0),Analytical house prices indicators,I,TUR,Türkiye,Q,Quarterly,RHP,Real house price indices,IX,Index,2025-Q3,,164.940386760773,,A,Normal value,0,Units,S,"Seasonally adjusted, not calendar adjusted",1,One,2015,
DATAFLOW,OECD.ECO.MPD:DSD_AN_HOUSE_PRICES@DF_HOUSE_PRICES(1.0),Analytical house prices indicators,I,TUR,Türkiye,Q,Quarterly,RHP,Real house price indices,IX,Index,2025-Q4,,168.892431080219,,A,Normal value,0,Units,S,"Seasonally adjusted, not calendar adjusted",1,One,2015,
DATAFLOW,OECD.ECO.MPD:DSD_AN_HOUSE_PRICES@DF_HOUSE_PRICES(1.0),Analytical house prices indicators,I,TUR,Türkiye,Q,Quarterly,RHP,Real house price indices,IX,Index,2026-Q1,,164.769672076268,,A,Normal value,0,Units,S,"Seasonally adjusted, not calendar adjusted",1,One,2015,
DATAFLOW,OECD.ECO.MPD:DSD_AN_HOUSE_PRICES@DF_HOUSE_PRICES(1.0),Analytical house prices indicators,I,TUR,Türkiye,Q,Quarterly,RHP,Real house price indices,IX,Index,2026-Q2,,162.239530810598,,A,Normal value,0,Units,S,"Seasonally adjusted, not calendar adjusted",1,One,2015,
DATAFLOW,OECD.ECO.MPD:DSD_AN_HOUSE_PRICES@DF_HOUSE_PRICES(1.0),Analytical house prices indicators,I,ESP,Spain,Q,Quarterly,RHP,Real house price indices,IX,Index,2025-Q1,,137.210170696978,,A,Normal value,0,Units,S,"Seasonally adjusted, not calendar adjusted",1,One,2015,
DATAFLOW,OECD.ECO.MPD:DSD_AN_HOUSE_PRICES@DF_HOUSE_PRICES(1.0),Analytical house prices indicators,I,ESP,Spain,Q,Quarterly,RHP,Real house price indices,IX,Index,2025-Q2,,141.010376425471,,A,Normal value,0,Units,S,"Seasonally adjusted, not calendar adjusted",1,One,2015,
DATAFLOW,OECD.ECO.MPD:DSD_AN_HOUSE_PRICES@DF_HOUSE_PRICES(1.0),Analytical house prices indicators,I,ESP,Spain,Q,Quarterly,RHP,Real house price indices,IX,Index,2025-Q3,,144.548601875475,,A,Normal value,0,Units,S,"Seasonally adjusted, not calendar adjusted",1,One,2015,
DATAFLOW,OECD.ECO.MPD:DSD_AN_HOUSE_PRICES@DF_HOUSE_PRICES(1.0),Analytical house prices indicators,I,ESP,Spain,Q,Quarterly,RHP,Real house price indices,IX,Index,2025-Q4,,147.445920028678,,A,Normal value,0,Units,S,"Seasonally adjusted, not calendar adjusted",1,One,2015,
DATAFLOW,OECD.ECO.MPD:DSD_AN_HOUSE_PRICES@DF_HOUSE_PRICES(1.0),Analytical house prices indicators,I,ESP,Spain,Q,Quarterly,RHP,Real house price indices,IX,Index,2026-Q1,,150.601382758626,,A,Normal value,0,Units,S,"Seasonally adjusted, not calendar adjusted",1,One,2015,
DATAFLOW,OECD.ECO.MPD:DSD_AN_HOUSE_PRICES@DF_HOUSE_PRICES(1.0),Analytical house prices indicators,I,SAU,Saudi Arabia,Q,Quarterly,RHP,Real house price indices,IX,Index,2021-Q3,,67.9619351635937,,A,Normal value,0,Units,S,"Seasonally adjusted, not calendar adjusted",1,One,2015,
DATAFLOW,OECD.ECO.MPD:DSD_AN_HOUSE_PRICES@DF_HOUSE_PRICES(1.0),Analytical house prices indicators,I,SAU,Saudi Arabia,Q,Quarterly,RHP,Real house price indices,IX,Index,2021-Q4,,70.9140983888196,,A,Normal value,0,Units,S,"Seasonally adjusted, not calendar adjusted",1,One,2015,
DATAFLOW,OECD.ECO.MPD:DSD_AN_HOUSE_PRICES@DF_HOUSE_PRICES(1.0),Analytical house prices indicators,I,SAU,Saudi Arabia,Q,Quarterly,RHP,Real house price indices,IX,Index,2022-Q1,,69.0105279701285,,A,Normal value,0,Units,S,"Seasonally adjusted, not calendar adjusted",1,One,2015,
DATAFLOW,OECD.ECO.MPD:DSD_AN_HOUSE_PRICES@DF_HOUSE_PRICES(1.0),Analytical house prices indicators,I,SAU,Saudi Arabia,Q,Quarterly,RHP,Real house price indices,IX,Index,2022-Q2,,67.2495599744712,,A,Normal value,0,Units,S,"Seasonally adjusted, not calendar adjusted",1,One,2015,
DATAFLOW,OECD.ECO.MPD:DSD_AN_HOUSE_PRICES@DF_HOUSE_PRICES(1.0),Analytical house prices indicators,I,SAU,Saudi Arabia,Q,Quarterly,RHP,Real house price indices,IX,Index,2022-Q3,,66.6008253298194,,A,Normal value,0,Units,S,"Seasonally adjusted, not calendar adjusted",1,One,2015,
DATAFLOW,OECD.ECO.MPD:DSD_AN_HOUSE_PRICES@DF_HOUSE_PRICES(1.0),Analytical house prices indicators,I,SAU,Saudi Arabia,Q,Quarterly,RHP,Real house price indices,IX,Index,2022-Q4,,70.4631787750226,,A,Normal value,0,Units,S,"Seasonally adjusted, not calendar adjusted",1,One,2015,
DATAFLOW,OECD.ECO.MPD:DSD_AN_HOUSE_PRICES@DF_HOUSE_PRICES(1.0),Analytical house prices indicators,I,SAU,Saudi Arabia,Q,Quarterly,RHP,Real house price indices,IX,Index,2023-Q1,,68.5564096933162,,A,Normal value,0,Units,S,"Seasonally adjusted, not calendar adjusted",1,One,2015,
DATAFLOW,OECD.ECO.MPD:DSD_AN_HOUSE_PRICES@DF_HOUSE_PRICES(1.0),Analytical house prices indicators,I,SAU,Saudi Arabia,Q,Quarterly,RHP,Real house price indices,IX,Index,2023-Q2,,68.0467866524734,,A,Normal value,0,Units,S,"Seasonally adjusted, not calendar adjusted",1,One,2015,
DATAFLOW,OECD.ECO.MPD:DSD_AN_HOUSE_PRICES@DF_HOUSE_PRICES(1.0),Analytical house prices indicators,I,SAU,Saudi Arabia,Q,Quarterly,RHP,Real house price indices,IX,Index,2023-Q3,,66.3740096488261,,A,Normal value,0,Units,S,"Seasonally adjusted, not calendar adjusted",1,One,2015,
DATAFLOW,OECD.ECO.MPD:DSD_AN_HOUSE_PRICES@DF_HOUSE_PRICES(1.0),Analytical house prices indicators,I,SAU,Saudi Arabia,Q,Quarterly,RHP,Real house price indices,IX,Index,2023-Q4,,68.9768897814178,,A,Normal value,0,Units,S,"Seasonally adjusted, not calendar adjusted",1,One,2015,
DATAFLOW,OECD.ECO.MPD:DSD_AN_HOUSE_PRICES@DF_HOUSE_PRICES(1.0),Analytical house prices indicators,I,SAU,Saudi Arabia,Q,Quarterly,RHP,Real house price indices,IX,Index,2024-Q1,,67.6799046470136,,A,Normal value,0,Units,S,"Seasonally adjusted, not calendar adjusted",1,One,2015,
DATAFLOW,OECD.ECO.MPD:DSD_AN_HOUSE_PRICES@DF_HOUSE_PRICES(1.0),Analytical house prices indicators,I,SAU,Saudi Arabia,Q,Quarterly,RHP,Real house price indices,IX,Index,2024-Q2,,67.5226961250061,,A,Normal value,0,Units,S,"Seasonally adjusted, not calendar adjusted",1,One,2015,
DATAFLOW,OECD.ECO.MPD:DSD_AN_HOUSE_PRICES@DF_HOUSE_PRICES(1.0),Analytical house prices indicators,I,ROU,Romania,Q,Quarterly,RHP,Real house price indices,IX,Index,2021-Q3,,110.066106579449,,A,Normal value,0,Units,S,"Seasonally adjusted, not calendar adjusted",1,One,2015,
DATAFLOW,OECD.ECO.MPD:DSD_AN_HOUSE_PRICES@DF_HOUSE_PRICES(1.0),Analytical house prices indicators,I,ROU,Romania,Q,Quarterly,RHP,Real house price indices,IX,Index,2021-Q4,,108.291174802464,,A,Normal value,0,Units,S,"Seasonally adjusted, not calendar adjusted",1,One,2015,
DATAFLOW,OECD.ECO.MPD:DSD_AN_HOUSE_PRICES@DF_HOUSE_PRICES(1.0),Analytical house prices indicators,I,ROU,Romania,Q,Quarterly,RHP,Real house price indices,IX,Index,2022-Q1,,107.136347512872,,A,Normal value,0,Units,S,"Seasonally adjusted, not calendar adjusted",1,One,2015,
DATAFLOW,OECD.ECO.MPD:DSD_AN_HOUSE_PRICES@DF_HOUSE_PRICES(1.0),Analytical house prices indicators,I,ROU,Romania,Q,Quarterly,RHP,Real house price indices,IX,Index,2022-Q2,,104.067010787598,,A,Normal value,0,Units,S,"Seasonally adjusted, not calendar adjusted",1,One,2015,
DATAFLOW,OECD.ECO.MPD:DSD_AN_HOUSE_PRICES@DF_HOUSE_PRICES(1.0),Analytical house prices indicators,I,ROU,Romania,Q,Quarterly,RHP,Real house price indices,IX,Index,2022-Q3,,102.723105533603,,A,Normal value,0,Units,S,"Seasonally adjusted, not calendar adjusted",1,One,2015,
DATAFLOW,OECD.ECO.MPD:DSD_AN_HOUSE_PRICES@DF_HOUSE_PRICES(1.0),Analytical house prices indicators,I,ROU,Romania,Q,Quarterly,RHP,Real house price indices,IX,Index,2022-Q4,,103.190385463285,,A,Normal value,0,Units,S,"Seasonally adjusted, not calendar adjusted",1,One,2015,
DATAFLOW,OECD.ECO.MPD:DSD_AN_HOUSE_PRICES@DF_HOUSE_PRICES(1.0),Analytical house prices indicators,I,ROU,Romania,Q,Quarterly,RHP,Real house price indices,IX,Index,2023-Q1,,97.4841129861351,,A,Normal value,0,Units,S,"Seasonally adjusted, not calendar adjusted",1,One,2015,
DATAFLOW,OECD.ECO.MPD:DSD_AN_HOUSE_PRICES@DF_HOUSE_PRICES(1.0),Analytical house prices indicators,I,ROU,Romania,Q,Quarterly,RHP,Real house price indices,IX,Index,2023-Q2,,96.5936437785263,,A,Normal value,0,Units,S,"Seasonally adjusted, not calendar adjusted",1,One,2015,
DATAFLOW,OECD.ECO.MPD:DSD_AN_HOUSE_PRICES@DF_HOUSE_PRICES(1.0),Analytical house prices indicators,I,ROU,Romania,Q,Quarterly,RHP,Real house price indices,IX,Index,2023-Q3,,100.372605583287,,A,Normal value,0,Units,S,"Seasonally adjusted, not calendar adjusted",1,One,2015,
DATAFLOW,OECD.ECO.MPD:DSD_AN_HOUSE_PRICES@DF_HOUSE_PRICES(1.0),Analytical house prices indicators,I,ROU,Romania,Q,Quarterly,RHP,Real house price indices,IX,Index,2023-Q4,,100.471489332069,,A,Normal value,0,Units,S,"Seasonally adjusted, not calendar adjusted",1,One,2015,
DATAFLOW,OECD.ECO.MPD:DSD_AN_HOUSE_PRICES@DF_HOUSE_PRICES(1.0),Analytical house prices indicators,I,ROU,Romania,Q,Quarterly,RHP,Real house price indices,IX,Index,2024-Q1,,97.0594424640156,,A,Normal value,0,Units,S,"Seasonally adjusted, not calendar adjusted",1,One,2015,
DATAFLOW,OECD.ECO.MPD:DSD_AN_HOUSE_PRICES@DF_HOUSE_PRICES(1.0),Analytical house prices indicators,I,ROU,Romania,Q,Quarterly,RHP,Real house price indices,IX,Index,2024-Q2,,98.1479179192708,,A,Normal value,0,Units,S,"Seasonally adjusted, not calendar adjusted",1,One,2015,
DATAFLOW,OECD.ECO.MPD:DSD_AN_HOUSE_PRICES@DF_HOUSE_PRICES(1.0),Analytical house prices indicators,I,ROU,Romania,Q,Quarterly,RHP,Real house price indices,IX,Index,2024-Q3,,98.4739074365457,,A,Normal value,0,Units,S,"Seasonally adjusted, not calendar adjusted",1,One,2015,
DATAFLOW,OECD.ECO.MPD:DSD_AN_HOUSE_PRICES@DF_HOUSE_PRICES(1.0),Analytical house prices indicators,I,ROU,Romania,Q,Quarterly,RHP,Real house price indices,IX,Index,2024-Q4,,96.3531996343529,,A,Normal value,0,Units,S,"Seasonally adjusted, not calendar adjusted",1,One,2015,
DATAFLOW,OECD.ECO.MPD:DSD_AN_HOUSE_PRICES@DF_HOUSE_PRICES(1.0),Analytical house prices indicators,I,ROU,Romania,Q,Quarterly,RHP,Real house price indices,IX,Index,2025-Q1,,98.1264271542722,,A,Normal value,0,Units,S,"Seasonally adjusted, not calendar adjusted",1,One,2015,
DATAFLOW,OECD.ECO.MPD:DSD_AN_HOUSE_PRICES@DF_HOUSE_PRICES(1.0),Analytical house prices indicators,I,ROU,Romania,Q,Quarterly,RHP,Real house price indices,IX,Index,2025-Q2,,96.5258049305097,,A,Normal value,0,Units,S,"Seasonally adjusted, not calendar adjusted",1,One,2015,
DATAFLOW,OECD.ECO.MPD:DSD_AN_HOUSE_PRICES@DF_HOUSE_PRICES(1.0),Analytical house prices indicators,I,ROU,Romania,Q,Quarterly,RHP,Real house price indices,IX,Index,2025-Q3,,95.0864805106152,,A,Normal value,0,Units,S,"Seasonally adjusted, not calendar adjusted",1,One,2015,
DATAFLOW,OECD.ECO.MPD:DSD_AN_HOUSE_PRICES@DF_HOUSE_PRICES(1.0),Analytical house prices indicators,I,ROU,Romania,Q,Quarterly,RHP,Real house price indices,IX,Index,2025-Q4,,93.6690472125192,,A,Normal value,0,Units,S,"Seasonally adjusted, not calendar adjusted",1,One,2015,
DATAFLOW,OECD.ECO.MPD:DSD_AN_HOUSE_PRICES@DF_HOUSE_PRICES(1.0),Analytical house prices indicators,I,ROU,Romania,Q,Quarterly,RHP,Real house price indices,IX,Index,2026-Q1,,95.102319807773,,A,Normal value,0,Units,S,"Seasonally adjusted, not calendar adjusted",1,One,2015,
DATAFLOW,OECD.ECO.MPD:DSD_AN_HOUSE_PRICES@DF_HOUSE_PRICES(1.0),Analytical house prices indicators,I,LUX,Luxembourg,Q,Quarterly,RHP,Real house price indices,IX,Index,2021-Q3,,158.833803635959,,A,Normal value,0,Units,S,"Seasonally adjusted, not calendar adjusted",1,One,2015,
DATAFLOW,OECD.ECO.MPD:DSD_AN_HOUSE_PRICES@DF_HOUSE_PRICES(1.0),Analytical house prices indicators,I,LUX,Luxembourg,Q,Quarterly,RHP,Real house price indices,IX,Index,2021-Q4,,161.760759873894,,A,Normal value,0,Units,S,"Seasonally adjusted, not calendar adjusted",1,One,2015,
DATAFLOW,OECD.ECO.MPD:DSD_AN_HOUSE_PRICES@DF_HOUSE_PRICES(1.0),Analytical house prices indicators,I,LUX,Luxembourg,Q,Quarterly,RHP,Real house price indices,IX,Index,2022-Q1,,164.001877513859,,A,Normal value,0,Units,S,"Seasonally adjusted, not calendar adjusted",1,One,2015,
DATAFLOW,OECD.ECO.MPD:DSD_AN_HOUSE_PRICES@DF_HOUSE_PRICES(1.0),Analytical house prices indicators,I,LUX,Luxembourg,Q,Quarterly,RHP,Real house price indices,IX,Index,2022-Q2,,163.555732549486,,A,Normal value,0,Units,S,"Seasonally adjusted, not calendar adjusted",1,One,2015,
DATAFLOW,OECD.ECO.MPD:DSD_AN_HOUSE_PRICES@DF_HOUSE_PRICES(1.0),Analytical house prices indicators,I,LUX,Luxembourg,Q,Quarterly,RHP,Real house price indices,IX,Index,2022-Q3,,167.267756961396,,A,Normal value,0,Units,S,"Seasonally adjusted, not calendar adjusted",1,One,2015,
DATAFLOW,OECD.ECO.MPD:DSD_AN_HOUSE_PRICES@DF_HOUSE_PRICES(1.0),Analytical house prices indicators,I,LUX,Luxembourg,Q,Quarterly,RHP,Real house price indices,IX,Index,2022-Q4,,161.185423634433,,A,Normal value,0,Units,S,"Seasonally adjusted, not calendar adjusted",1,One,2015,
DATAFLOW,OECD.ECO.MPD:DSD_AN_HOUSE_PRICES@DF_HOUSE_PRICES(1.0),Analytical house prices indicators,I,LUX,Luxembourg,Q,Quarterly,RHP,Real house price indices,IX,Index,2023-Q1,,152.966239355193,,A,Normal value,0,Units,S,"Seasonally adjusted, not calendar adjusted",1,One,2015,
DATAFLOW,OECD.ECO.MPD:DSD_AN_HOUSE_PRICES@DF_HOUSE_PRICES(1.0),Analytical house prices indicators,I,LUX,Luxembourg,Q,Quarterly,RHP,Real house price indices,IX,Index,2023-Q2,,146.642506141412,,A,Normal value,0,Units,S,"Seasonally adjusted, not calendar adjusted",1,One,2015,
DATAFLOW,OECD.ECO.MPD:DSD_AN_HOUSE_PRICES@DF_HOUSE_PRICES(1.0),Analytical house prices indicators,I,LUX,Luxembourg,Q,Quarterly,RHP,Real house price indices,IX,Index,2023-Q3,,136.933579958988,,A,Normal value,0,Units,S,"Seasonally adjusted, not calendar adjusted",1,One,2015,
DATAFLOW,OECD.ECO.MPD:DSD_AN_HOUSE_PRICES@DF_HOUSE_PRICES(1.0),Analytical house prices indicators,I,LUX,Luxembourg,Q,Quarterly,RHP,Real house price indices,IX,Index,2023-Q4,,133.06954120575,,A,Normal value,0,Units,S,"Seasonally adjusted, not calendar adjusted",1,One,2015,
DATAFLOW,OECD.ECO.MPD:DSD_AN_HOUSE_PRICES@DF_HOUSE_PRICES(1.0),Analytical house prices indicators,I,LUX,Luxembourg,Q,Quarterly,RHP,Real house price indices,IX,Index,2024-Q1,,131.095252453796,,A,Normal value,0,Units,S,"Seasonally adjusted, not calendar adjusted",1,One,2015,
DATAFLOW,OECD.ECO.MPD:DSD_AN_HOUSE_PRICES@DF_HOUSE_PRICES(1.0),Analytical house prices indicators,I,LUX,Luxembourg,Q,Quarterly,RHP,Real house price indices,IX,Index,2024-Q2,,130.326057040617,,A,Normal value,0,Units,S,"Seasonally adjusted, not calendar adjusted",1,One,2015,
DATAFLOW,OECD.ECO.MPD:DSD_AN_HOUSE_PRICES@DF_HOUSE_PRICES(1.0),Analytical house prices indicators,I,LUX,Luxembourg,Q,Quarterly,RHP,Real house price indices,IX,Index,2024-Q3,,131.128730726341,,A,Normal value,0,Units,S,"Seasonally adjusted, not calendar adjusted",1,One,2015,
DATAFLOW,OECD.ECO.MPD:DSD_AN_HOUSE_PRICES@DF_HOUSE_PRICES(1.0),Analytical house prices indicators,I,LUX,Luxembourg,Q,Quarterly,RHP,Real house price indices,IX,Index,2024-Q4,,132.891814086851,,A,Normal value,0,Units,S,"Seasonally adjusted, not calendar adjusted",1,One,2015,
DATAFLOW,OECD.ECO.MPD:DSD_AN_HOUSE_PRICES@DF_HOUSE_PRICES(1.0),Analytical house prices indicators,I,LUX,Luxembourg,Q,Quarterly,RHP,Real house price indices,IX,Index,2025-Q1,,129.783352995576,,A,Normal value,0,Units,S,"Seasonally adjusted, not calendar adjusted",1,One,2015,
DATAFLOW,OECD.ECO.MPD:DSD_AN_HOUSE_PRICES@DF_HOUSE_PRICES(1.0),Analytical house prices indicators,I,LUX,Luxembourg,Q,Quarterly,RHP,Real house price indices,IX,Index,2025-Q2,,134.32700712425,,A,Normal value,0,Units,S,"Seasonally adjusted, not calendar adjusted",1,One,2015,
DATAFLOW,OECD.ECO.MPD:DSD_AN_HOUSE_PRICES@DF_HOUSE_PRICES(1.0),Analytical house prices indicators,I,LUX,Luxembourg,Q,Quarterly,RHP,Real house price indices,IX,Index,2025-Q3,,130.099722106764,,A,Normal value,0,Units,S,"Seasonally adjusted, not calendar adjusted",1,One,2015,
DATAFLOW,OECD.ECO.MPD:DSD_AN_HOUSE_PRICES@DF_HOUSE_PRICES(1.0),Analytical house prices indicators,I,LUX,Luxembourg,Q,Quarterly,RHP,Real house price indices,IX,Index,2025-Q4,,128.489462494747,,A,Normal value,0,Units,S,"Seasonally adjusted, not calendar adjusted",1,One,2015,
DATAFLOW,OECD.ECO.MPD:DSD_AN_HOUSE_PRICES@DF_HOUSE_PRICES(1.0),Analytical house prices indicators,I,LUX,Luxembourg,Q,Quarterly,RHP,Real house price indices,IX,Index,2026-Q1,,129.175154701132,,A,Normal value,0,Units,S,"Seasonally adjusted, not calendar adjusted",1,One,2015,
DATAFLOW,OECD.ECO.MPD:DSD_AN_HOUSE_PRICES@DF_HOUSE_PRICES(1.0),Analytical house prices indicators,I,RUS,Russia,Q,Quarterly,RHP,Real house price indices,IX,Index,2021-Q3,,129.631121866773,,A,Normal value,0,Units,S,"Seasonally adjusted, not calendar adjusted",1,One,2015,
DATAFLOW,OECD.ECO.MPD:DSD_AN_HOUSE_PRICES@DF_HOUSE_PRICES(1.0),Analytical house prices indicators,I,RUS,Russia,Q,Quarterly,RHP,Real house price indices,IX,Index,2021-Q4,,135.688309075422,,A,Normal value,0,Units,S,"Seasonally adjusted, not calendar adjusted",1,One,2015,
DATAFLOW,OECD.ECO.MPD:DSD_AN_HOUSE_PRICES@DF_HOUSE_PRICES(1.0),Analytical house prices indicators,I,RUS,Russia,Q,Quarterly,RHP,Real house price indices,IX,Index,2022-Q1,,141.077504019468,,A,Normal value,0,Units,S,"Seasonally adjusted, not calendar adjusted",1,One,2015,
DATAFLOW,OECD.ECO.MPD:DSD_AN_HOUSE_PRICES@DF_HOUSE_PRICES(1.0),Analytical house prices indicators,I,RUS,Russia,Q,Quarterly,RHP,Real house price indices,IX,Index,2022-Q2,,145.467765450265,,A,Normal value,0,Units,S,"Seasonally adjusted, not calendar adjusted",1,One,2015,
DATAFLOW,OECD.ECO.MPD:DSD_AN_HOUSE_PRICES@DF_HOUSE_PRICES(1.0),Analytical house prices indicators,I,RUS,Russia,Q,Quarterly,RHP,Real house price indices,IX,Index,2022-Q3,,151.266675259834,,A,Normal value,0,Units,S,"Seasonally adjusted, not calendar adjusted",1,One,2015,
DATAFLOW,OECD.ECO.MPD:DSD_AN_HOUSE_PRICES@DF_HOUSE_PRICES(1.0),Analytical house prices indicators,I,RUS,Russia,Q,Quarterly,RHP,Real house price indices,IX,Index,2022-Q4,,152.53923803913,,A,Normal value,0,Units,S,"Seasonally adjusted, not calendar adjusted",1,One,2015,
DATAFLOW,OECD.ECO.MPD:DSD_AN_HOUSE_PRICES@DF_HOUSE_PRICES(1.0),Analytical house prices indicators,I,RUS,Russia,Q,Quarterly,RHP,Real house price indices,IX,Index,2023-Q1,,150.628155612326,,A,Normal value,0,Units,S,"Seasonally adjusted, not calendar adjusted",1,One,2015,
DATAFLOW,OECD.ECO.MPD:DSD_AN_HOUSE_PRICES@DF_HOUSE_PRICES(1.0),Analytical house prices indicators,I,RUS,Russia,Q,Quarterly,RHP,Real house price indices,IX,Index,2023-Q2,,150.714250697242,,A,Normal value,0,Units,S,"Seasonally adjusted, not calendar adjusted",1,One,2015,
DATAFLOW,OECD.ECO.MPD:DSD_AN_HOUSE_PRICES@DF_HOUSE_PRICES(1.0),Analytical house prices indicators,I,RUS,Russia,Q,Quarterly,RHP,Real house price indices,IX,Index,2023-Q3,,155.165161354912,,A,Normal value,0,Units,S,"Seasonally adjusted, not calendar adjusted",1,One,2015,
DATAFLOW,OECD.ECO.MPD:DSD_AN_HOUSE_PRICES@DF_HOUSE_PRICES(1.0),Analytical house prices indicators,I,RUS,Russia,Q,Quarterly,RHP,Real house price indices,IX,Index,2023-Q4,,162.486591532554,,A,Normal value,0,Units,S,"Seasonally adjusted, not calendar adjusted",1,One,2015,
DATAFLOW,OECD.ECO.MPD:DSD_AN_HOUSE_PRICES@DF_HOUSE_PRICES(1.0),Analytical house prices indicators,I,RUS,Russia,Q,Quarterly,RHP,Real house price indices,IX,Index,2024-Q1,,182.173499953542,,A,Normal value,0,Units,S,"Seasonally adjusted, not calendar adjusted",1,One,2015,
DATAFLOW,OECD.ECO.MPD:DSD_AN_HOUSE_PRICES@DF_HOUSE_PRICES(1.0),Analytical house prices indicators,I,RUS,Russia,Q,Quarterly,RHP,Real house price indices,IX,Index,2024-Q2,,184.546535289048,,A,Normal value,0,Units,S,"Seasonally adjusted, not calendar adjusted",1,One,2015,
DATAFLOW,OECD.ECO.MPD:DSD_AN_HOUSE_PRICES@DF_HOUSE_PRICES(1.0),Analytical house prices indicators,I,RUS,Russia,Q,Quarterly,RHP,Real house price indices,IX,Index,2024-Q3,,188.683053134915,,A,Normal value,0,Units,S,"Seasonally adjusted, not calendar adjusted",1,One,2015,
DATAFLOW,OECD.ECO.MPD:DSD_AN_HOUSE_PRICES@DF_HOUSE_PRICES(1.0),Analytical house prices indicators,I,RUS,Russia,Q,Quarterly,RHP,Real house price indices,IX,Index,2024-Q4,,191.49117268405,,A,Normal value,0,Units,S,"Seasonally adjusted, not calendar adjusted",1,One,2015,
DATAFLOW,OECD.ECO.MPD:DSD_AN_HOUSE_PRICES@DF_HOUSE_PRICES(1.0),Analytical house prices indicators,I,RUS,Russia,Q,Quarterly,RHP,Real house price indices,IX,Index,2025-Q1,,205.635815786387,,A,Normal value,0,Units,S,"Seasonally adjusted, not calendar adjusted",1,One,2015,
DATAFLOW,OECD.ECO.MPD:DSD_AN_HOUSE_PRICES@DF_HOUSE_PRICES(1.0),Analytical house prices indicators,I,RUS,Russia,Q,Quarterly,RHP,Real house price indices,IX,Index,2025-Q2,,208.033418646507,,A,Normal value,0,Units,S,"Seasonally adjusted, not calendar adjusted",1,One,2015,
DATAFLOW,OECD.ECO.MPD:DSD_AN_HOUSE_PRICES@DF_HOUSE_PRICES(1.0),Analytical house prices indicators,I,RUS,Russia,Q,Quarterly,RHP,Real house price indices,IX,Index,2025-Q3,,212.386644150214,,A,Normal value,0,Units,S,"Seasonally adjusted, not calendar adjusted",1,One,2015,
DATAFLOW,OECD.ECO.MPD:DSD_AN_HOUSE_PRICES@DF_HOUSE_PRICES(1.0),Analytical house prices indicators,I,RUS,Russia,Q,Quarterly,RHP,Real house price indices,IX,Index,2025-Q4,,219.582425193334,,A,Normal value,0,Units,S,"Seasonally adjusted, not calendar adjusted",1,One,2015,
DATAFLOW,OECD.ECO.MPD:DSD_AN_HOUSE_PRICES@DF_HOUSE_PRICES(1.0),Analytical house prices indicators,I,ISL,Iceland,Q,Quarterly,RHP,Real house price indices,IX,Index,2021-Q3,,147.70289574944,,A,Normal value,0,Units,S,"Seasonally adjusted, not calendar adjusted",1,One,2015,
DATAFLOW,OECD.ECO.MPD:DSD_AN_HOUSE_PRICES@DF_HOUSE_PRICES(1.0),Analytical house prices indicators,I,ISL,Iceland,Q,Quarterly,RHP,Real house price indices,IX,Index,2021-Q4,,160.049166582331,,A,Normal value,0,Units,S,"Seasonally adjusted, not calendar adjusted",1,One,2015,
DATAFLOW,OECD.ECO.MPD:DSD_AN_HOUSE_PRICES@DF_HOUSE_PRICES(1.0),Analytical house prices indicators,I,ISL,Iceland,Q,Quarterly,RHP,Real house price indices,IX,Index,2022-Q1,,159.518305844545,,A,Normal value,0,Units,S,"Seasonally adjusted, not calendar adjusted",1,One,2015,
DATAFLOW,OECD.ECO.MPD:DSD_AN_HOUSE_PRICES@DF_HOUSE_PRICES(1.0),Analytical house prices indicators,I,ISL,Iceland,Q,Quarterly,RHP,Real house price indices,IX,Index,2022-Q2,,166.39229265463,,A,Normal value,0,Units,S,"Seasonally adjusted, not calendar adjusted",1,One,2015,
DATAFLOW,OECD.ECO.MPD:DSD_AN_HOUSE_PRICES@DF_HOUSE_PRICES(1.0),Analytical house prices indicators,I,ISL,Iceland,Q,Quarterly,RHP,Real house price indices,IX,Index,2022-Q3,,172.754452903787,,A,Normal value,0,Units,S,"Seasonally adjusted, not calendar adjusted",1,One,2015,
DATAFLOW,OECD.ECO.MPD:DSD_AN_HOUSE_PRICES@DF_HOUSE_PRICES(1.0),Analytical house prices indicators,I,ISL,Iceland,Q,Quarterly,RHP,Real house price indices,IX,Index,2022-Q4,,174.027642892902,,A,Normal value,0,Units,S,"Seasonally adjusted, not calendar adjusted",1,One,2015,
DATAFLOW,OECD.ECO.MPD:DSD_AN_HOUSE_PRICES@DF_HOUSE_PRICES(1.0),Analytical house prices indicators,I,ISL,Iceland,Q,Quarterly,RHP,Real house price indices,IX,Index,2023-Q1,,170.033186925737,,A,Normal value,0,Units,S,"Seasonally adjusted, not calendar adjusted",1,One,2015,
DATAFLOW,OECD.ECO.MPD:DSD_AN_HOUSE_PRICES@DF_HOUSE_PRICES(1.0),Analytical house prices indicators,I,ISL,Iceland,Q,Quarterly,RHP,Real house price indices,IX,Index,2023-Q2,,169.239564896134,,A,Normal value,0,Units,S,"Seasonally adjusted, not calendar adjusted",1,One,2015,
DATAFLOW,OECD.ECO.MPD:DSD_AN_HOUSE_PRICES@DF_HOUSE_PRICES(1.0),Analytical house prices indicators,I,ISL,Iceland,Q,Quarterly,RHP,Real house price indices,IX,Index,2023-Q3,,164.904887941123,,A,Normal value,0,Units,S,"Seasonally adjusted, not calendar adjusted",1,One,2015,
DATAFLOW,OECD.ECO.MPD:DSD_AN_HOUSE_PRICES@DF_HOUSE_PRICES(1.0),Analytical house prices indicators,I,ISL,Iceland,Q,Quarterly,RHP,Real house price indices,IX,Index,2023-Q4,,168.092281439869,,A,Normal value,0,Units,S,"Seasonally adjusted, not calendar adjusted",1,One,2015,
DATAFLOW,OECD.ECO.MPD:DSD_AN_HOUSE_PRICES@DF_HOUSE_PRICES(1.0),Analytical house prices indicators,I,ISL,Iceland,Q,Quarterly,RHP,Real house price indices,IX,Index,2024-Q1,,171.474900987698,,A,Normal value,0,Units,S,"Seasonally adjusted, not calendar adjusted",1,One,2015,
DATAFLOW,OECD.ECO.MPD:DSD_AN_HOUSE_PRICES@DF_HOUSE_PRICES(1.0),Analytical house prices indicators,I,ISL,Iceland,Q,Quarterly,RHP,Real house price indices,IX,Index,2024-Q2,,171.943238411487,,A,Normal value,0,Units,S,"Seasonally adjusted, not calendar adjusted",1,One,2015,
DATAFLOW,OECD.ECO.MPD:DSD_AN_HOUSE_PRICES@DF_HOUSE_PRICES(1.0),Analytical house prices indicators,I,ISL,Iceland,Q,Quarterly,RHP,Real house price indices,IX,Index,2024-Q3,,174.737833352431,,A,Normal value,0,Units,S,"Seasonally adjusted, not calendar adjusted",1,One,2015,
DATAFLOW,OECD.ECO.MPD:DSD_AN_HOUSE_PRICES@DF_HOUSE_PRICES(1.0),Analytical house prices indicators,I,ISL,Iceland,Q,Quarterly,RHP,Real house price indices,IX,Index,2024-Q4,,175.710950874207,,A,Normal value,0,Units,S,"Seasonally adjusted, not calendar adjusted",1,One,2015,
DATAFLOW,OECD.ECO.MPD:DSD_AN_HOUSE_PRICES@DF_HOUSE_PRICES(1.0),Analytical house prices indicators,I,ISL,Iceland,Q,Quarterly,RHP,Real house price indices,IX,Index,2025-Q1,,174.919646206937,,A,Normal value,0,Units,S,"Seasonally adjusted, not calendar adjusted",1,One,2015,
DATAFLOW,OECD.ECO.MPD:DSD_AN_HOUSE_PRICES@DF_HOUSE_PRICES(1.0),Analytical house prices indicators,I,ISL,Iceland,Q,Quarterly,RHP,Real house price indices,IX,Index,2025-Q2,,174.649821122654,,A,Normal value,0,Units,S,"Seasonally adjusted, not calendar adjusted",1,One,2015,
DATAFLOW,OECD.ECO.MPD:DSD_AN_HOUSE_PRICES@DF_HOUSE_PRICES(1.0),Analytical house prices indicators,I,ISL,Iceland,Q,Quarterly,RHP,Real house price indices,IX,Index,2025-Q3,,172.964477837665,,A,Normal value,0,Units,S,"Seasonally adjusted, not calendar adjusted",1,One,2015,
DATAFLOW,OECD.ECO.MPD:DSD_AN_HOUSE_PRICES@DF_HOUSE_PRICES(1.0),Analytical house prices indicators,I,ISL,Iceland,Q,Quarterly,RHP,Real house price indices,IX,Index,2025-Q4,,173.390229939425,,A,Normal value,0,Units,S,"Seasonally adjusted, not calendar adjusted",1,One,2015,
DATAFLOW,OECD.ECO.MPD:DSD_AN_HOUSE_PRICES@DF_HOUSE_PRICES(1.0),Analytical house prices indicators,I,ISL,Iceland,Q,Quarterly,RHP,Real house price indices,IX,Index,2026-Q1,,172.61901166921,,A,Normal value,0,Units,S,"Seasonally adjusted, not calendar adjusted",1,One,2015,
DATAFLOW,OECD.ECO.MPD:DSD_AN_HOUSE_PRICES@DF_HOUSE_PRICES(1.0),Analytical house prices indicators,I,ISL,Iceland,Q,Quarterly,RHP,Real house price indices,IX,Index,2026-Q2,,171.675750053157,,A,Normal value,0,Units,S,"Seasonally adjusted, not calendar adjusted",1,One,2015,
DATAFLOW,OECD.ECO.MPD:DSD_AN_HOUSE_PRICES@DF_HOUSE_PRICES(1.0),Analytical house prices indicators,I,GRC,Greece,Q,Quarterly,RHP,Real house price indices,IX,Index,2021-Q3,,120.714431538463,,A,Normal value,0,Units,S,"Seasonally adjusted, not calendar adjusted",1,One,2015,
DATAFLOW,OECD.ECO.MPD:DSD_AN_HOUSE_PRICES@DF_HOUSE_PRICES(1.0),Analytical house prices indicators,I,GRC,Greece,Q,Quarterly,RHP,Real house price indices,IX,Index,2021-Q4,,121.249849642205,,A,Normal value,0,Units,S,"Seasonally adjusted, not calendar adjusted",1,One,2015,
DATAFLOW,OECD.ECO.MPD:DSD_AN_HOUSE_PRICES@DF_HOUSE_PRICES(1.0),Analytical house prices indicators,I,GRC,Greece,Q,Quarterly,RHP,Real house price indices,IX,Index,2022-Q1,,121.283386340013,,A,Normal value,0,Units,S,"Seasonally adjusted, not calendar adjusted",1,One,2015,
DATAFLOW,OECD.ECO.MPD:DSD_AN_HOUSE_PRICES@DF_HOUSE_PRICES(1.0),Analytical house prices indicators,I,GRC,Greece,Q,Quarterly,RHP,Real house price indices,IX,Index,2022-Q2,,123.447305411434,,A,Normal value,0,Units,S,"Seasonally adjusted, not calendar adjusted",1,One,2015,
DATAFLOW,OECD.ECO.MPD:DSD_AN_HOUSE_PRICES@DF_HOUSE_PRICES(1.0),Analytical house prices indicators,I,GRC,Greece,Q,Quarterly,RHP,Real house price indices,IX,Index,2022-Q3,,127.241990664002,,A,Normal value,0,Units,S,"Seasonally adjusted, not calendar adjusted",1,One,2015,
DATAFLOW,OECD.ECO.MPD:DSD_AN_HOUSE_PRICES@DF_HOUSE_PRICES(1.0),Analytical house prices indicators,I,GRC,Greece,Q,Quarterly,RHP,Real house price indices,IX,Index,2022-Q4,,130.046460187119,,A,Normal value,0,Units,S,"Seasonally adjusted, not calendar adjusted",1,One,2015,
DATAFLOW,OECD.ECO.MPD:DSD_AN_HOUSE_PRICES@DF_HOUSE_PRICES(1.0),Analytical house prices indicators,I,GRC,Greece,Q,Quarterly,RHP,Real house price indices,IX,Index,2023-Q1,,134.042591300791,,A,Normal value,0,Units,S,"Seasonally adjusted, not calendar adjusted",1,One,2015,
DATAFLOW,OECD.ECO.MPD:DSD_AN_HOUSE_PRICES@DF_HOUSE_PRICES(1.0),Analytical house prices indicators,I,GRC,Greece,Q,Quarterly,RHP,Real house price indices,IX,Index,2023-Q2,,136.632887088495,,A,Normal value,0,Units,S,"Seasonally adjusted, not calendar adjusted",1,One,2015,
DATAFLOW,OECD.ECO.MPD:DSD_AN_HOUSE_PRICES@DF_HOUSE_PRICES(1.0),Analytical house prices indicators,I,GRC,Greece,Q,Quarterly,RHP,Real house price indices,IX,Index,2023-Q3,,139.080538322131,,A,Normal value,0,Units,S,"Seasonally adjusted, not calendar adjusted",1,One,2015,
DATAFLOW,OECD.ECO.MPD:DSD_AN_HOUSE_PRICES@DF_HOUSE_PRICES(1.0),Analytical house prices indicators,I,GRC,Greece,Q,Quarterly,RHP,Real house price indices,IX,Index,2023-Q4,,142.760171447181,,A,Normal value,0,Units,S,"Seasonally adjusted, not calendar adjusted",1,One,2015,
DATAFLOW,OECD.ECO.MPD:DSD_AN_HOUSE_PRICES@DF_HOUSE_PRICES(1.0),Analytical house prices indicators,I,GRC,Greece,Q,Quarterly,RHP,Real house price indices,IX,Index,2024-Q1,,145.851629146026,,A,Normal value,0,Units,S,"Seasonally adjusted, not calendar adjusted",1,One,2015,
DATAFLOW,OECD.ECO.MPD:DSD_AN_HOUSE_PRICES@DF_HOUSE_PRICES(1.0),Analytical house prices indicators,I,GRC,Greece,Q,Quarterly,RHP,Real house price indices,IX,Index,2024-Q2,,147.356203811695,,A,Normal value,0,Units,S,"Seasonally adjusted, not calendar adjusted",1,One,2015,
DATAFLOW,OECD.ECO.MPD:DSD_AN_HOUSE_PRICES@DF_HOUSE_PRICES(1.0),Analytical house prices indicators,I,GRC,Greece,Q,Quarterly,RHP,Real house price indices,IX,Index,2024-Q3,,147.81969693517,,A,Normal value,0,Units,S,"Seasonally adjusted, not calendar adjusted",1,One,2015,
DATAFLOW,OECD.ECO.MPD:DSD_AN_HOUSE_PRICES@DF_HOUSE_PRICES(1.0),Analytical house prices indicators,I,GRC,Greece,Q,Quarterly,RHP,Real house price indices,IX,Index,2024-Q4,,149.502018262248,,A,Normal value,0,Units,S,"Seasonally adjusted, not calendar adjusted",1,One,2015,
DATAFLOW,OECD.ECO.MPD:DSD_AN_HOUSE_PRICES@DF_HOUSE_PRICES(1.0),Analytical house prices indicators,I,GRC,Greece,Q,Quarterly,RHP,Real house price indices,IX,Index,2025-Q1,,151.158893047876,,A,Normal value,0,Units,S,"Seasonally adjusted, not calendar adjusted",1,One,2015,
DATAFLOW,OECD.ECO.MPD:DSD_AN_HOUSE_PRICES@DF_HOUSE_PRICES(1.0),Analytical house prices indicators,I,GRC,Greece,Q,Quarterly,RHP,Real house price indices,IX,Index,2025-Q2,,153.379188142209,,A,Normal value,0,Units,S,"Seasonally adjusted, not calendar adjusted",1,One,2015,
DATAFLOW,OECD.ECO.MPD:DSD_AN_HOUSE_PRICES@DF_HOUSE_PRICES(1.0),Analytical house prices indicators,I,GRC,Greece,Q,Quarterly,RHP,Real house price indices,IX,Index,2025-Q3,,154.831209067822,,A,Normal value,0,Units,S,"Seasonally adjusted, not calendar adjusted",1,One,2015,
DATAFLOW,OECD.ECO.MPD:DSD_AN_HOUSE_PRICES@DF_HOUSE_PRICES(1.0),Analytical house prices indicators,I,GRC,Greece,Q,Quarterly,RHP,Real house price indices,IX,Index,2025-Q4,,156.172797488589,,A,Normal value,0,Units,S,"Seasonally adjusted, not calendar adjusted",1,One,2015,
DATAFLOW,OECD.ECO.MPD:DSD_AN_HOUSE_PRICES@DF_HOUSE_PRICES(1.0),Analytical house prices indicators,I,KOR,Korea,Q,Quarterly,RHP,Real house price indices,IX,Index,2021-Q3,,108.320512726122,,A,Normal value,0,Units,S,"Seasonally adjusted, not calendar adjusted",1,One,2015,
DATAFLOW,OECD.ECO.MPD:DSD_AN_HOUSE_PRICES@DF_HOUSE_PRICES(1.0),Analytical house prices indicators,I,KOR,Korea,Q,Quarterly,RHP,Real house price indices,IX,Index,2021-Q4,,109.172005522407,,A,Normal value,0,Units,S,"Seasonally adjusted, not calendar adjusted",1,One,2015,
DATAFLOW,OECD.ECO.MPD:DSD_AN_HOUSE_PRICES@DF_HOUSE_PRICES(1.0),Analytical house prices indicators,I,KOR,Korea,Q,Quarterly,RHP,Real house price indices,IX,Index,2022-Q1,,108.831206796536,,A,Normal value,0,Units,S,"Seasonally adjusted, not calendar adjusted",1,One,2015,
DATAFLOW,OECD.ECO.MPD:DSD_AN_HOUSE_PRICES@DF_HOUSE_PRICES(1.0),Analytical house prices indicators,I,KOR,Korea,Q,Quarterly,RHP,Real house price indices,IX,Index,2022-Q2,,106.702311334795,,A,Normal value,0,Units,S,"Seasonally adjusted, not calendar adjusted",1,One,2015,
DATAFLOW,OECD.ECO.MPD:DSD_AN_HOUSE_PRICES@DF_HOUSE_PRICES(1.0),Analytical house prices indicators,I,KOR,Korea,Q,Quarterly,RHP,Real house price indices,IX,Index,2022-Q3,,104.001659152308,,A,Normal value,0,Units,S,"Seasonally adjusted, not calendar adjusted",1,One,2015,
DATAFLOW,OECD.ECO.MPD:DSD_AN_HOUSE_PRICES@DF_HOUSE_PRICES(1.0),Analytical house prices indicators,I,KOR,Korea,Q,Quarterly,RHP,Real house price indices,IX,Index,2022-Q4,,99.1786586835928,,A,Normal value,0,Units,S,"Seasonally adjusted, not calendar adjusted",1,One,2015,
DATAFLOW,OECD.ECO.MPD:DSD_AN_HOUSE_PRICES@DF_HOUSE_PRICES(1.0),Analytical house prices indicators,I,KOR,Korea,Q,Quarterly,RHP,Real house price indices,IX,Index,2023-Q1,,95.6621005100394,,A,Normal value,0,Units,S,"Seasonally adjusted, not calendar adjusted",1,One,2015,
DATAFLOW,OECD.ECO.MPD:DSD_AN_HOUSE_PRICES@DF_HOUSE_PRICES(1.0),Analytical house prices indicators,I,KOR,Korea,Q,Quarterly,RHP,Real house price indices,IX,Index,2023-Q2,,93.9471621219554,,A,Normal value,0,Units,S,"Seasonally adjusted, not calendar adjusted",1,One,2015,
DATAFLOW,OECD.ECO.MPD:DSD_AN_HOUSE_PRICES@DF_HOUSE_PRICES(1.0),Analytical house prices indicators,I,KOR,Korea,Q,Quarterly,RHP,Real house price indices,IX,Index,2023-Q3,,93.1974421151066,,A,Normal value,0,Units,S,"Seasonally adjusted, not calendar adjusted",1,One,2015,
DATAFLOW,OECD.ECO.MPD:DSD_AN_HOUSE_PRICES@DF_HOUSE_PRICES(1.0),Analytical house prices indicators,I,KOR,Korea,Q,Quarterly,RHP,Real house price indices,IX,Index,2023-Q4,,93.0731786666635,,A,Normal value,0,Units,S,"Seasonally adjusted, not calendar adjusted",1,One,2015,
DATAFLOW,OECD.ECO.MPD:DSD_AN_HOUSE_PRICES@DF_HOUSE_PRICES(1.0),Analytical house prices indicators,I,KOR,Korea,Q,Quarterly,RHP,Real house price indices,IX,Index,2024-Q1,,92.6282382122575,,A,Normal value,0,Units,S,"Seasonally adjusted, not calendar adjusted",1,One,2015,
DATAFLOW,OECD.ECO.MPD:DSD_AN_HOUSE_PRICES@DF_HOUSE_PRICES(1.0),Analytical house prices indicators,I,KOR,Korea,Q,Quarterly,RHP,Real house price indices,IX,Index,2024-Q2,,92.0159720074291,,A,Normal value,0,Units,S,"Seasonally adjusted, not calendar adjusted",1,One,2015,
DATAFLOW,OECD.ECO.MPD:DSD_AN_HOUSE_PRICES@DF_HOUSE_PRICES(1.0),Analytical house prices indicators,I,KOR,Korea,Q,Quarterly,RHP,Real house price indices,IX,Index,2024-Q3,,91.8072299719113,,A,Normal value,0,Units,S,"Seasonally adjusted, not calendar adjusted",1,One,2015,
DATAFLOW,OECD.ECO.MPD:DSD_AN_HOUSE_PRICES@DF_HOUSE_PRICES(1.0),Analytical house prices indicators,I,KOR,Korea,Q,Quarterly,RHP,Real house price indices,IX,Index,2024-Q4,,91.8099171404369,,A,Normal value,0,Units,S,"Seasonally adjusted, not calendar adjusted",1,One,2015,
DATAFLOW,OECD.ECO.MPD:DSD_AN_HOUSE_PRICES@DF_HOUSE_PRICES(1.0),Analytical house prices indicators,I,KOR,Korea,Q,Quarterly,RHP,Real house price indices,IX,Index,2025-Q1,,91.4309895887547,,A,Normal value,0,Units,S,"Seasonally adjusted, not calendar adjusted",1,One,2015,
DATAFLOW,OECD.ECO.MPD:DSD_AN_HOUSE_PRICES@DF_HOUSE_PRICES(1.0),Analytical house prices indicators,I,NZL,New Zealand,Q,Quarterly,RHP,Real house price indices,IX,Index,2021-Q3,,167.565286272741,,A,Normal value,0,Units,S,"Seasonally adjusted, not calendar adjusted",1,One,2015,
DATAFLOW,OECD.ECO.MPD:DSD_AN_HOUSE_PRICES@DF_HOUSE_PRICES(1.0),Analytical house prices indicators,I,NZL,New Zealand,Q,Quarterly,RHP,Real house price indices,IX,Index,2021-Q4,,172.865470595215,,A,Normal value,0,Units,S,"Seasonally adjusted, not calendar adjusted",1,One,2015,
DATAFLOW,OECD.ECO.MPD:DSD_AN_HOUSE_PRICES@DF_HOUSE_PRICES(1.0),Analytical house prices indicators,I,NZL,New Zealand,Q,Quarterly,RHP,Real house price indices,IX,Index,2022-Q1,,167.340847142379,,A,Normal value,0,Units,S,"Seasonally adjusted, not calendar adjusted",1,One,2015,
DATAFLOW,OECD.ECO.MPD:DSD_AN_HOUSE_PRICES@DF_HOUSE_PRICES(1.0),Analytical house prices indicators,I,NZL,New Zealand,Q,Quarterly,RHP,Real house price indices,IX,Index,2022-Q2,,160.690569666911,,A,Normal value,0,Units,S,"Seasonally adjusted, not calendar adjusted",1,One,2015,
DATAFLOW,OECD.ECO.MPD:DSD_AN_HOUSE_PRICES@DF_HOUSE_PRICES(1.0),Analytical house prices indicators,I,NZL,New Zealand,Q,Quarterly,RHP,Real house price indices,IX,Index,2022-Q3,,151.487952583048,,A,Normal value,0,Units,S,"Seasonally adjusted, not calendar adjusted",1,One,2015,
DATAFLOW,OECD.ECO.MPD:DSD_AN_HOUSE_PRICES@DF_HOUSE_PRICES(1.0),Analytical house prices indicators,I,NZL,New Zealand,Q,Quarterly,RHP,Real house price indices,IX,Index,2022-Q4,,144.095189957637,,A,Normal value,0,Units,S,"Seasonally adjusted, not calendar adjusted",1,One,2015,
DATAFLOW,OECD.ECO.MPD:DSD_AN_HOUSE_PRICES@DF_HOUSE_PRICES(1.0),Analytical house prices indicators,I,NZL,New Zealand,Q,Quarterly,RHP,Real house price indices,IX,Index,2023-Q1,,138.793236123217,,A,Normal value,0,Units,S,"Seasonally adjusted, not calendar adjusted",1,One,2015,
DATAFLOW,OECD.ECO.MPD:DSD_AN_HOUSE_PRICES@DF_HOUSE_PRICES(1.0),Analytical house prices indicators,I,NZL,New Zealand,Q,Quarterly,RHP,Real house price indices,IX,Index,2023-Q2,,138.078924099803,,A,Normal value,0,Units,S,"Seasonally adjusted, not calendar adjusted",1,One,2015,
DATAFLOW,OECD.ECO.MPD:DSD_AN_HOUSE_PRICES@DF_HOUSE_PRICES(1.0),Analytical house prices indicators,I,NZL,New Zealand,Q,Quarterly,RHP,Real house price indices,IX,Index,2023-Q3,,137.876374989117,,A,Normal value,0,Units,S,"Seasonally adjusted, not calendar adjusted",1,One,2015,
DATAFLOW,OECD.ECO.MPD:DSD_AN_HOUSE_PRICES@DF_HOUSE_PRICES(1.0),Analytical house prices indicators,I,NZL,New Zealand,Q,Quarterly,RHP,Real house price indices,IX,Index,2023-Q4,,137.835735428136,,A,Normal value,0,Units,S,"Seasonally adjusted, not calendar adjusted",1,One,2015,
DATAFLOW,OECD.ECO.MPD:DSD_AN_HOUSE_PRICES@DF_HOUSE_PRICES(1.0),Analytical house prices indicators,I,NZL,New Zealand,Q,Quarterly,RHP,Real house price indices,IX,Index,2024-Q1,,137.574611453033,,A,Normal value,0,Units,S,"Seasonally adjusted, not calendar adjusted",1,One,2015,
DATAFLOW,OECD.ECO.MPD:DSD_AN_HOUSE_PRICES@DF_HOUSE_PRICES(1.0),Analytical house prices indicators,I,NZL,New Zealand,Q,Quarterly,RHP,Real house price indices,IX,Index,2024-Q2,,135.843817938284,,A,Normal value,0,Units,S,"Seasonally adjusted, not calendar adjusted",1,One,2015,
DATAFLOW,OECD.ECO.MPD:DSD_AN_HOUSE_PRICES@DF_HOUSE_PRICES(1.0),Analytical house prices indicators,I,NZL,New Zealand,Q,Quarterly,RHP,Real house price indices,IX,Index,2024-Q3,,133.516704360875,,A,Normal value,0,Units,S,"Seasonally adjusted, not calendar adjusted",1,One,2015,
DATAFLOW,OECD.ECO.MPD:DSD_AN_HOUSE_PRICES@DF_HOUSE_PRICES(1.0),Analytical house prices indicators,I,NZL,New Zealand,Q,Quarterly,RHP,Real house price indices,IX,Index,2024-Q4,,132.392787277988,,A,Normal value,0,Units,S,"Seasonally adjusted, not calendar adjusted",1,One,2015,
DATAFLOW,OECD.ECO.MPD:DSD_AN_HOUSE_PRICES@DF_HOUSE_PRICES(1.0),Analytical house prices indicators,I,NZL,New Zealand,Q,Quarterly,RHP,Real house price indices,IX,Index,2025-Q1,,131.25234492143,,A,Normal value,0,Units,S,"Seasonally adjusted, not calendar adjusted",1,One,2015,
DATAFLOW,OECD.ECO.MPD:DSD_AN_HOUSE_PRICES@DF_HOUSE_PRICES(1.0),Analytical house prices indicators,I,NZL,New Zealand,Q,Quarterly,RHP,Real house price indices,IX,Index,2025-Q2,,130.8920921312,,A,Normal value,0,Units,S,"Seasonally adjusted, not calendar adjusted",1,One,2015,
DATAFLOW,OECD.ECO.MPD:DSD_AN_HOUSE_PRICES@DF_HOUSE_PRICES(1.0),Analytical house prices indicators,I,NZL,New Zealand,Q,Quarterly,RHP,Real house price indices,IX,Index,2025-Q3,,129.555562073776,,A,Normal value,0,Units,S,"Seasonally adjusted, not calendar adjusted",1,One,2015,
DATAFLOW,OECD.ECO.MPD:DSD_AN_HOUSE_PRICES@DF_HOUSE_PRICES(1.0),Analytical house prices indicators,I,NZL,New Zealand,Q,Quarterly,RHP,Real house price indices,IX,Index,2025-Q4,,127.475557679008,,A,Normal value,0,Units,S,"Seasonally adjusted, not calendar adjusted",1,One,2015,
DATAFLOW,OECD.ECO.MPD:DSD_AN_HOUSE_PRICES@DF_HOUSE_PRICES(1.0),Analytical house prices indicators,I,IRL,Ireland,Q,Quarterly,RHP,Real house price indices,IX,Index,2021-Q3,,136.614512252672,,A,Normal value,0,Units,S,"Seasonally adjusted, not calendar adjusted",1,One,2015,
DATAFLOW,OECD.ECO.MPD:DSD_AN_HOUSE_PRICES@DF_HOUSE_PRICES(1.0),Analytical house prices indicators,I,IRL,Ireland,Q,Quarterly,RHP,Real house price indices,IX,Index,2021-Q4,,138.927455545468,,A,Normal value,0,Units,S,"Seasonally adjusted, not calendar adjusted",1,One,2015,
DATAFLOW,OECD.ECO.MPD:DSD_AN_HOUSE_PRICES@DF_HOUSE_PRICES(1.0),Analytical house prices indicators,I,IRL,Ireland,Q,Quarterly,RHP,Real house price indices,IX,Index,2022-Q1,,139.827830321336,,A,Normal value,0,Units,S,"Seasonally adjusted, not calendar adjusted",1,One,2015,
DATAFLOW,OECD.ECO.MPD:DSD_AN_HOUSE_PRICES@DF_HOUSE_PRICES(1.0),Analytical house prices indicators,I,IRL,Ireland,Q,Quarterly,RHP,Real house price indices,IX,Index,2022-Q2,,141.143593206088,,A,Normal value,0,Units,S,"Seasonally adjusted, not calendar adjusted",1,One,2015,
DATAFLOW,OECD.ECO.MPD:DSD_AN_HOUSE_PRICES@DF_HOUSE_PRICES(1.0),Analytical house prices indicators,I,IRL,Ireland,Q,Quarterly,RHP,Real house price indices,IX,Index,2022-Q3,,142.590430945632,,A,Normal value,0,Units,S,"Seasonally adjusted, not calendar adjusted",1,One,2015,
DATAFLOW,OECD.ECO.MPD:DSD_AN_HOUSE_PRICES@DF_HOUSE_PRICES(1.0),Analytical house prices indicators,I,IRL,Ireland,Q,Quarterly,RHP,Real house price indices,IX,Index,2022-Q4,,140.275354564271,,A,Normal value,0,Units,S,"Seasonally adjusted, not calendar adjusted",1,One,2015,
DATAFLOW,OECD.ECO.MPD:DSD_AN_HOUSE_PRICES@DF_HOUSE_PRICES(1.0),Analytical house prices indicators,I,IRL,Ireland,Q,Quarterly,RHP,Real house price indices,IX,Index,2023-Q1,,137.146508714855,,A,Normal value,0,Units,S,"Seasonally adjusted, not calendar adjusted",1,One,2015,
DATAFLOW,OECD.ECO.MPD:DSD_AN_HOUSE_PRICES@DF_HOUSE_PRICES(1.0),Analytical house prices indicators,I,IRL,Ireland,Q,Quarterly,RHP,Real house price indices,IX,Index,2023-Q2,,135.121387638504,,A,Normal value,0,Units,S,"Seasonally adjusted, not calendar adjusted",1,One,2015,
DATAFLOW,OECD.ECO.MPD:DSD_AN_HOUSE_PRICES@DF_HOUSE_PRICES(1.0),Analytical house prices indicators,I,IRL,Ireland,Q,Quarterly,RHP,Real house price indices,IX,Index,2023-Q3,,132.535544296563,,A,Normal value,0,Units,S,"Seasonally adjusted, not calendar adjusted",1,One,2015,
DATAFLOW,OECD.ECO.MPD:DSD_AN_HOUSE_PRICES@DF_HOUSE_PRICES(1.0),Analytical house prices indicators,I,IRL,Ireland,Q,Quarterly,RHP,Real house price indices,IX,Index,2023-Q4,,134.823993378769,,A,Normal value,0,Units,S,"Seasonally adjusted, not calendar adjusted",1,One,2015,
DATAFLOW,OECD.ECO.MPD:DSD_AN_HOUSE_PRICES@DF_HOUSE_PRICES(1.0),Analytical house prices indicators,I,IRL,Ireland,Q,Quarterly,RHP,Real house price indices,IX,Index,2024-Q1,,138.299382889119,,A,Normal value,0,Units,S,"Seasonally adjusted, not calendar adjusted",1,One,2015,
DATAFLOW,OECD.ECO.MPD:DSD_AN_HOUSE_PRICES@DF_HOUSE_PRICES(1.0),Analytical house prices indicators,I,IRL,Ireland,Q,Quarterly,RHP,Real house price indices,IX,Index,2024-Q2,,140.775705291309,,A,Normal value,0,Units,S,"Seasonally adjusted, not calendar adjusted",1,One,2015,
DATAFLOW,OECD.ECO.MPD:DSD_AN_HOUSE_PRICES@DF_HOUSE_PRICES(1.0),Analytical house prices indicators,I,IRL,Ireland,Q,Quarterly,RHP,Real house price indices,IX,Index,2024-Q3,,143.11349334367,,A,Normal value,0,Units,S,"Seasonally adjusted, not calendar adjusted",1,One,2015,
DATAFLOW,OECD.ECO.MPD:DSD_AN_HOUSE_PRICES@DF_HOUSE_PRICES(1.0),Analytical house prices indicators,I,IRL,Ireland,Q,Quarterly,RHP,Real house price indices,IX,Index,2024-Q4,,145.696854893769,,A,Normal value,0,Units,S,"Seasonally adjusted, not calendar adjusted",1,One,2015,
DATAFLOW,OECD.ECO.MPD:DSD_AN_HOUSE_PRICES@DF_HOUSE_PRICES(1.0),Analytical house prices indicators,I,IRL,Ireland,Q,Quarterly,RHP,Real house price indices,IX,Index,2025-Q1,,147.146748039425,,A,Normal value,0,Units,S,"Seasonally adjusted, not calendar adjusted",1,One,2015,
DATAFLOW,OECD.ECO.MPD:DSD_AN_HOUSE_PRICES@DF_HOUSE_PRICES(1.0),Analytical house prices indicators,I,IRL,Ireland,Q,Quarterly,RHP,Real house price indices,IX,Index,2025-Q2,,149.562479857635,,A,Normal value,0,Units,S,"Seasonally adjusted, not calendar adjusted",1,One,2015,
DATAFLOW,OECD.ECO.MPD:DSD_AN_HOUSE_PRICES@DF_HOUSE_PRICES(1.0),Analytical house prices indicators,I,IRL,Ireland,Q,Quarterly,RHP,Real house price indices,IX,Index,2025-Q3,,152.06768611051,,A,Normal value,0,Units,S,"Seasonally adjusted, not calendar adjusted",1,One,2015,
DATAFLOW,OECD.ECO.MPD:DSD_AN_HOUSE_PRICES@DF_HOUSE_PRICES(1.0),Analytical house prices indicators,I,IRL,Ireland,Q,Quarterly,RHP,Real house price indices,IX,Index,2025-Q4,,151.47576170214,,A,Normal value,0,Units,S,"Seasonally adjusted, not calendar adjusted",1,One,2015,
DATAFLOW,OECD.ECO.MPD:DSD_AN_HOUSE_PRICES@DF_HOUSE_PRICES(1.0),Analytical house prices indicators,I,IRL,Ireland,Q,Quarterly,RHP,Real house price indices,IX,Index,2026-Q1,,152.561488416022,,A,Normal value,0,Units,S,"Seasonally adjusted, not calendar adjusted",1,One,2015,
DATAFLOW,OECD.ECO.MPD:DSD_AN_HOUSE_PRICES@DF_HOUSE_PRICES(1.0),Analytical house prices indicators,I,AUS,Australia,Q,Quarterly,RHP,Real house price indices,IX,Index,2021-Q3,,126.808284809427,,A,Normal value,0,Units,S,"Seasonally adjusted, not calendar adjusted",1,One,2015,
DATAFLOW,OECD.ECO.MPD:DSD_AN_HOUSE_PRICES@DF_HOUSE_PRICES(1.0),Analytical house prices indicators,I,AUS,Australia,Q,Quarterly,RHP,Real house price indices,IX,Index,2021-Q4,,130.413597648865,,A,Normal value,0,Units,S,"Seasonally adjusted, not calendar adjusted",1,One,2015,
DATAFLOW,OECD.ECO.MPD:DSD_AN_HOUSE_PRICES@DF_HOUSE_PRICES(1.0),Analytical house prices indicators,I,AUS,Australia,Q,Quarterly,RHP,Real house price indices,IX,Index,2022-Q1,,131.084701559065,,A,Normal value,0,Units,S,"Seasonally adjusted, not calendar adjusted",1,One,2015,
DATAFLOW,OECD.ECO.MPD:DSD_AN_HOUSE_PRICES@DF_HOUSE_PRICES(1.0),Analytical house prices indicators,I,AUS,Australia,Q,Quarterly,RHP,Real house price indices,IX,Index,2022-Q2,,127.007165355515,,A,Normal value,0,Units,S,"Seasonally adjusted, not calendar adjusted",1,One,2015,
DATAFLOW,OECD.ECO.MPD:DSD_AN_HOUSE_PRICES@DF_HOUSE_PRICES(1.0),Analytical house prices indicators,I,AUS,Australia,Q,Quarterly,RHP,Real house price indices,IX,Index,2022-Q3,,121.344996513066,,A,Normal value,0,Units,S,"Seasonally adjusted, not calendar adjusted",1,One,2015,
DATAFLOW,OECD.ECO.MPD:DSD_AN_HOUSE_PRICES@DF_HOUSE_PRICES(1.0),Analytical house prices indicators,I,AUS,Australia,Q,Quarterly,RHP,Real house price indices,IX,Index,2022-Q4,,118.250665985465,,A,Normal value,0,Units,S,"Seasonally adjusted, not calendar adjusted",1,One,2015,
DATAFLOW,OECD.ECO.MPD:DSD_AN_HOUSE_PRICES@DF_HOUSE_PRICES(1.0),Analytical house prices indicators,I,AUS,Australia,Q,Quarterly,RHP,Real house price indices,IX,Index,2023-Q1,,117.63094695076,,A,Normal value,0,Units,S,"Seasonally adjusted, not calendar adjusted",1,One,2015,
DATAFLOW,OECD.ECO.MPD:DSD_AN_HOUSE_PRICES@DF_HOUSE_PRICES(1.0),Analytical house prices indicators,I,AUS,Australia,Q,Quarterly,RHP,Real house price indices,IX,Index,2023-Q2,,118.777720847753,,A,Normal value,0,Units,S,"Seasonally adjusted, not calendar adjusted",1,One,2015,
DATAFLOW,OECD.ECO.MPD:DSD_AN_HOUSE_PRICES@DF_HOUSE_PRICES(1.0),Analytical house prices indicators,I,AUS,Australia,Q,Quarterly,RHP,Real house price indices,IX,Index,2023-Q3,,119.551968249182,,A,Normal value,0,Units,S,"Seasonally adjusted, not calendar adjusted",1,One,2015,
DATAFLOW,OECD.ECO.MPD:DSD_AN_HOUSE_PRICES@DF_HOUSE_PRICES(1.0),Analytical house prices indicators,I,AUS,Australia,Q,Quarterly,RHP,Real house price indices,IX,Index,2023-Q4,,120.490397152069,,A,Normal value,0,Units,S,"Seasonally adjusted, not calendar adjusted",1,One,2015,
DATAFLOW,OECD.ECO.MPD:DSD_AN_HOUSE_PRICES@DF_HOUSE_PRICES(1.0),Analytical house prices indicators,I,AUS,Australia,Q,Quarterly,RHP,Real house price indices,IX,Index,2024-Q1,,121.495200528237,,A,Normal value,0,Units,S,"Seasonally adjusted, not calendar adjusted",1,One,2015,
DATAFLOW,OECD.ECO.MPD:DSD_AN_HOUSE_PRICES@DF_HOUSE_PRICES(1.0),Analytical house prices indicators,I,AUS,Australia,Q,Quarterly,RHP,Real house price indices,IX,Index,2024-Q2,,122.069084300489,,A,Normal value,0,Units,S,"Seasonally adjusted, not calendar adjusted",1,One,2015,
DATAFLOW,OECD.ECO.MPD:DSD_AN_HOUSE_PRICES@DF_HOUSE_PRICES(1.0),Analytical house prices indicators,I,AUS,Australia,Q,Quarterly,RHP,Real house price indices,IX,Index,2024-Q3,,122.405836823138,,A,Normal value,0,Units,S,"Seasonally adjusted, not calendar adjusted",1,One,2015,
DATAFLOW,OECD.ECO.MPD:DSD_AN_HOUSE_PRICES@DF_HOUSE_PRICES(1.0),Analytical house prices indicators,I,AUS,Australia,Q,Quarterly,RHP,Real house price indices,IX,Index,2024-Q4,,122.792988891732,,A,Normal value,0,Units,S,"Seasonally adjusted, not calendar adjusted",1,One,2015,
DATAFLOW,OECD.ECO.MPD:DSD_AN_HOUSE_PRICES@DF_HOUSE_PRICES(1.0),Analytical house prices indicators,I,AUS,Australia,Q,Quarterly,RHP,Real house price indices,IX,Index,2025-Q1,,123.182227749385,,A,Normal value,0,Units,S,"Seasonally adjusted, not calendar adjusted",1,One,2015,
DATAFLOW,OECD.ECO.MPD:DSD_AN_HOUSE_PRICES@DF_HOUSE_PRICES(1.0),Analytical house prices indicators,I,AUS,Australia,Q,Quarterly,RHP,Real house price indices,IX,Index,2025-Q2,,124.312893861163,,A,Normal value,0,Units,S,"Seasonally adjusted, not calendar adjusted",1,One,2015,
DATAFLOW,OECD.ECO.MPD:DSD_AN_HOUSE_PRICES@DF_HOUSE_PRICES(1.0),Analytical house prices indicators,I,AUS,Australia,Q,Quarterly,RHP,Real house price indices,IX,Index,2025-Q3,,126.821659800287,,A,Normal value,0,Units,S,"Seasonally adjusted, not calendar adjusted",1,One,2015,
DATAFLOW,OECD.ECO.MPD:DSD_AN_HOUSE_PRICES@DF_HOUSE_PRICES(1.0),Analytical house prices indicators,I,AUS,Australia,Q,Quarterly,RHP,Real house price indices,IX,Index,2025-Q4,,129.264695223834,,A,Normal value,0,Units,S,"Seasonally adjusted, not calendar adjusted",1,One,2015,
DATAFLOW,OECD.ECO.MPD:DSD_AN_HOUSE_PRICES@DF_HOUSE_PRICES(1.0),Analytical house prices indicators,I,AUS,Australia,Q,Quarterly,RHP,Real house price indices,IX,Index,2026-Q1,,131.877051840423,,A,Normal value,0,Units,S,"Seasonally adjusted, not calendar adjusted",1,One,2015,
DATAFLOW,OECD.ECO.MPD:DSD_AN_HOUSE_PRICES@DF_HOUSE_PRICES(1.0),Analytical house prices indicators,I,NOR,Norway,Q,Quarterly,RHP,Real house price indices,IX,Index,2021-Q3,,122.144594175184,,A,Normal value,0,Units,S,"Seasonally adjusted, not calendar adjusted",1,One,2015,
DATAFLOW,OECD.ECO.MPD:DSD_AN_HOUSE_PRICES@DF_HOUSE_PRICES(1.0),Analytical house prices indicators,I,NOR,Norway,Q,Quarterly,RHP,Real house price indices,IX,Index,2021-Q4,,124.549962724869,,A,Normal value,0,Units,S,"Seasonally adjusted, not calendar adjusted",1,One,2015,
DATAFLOW,OECD.ECO.MPD:DSD_AN_HOUSE_PRICES@DF_HOUSE_PRICES(1.0),Analytical house prices indicators,I,NOR,Norway,Q,Quarterly,RHP,Real house price indices,IX,Index,2022-Q1,,124.39049334854,,A,Normal value,0,Units,S,"Seasonally adjusted, not calendar adjusted",1,One,2015,
DATAFLOW,OECD.ECO.MPD:DSD_AN_HOUSE_PRICES@DF_HOUSE_PRICES(1.0),Analytical house prices indicators,I,NOR,Norway,Q,Quarterly,RHP,Real house price indices,IX,Index,2022-Q2,,123.883928803942,,A,Normal value,0,Units,S,"Seasonally adjusted, not calendar adjusted",1,One,2015,
DATAFLOW,OECD.ECO.MPD:DSD_AN_HOUSE_PRICES@DF_HOUSE_PRICES(1.0),Analytical house prices indicators,I,NOR,Norway,Q,Quarterly,RHP,Real house price indices,IX,Index,2022-Q3,,120.962006142365,,A,Normal value,0,Units,S,"Seasonally adjusted, not calendar adjusted",1,One,2015,
DATAFLOW,OECD.ECO.MPD:DSD_AN_HOUSE_PRICES@DF_HOUSE_PRICES(1.0),Analytical house prices indicators,I,NOR,Norway,Q,Quarterly,RHP,Real house price indices,IX,Index,2022-Q4,,119.523271489282,,A,Normal value,0,Units,S,"Seasonally adjusted, not calendar adjusted",1,One,2015,
DATAFLOW,OECD.ECO.MPD:DSD_AN_HOUSE_PRICES@DF_HOUSE_PRICES(1.0),Analytical house prices indicators,I,NOR,Norway,Q,Quarterly,RHP,Real house price indices,IX,Index,2023-Q1,,117.85318031879,,A,Normal value,0,Units,S,"Seasonally adjusted, not calendar adjusted",1,One,2015,
DATAFLOW,OECD.ECO.MPD:DSD_AN_HOUSE_PRICES@DF_HOUSE_PRICES(1.0),Analytical house prices indicators,I,NOR,Norway,Q,Quarterly,RHP,Real house price indices,IX,Index,2023-Q2,,116.189324890487,,A,Normal value,0,Units,S,"Seasonally adjusted, not calendar adjusted",1,One,2015,
DATAFLOW,OECD.ECO.MPD:DSD_AN_HOUSE_PRICES@DF_HOUSE_PRICES(1.0),Analytical house prices indicators,I,NOR,Norway,Q,Quarterly,RHP,Real house price indices,IX,Index,2023-Q3,,114.563506194742,,A,Normal value,0,Units,S,"Seasonally adjusted, not calendar adjusted",1,One,2015,
DATAFLOW,OECD.ECO.MPD:DSD_AN_HOUSE_PRICES@DF_HOUSE_PRICES(1.0),Analytical house prices indicators,I,NOR,Norway,Q,Quarterly,RHP,Real house price indices,IX,Index,2023-Q4,,112.965934523122,,A,Normal value,0,Units,S,"Seasonally adjusted, not calendar adjusted",1,One,2015,
DATAFLOW,OECD.ECO.MPD:DSD_AN_HOUSE_PRICES@DF_HOUSE_PRICES(1.0),Analytical house prices indicators,I,NOR,Norway,Q,Quarterly,RHP,Real house price indices,IX,Index,2024-Q1,,113.565861416827,,A,Normal value,0,Units,S,"Seasonally adjusted, not calendar adjusted",1,One,2015,
DATAFLOW,OECD.ECO.MPD:DSD_AN_HOUSE_PRICES@DF_HOUSE_PRICES(1.0),Analytical house prices indicators,I,NOR,Norway,Q,Quarterly,RHP,Real house price indices,IX,Index,2024-Q2,,114.082349710282,,A,Normal value,0,Units,S,"Seasonally adjusted, not calendar adjusted",1,One,2015,
DATAFLOW,OECD.ECO.MPD:DSD_AN_HOUSE_PRICES@DF_HOUSE_PRICES(1.0),Analytical house prices indicators,I,NOR,Norway,Q,Quarterly,RHP,Real house price indices,IX,Index,2024-Q3,,114.82952058392,,A,Normal value,0,Units,S,"Seasonally adjusted, not calendar adjusted",1,One,2015,
DATAFLOW,OECD.ECO.MPD:DSD_AN_HOUSE_PRICES@DF_HOUSE_PRICES(1.0),Analytical house prices indicators,I,NOR,Norway,Q,Quarterly,RHP,Real house price indices,IX,Index,2024-Q4,,115.824974084029,,A,Normal value,0,Units,S,"Seasonally adjusted, not calendar adjusted",1,One,2015,
DATAFLOW,OECD.ECO.MPD:DSD_AN_HOUSE_PRICES@DF_HOUSE_PRICES(1.0),Analytical house prices indicators,I,NOR,Norway,Q,Quarterly,RHP,Real house price indices,IX,Index,2025-Q1,,117.113015830084,,A,Normal value,0,Units,S,"Seasonally adjusted, not calendar adjusted",1,One,2015,
DATAFLOW,OECD.ECO.MPD:DSD_AN_HOUSE_PRICES@DF_HOUSE_PRICES(1.0),Analytical house prices indicators,I,NOR,Norway,Q,Quarterly,RHP,Real house price indices,IX,Index,2025-Q2,,116.045006013337,,A,Normal value,0,Units,S,"Seasonally adjusted, not calendar adjusted",1,One,2015,
DATAFLOW,OECD.ECO.MPD:DSD_AN_HOUSE_PRICES@DF_HOUSE_PRICES(1.0),Analytical house prices indicators,I,NOR,Norway,Q,Quarterly,RHP,Real house price indices,IX,Index,2025-Q3,,116.645465541643,,A,Normal value,0,Units,S,"Seasonally adjusted, not calendar adjusted",1,One,2015,
DATAFLOW,OECD.ECO.MPD:DSD_AN_HOUSE_PRICES@DF_HOUSE_PRICES(1.0),Analytical house prices indicators,I,NOR,Norway,Q,Quarterly,RHP,Real house price indices,IX,Index,2025-Q4,,119.171991976362,,A,Normal value,0,Units,S,"Seasonally adjusted, not calendar adjusted",1,One,2015,
DATAFLOW,OECD.ECO.MPD:DSD_AN_HOUSE_PRICES@DF_HOUSE_PRICES(1.0),Analytical house prices indicators,I,NOR,Norway,Q,Quarterly,RHP,Real house price indices,IX,Index,2026-Q1,,118.469403484498,,A,Normal value,0,Units,S,"Seasonally adjusted, not calendar adjusted",1,One,2015,
DATAFLOW,OECD.ECO.MPD:DSD_AN_HOUSE_PRICES@DF_HOUSE_PRICES(1.0),Analytical house prices indicators,I,NOR,Norway,Q,Quarterly,RHP,Real house price indices,IX,Index,2026-Q2,,118.584301596145,,A,Normal value,0,Units,S,"Seasonally adjusted, not calendar adjusted",1,One,2015,
DATAFLOW,OECD.ECO.MPD:DSD_AN_HOUSE_PRICES@DF_HOUSE_PRICES(1.0),Analytical house prices indicators,I,GBR,United Kingdom,Q,Quarterly,RHP,Real house price indices,IX,Index,2021-Q3,,117.340382295391,,A,Normal value,0,Units,S,"Seasonally adjusted, not calendar adjusted",1,One,2015,
DATAFLOW,OECD.ECO.MPD:DSD_AN_HOUSE_PRICES@DF_HOUSE_PRICES(1.0),Analytical house prices indicators,I,GBR,United Kingdom,Q,Quarterly,RHP,Real house price indices,IX,Index,2021-Q4,,117.644158220535,,A,Normal value,0,Units,S,"Seasonally adjusted, not calendar adjusted",1,One,2015,
DATAFLOW,OECD.ECO.MPD:DSD_AN_HOUSE_PRICES@DF_HOUSE_PRICES(1.0),Analytical house prices indicators,I,GBR,United Kingdom,Q,Quarterly,RHP,Real house price indices,IX,Index,2022-Q2,,119.086192271839,,A,Normal value,0,Units,S,"Seasonally adjusted, not calendar adjusted",1,One,2015,
DATAFLOW,OECD.ECO.MPD:DSD_AN_HOUSE_PRICES@DF_HOUSE_PRICES(1.0),Analytical house prices indicators,I,GBR,United Kingdom,Q,Quarterly,RHP,Real house price indices,IX,Index,2022-Q3,,119.258605103552,,A,Normal value,0,Units,S,"Seasonally adjusted, not calendar adjusted",1,One,2015,
DATAFLOW,OECD.ECO.MPD:DSD_AN_HOUSE_PRICES@DF_HOUSE_PRICES(1.0),Analytical house prices indicators,I,GBR,United Kingdom,Q,Quarterly,RHP,Real house price indices,IX,Index,2023-Q1,,113.594021293183,,A,Normal value,0,Units,S,"Seasonally adjusted, not calendar adjusted",1,One,2015,
DATAFLOW,OECD.ECO.MPD:DSD_AN_HOUSE_PRICES@DF_HOUSE_PRICES(1.0),Analytical house prices indicators,I,GBR,United Kingdom,Q,Quarterly,RHP,Real house price indices,IX,Index,2023-Q2,,111.393756180536,,A,Normal value,0,Units,S,"Seasonally adjusted, not calendar adjusted",1,One,2015,
DATAFLOW,OECD.ECO.MPD:DSD_AN_HOUSE_PRICES@DF_HOUSE_PRICES(1.0),Analytical house prices indicators,I,GBR,United Kingdom,Q,Quarterly,RHP,Real house price indices,IX,Index,2023-Q3,,110.930057251375,,A,Normal value,0,Units,S,"Seasonally adjusted, not calendar adjusted",1,One,2015,
DATAFLOW,OECD.ECO.MPD:DSD_AN_HOUSE_PRICES@DF_HOUSE_PRICES(1.0),Analytical house prices indicators,I,GBR,United Kingdom,Q,Quarterly,RHP,Real house price indices,IX,Index,2024-Q1,,108.602268154181,,A,Normal value,0,Units,S,"Seasonally adjusted, not calendar adjusted",1,One,2015,
DATAFLOW,OECD.ECO.MPD:DSD_AN_HOUSE_PRICES@DF_HOUSE_PRICES(1.0),Analytical house prices indicators,I,GBR,United Kingdom,Q,Quarterly,RHP,Real house price indices,IX,Index,2024-Q2,,109.040465348755,,A,Normal value,0,Units,S,"Seasonally adjusted, not calendar adjusted",1,One,2015,
DATAFLOW,OECD.ECO.MPD:DSD_AN_HOUSE_PRICES@DF_HOUSE_PRICES(1.0),Analytical house prices indicators,I,GBR,United Kingdom,Q,Quarterly,RHP,Real house price indices,IX,Index,2024-Q3,,109.053610915964,,A,Normal value,0,Units,S,"Seasonally adjusted, not calendar adjusted",1,One,2015,
DATAFLOW,OECD.ECO.MPD:DSD_AN_HOUSE_PRICES@DF_HOUSE_PRICES(1.0),Analytical house prices indicators,I,GBR,United Kingdom,Q,Quarterly,RHP,Real house price indices,IX,Index,2024-Q4,,109.217091405748,,A,Normal value,0,Units,S,"Seasonally adjusted, not calendar adjusted",1,One,2015,
DATAFLOW,OECD.ECO.MPD:DSD_AN_HOUSE_PRICES@DF_HOUSE_PRICES(1.0),Analytical house prices indicators,I,GBR,United Kingdom,Q,Quarterly,RHP,Real house price indices,IX,Index,2025-Q1,,109.6413220202,,A,Normal value,0,Units,S,"Seasonally adjusted, not calendar adjusted",1,One,2015,
DATAFLOW,OECD.ECO.MPD:DSD_AN_HOUSE_PRICES@DF_HOUSE_PRICES(1.0),Analytical house prices indicators,I,GBR,United Kingdom,Q,Quarterly,RHP,Real house price indices,IX,Index,2025-Q2,,107.558484716877,,A,Normal value,0,Units,S,"Seasonally adjusted, not calendar adjusted",1,One,2015,
DATAFLOW,OECD.ECO.MPD:DSD_AN_HOUSE_PRICES@DF_HOUSE_PRICES(1.0),Analytical house prices indicators,I,GBR,United Kingdom,Q,Quarterly,RHP,Real house price indices,IX,Index,2025-Q3,,107.523730157788,,A,Normal value,0,Units,S,"Seasonally adjusted, not calendar adjusted",1,One,2015,
DATAFLOW,OECD.ECO.MPD:DSD_AN_HOUSE_PRICES@DF_HOUSE_PRICES(1.0),Analytical house prices indicators,I,GBR,United Kingdom,Q,Quarterly,RHP,Real house price indices,IX,Index,2025-Q4,,108.06984201838,,A,Normal value,0,Units,S,"Seasonally adjusted, not calendar adjusted",1,One,2015,
DATAFLOW,OECD.ECO.MPD:DSD_AN_HOUSE_PRICES@DF_HOUSE_PRICES(1.0),Analytical house prices indicators,I,GBR,United Kingdom,Q,Quarterly,RHP,Real house price indices,IX,Index,2026-Q1,,107.637957146935,,A,Normal value,0,Units,S,"Seasonally adjusted, not calendar adjusted",1,One,2015,
DATAFLOW,OECD.ECO.MPD:DSD_AN_HOUSE_PRICES@DF_HOUSE_PRICES(1.0),Analytical house prices indicators,I,GBR,United Kingdom,Q,Quarterly,RHP,Real house price indices,IX,Index,2022-Q1,,120.104977173351,,A,Normal value,0,Units,S,"Seasonally adjusted, not calendar adjusted",1,One,2015,
DATAFLOW,OECD.ECO.MPD:DSD_AN_HOUSE_PRICES@DF_HOUSE_PRICES(1.0),Analytical house prices indicators,I,GBR,United Kingdom,Q,Quarterly,RHP,Real house price indices,IX,Index,2022-Q4,,116.902086975244,,A,Normal value,0,Units,S,"Seasonally adjusted, not calendar adjusted",1,One,2015,
DATAFLOW,OECD.ECO.MPD:DSD_AN_HOUSE_PRICES@DF_HOUSE_PRICES(1.0),Analytical house prices indicators,I,GBR,United Kingdom,Q,Quarterly,RHP,Real house price indices,IX,Index,2023-Q4,,109.803067284811,,A,Normal value,0,Units,S,"Seasonally adjusted, not calendar adjusted",1,One,2015,
DATAFLOW,OECD.ECO.MPD:DSD_AN_HOUSE_PRICES@DF_HOUSE_PRICES(1.0),Analytical house prices indicators,I,ZAF,South Africa,Q,Quarterly,RHP,Real house price indices,IX,Index,2021-Q3,,98.7930479713966,,A,Normal value,0,Units,S,"Seasonally adjusted, not calendar adjusted",1,One,2015,
DATAFLOW,OECD.ECO.MPD:DSD_AN_HOUSE_PRICES@DF_HOUSE_PRICES(1.0),Analytical house prices indicators,I,ZAF,South Africa,Q,Quarterly,RHP,Real house price indices,IX,Index,2021-Q4,,98.5013958525122,,A,Normal value,0,Units,S,"Seasonally adjusted, not calendar adjusted",1,One,2015,
DATAFLOW,OECD.ECO.MPD:DSD_AN_HOUSE_PRICES@DF_HOUSE_PRICES(1.0),Analytical house prices indicators,I,ZAF,South Africa,Q,Quarterly,RHP,Real house price indices,IX,Index,2022-Q1,,97.9665356002762,,A,Normal value,0,Units,S,"Seasonally adjusted, not calendar adjusted",1,One,2015,
DATAFLOW,OECD.ECO.MPD:DSD_AN_HOUSE_PRICES@DF_HOUSE_PRICES(1.0),Analytical house prices indicators,I,ZAF,South Africa,Q,Quarterly,RHP,Real house price indices,IX,Index,2022-Q2,,97.3429423734049,,A,Normal value,0,Units,S,"Seasonally adjusted, not calendar adjusted",1,One,2015,
DATAFLOW,OECD.ECO.MPD:DSD_AN_HOUSE_PRICES@DF_HOUSE_PRICES(1.0),Analytical house prices indicators,I,ZAF,South Africa,Q,Quarterly,RHP,Real house price indices,IX,Index,2022-Q3,,95.0546895689497,,A,Normal value,0,Units,S,"Seasonally adjusted, not calendar adjusted",1,One,2015,
DATAFLOW,OECD.ECO.MPD:DSD_AN_HOUSE_PRICES@DF_HOUSE_PRICES(1.0),Analytical house prices indicators,I,ZAF,South Africa,Q,Quarterly,RHP,Real house price indices,IX,Index,2022-Q4,,94.1274844834919,,A,Normal value,0,Units,S,"Seasonally adjusted, not calendar adjusted",1,One,2015,
DATAFLOW,OECD.ECO.MPD:DSD_AN_HOUSE_PRICES@DF_HOUSE_PRICES(1.0),Analytical house prices indicators,I,ZAF,South Africa,Q,Quarterly,RHP,Real house price indices,IX,Index,2023-Q1,,93.2948028299016,,A,Normal value,0,Units,S,"Seasonally adjusted, not calendar adjusted",1,One,2015,
DATAFLOW,OECD.ECO.MPD:DSD_AN_HOUSE_PRICES@DF_HOUSE_PRICES(1.0),Analytical house prices indicators,I,ZAF,South Africa,Q,Quarterly,RHP,Real house price indices,IX,Index,2023-Q2,,92.2398458226858,,A,Normal value,0,Units,S,"Seasonally adjusted, not calendar adjusted",1,One,2015,
DATAFLOW,OECD.ECO.MPD:DSD_AN_HOUSE_PRICES@DF_HOUSE_PRICES(1.0),Analytical house prices indicators,I,ZAF,South Africa,Q,Quarterly,RHP,Real house price indices,IX,Index,2023-Q3,,90.6635617344219,,A,Normal value,0,Units,S,"Seasonally adjusted, not calendar adjusted",1,One,2015,
DATAFLOW,OECD.ECO.MPD:DSD_AN_HOUSE_PRICES@DF_HOUSE_PRICES(1.0),Analytical house prices indicators,I,ZAF,South Africa,Q,Quarterly,RHP,Real house price indices,IX,Index,2023-Q4,,89.7448665003909,,A,Normal value,0,Units,S,"Seasonally adjusted, not calendar adjusted",1,One,2015,
DATAFLOW,OECD.ECO.MPD:DSD_AN_HOUSE_PRICES@DF_HOUSE_PRICES(1.0),Analytical house prices indicators,I,ZAF,South Africa,Q,Quarterly,RHP,Real house price indices,IX,Index,2024-Q1,,89.4479661241855,,A,Normal value,0,Units,S,"Seasonally adjusted, not calendar adjusted",1,One,2015,
DATAFLOW,OECD.ECO.MPD:DSD_AN_HOUSE_PRICES@DF_HOUSE_PRICES(1.0),Analytical house prices indicators,I,ZAF,South Africa,Q,Quarterly,RHP,Real house price indices,IX,Index,2024-Q2,,88.3661611929004,,A,Normal value,0,Units,S,"Seasonally adjusted, not calendar adjusted",1,One,2015,
DATAFLOW,OECD.ECO.MPD:DSD_AN_HOUSE_PRICES@DF_HOUSE_PRICES(1.0),Analytical house prices indicators,I,ZAF,South Africa,Q,Quarterly,RHP,Real house price indices,IX,Index,2024-Q3,,87.8493804249672,,A,Normal value,0,Units,S,"Seasonally adjusted, not calendar adjusted",1,One,2015,
DATAFLOW,OECD.ECO.MPD:DSD_AN_HOUSE_PRICES@DF_HOUSE_PRICES(1.0),Analytical house prices indicators,I,ZAF,South Africa,Q,Quarterly,RHP,Real house price indices,IX,Index,2024-Q4,,88.5162693640896,,A,Normal value,0,Units,S,"Seasonally adjusted, not calendar adjusted",1,One,2015,
DATAFLOW,OECD.ECO.MPD:DSD_AN_HOUSE_PRICES@DF_HOUSE_PRICES(1.0),Analytical house prices indicators,I,ZAF,South Africa,Q,Quarterly,RHP,Real house price indices,IX,Index,2025-Q1,,89.1437369646982,,A,Normal value,0,Units,S,"Seasonally adjusted, not calendar adjusted",1,One,2015,
DATAFLOW,OECD.ECO.MPD:DSD_AN_HOUSE_PRICES@DF_HOUSE_PRICES(1.0),Analytical house prices indicators,I,ZAF,South Africa,Q,Quarterly,RHP,Real house price indices,IX,Index,2025-Q2,,89.781856184143,,A,Normal value,0,Units,S,"Seasonally adjusted, not calendar adjusted",1,One,2015,
DATAFLOW,OECD.ECO.MPD:DSD_AN_HOUSE_PRICES@DF_HOUSE_PRICES(1.0),Analytical house prices indicators,I,ZAF,South Africa,Q,Quarterly,RHP,Real house price indices,IX,Index,2025-Q3,,89.9711552024719,,A,Normal value,0,Units,S,"Seasonally adjusted, not calendar adjusted",1,One,2015,
DATAFLOW,OECD.ECO.MPD:DSD_AN_HOUSE_PRICES@DF_HOUSE_PRICES(1.0),Analytical house prices indicators,I,ZAF,South Africa,Q,Quarterly,RHP,Real house price indices,IX,Index,2025-Q4,,90.9058524870185,,A,Normal value,0,Units,S,"Seasonally adjusted, not calendar adjusted",1,One,2015,
DATAFLOW,OECD.ECO.MPD:DSD_AN_HOUSE_PRICES@DF_HOUSE_PRICES(1.0),Analytical house prices indicators,I,JPN,Japan,Q,Quarterly,RHP,Real house price indices,IX,Index,2021-Q3,,112.408861808117,,A,Normal value,0,Units,S,"Seasonally adjusted, not calendar adjusted",1,One,2015,
DATAFLOW,OECD.ECO.MPD:DSD_AN_HOUSE_PRICES@DF_HOUSE_PRICES(1.0),Analytical house prices indicators,I,JPN,Japan,Q,Quarterly,RHP,Real house price indices,IX,Index,2021-Q4,,113.307633815144,,A,Normal value,0,Units,S,"Seasonally adjusted, not calendar adjusted",1,One,2015,
DATAFLOW,OECD.ECO.MPD:DSD_AN_HOUSE_PRICES@DF_HOUSE_PRICES(1.0),Analytical house prices indicators,I,JPN,Japan,Q,Quarterly,RHP,Real house price indices,IX,Index,2022-Q1,,115.317722955726,,A,Normal value,0,Units,S,"Seasonally adjusted, not calendar adjusted",1,One,2015,
DATAFLOW,OECD.ECO.MPD:DSD_AN_HOUSE_PRICES@DF_HOUSE_PRICES(1.0),Analytical house prices indicators,I,JPN,Japan,Q,Quarterly,RHP,Real house price indices,IX,Index,2022-Q2,,116.573044376641,,A,Normal value,0,Units,S,"Seasonally adjusted, not calendar adjusted",1,One,2015,
DATAFLOW,OECD.ECO.MPD:DSD_AN_HOUSE_PRICES@DF_HOUSE_PRICES(1.0),Analytical house prices indicators,I,JPN,Japan,Q,Quarterly,RHP,Real house price indices,IX,Index,2022-Q3,,117.138819131503,,A,Normal value,0,Units,S,"Seasonally adjusted, not calendar adjusted",1,One,2015,
DATAFLOW,OECD.ECO.MPD:DSD_AN_HOUSE_PRICES@DF_HOUSE_PRICES(1.0),Analytical house prices indicators,I,JPN,Japan,Q,Quarterly,RHP,Real house price indices,IX,Index,2022-Q4,,117.022537584027,,A,Normal value,0,Units,S,"Seasonally adjusted, not calendar adjusted",1,One,2015,
DATAFLOW,OECD.ECO.MPD:DSD_AN_HOUSE_PRICES@DF_HOUSE_PRICES(1.0),Analytical house prices indicators,I,JPN,Japan,Q,Quarterly,RHP,Real house price indices,IX,Index,2023-Q1,,116.458166299993,,A,Normal value,0,Units,S,"Seasonally adjusted, not calendar adjusted",1,One,2015,
DATAFLOW,OECD.ECO.MPD:DSD_AN_HOUSE_PRICES@DF_HOUSE_PRICES(1.0),Analytical house prices indicators,I,JPN,Japan,Q,Quarterly,RHP,Real house price indices,IX,Index,2023-Q2,,116.384586515089,,A,Normal value,0,Units,S,"Seasonally adjusted, not calendar adjusted",1,One,2015,
DATAFLOW,OECD.ECO.MPD:DSD_AN_HOUSE_PRICES@DF_HOUSE_PRICES(1.0),Analytical house prices indicators,I,JPN,Japan,Q,Quarterly,RHP,Real house price indices,IX,Index,2023-Q3,,115.506956573506,,A,Normal value,0,Units,S,"Seasonally adjusted, not calendar adjusted",1,One,2015,
DATAFLOW,OECD.ECO.MPD:DSD_AN_HOUSE_PRICES@DF_HOUSE_PRICES(1.0),Analytical house prices indicators,I,JPN,Japan,Q,Quarterly,RHP,Real house price indices,IX,Index,2023-Q4,,115.935165115839,,A,Normal value,0,Units,S,"Seasonally adjusted, not calendar adjusted",1,One,2015,
DATAFLOW,OECD.ECO.MPD:DSD_AN_HOUSE_PRICES@DF_HOUSE_PRICES(1.0),Analytical house prices indicators,I,JPN,Japan,Q,Quarterly,RHP,Real house price indices,IX,Index,2024-Q1,,116.256535593951,,A,Normal value,0,Units,S,"Seasonally adjusted, not calendar adjusted",1,One,2015,
DATAFLOW,OECD.ECO.MPD:DSD_AN_HOUSE_PRICES@DF_HOUSE_PRICES(1.0),Analytical house prices indicators,I,JPN,Japan,Q,Quarterly,RHP,Real house price indices,IX,Index,2024-Q2,,116.432419955351,,A,Normal value,0,Units,S,"Seasonally adjusted, not calendar adjusted",1,One,2015,
DATAFLOW,OECD.ECO.MPD:DSD_AN_HOUSE_PRICES@DF_HOUSE_PRICES(1.0),Analytical house prices indicators,I,JPN,Japan,Q,Quarterly,RHP,Real house price indices,IX,Index,2024-Q3,,116.423070920171,,A,Normal value,0,Units,S,"Seasonally adjusted, not calendar adjusted",1,One,2015,
DATAFLOW,OECD.ECO.MPD:DSD_AN_HOUSE_PRICES@DF_HOUSE_PRICES(1.0),Analytical house prices indicators,I,JPN,Japan,Q,Quarterly,RHP,Real house price indices,IX,Index,2024-Q4,,116.367686033403,,A,Normal value,0,Units,S,"Seasonally adjusted, not calendar adjusted",1,One,2015,
DATAFLOW,OECD.ECO.MPD:DSD_AN_HOUSE_PRICES@DF_HOUSE_PRICES(1.0),Analytical house prices indicators,I,JPN,Japan,Q,Quarterly,RHP,Real house price indices,IX,Index,2025-Q1,,117.802682975524,,A,Normal value,0,Units,S,"Seasonally adjusted, not calendar adjusted",1,One,2015,
DATAFLOW,OECD.ECO.MPD:DSD_AN_HOUSE_PRICES@DF_HOUSE_PRICES(1.0),Analytical house prices indicators,I,JPN,Japan,Q,Quarterly,RHP,Real house price indices,IX,Index,2025-Q2,,117.216517557087,,A,Normal value,0,Units,S,"Seasonally adjusted, not calendar adjusted",1,One,2015,
DATAFLOW,OECD.ECO.MPD:DSD_AN_HOUSE_PRICES@DF_HOUSE_PRICES(1.0),Analytical house prices indicators,I,JPN,Japan,Q,Quarterly,RHP,Real house price indices,IX,Index,2025-Q3,,118.18190890915,,A,Normal value,0,Units,S,"Seasonally adjusted, not calendar adjusted",1,One,2015,
DATAFLOW,OECD.ECO.MPD:DSD_AN_HOUSE_PRICES@DF_HOUSE_PRICES(1.0),Analytical house prices indicators,I,JPN,Japan,Q,Quarterly,RHP,Real house price indices,IX,Index,2025-Q4,,119.069009018541,,A,Normal value,0,Units,S,"Seasonally adjusted, not calendar adjusted",1,One,2015,
DATAFLOW,OECD.ECO.MPD:DSD_AN_HOUSE_PRICES@DF_HOUSE_PRICES(1.0),Analytical house prices indicators,I,CZE,Czechia,Q,Quarterly,RHP,Real house price indices,IX,Index,2021-Q3,,158.520581321145,,A,Normal value,0,Units,S,"Seasonally adjusted, not calendar adjusted",1,One,2015,
DATAFLOW,OECD.ECO.MPD:DSD_AN_HOUSE_PRICES@DF_HOUSE_PRICES(1.0),Analytical house prices indicators,I,CZE,Czechia,Q,Quarterly,RHP,Real house price indices,IX,Index,2021-Q4,,165.619415785562,,A,Normal value,0,Units,S,"Seasonally adjusted, not calendar adjusted",1,One,2015,
DATAFLOW,OECD.ECO.MPD:DSD_AN_HOUSE_PRICES@DF_HOUSE_PRICES(1.0),Analytical house prices indicators,I,CZE,Czechia,Q,Quarterly,RHP,Real house price indices,IX,Index,2022-Q1,,164.076303325542,,A,Normal value,0,Units,S,"Seasonally adjusted, not calendar adjusted",1,One,2015,
DATAFLOW,OECD.ECO.MPD:DSD_AN_HOUSE_PRICES@DF_HOUSE_PRICES(1.0),Analytical house prices indicators,I,CZE,Czechia,Q,Quarterly,RHP,Real house price indices,IX,Index,2022-Q2,,162.106507466919,,A,Normal value,0,Units,S,"Seasonally adjusted, not calendar adjusted",1,One,2015,
DATAFLOW,OECD.ECO.MPD:DSD_AN_HOUSE_PRICES@DF_HOUSE_PRICES(1.0),Analytical house prices indicators,I,CZE,Czechia,Q,Quarterly,RHP,Real house price indices,IX,Index,2022-Q3,,158.846859631844,,A,Normal value,0,Units,S,"Seasonally adjusted, not calendar adjusted",1,One,2015,
DATAFLOW,OECD.ECO.MPD:DSD_AN_HOUSE_PRICES@DF_HOUSE_PRICES(1.0),Analytical house prices indicators,I,CZE,Czechia,Q,Quarterly,RHP,Real house price indices,IX,Index,2022-Q4,,152.301988405822,,A,Normal value,0,Units,S,"Seasonally adjusted, not calendar adjusted",1,One,2015,
DATAFLOW,OECD.ECO.MPD:DSD_AN_HOUSE_PRICES@DF_HOUSE_PRICES(1.0),Analytical house prices indicators,I,CZE,Czechia,Q,Quarterly,RHP,Real house price indices,IX,Index,2023-Q1,,145.921480898477,,A,Normal value,0,Units,S,"Seasonally adjusted, not calendar adjusted",1,One,2015,
DATAFLOW,OECD.ECO.MPD:DSD_AN_HOUSE_PRICES@DF_HOUSE_PRICES(1.0),Analytical house prices indicators,I,CZE,Czechia,Q,Quarterly,RHP,Real house price indices,IX,Index,2023-Q2,,144.593687387224,,A,Normal value,0,Units,S,"Seasonally adjusted, not calendar adjusted",1,One,2015,
DATAFLOW,OECD.ECO.MPD:DSD_AN_HOUSE_PRICES@DF_HOUSE_PRICES(1.0),Analytical house prices indicators,I,CZE,Czechia,Q,Quarterly,RHP,Real house price indices,IX,Index,2023-Q3,,143.442453089677,,A,Normal value,0,Units,S,"Seasonally adjusted, not calendar adjusted",1,One,2015,
DATAFLOW,OECD.ECO.MPD:DSD_AN_HOUSE_PRICES@DF_HOUSE_PRICES(1.0),Analytical house prices indicators,I,CZE,Czechia,Q,Quarterly,RHP,Real house price indices,IX,Index,2023-Q4,,143.171582471522,,A,Normal value,0,Units,S,"Seasonally adjusted, not calendar adjusted",1,One,2015,
DATAFLOW,OECD.ECO.MPD:DSD_AN_HOUSE_PRICES@DF_HOUSE_PRICES(1.0),Analytical house prices indicators,I,CZE,Czechia,Q,Quarterly,RHP,Real house price indices,IX,Index,2024-Q1,,143.609549591074,,A,Normal value,0,Units,S,"Seasonally adjusted, not calendar adjusted",1,One,2015,
DATAFLOW,OECD.ECO.MPD:DSD_AN_HOUSE_PRICES@DF_HOUSE_PRICES(1.0),Analytical house prices indicators,I,CZE,Czechia,Q,Quarterly,RHP,Real house price indices,IX,Index,2024-Q2,,145.316741921277,,A,Normal value,0,Units,S,"Seasonally adjusted, not calendar adjusted",1,One,2015,
DATAFLOW,OECD.ECO.MPD:DSD_AN_HOUSE_PRICES@DF_HOUSE_PRICES(1.0),Analytical house prices indicators,I,CZE,Czechia,Q,Quarterly,RHP,Real house price indices,IX,Index,2024-Q3,,147.455097442085,,A,Normal value,0,Units,S,"Seasonally adjusted, not calendar adjusted",1,One,2015,
DATAFLOW,OECD.ECO.MPD:DSD_AN_HOUSE_PRICES@DF_HOUSE_PRICES(1.0),Analytical house prices indicators,I,CZE,Czechia,Q,Quarterly,RHP,Real house price indices,IX,Index,2024-Q4,,150.059226905381,,A,Normal value,0,Units,S,"Seasonally adjusted, not calendar adjusted",1,One,2015,
DATAFLOW,OECD.ECO.MPD:DSD_AN_HOUSE_PRICES@DF_HOUSE_PRICES(1.0),Analytical house prices indicators,I,CZE,Czechia,Q,Quarterly,RHP,Real house price indices,IX,Index,2025-Q1,,152.865992076859,,A,Normal value,0,Units,S,"Seasonally adjusted, not calendar adjusted",1,One,2015,
DATAFLOW,OECD.ECO.MPD:DSD_AN_HOUSE_PRICES@DF_HOUSE_PRICES(1.0),Analytical house prices indicators,I,CZE,Czechia,Q,Quarterly,RHP,Real house price indices,IX,Index,2025-Q2,,155.65232008052,,A,Normal value,0,Units,S,"Seasonally adjusted, not calendar adjusted",1,One,2015,
DATAFLOW,OECD.ECO.MPD:DSD_AN_HOUSE_PRICES@DF_HOUSE_PRICES(1.0),Analytical house prices indicators,I,CZE,Czechia,Q,Quarterly,RHP,Real house price indices,IX,Index,2025-Q3,,158.429384625003,,A,Normal value,0,Units,S,"Seasonally adjusted, not calendar adjusted",1,One,2015,
DATAFLOW,OECD.ECO.MPD:DSD_AN_HOUSE_PRICES@DF_HOUSE_PRICES(1.0),Analytical house prices indicators,I,CZE,Czechia,Q,Quarterly,RHP,Real house price indices,IX,Index,2025-Q4,,161.618211829505,,A,Normal value,0,Units,S,"Seasonally adjusted, not calendar adjusted",1,One,2015,
DATAFLOW,OECD.ECO.MPD:DSD_AN_HOUSE_PRICES@DF_HOUSE_PRICES(1.0),Analytical house prices indicators,I,LTU,Lithuania,Q,Quarterly,RHP,Real house price indices,IX,Index,2026-Q1,,171.617612450414,,A,Normal value,0,Units,S,"Seasonally adjusted, not calendar adjusted",1,One,2015,
DATAFLOW,OECD.ECO.MPD:DSD_AN_HOUSE_PRICES@DF_HOUSE_PRICES(1.0),Analytical house prices indicators,I,LVA,Latvia,Q,Quarterly,RHP,Real house price indices,IX,Index,2021-Q3,,146.458505113607,,A,Normal value,0,Units,S,"Seasonally adjusted, not calendar adjusted",1,One,2015,
DATAFLOW,OECD.ECO.MPD:DSD_AN_HOUSE_PRICES@DF_HOUSE_PRICES(1.0),Analytical house prices indicators,I,LVA,Latvia,Q,Quarterly,RHP,Real house price indices,IX,Index,2021-Q4,,148.4346763934,,A,Normal value,0,Units,S,"Seasonally adjusted, not calendar adjusted",1,One,2015,
DATAFLOW,OECD.ECO.MPD:DSD_AN_HOUSE_PRICES@DF_HOUSE_PRICES(1.0),Analytical house prices indicators,I,LVA,Latvia,Q,Quarterly,RHP,Real house price indices,IX,Index,2022-Q1,,148.013399575635,,A,Normal value,0,Units,S,"Seasonally adjusted, not calendar adjusted",1,One,2015,
DATAFLOW,OECD.ECO.MPD:DSD_AN_HOUSE_PRICES@DF_HOUSE_PRICES(1.0),Analytical house prices indicators,I,LVA,Latvia,Q,Quarterly,RHP,Real house price indices,IX,Index,2022-Q2,,145.199892619167,,A,Normal value,0,Units,S,"Seasonally adjusted, not calendar adjusted",1,One,2015,
DATAFLOW,OECD.ECO.MPD:DSD_AN_HOUSE_PRICES@DF_HOUSE_PRICES(1.0),Analytical house prices indicators,I,LVA,Latvia,Q,Quarterly,RHP,Real house price indices,IX,Index,2022-Q3,,142.650560079918,,A,Normal value,0,Units,S,"Seasonally adjusted, not calendar adjusted",1,One,2015,
DATAFLOW,OECD.ECO.MPD:DSD_AN_HOUSE_PRICES@DF_HOUSE_PRICES(1.0),Analytical house prices indicators,I,LVA,Latvia,Q,Quarterly,RHP,Real house price indices,IX,Index,2022-Q4,,137.380149065295,,A,Normal value,0,Units,S,"Seasonally adjusted, not calendar adjusted",1,One,2015,
DATAFLOW,OECD.ECO.MPD:DSD_AN_HOUSE_PRICES@DF_HOUSE_PRICES(1.0),Analytical house prices indicators,I,LVA,Latvia,Q,Quarterly,RHP,Real house price indices,IX,Index,2023-Q1,,137.920978943627,,A,Normal value,0,Units,S,"Seasonally adjusted, not calendar adjusted",1,One,2015,
DATAFLOW,OECD.ECO.MPD:DSD_AN_HOUSE_PRICES@DF_HOUSE_PRICES(1.0),Analytical house prices indicators,I,LVA,Latvia,Q,Quarterly,RHP,Real house price indices,IX,Index,2023-Q2,,141.046676690085,,A,Normal value,0,Units,S,"Seasonally adjusted, not calendar adjusted",1,One,2015,
DATAFLOW,OECD.ECO.MPD:DSD_AN_HOUSE_PRICES@DF_HOUSE_PRICES(1.0),Analytical house prices indicators,I,LVA,Latvia,Q,Quarterly,RHP,Real house price indices,IX,Index,2023-Q3,,137.378833350356,,A,Normal value,0,Units,S,"Seasonally adjusted, not calendar adjusted",1,One,2015,
DATAFLOW,OECD.ECO.MPD:DSD_AN_HOUSE_PRICES@DF_HOUSE_PRICES(1.0),Analytical house prices indicators,I,LVA,Latvia,Q,Quarterly,RHP,Real house price indices,IX,Index,2023-Q4,,134.708276220316,,A,Normal value,0,Units,S,"Seasonally adjusted, not calendar adjusted",1,One,2015,
DATAFLOW,OECD.ECO.MPD:DSD_AN_HOUSE_PRICES@DF_HOUSE_PRICES(1.0),Analytical house prices indicators,I,LVA,Latvia,Q,Quarterly,RHP,Real house price indices,IX,Index,2024-Q1,,137.851859095228,,A,Normal value,0,Units,S,"Seasonally adjusted, not calendar adjusted",1,One,2015,
DATAFLOW,OECD.ECO.MPD:DSD_AN_HOUSE_PRICES@DF_HOUSE_PRICES(1.0),Analytical house prices indicators,I,LVA,Latvia,Q,Quarterly,RHP,Real house price indices,IX,Index,2024-Q2,,137.089376941457,,A,Normal value,0,Units,S,"Seasonally adjusted, not calendar adjusted",1,One,2015,
DATAFLOW,OECD.ECO.MPD:DSD_AN_HOUSE_PRICES@DF_HOUSE_PRICES(1.0),Analytical house prices indicators,I,LVA,Latvia,Q,Quarterly,RHP,Real house price indices,IX,Index,2024-Q3,,139.782281505389,,A,Normal value,0,Units,S,"Seasonally adjusted, not calendar adjusted",1,One,2015,
DATAFLOW,OECD.ECO.MPD:DSD_AN_HOUSE_PRICES@DF_HOUSE_PRICES(1.0),Analytical house prices indicators,I,LVA,Latvia,Q,Quarterly,RHP,Real house price indices,IX,Index,2024-Q4,,140.278773040962,,A,Normal value,0,Units,S,"Seasonally adjusted, not calendar adjusted",1,One,2015,
DATAFLOW,OECD.ECO.MPD:DSD_AN_HOUSE_PRICES@DF_HOUSE_PRICES(1.0),Analytical house prices indicators,I,LVA,Latvia,Q,Quarterly,RHP,Real house price indices,IX,Index,2025-Q1,,140.785372856825,,A,Normal value,0,Units,S,"Seasonally adjusted, not calendar adjusted",1,One,2015,
DATAFLOW,OECD.ECO.MPD:DSD_AN_HOUSE_PRICES@DF_HOUSE_PRICES(1.0),Analytical house prices indicators,I,LVA,Latvia,Q,Quarterly,RHP,Real house price indices,IX,Index,2025-Q2,,140.854441980252,,A,Normal value,0,Units,S,"Seasonally adjusted, not calendar adjusted",1,One,2015,
DATAFLOW,OECD.ECO.MPD:DSD_AN_HOUSE_PRICES@DF_HOUSE_PRICES(1.0),Analytical house prices indicators,I,LVA,Latvia,Q,Quarterly,RHP,Real house price indices,IX,Index,2025-Q3,,145.241278163494,,A,Normal value,0,Units,S,"Seasonally adjusted, not calendar adjusted",1,One,2015,
DATAFLOW,OECD.ECO.MPD:DSD_AN_HOUSE_PRICES@DF_HOUSE_PRICES(1.0),Analytical house prices indicators,I,LVA,Latvia,Q,Quarterly,RHP,Real house price indices,IX,Index,2025-Q4,,149.460126417486,,A,Normal value,0,Units,S,"Seasonally adjusted, not calendar adjusted",1,One,2015,
DATAFLOW,OECD.ECO.MPD:DSD_AN_HOUSE_PRICES@DF_HOUSE_PRICES(1.0),Analytical house prices indicators,I,LVA,Latvia,Q,Quarterly,RHP,Real house price indices,IX,Index,2026-Q1,,150.828413291632,,A,Normal value,0,Units,S,"Seasonally adjusted, not calendar adjusted",1,One,2015,
DATAFLOW,OECD.ECO.MPD:DSD_AN_HOUSE_PRICES@DF_HOUSE_PRICES(1.0),Analytical house prices indicators,I,MEX,Mexico,Q,Quarterly,RHP,Real house price indices,IX,Index,2021-Q3,,118.945955490931,,A,Normal value,0,Units,S,"Seasonally adjusted, not calendar adjusted",1,One,2015,
DATAFLOW,OECD.ECO.MPD:DSD_AN_HOUSE_PRICES@DF_HOUSE_PRICES(1.0),Analytical house prices indicators,I,MEX,Mexico,Q,Quarterly,RHP,Real house price indices,IX,Index,2021-Q4,,118.348876242258,,A,Normal value,0,Units,S,"Seasonally adjusted, not calendar adjusted",1,One,2015,
DATAFLOW,OECD.ECO.MPD:DSD_AN_HOUSE_PRICES@DF_HOUSE_PRICES(1.0),Analytical house prices indicators,I,MEX,Mexico,Q,Quarterly,RHP,Real house price indices,IX,Index,2022-Q1,,117.288275413285,,A,Normal value,0,Units,S,"Seasonally adjusted, not calendar adjusted",1,One,2015,
DATAFLOW,OECD.ECO.MPD:DSD_AN_HOUSE_PRICES@DF_HOUSE_PRICES(1.0),Analytical house prices indicators,I,MEX,Mexico,Q,Quarterly,RHP,Real house price indices,IX,Index,2022-Q2,,116.654700204951,,A,Normal value,0,Units,S,"Seasonally adjusted, not calendar adjusted",1,One,2015,
DATAFLOW,OECD.ECO.MPD:DSD_AN_HOUSE_PRICES@DF_HOUSE_PRICES(1.0),Analytical house prices indicators,I,MEX,Mexico,Q,Quarterly,RHP,Real house price indices,IX,Index,2022-Q3,,117.930365761947,,A,Normal value,0,Units,S,"Seasonally adjusted, not calendar adjusted",1,One,2015,
DATAFLOW,OECD.ECO.MPD:DSD_AN_HOUSE_PRICES@DF_HOUSE_PRICES(1.0),Analytical house prices indicators,I,MEX,Mexico,Q,Quarterly,RHP,Real house price indices,IX,Index,2022-Q4,,120.836335204708,,A,Normal value,0,Units,S,"Seasonally adjusted, not calendar adjusted",1,One,2015,
DATAFLOW,OECD.ECO.MPD:DSD_AN_HOUSE_PRICES@DF_HOUSE_PRICES(1.0),Analytical house prices indicators,I,MEX,Mexico,Q,Quarterly,RHP,Real house price indices,IX,Index,2023-Q1,,123.793404629799,,A,Normal value,0,Units,S,"Seasonally adjusted, not calendar adjusted",1,One,2015,
DATAFLOW,OECD.ECO.MPD:DSD_AN_HOUSE_PRICES@DF_HOUSE_PRICES(1.0),Analytical house prices indicators,I,MEX,Mexico,Q,Quarterly,RHP,Real house price indices,IX,Index,2023-Q2,,126.736847186815,,A,Normal value,0,Units,S,"Seasonally adjusted, not calendar adjusted",1,One,2015,
DATAFLOW,OECD.ECO.MPD:DSD_AN_HOUSE_PRICES@DF_HOUSE_PRICES(1.0),Analytical house prices indicators,I,MEX,Mexico,Q,Quarterly,RHP,Real house price indices,IX,Index,2023-Q3,,128.986167830821,,A,Normal value,0,Units,S,"Seasonally adjusted, not calendar adjusted",1,One,2015,
DATAFLOW,OECD.ECO.MPD:DSD_AN_HOUSE_PRICES@DF_HOUSE_PRICES(1.0),Analytical house prices indicators,I,MEX,Mexico,Q,Quarterly,RHP,Real house price indices,IX,Index,2023-Q4,,130.496175074646,,A,Normal value,0,Units,S,"Seasonally adjusted, not calendar adjusted",1,One,2015,
DATAFLOW,OECD.ECO.MPD:DSD_AN_HOUSE_PRICES@DF_HOUSE_PRICES(1.0),Analytical house prices indicators,I,MEX,Mexico,Q,Quarterly,RHP,Real house price indices,IX,Index,2024-Q1,,132.418460954315,,A,Normal value,0,Units,S,"Seasonally adjusted, not calendar adjusted",1,One,2015,
DATAFLOW,OECD.ECO.MPD:DSD_AN_HOUSE_PRICES@DF_HOUSE_PRICES(1.0),Analytical house prices indicators,I,MEX,Mexico,Q,Quarterly,RHP,Real house price indices,IX,Index,2024-Q2,,133.761130756206,,A,Normal value,0,Units,S,"Seasonally adjusted, not calendar adjusted",1,One,2015,
DATAFLOW,OECD.ECO.MPD:DSD_AN_HOUSE_PRICES@DF_HOUSE_PRICES(1.0),Analytical house prices indicators,I,MEX,Mexico,Q,Quarterly,RHP,Real house price indices,IX,Index,2024-Q3,,133.910123492511,,A,Normal value,0,Units,S,"Seasonally adjusted, not calendar adjusted",1,One,2015,
DATAFLOW,OECD.ECO.MPD:DSD_AN_HOUSE_PRICES@DF_HOUSE_PRICES(1.0),Analytical house prices indicators,I,MEX,Mexico,Q,Quarterly,RHP,Real house price indices,IX,Index,2024-Q4,,136.09756723669,,A,Normal value,0,Units,S,"Seasonally adjusted, not calendar adjusted",1,One,2015,
DATAFLOW,OECD.ECO.MPD:DSD_AN_HOUSE_PRICES@DF_HOUSE_PRICES(1.0),Analytical house prices indicators,I,MEX,Mexico,Q,Quarterly,RHP,Real house price indices,IX,Index,2025-Q1,,136.908202643703,,A,Normal value,0,Units,S,"Seasonally adjusted, not calendar adjusted",1,One,2015,
DATAFLOW,OECD.ECO.MPD:DSD_AN_HOUSE_PRICES@DF_HOUSE_PRICES(1.0),Analytical house prices indicators,I,MEX,Mexico,Q,Quarterly,RHP,Real house price indices,IX,Index,2025-Q2,,139.517712540398,,A,Normal value,0,Units,S,"Seasonally adjusted, not calendar adjusted",1,One,2015,
DATAFLOW,OECD.ECO.MPD:DSD_AN_HOUSE_PRICES@DF_HOUSE_PRICES(1.0),Analytical house prices indicators,I,MEX,Mexico,Q,Quarterly,RHP,Real house price indices,IX,Index,2025-Q3,,142.005044300042,,A,Normal value,0,Units,S,"Seasonally adjusted, not calendar adjusted",1,One,2015,
DATAFLOW,OECD.ECO.MPD:DSD_AN_HOUSE_PRICES@DF_HOUSE_PRICES(1.0),Analytical house prices indicators,I,MEX,Mexico,Q,Quarterly,RHP,Real house price indices,IX,Index,2025-Q4,,145.60035455554,,A,Normal value,0,Units,S,"Seasonally adjusted, not calendar adjusted",1,One,2015,
DATAFLOW,OECD.ECO.MPD:DSD_AN_HOUSE_PRICES@DF_HOUSE_PRICES(1.0),Analytical house prices indicators,I,MEX,Mexico,Q,Quarterly,RHP,Real house price indices,IX,Index,2026-Q1,,147.667651965928,,A,Normal value,0,Units,S,"Seasonally adjusted, not calendar adjusted",1,One,2015,
DATAFLOW,OECD.ECO.MPD:DSD_AN_HOUSE_PRICES@DF_HOUSE_PRICES(1.0),Analytical house prices indicators,I,EST,Estonia,Q,Quarterly,RHP,Real house price indices,IX,Index,2021-Q3,,131.190174445578,,A,Normal value,0,Units,S,"Seasonally adjusted, not calendar adjusted",1,One,2015,
DATAFLOW,OECD.ECO.MPD:DSD_AN_HOUSE_PRICES@DF_HOUSE_PRICES(1.0),Analytical house prices indicators,I,EST,Estonia,Q,Quarterly,RHP,Real house price indices,IX,Index,2021-Q4,,135.078577996616,,A,Normal value,0,Units,S,"Seasonally adjusted, not calendar adjusted",1,One,2015,
DATAFLOW,OECD.ECO.MPD:DSD_AN_HOUSE_PRICES@DF_HOUSE_PRICES(1.0),Analytical house prices indicators,I,EST,Estonia,Q,Quarterly,RHP,Real house price indices,IX,Index,2022-Q1,,136.552512363169,,A,Normal value,0,Units,S,"Seasonally adjusted, not calendar adjusted",1,One,2015,
DATAFLOW,OECD.ECO.MPD:DSD_AN_HOUSE_PRICES@DF_HOUSE_PRICES(1.0),Analytical house prices indicators,I,EST,Estonia,Q,Quarterly,RHP,Real house price indices,IX,Index,2022-Q2,,138.813241318069,,A,Normal value,0,Units,S,"Seasonally adjusted, not calendar adjusted",1,One,2015,
DATAFLOW,OECD.ECO.MPD:DSD_AN_HOUSE_PRICES@DF_HOUSE_PRICES(1.0),Analytical house prices indicators,I,EST,Estonia,Q,Quarterly,RHP,Real house price indices,IX,Index,2022-Q3,,136.569695857364,,A,Normal value,0,Units,S,"Seasonally adjusted, not calendar adjusted",1,One,2015,
DATAFLOW,OECD.ECO.MPD:DSD_AN_HOUSE_PRICES@DF_HOUSE_PRICES(1.0),Analytical house prices indicators,I,EST,Estonia,Q,Quarterly,RHP,Real house price indices,IX,Index,2022-Q4,,133.430947370759,,A,Normal value,0,Units,S,"Seasonally adjusted, not calendar adjusted",1,One,2015,
DATAFLOW,OECD.ECO.MPD:DSD_AN_HOUSE_PRICES@DF_HOUSE_PRICES(1.0),Analytical house prices indicators,I,EST,Estonia,Q,Quarterly,RHP,Real house price indices,IX,Index,2023-Q1,,129.939528023822,,A,Normal value,0,Units,S,"Seasonally adjusted, not calendar adjusted",1,One,2015,
DATAFLOW,OECD.ECO.MPD:DSD_AN_HOUSE_PRICES@DF_HOUSE_PRICES(1.0),Analytical house prices indicators,I,EST,Estonia,Q,Quarterly,RHP,Real house price indices,IX,Index,2023-Q2,,130.879311986325,,A,Normal value,0,Units,S,"Seasonally adjusted, not calendar adjusted",1,One,2015,
DATAFLOW,OECD.ECO.MPD:DSD_AN_HOUSE_PRICES@DF_HOUSE_PRICES(1.0),Analytical house prices indicators,I,EST,Estonia,Q,Quarterly,RHP,Real house price indices,IX,Index,2023-Q3,,132.785786529742,,A,Normal value,0,Units,S,"Seasonally adjusted, not calendar adjusted",1,One,2015,
DATAFLOW,OECD.ECO.MPD:DSD_AN_HOUSE_PRICES@DF_HOUSE_PRICES(1.0),Analytical house prices indicators,I,EST,Estonia,Q,Quarterly,RHP,Real house price indices,IX,Index,2023-Q4,,135.26420393132,,A,Normal value,0,Units,S,"Seasonally adjusted, not calendar adjusted",1,One,2015,
DATAFLOW,OECD.ECO.MPD:DSD_AN_HOUSE_PRICES@DF_HOUSE_PRICES(1.0),Analytical house prices indicators,I,EST,Estonia,Q,Quarterly,RHP,Real house price indices,IX,Index,2024-Q1,,135.600306904299,,A,Normal value,0,Units,S,"Seasonally adjusted, not calendar adjusted",1,One,2015,
DATAFLOW,OECD.ECO.MPD:DSD_AN_HOUSE_PRICES@DF_HOUSE_PRICES(1.0),Analytical house prices indicators,I,EST,Estonia,Q,Quarterly,RHP,Real house price indices,IX,Index,2024-Q2,,136.117788415626,,A,Normal value,0,Units,S,"Seasonally adjusted, not calendar adjusted",1,One,2015,
DATAFLOW,OECD.ECO.MPD:DSD_AN_HOUSE_PRICES@DF_HOUSE_PRICES(1.0),Analytical house prices indicators,I,EST,Estonia,Q,Quarterly,RHP,Real house price indices,IX,Index,2024-Q3,,136.671195844321,,A,Normal value,0,Units,S,"Seasonally adjusted, not calendar adjusted",1,One,2015,
DATAFLOW,OECD.ECO.MPD:DSD_AN_HOUSE_PRICES@DF_HOUSE_PRICES(1.0),Analytical house prices indicators,I,EST,Estonia,Q,Quarterly,RHP,Real house price indices,IX,Index,2024-Q4,,135.11622237286,,A,Normal value,0,Units,S,"Seasonally adjusted, not calendar adjusted",1,One,2015,
DATAFLOW,OECD.ECO.MPD:DSD_AN_HOUSE_PRICES@DF_HOUSE_PRICES(1.0),Analytical house prices indicators,I,EST,Estonia,Q,Quarterly,RHP,Real house price indices,IX,Index,2025-Q1,,137.162966699263,,A,Normal value,0,Units,S,"Seasonally adjusted, not calendar adjusted",1,One,2015,
DATAFLOW,OECD.ECO.MPD:DSD_AN_HOUSE_PRICES@DF_HOUSE_PRICES(1.0),Analytical house prices indicators,I,EST,Estonia,Q,Quarterly,RHP,Real house price indices,IX,Index,2025-Q2,,139.494118445621,,A,Normal value,0,Units,S,"Seasonally adjusted, not calendar adjusted",1,One,2015,
DATAFLOW,OECD.ECO.MPD:DSD_AN_HOUSE_PRICES@DF_HOUSE_PRICES(1.0),Analytical house prices indicators,I,EST,Estonia,Q,Quarterly,RHP,Real house price indices,IX,Index,2025-Q3,,139.733280878304,,A,Normal value,0,Units,S,"Seasonally adjusted, not calendar adjusted",1,One,2015,
DATAFLOW,OECD.ECO.MPD:DSD_AN_HOUSE_PRICES@DF_HOUSE_PRICES(1.0),Analytical house prices indicators,I,EST,Estonia,Q,Quarterly,RHP,Real house price indices,IX,Index,2025-Q4,,139.167067992726,,A,Normal value,0,Units,S,"Seasonally adjusted, not calendar adjusted",1,One,2015,
DATAFLOW,OECD.ECO.MPD:DSD_AN_HOUSE_PRICES@DF_HOUSE_PRICES(1.0),Analytical house prices indicators,I,EST,Estonia,Q,Quarterly,RHP,Real house price indices,IX,Index,2026-Q1,,140.240069366673,,A,Normal value,0,Units,S,"Seasonally adjusted, not calendar adjusted",1,One,2015,
DATAFLOW,OECD.ECO.MPD:DSD_AN_HOUSE_PRICES@DF_HOUSE_PRICES(1.0),Analytical house prices indicators,I,PRT,Portugal,Q,Quarterly,RHP,Real house price indices,IX,Index,2021-Q3,,158.154443682757,,A,Normal value,0,Units,S,"Seasonally adjusted, not calendar adjusted",1,One,2015,
DATAFLOW,OECD.ECO.MPD:DSD_AN_HOUSE_PRICES@DF_HOUSE_PRICES(1.0),Analytical house prices indicators,I,PRT,Portugal,Q,Quarterly,RHP,Real house price indices,IX,Index,2021-Q4,,161.751701127868,,A,Normal value,0,Units,S,"Seasonally adjusted, not calendar adjusted",1,One,2015,
DATAFLOW,OECD.ECO.MPD:DSD_AN_HOUSE_PRICES@DF_HOUSE_PRICES(1.0),Analytical house prices indicators,I,PRT,Portugal,Q,Quarterly,RHP,Real house price indices,IX,Index,2022-Q1,,163.624234296372,,A,Normal value,0,Units,S,"Seasonally adjusted, not calendar adjusted",1,One,2015,
DATAFLOW,OECD.ECO.MPD:DSD_AN_HOUSE_PRICES@DF_HOUSE_PRICES(1.0),Analytical house prices indicators,I,PRT,Portugal,Q,Quarterly,RHP,Real house price indices,IX,Index,2022-Q2,,163.204543479207,,A,Normal value,0,Units,S,"Seasonally adjusted, not calendar adjusted",1,One,2015,
DATAFLOW,OECD.ECO.MPD:DSD_AN_HOUSE_PRICES@DF_HOUSE_PRICES(1.0),Analytical house prices indicators,I,PRT,Portugal,Q,Quarterly,RHP,Real house price indices,IX,Index,2022-Q3,,165.293570361961,,A,Normal value,0,Units,S,"Seasonally adjusted, not calendar adjusted",1,One,2015,
DATAFLOW,OECD.ECO.MPD:DSD_AN_HOUSE_PRICES@DF_HOUSE_PRICES(1.0),Analytical house prices indicators,I,PRT,Portugal,Q,Quarterly,RHP,Real house price indices,IX,Index,2022-Q4,,164.934923482048,,A,Normal value,0,Units,S,"Seasonally adjusted, not calendar adjusted",1,One,2015,
DATAFLOW,OECD.ECO.MPD:DSD_AN_HOUSE_PRICES@DF_HOUSE_PRICES(1.0),Analytical house prices indicators,I,PRT,Portugal,Q,Quarterly,RHP,Real house price indices,IX,Index,2023-Q1,,165.304320112214,,A,Normal value,0,Units,S,"Seasonally adjusted, not calendar adjusted",1,One,2015,
DATAFLOW,OECD.ECO.MPD:DSD_AN_HOUSE_PRICES@DF_HOUSE_PRICES(1.0),Analytical house prices indicators,I,PRT,Portugal,Q,Quarterly,RHP,Real house price indices,IX,Index,2023-Q2,,168.988865457431,,A,Normal value,0,Units,S,"Seasonally adjusted, not calendar adjusted",1,One,2015,
DATAFLOW,OECD.ECO.MPD:DSD_AN_HOUSE_PRICES@DF_HOUSE_PRICES(1.0),Analytical house prices indicators,I,PRT,Portugal,Q,Quarterly,RHP,Real house price indices,IX,Index,2023-Q3,,170.265744847563,,A,Normal value,0,Units,S,"Seasonally adjusted, not calendar adjusted",1,One,2015,
DATAFLOW,OECD.ECO.MPD:DSD_AN_HOUSE_PRICES@DF_HOUSE_PRICES(1.0),Analytical house prices indicators,I,PRT,Portugal,Q,Quarterly,RHP,Real house price indices,IX,Index,2023-Q4,,173.619717874417,,A,Normal value,0,Units,S,"Seasonally adjusted, not calendar adjusted",1,One,2015,
DATAFLOW,OECD.ECO.MPD:DSD_AN_HOUSE_PRICES@DF_HOUSE_PRICES(1.0),Analytical house prices indicators,I,PRT,Portugal,Q,Quarterly,RHP,Real house price indices,IX,Index,2024-Q1,,172.487728733827,,A,Normal value,0,Units,S,"Seasonally adjusted, not calendar adjusted",1,One,2015,
DATAFLOW,OECD.ECO.MPD:DSD_AN_HOUSE_PRICES@DF_HOUSE_PRICES(1.0),Analytical house prices indicators,I,PRT,Portugal,Q,Quarterly,RHP,Real house price indices,IX,Index,2024-Q2,,176.703089380688,,A,Normal value,0,Units,S,"Seasonally adjusted, not calendar adjusted",1,One,2015,
DATAFLOW,OECD.ECO.MPD:DSD_AN_HOUSE_PRICES@DF_HOUSE_PRICES(1.0),Analytical house prices indicators,I,PRT,Portugal,Q,Quarterly,RHP,Real house price indices,IX,Index,2024-Q3,,182.564266996591,,A,Normal value,0,Units,S,"Seasonally adjusted, not calendar adjusted",1,One,2015,
DATAFLOW,OECD.ECO.MPD:DSD_AN_HOUSE_PRICES@DF_HOUSE_PRICES(1.0),Analytical house prices indicators,I,PRT,Portugal,Q,Quarterly,RHP,Real house price indices,IX,Index,2024-Q4,,188.119807544952,,A,Normal value,0,Units,S,"Seasonally adjusted, not calendar adjusted",1,One,2015,
DATAFLOW,OECD.ECO.MPD:DSD_AN_HOUSE_PRICES@DF_HOUSE_PRICES(1.0),Analytical house prices indicators,I,PRT,Portugal,Q,Quarterly,RHP,Real house price indices,IX,Index,2025-Q1,,195.618356583976,,A,Normal value,0,Units,S,"Seasonally adjusted, not calendar adjusted",1,One,2015,
DATAFLOW,OECD.ECO.MPD:DSD_AN_HOUSE_PRICES@DF_HOUSE_PRICES(1.0),Analytical house prices indicators,I,PRT,Portugal,Q,Quarterly,RHP,Real house price indices,IX,Index,2025-Q2,,202.275091084451,,A,Normal value,0,Units,S,"Seasonally adjusted, not calendar adjusted",1,One,2015,
DATAFLOW,OECD.ECO.MPD:DSD_AN_HOUSE_PRICES@DF_HOUSE_PRICES(1.0),Analytical house prices indicators,I,PRT,Portugal,Q,Quarterly,RHP,Real house price indices,IX,Index,2025-Q3,,209.314840561994,,A,Normal value,0,Units,S,"Seasonally adjusted, not calendar adjusted",1,One,2015,
DATAFLOW,OECD.ECO.MPD:DSD_AN_HOUSE_PRICES@DF_HOUSE_PRICES(1.0),Analytical house prices indicators,I,PRT,Portugal,Q,Quarterly,RHP,Real house price indices,IX,Index,2025-Q4,,218.253367789278,,A,Normal value,0,Units,S,"Seasonally adjusted, not calendar adjusted",1,One,2015,
DATAFLOW,OECD.ECO.MPD:DSD_AN_HOUSE_PRICES@DF_HOUSE_PRICES(1.0),Analytical house prices indicators,I,PRT,Portugal,Q,Quarterly,RHP,Real house price indices,IX,Index,2026-Q1,,225.274949155503,,A,Normal value,0,Units,S,"Seasonally adjusted, not calendar adjusted",1,One,2015,
DATAFLOW,OECD.ECO.MPD:DSD_AN_HOUSE_PRICES@DF_HOUSE_PRICES(1.0),Analytical house prices indicators,I,DNK,Denmark,Q,Quarterly,RHP,Real house price indices,IX,Index,2021-Q3,,132.758987988555,,A,Normal value,0,Units,S,"Seasonally adjusted, not calendar adjusted",1,One,2015,
DATAFLOW,OECD.ECO.MPD:DSD_AN_HOUSE_PRICES@DF_HOUSE_PRICES(1.0),Analytical house prices indicators,I,DNK,Denmark,Q,Quarterly,RHP,Real house price indices,IX,Index,2021-Q4,,132.828619200105,,A,Normal value,0,Units,S,"Seasonally adjusted, not calendar adjusted",1,One,2015,
DATAFLOW,OECD.ECO.MPD:DSD_AN_HOUSE_PRICES@DF_HOUSE_PRICES(1.0),Analytical house prices indicators,I,DNK,Denmark,Q,Quarterly,RHP,Real house price indices,IX,Index,2022-Q1,,130.054960278693,,A,Normal value,0,Units,S,"Seasonally adjusted, not calendar adjusted",1,One,2015,
DATAFLOW,OECD.ECO.MPD:DSD_AN_HOUSE_PRICES@DF_HOUSE_PRICES(1.0),Analytical house prices indicators,I,DNK,Denmark,Q,Quarterly,RHP,Real house price indices,IX,Index,2022-Q2,,128.547284608909,,A,Normal value,0,Units,S,"Seasonally adjusted, not calendar adjusted",1,One,2015,
DATAFLOW,OECD.ECO.MPD:DSD_AN_HOUSE_PRICES@DF_HOUSE_PRICES(1.0),Analytical house prices indicators,I,DNK,Denmark,Q,Quarterly,RHP,Real house price indices,IX,Index,2022-Q3,,126.211326143975,,A,Normal value,0,Units,S,"Seasonally adjusted, not calendar adjusted",1,One,2015,
DATAFLOW,OECD.ECO.MPD:DSD_AN_HOUSE_PRICES@DF_HOUSE_PRICES(1.0),Analytical house prices indicators,I,DNK,Denmark,Q,Quarterly,RHP,Real house price indices,IX,Index,2022-Q4,,122.781524273141,,A,Normal value,0,Units,S,"Seasonally adjusted, not calendar adjusted",1,One,2015,
DATAFLOW,OECD.ECO.MPD:DSD_AN_HOUSE_PRICES@DF_HOUSE_PRICES(1.0),Analytical house prices indicators,I,DNK,Denmark,Q,Quarterly,RHP,Real house price indices,IX,Index,2023-Q1,,118.545092995154,,A,Normal value,0,Units,S,"Seasonally adjusted, not calendar adjusted",1,One,2015,
DATAFLOW,OECD.ECO.MPD:DSD_AN_HOUSE_PRICES@DF_HOUSE_PRICES(1.0),Analytical house prices indicators,I,DNK,Denmark,Q,Quarterly,RHP,Real house price indices,IX,Index,2023-Q2,,117.462597287575,,A,Normal value,0,Units,S,"Seasonally adjusted, not calendar adjusted",1,One,2015,
DATAFLOW,OECD.ECO.MPD:DSD_AN_HOUSE_PRICES@DF_HOUSE_PRICES(1.0),Analytical house prices indicators,I,DNK,Denmark,Q,Quarterly,RHP,Real house price indices,IX,Index,2023-Q3,,116.920058329001,,A,Normal value,0,Units,S,"Seasonally adjusted, not calendar adjusted",1,One,2015,
DATAFLOW,OECD.ECO.MPD:DSD_AN_HOUSE_PRICES@DF_HOUSE_PRICES(1.0),Analytical house prices indicators,I,DNK,Denmark,Q,Quarterly,RHP,Real house price indices,IX,Index,2023-Q4,,119.94656737687,,A,Normal value,0,Units,S,"Seasonally adjusted, not calendar adjusted",1,One,2015,
DATAFLOW,OECD.ECO.MPD:DSD_AN_HOUSE_PRICES@DF_HOUSE_PRICES(1.0),Analytical house prices indicators,I,ITA,Italy,Q,Quarterly,RHP,Real house price indices,IX,Index,2021-Q3,,97.7552168779421,,A,Normal value,0,Units,S,"Seasonally adjusted, not calendar adjusted",1,One,2015,
DATAFLOW,OECD.ECO.MPD:DSD_AN_HOUSE_PRICES@DF_HOUSE_PRICES(1.0),Analytical house prices indicators,I,ITA,Italy,Q,Quarterly,RHP,Real house price indices,IX,Index,2021-Q4,,97.1306984819143,,A,Normal value,0,Units,S,"Seasonally adjusted, not calendar adjusted",1,One,2015,
DATAFLOW,OECD.ECO.MPD:DSD_AN_HOUSE_PRICES@DF_HOUSE_PRICES(1.0),Analytical house prices indicators,I,ITA,Italy,Q,Quarterly,RHP,Real house price indices,IX,Index,2022-Q1,,96.7309499375574,,A,Normal value,0,Units,S,"Seasonally adjusted, not calendar adjusted",1,One,2015,
DATAFLOW,OECD.ECO.MPD:DSD_AN_HOUSE_PRICES@DF_HOUSE_PRICES(1.0),Analytical house prices indicators,I,ITA,Italy,Q,Quarterly,RHP,Real house price indices,IX,Index,2022-Q2,,95.82881796615,,A,Normal value,0,Units,S,"Seasonally adjusted, not calendar adjusted",1,One,2015,
DATAFLOW,OECD.ECO.MPD:DSD_AN_HOUSE_PRICES@DF_HOUSE_PRICES(1.0),Analytical house prices indicators,I,ITA,Italy,Q,Quarterly,RHP,Real house price indices,IX,Index,2022-Q3,,93.9337191441444,,A,Normal value,0,Units,S,"Seasonally adjusted, not calendar adjusted",1,One,2015,
DATAFLOW,OECD.ECO.MPD:DSD_AN_HOUSE_PRICES@DF_HOUSE_PRICES(1.0),Analytical house prices indicators,I,ITA,Italy,Q,Quarterly,RHP,Real house price indices,IX,Index,2022-Q4,,91.4161623484592,,A,Normal value,0,Units,S,"Seasonally adjusted, not calendar adjusted",1,One,2015,
DATAFLOW,OECD.ECO.MPD:DSD_AN_HOUSE_PRICES@DF_HOUSE_PRICES(1.0),Analytical house prices indicators,I,ITA,Italy,Q,Quarterly,RHP,Real house price indices,IX,Index,2023-Q1,,91.1460280623291,,A,Normal value,0,Units,S,"Seasonally adjusted, not calendar adjusted",1,One,2015,
DATAFLOW,OECD.ECO.MPD:DSD_AN_HOUSE_PRICES@DF_HOUSE_PRICES(1.0),Analytical house prices indicators,I,ITA,Italy,Q,Quarterly,RHP,Real house price indices,IX,Index,2023-Q2,,91.0826473767439,,A,Normal value,0,Units,S,"Seasonally adjusted, not calendar adjusted",1,One,2015,
DATAFLOW,OECD.ECO.MPD:DSD_AN_HOUSE_PRICES@DF_HOUSE_PRICES(1.0),Analytical house prices indicators,I,ITA,Italy,Q,Quarterly,RHP,Real house price indices,IX,Index,2023-Q3,,91.0948456747942,,A,Normal value,0,Units,S,"Seasonally adjusted, not calendar adjusted",1,One,2015,
DATAFLOW,OECD.ECO.MPD:DSD_AN_HOUSE_PRICES@DF_HOUSE_PRICES(1.0),Analytical house prices indicators,I,ITA,Italy,Q,Quarterly,RHP,Real house price indices,IX,Index,2023-Q4,,91.0857869477745,,A,Normal value,0,Units,S,"Seasonally adjusted, not calendar adjusted",1,One,2015,
DATAFLOW,OECD.ECO.MPD:DSD_AN_HOUSE_PRICES@DF_HOUSE_PRICES(1.0),Analytical house prices indicators,I,ITA,Italy,Q,Quarterly,RHP,Real house price indices,IX,Index,2024-Q1,,90.8833212665927,,A,Normal value,0,Units,S,"Seasonally adjusted, not calendar adjusted",1,One,2015,
DATAFLOW,OECD.ECO.MPD:DSD_AN_HOUSE_PRICES@DF_HOUSE_PRICES(1.0),Analytical house prices indicators,I,ITA,Italy,Q,Quarterly,RHP,Real house price indices,IX,Index,2024-Q2,,92.0067202728904,,A,Normal value,0,Units,S,"Seasonally adjusted, not calendar adjusted",1,One,2015,
DATAFLOW,OECD.ECO.MPD:DSD_AN_HOUSE_PRICES@DF_HOUSE_PRICES(1.0),Analytical house prices indicators,I,ITA,Italy,Q,Quarterly,RHP,Real house price indices,IX,Index,2024-Q3,,93.0558215965665,,A,Normal value,0,Units,S,"Seasonally adjusted, not calendar adjusted",1,One,2015,
DATAFLOW,OECD.ECO.MPD:DSD_AN_HOUSE_PRICES@DF_HOUSE_PRICES(1.0),Analytical house prices indicators,I,ITA,Italy,Q,Quarterly,RHP,Real house price indices,IX,Index,2024-Q4,,93.7240228169593,,A,Normal value,0,Units,S,"Seasonally adjusted, not calendar adjusted",1,One,2015,
DATAFLOW,OECD.ECO.MPD:DSD_AN_HOUSE_PRICES@DF_HOUSE_PRICES(1.0),Analytical house prices indicators,I,ITA,Italy,Q,Quarterly,RHP,Real house price indices,IX,Index,2025-Q1,,93.5251839627801,,A,Normal value,0,Units,S,"Seasonally adjusted, not calendar adjusted",1,One,2015,
DATAFLOW,OECD.ECO.MPD:DSD_AN_HOUSE_PRICES@DF_HOUSE_PRICES(1.0),Analytical house prices indicators,I,ITA,Italy,Q,Quarterly,RHP,Real house price indices,IX,Index,2025-Q2,,94.3216096378662,,A,Normal value,0,Units,S,"Seasonally adjusted, not calendar adjusted",1,One,2015,
DATAFLOW,OECD.ECO.MPD:DSD_AN_HOUSE_PRICES@DF_HOUSE_PRICES(1.0),Analytical house prices indicators,I,ITA,Italy,Q,Quarterly,RHP,Real house price indices,IX,Index,2025-Q3,,95.1179204052971,,A,Normal value,0,Units,S,"Seasonally adjusted, not calendar adjusted",1,One,2015,
DATAFLOW,OECD.ECO.MPD:DSD_AN_HOUSE_PRICES@DF_HOUSE_PRICES(1.0),Analytical house prices indicators,I,ITA,Italy,Q,Quarterly,RHP,Real house price indices,IX,Index,2025-Q4,,96.0215193010494,,A,Normal value,0,Units,S,"Seasonally adjusted, not calendar adjusted",1,One,2015,
DATAFLOW,OECD.ECO.MPD:DSD_AN_HOUSE_PRICES@DF_HOUSE_PRICES(1.0),Analytical house prices indicators,I,ITA,Italy,Q,Quarterly,RHP,Real house price indices,IX,Index,2026-Q1,,96.9049146664659,,A,Normal value,0,Units,S,"Seasonally adjusted, not calendar adjusted",1,One,2015,
DATAFLOW,OECD.ECO.MPD:DSD_AN_HOUSE_PRICES@DF_HOUSE_PRICES(1.0),Analytical house prices indicators,I,CHN,China (People’s Republic of),Q,Quarterly,RHP,Real house price indices,IX,Index,2021-Q3,,134.45649311999,,A,Normal value,0,Units,S,"Seasonally adjusted, not calendar adjusted",1,One,2015,
DATAFLOW,OECD.ECO.MPD:DSD_AN_HOUSE_PRICES@DF_HOUSE_PRICES(1.0),Analytical house prices indicators,I,CHN,China (People’s Republic of),Q,Quarterly,RHP,Real house price indices,IX,Index,2021-Q4,,133.661607933296,,A,Normal value,0,Units,S,"Seasonally adjusted, not calendar adjusted",1,One,2015,
DATAFLOW,OECD.ECO.MPD:DSD_AN_HOUSE_PRICES@DF_HOUSE_PRICES(1.0),Analytical house prices indicators,I,CHN,China (People’s Republic of),Q,Quarterly,RHP,Real house price indices,IX,Index,2022-Q1,,133.739613373752,,A,Normal value,0,Units,S,"Seasonally adjusted, not calendar adjusted",1,One,2015,
DATAFLOW,OECD.ECO.MPD:DSD_AN_HOUSE_PRICES@DF_HOUSE_PRICES(1.0),Analytical house prices indicators,I,CHN,China (People’s Republic of),Q,Quarterly,RHP,Real house price indices,IX,Index,2022-Q2,,132.274255893255,,A,Normal value,0,Units,S,"Seasonally adjusted, not calendar adjusted",1,One,2015,
DATAFLOW,OECD.ECO.MPD:DSD_AN_HOUSE_PRICES@DF_HOUSE_PRICES(1.0),Analytical house prices indicators,I,CHN,China (People’s Republic of),Q,Quarterly,RHP,Real house price indices,IX,Index,2022-Q3,,131.614872229195,,A,Normal value,0,Units,S,"Seasonally adjusted, not calendar adjusted",1,One,2015,
DATAFLOW,OECD.ECO.MPD:DSD_AN_HOUSE_PRICES@DF_HOUSE_PRICES(1.0),Analytical house prices indicators,I,CHN,China (People’s Republic of),Q,Quarterly,RHP,Real house price indices,IX,Index,2022-Q4,,131.305065291193,,A,Normal value,0,Units,S,"Seasonally adjusted, not calendar adjusted",1,One,2015,
DATAFLOW,OECD.ECO.MPD:DSD_AN_HOUSE_PRICES@DF_HOUSE_PRICES(1.0),Analytical house prices indicators,I,CHN,China (People’s Republic of),Q,Quarterly,RHP,Real house price indices,IX,Index,2023-Q1,,131.781067775274,,A,Normal value,0,Units,S,"Seasonally adjusted, not calendar adjusted",1,One,2015,
DATAFLOW,OECD.ECO.MPD:DSD_AN_HOUSE_PRICES@DF_HOUSE_PRICES(1.0),Analytical house prices indicators,I,CHN,China (People’s Republic of),Q,Quarterly,RHP,Real house price indices,IX,Index,2023-Q2,,131.801538323137,,A,Normal value,0,Units,S,"Seasonally adjusted, not calendar adjusted",1,One,2015,
DATAFLOW,OECD.ECO.MPD:DSD_AN_HOUSE_PRICES@DF_HOUSE_PRICES(1.0),Analytical house prices indicators,I,CHN,China (People’s Republic of),Q,Quarterly,RHP,Real house price indices,IX,Index,2023-Q3,,131.475809194342,,A,Normal value,0,Units,S,"Seasonally adjusted, not calendar adjusted",1,One,2015,
DATAFLOW,OECD.ECO.MPD:DSD_AN_HOUSE_PRICES@DF_HOUSE_PRICES(1.0),Analytical house prices indicators,I,CHN,China (People’s Republic of),Q,Quarterly,RHP,Real house price indices,IX,Index,2023-Q4,,131.814730187227,,A,Normal value,0,Units,S,"Seasonally adjusted, not calendar adjusted",1,One,2015,
DATAFLOW,OECD.ECO.MPD:DSD_AN_HOUSE_PRICES@DF_HOUSE_PRICES(1.0),Analytical house prices indicators,I,CHN,China (People’s Republic of),Q,Quarterly,RHP,Real house price indices,IX,Index,2024-Q1,,132.571193773164,,A,Normal value,0,Units,S,"Seasonally adjusted, not calendar adjusted",1,One,2015,
DATAFLOW,OECD.ECO.MPD:DSD_AN_HOUSE_PRICES@DF_HOUSE_PRICES(1.0),Analytical house prices indicators,I,CHN,China (People’s Republic of),Q,Quarterly,RHP,Real house price indices,IX,Index,2024-Q2,,133.165540422196,,A,Normal value,0,Units,S,"Seasonally adjusted, not calendar adjusted",1,One,2015,
DATAFLOW,OECD.ECO.MPD:DSD_AN_HOUSE_PRICES@DF_HOUSE_PRICES(1.0),Analytical house prices indicators,I,CHN,China (People’s Republic of),Q,Quarterly,RHP,Real house price indices,IX,Index,2024-Q3,,133.086014438178,,A,Normal value,0,Units,S,"Seasonally adjusted, not calendar adjusted",1,One,2015,
DATAFLOW,OECD.ECO.MPD:DSD_AN_HOUSE_PRICES@DF_HOUSE_PRICES(1.0),Analytical house prices indicators,I,CHN,China (People’s Republic of),Q,Quarterly,RHP,Real house price indices,IX,Index,2024-Q4,,134.708622276302,,A,Normal value,0,Units,S,"Seasonally adjusted, not calendar adjusted",1,One,2015,
DATAFLOW,OECD.ECO.MPD:DSD_AN_HOUSE_PRICES@DF_HOUSE_PRICES(1.0),Analytical house prices indicators,I,CHN,China (People’s Republic of),Q,Quarterly,RHP,Real house price indices,IX,Index,2025-Q1,,136.304418932024,,A,Normal value,0,Units,S,"Seasonally adjusted, not calendar adjusted",1,One,2015,
DATAFLOW,OECD.ECO.MPD:DSD_AN_HOUSE_PRICES@DF_HOUSE_PRICES(1.0),Analytical house prices indicators,I,CHN,China (People’s Republic of),Q,Quarterly,RHP,Real house price indices,IX,Index,2025-Q2,,136.754686036927,,A,Normal value,0,Units,S,"Seasonally adjusted, not calendar adjusted",1,One,2015,
DATAFLOW,OECD.ECO.MPD:DSD_AN_HOUSE_PRICES@DF_HOUSE_PRICES(1.0),Analytical house prices indicators,I,CHN,China (People’s Republic of),Q,Quarterly,RHP,Real house price indices,IX,Index,2025-Q3,,137.252264521226,,A,Normal value,0,Units,S,"Seasonally adjusted, not calendar adjusted",1,One,2015,
DATAFLOW,OECD.ECO.MPD:DSD_AN_HOUSE_PRICES@DF_HOUSE_PRICES(1.0),Analytical house prices indicators,I,CHN,China (People’s Republic of),Q,Quarterly,RHP,Real house price indices,IX,Index,2025-Q4,,137.742901825382,,A,Normal value,0,Units,S,"Seasonally adjusted, not calendar adjusted",1,One,2015,
DATAFLOW,OECD.ECO.MPD:DSD_AN_HOUSE_PRICES@DF_HOUSE_PRICES(1.0),Analytical house prices indicators,I,CHN,China (People’s Republic of),Q,Quarterly,RHP,Real house price indices,IX,Index,2026-Q1,,138.28467256881,,A,Normal value,0,Units,S,"Seasonally adjusted, not calendar adjusted",1,One,2015,
DATAFLOW,OECD.ECO.MPD:DSD_AN_HOUSE_PRICES@DF_HOUSE_PRICES(1.0),Analytical house prices indicators,I,CHN,China (People’s Republic of),Q,Quarterly,RHP,Real house price indices,IX,Index,2026-Q2,,137.66273328519,,A,Normal value,0,Units,S,"Seasonally adjusted, not calendar adjusted",1,One,2015,
DATAFLOW,OECD.ECO.MPD:DSD_AN_HOUSE_PRICES@DF_HOUSE_PRICES(1.0),Analytical house prices indicators,I,HUN,Hungary,Q,Quarterly,RHP,Real house price indices,IX,Index,2021-Q3,,170.879142565676,,A,Normal value,0,Units,S,"Seasonally adjusted, not calendar adjusted",1,One,2015,
DATAFLOW,OECD.ECO.MPD:DSD_AN_HOUSE_PRICES@DF_HOUSE_PRICES(1.0),Analytical house prices indicators,I,HUN,Hungary,Q,Quarterly,RHP,Real house price indices,IX,Index,2021-Q4,,176.864277610965,,A,Normal value,0,Units,S,"Seasonally adjusted, not calendar adjusted",1,One,2015,
DATAFLOW,OECD.ECO.MPD:DSD_AN_HOUSE_PRICES@DF_HOUSE_PRICES(1.0),Analytical house prices indicators,I,HUN,Hungary,Q,Quarterly,RHP,Real house price indices,IX,Index,2022-Q1,,181.457651244155,,A,Normal value,0,Units,S,"Seasonally adjusted, not calendar adjusted",1,One,2015,
DATAFLOW,OECD.ECO.MPD:DSD_AN_HOUSE_PRICES@DF_HOUSE_PRICES(1.0),Analytical house prices indicators,I,HUN,Hungary,Q,Quarterly,RHP,Real house price indices,IX,Index,2022-Q2,,183.947246801027,,A,Normal value,0,Units,S,"Seasonally adjusted, not calendar adjusted",1,One,2015,
DATAFLOW,OECD.ECO.MPD:DSD_AN_HOUSE_PRICES@DF_HOUSE_PRICES(1.0),Analytical house prices indicators,I,HUN,Hungary,Q,Quarterly,RHP,Real house price indices,IX,Index,2022-Q3,,181.943529395366,,A,Normal value,0,Units,S,"Seasonally adjusted, not calendar adjusted",1,One,2015,
DATAFLOW,OECD.ECO.MPD:DSD_AN_HOUSE_PRICES@DF_HOUSE_PRICES(1.0),Analytical house prices indicators,I,HUN,Hungary,Q,Quarterly,RHP,Real house price indices,IX,Index,2022-Q4,,172.450326807712,,A,Normal value,0,Units,S,"Seasonally adjusted, not calendar adjusted",1,One,2015,
DATAFLOW,OECD.ECO.MPD:DSD_AN_HOUSE_PRICES@DF_HOUSE_PRICES(1.0),Analytical house prices indicators,I,HUN,Hungary,Q,Quarterly,RHP,Real house price indices,IX,Index,2023-Q1,,167.092742078291,,A,Normal value,0,Units,S,"Seasonally adjusted, not calendar adjusted",1,One,2015,
DATAFLOW,OECD.ECO.MPD:DSD_AN_HOUSE_PRICES@DF_HOUSE_PRICES(1.0),Analytical house prices indicators,I,HUN,Hungary,Q,Quarterly,RHP,Real house price indices,IX,Index,2023-Q2,,167.239674682318,,A,Normal value,0,Units,S,"Seasonally adjusted, not calendar adjusted",1,One,2015,
DATAFLOW,OECD.ECO.MPD:DSD_AN_HOUSE_PRICES@DF_HOUSE_PRICES(1.0),Analytical house prices indicators,I,HUN,Hungary,Q,Quarterly,RHP,Real house price indices,IX,Index,2023-Q3,,169.04561848023,,A,Normal value,0,Units,S,"Seasonally adjusted, not calendar adjusted",1,One,2015,
DATAFLOW,OECD.ECO.MPD:DSD_AN_HOUSE_PRICES@DF_HOUSE_PRICES(1.0),Analytical house prices indicators,I,HUN,Hungary,Q,Quarterly,RHP,Real house price indices,IX,Index,2023-Q4,,173.602521615863,,A,Normal value,0,Units,S,"Seasonally adjusted, not calendar adjusted",1,One,2015,
DATAFLOW,OECD.ECO.MPD:DSD_AN_HOUSE_PRICES@DF_HOUSE_PRICES(1.0),Analytical house prices indicators,I,HUN,Hungary,Q,Quarterly,RHP,Real house price indices,IX,Index,2024-Q1,,177.682490569553,,A,Normal value,0,Units,S,"Seasonally adjusted, not calendar adjusted",1,One,2015,
DATAFLOW,OECD.ECO.MPD:DSD_AN_HOUSE_PRICES@DF_HOUSE_PRICES(1.0),Analytical house prices indicators,I,HUN,Hungary,Q,Quarterly,RHP,Real house price indices,IX,Index,2024-Q2,,179.717879053756,,A,Normal value,0,Units,S,"Seasonally adjusted, not calendar adjusted",1,One,2015,
DATAFLOW,OECD.ECO.MPD:DSD_AN_HOUSE_PRICES@DF_HOUSE_PRICES(1.0),Analytical house prices indicators,I,HUN,Hungary,Q,Quarterly,RHP,Real house price indices,IX,Index,2024-Q3,,181.453836009808,,A,Normal value,0,Units,S,"Seasonally adjusted, not calendar adjusted",1,One,2015,
DATAFLOW,OECD.ECO.MPD:DSD_AN_HOUSE_PRICES@DF_HOUSE_PRICES(1.0),Analytical house prices indicators,I,HUN,Hungary,Q,Quarterly,RHP,Real house price indices,IX,Index,2024-Q4,,189.131126380735,,A,Normal value,0,Units,S,"Seasonally adjusted, not calendar adjusted",1,One,2015,
DATAFLOW,OECD.ECO.MPD:DSD_AN_HOUSE_PRICES@DF_HOUSE_PRICES(1.0),Analytical house prices indicators,I,HUN,Hungary,Q,Quarterly,RHP,Real house price indices,IX,Index,2025-Q1,,193.654978960147,,A,Normal value,0,Units,S,"Seasonally adjusted, not calendar adjusted",1,One,2015,
DATAFLOW,OECD.ECO.MPD:DSD_AN_HOUSE_PRICES@DF_HOUSE_PRICES(1.0),Analytical house prices indicators,I,HUN,Hungary,Q,Quarterly,RHP,Real house price indices,IX,Index,2025-Q2,,195.707140907637,,A,Normal value,0,Units,S,"Seasonally adjusted, not calendar adjusted",1,One,2015,
DATAFLOW,OECD.ECO.MPD:DSD_AN_HOUSE_PRICES@DF_HOUSE_PRICES(1.0),Analytical house prices indicators,I,HUN,Hungary,Q,Quarterly,RHP,Real house price indices,IX,Index,2025-Q3,,208.130143125307,,A,Normal value,0,Units,S,"Seasonally adjusted, not calendar adjusted",1,One,2015,
DATAFLOW,OECD.ECO.MPD:DSD_AN_HOUSE_PRICES@DF_HOUSE_PRICES(1.0),Analytical house prices indicators,I,HUN,Hungary,Q,Quarterly,RHP,Real house price indices,IX,Index,2025-Q4,,217.319884124937,,A,Normal value,0,Units,S,"Seasonally adjusted, not calendar adjusted",1,One,2015,
DATAFLOW,OECD.ECO.MPD:DSD_AN_HOUSE_PRICES@DF_HOUSE_PRICES(1.0),Analytical house prices indicators,I,HUN,Hungary,Q,Quarterly,RHP,Real house price indices,IX,Index,2026-Q1,,209.256541699488,,A,Normal value,0,Units,S,"Seasonally adjusted, not calendar adjusted",1,One,2015,
DATAFLOW,OECD.ECO.MPD:DSD_AN_HOUSE_PRICES@DF_HOUSE_PRICES(1.0),Analytical house prices indicators,I,AUT,Austria,Q,Quarterly,RHP,Real house price indices,IX,Index,2021-Q3,,137.587641351288,,A,Normal value,0,Units,S,"Seasonally adjusted, not calendar adjusted",1,One,2015,
DATAFLOW,OECD.ECO.MPD:DSD_AN_HOUSE_PRICES@DF_HOUSE_PRICES(1.0),Analytical house prices indicators,I,AUT,Austria,Q,Quarterly,RHP,Real house price indices,IX,Index,2021-Q4,,142.114144156674,,A,Normal value,0,Units,S,"Seasonally adjusted, not calendar adjusted",1,One,2015,
DATAFLOW,OECD.ECO.MPD:DSD_AN_HOUSE_PRICES@DF_HOUSE_PRICES(1.0),Analytical house prices indicators,I,AUT,Austria,Q,Quarterly,RHP,Real house price indices,IX,Index,2022-Q1,,144.025639943001,,A,Normal value,0,Units,S,"Seasonally adjusted, not calendar adjusted",1,One,2015,
DATAFLOW,OECD.ECO.MPD:DSD_AN_HOUSE_PRICES@DF_HOUSE_PRICES(1.0),Analytical house prices indicators,I,AUT,Austria,Q,Quarterly,RHP,Real house price indices,IX,Index,2022-Q2,,143.147160012153,,A,Normal value,0,Units,S,"Seasonally adjusted, not calendar adjusted",1,One,2015,
DATAFLOW,OECD.ECO.MPD:DSD_AN_HOUSE_PRICES@DF_HOUSE_PRICES(1.0),Analytical house prices indicators,I,AUT,Austria,Q,Quarterly,RHP,Real house price indices,IX,Index,2022-Q3,,142.784220969576,,A,Normal value,0,Units,S,"Seasonally adjusted, not calendar adjusted",1,One,2015,
DATAFLOW,OECD.ECO.MPD:DSD_AN_HOUSE_PRICES@DF_HOUSE_PRICES(1.0),Analytical house prices indicators,I,AUT,Austria,Q,Quarterly,RHP,Real house price indices,IX,Index,2022-Q4,,136.162833863556,,A,Normal value,0,Units,S,"Seasonally adjusted, not calendar adjusted",1,One,2015,
DATAFLOW,OECD.ECO.MPD:DSD_AN_HOUSE_PRICES@DF_HOUSE_PRICES(1.0),Analytical house prices indicators,I,AUT,Austria,Q,Quarterly,RHP,Real house price indices,IX,Index,2023-Q1,,130.28956087086,,A,Normal value,0,Units,S,"Seasonally adjusted, not calendar adjusted",1,One,2015,
DATAFLOW,OECD.ECO.MPD:DSD_AN_HOUSE_PRICES@DF_HOUSE_PRICES(1.0),Analytical house prices indicators,I,AUT,Austria,Q,Quarterly,RHP,Real house price indices,IX,Index,2023-Q2,,128.031848732876,,A,Normal value,0,Units,S,"Seasonally adjusted, not calendar adjusted",1,One,2015,
DATAFLOW,OECD.ECO.MPD:DSD_AN_HOUSE_PRICES@DF_HOUSE_PRICES(1.0),Analytical house prices indicators,I,AUT,Austria,Q,Quarterly,RHP,Real house price indices,IX,Index,2023-Q3,,125.910028793984,,A,Normal value,0,Units,S,"Seasonally adjusted, not calendar adjusted",1,One,2015,
DATAFLOW,OECD.ECO.MPD:DSD_AN_HOUSE_PRICES@DF_HOUSE_PRICES(1.0),Analytical house prices indicators,I,AUT,Austria,Q,Quarterly,RHP,Real house price indices,IX,Index,2023-Q4,,124.229251387867,,A,Normal value,0,Units,S,"Seasonally adjusted, not calendar adjusted",1,One,2015,
DATAFLOW,OECD.ECO.MPD:DSD_AN_HOUSE_PRICES@DF_HOUSE_PRICES(1.0),Analytical house prices indicators,I,AUT,Austria,Q,Quarterly,RHP,Real house price indices,IX,Index,2024-Q1,,121.120502360354,,A,Normal value,0,Units,S,"Seasonally adjusted, not calendar adjusted",1,One,2015,
DATAFLOW,OECD.ECO.MPD:DSD_AN_HOUSE_PRICES@DF_HOUSE_PRICES(1.0),Analytical house prices indicators,I,AUT,Austria,Q,Quarterly,RHP,Real house price indices,IX,Index,2024-Q2,,122.798092561508,,A,Normal value,0,Units,S,"Seasonally adjusted, not calendar adjusted",1,One,2015,
DATAFLOW,OECD.ECO.MPD:DSD_AN_HOUSE_PRICES@DF_HOUSE_PRICES(1.0),Analytical house prices indicators,I,AUT,Austria,Q,Quarterly,RHP,Real house price indices,IX,Index,2024-Q3,,122.957041122856,,A,Normal value,0,Units,S,"Seasonally adjusted, not calendar adjusted",1,One,2015,
DATAFLOW,OECD.ECO.MPD:DSD_AN_HOUSE_PRICES@DF_HOUSE_PRICES(1.0),Analytical house prices indicators,I,AUT,Austria,Q,Quarterly,RHP,Real house price indices,IX,Index,2024-Q4,,123.4736919741,,A,Normal value,0,Units,S,"Seasonally adjusted, not calendar adjusted",1,One,2015,
DATAFLOW,OECD.ECO.MPD:DSD_AN_HOUSE_PRICES@DF_HOUSE_PRICES(1.0),Analytical house prices indicators,I,AUT,Austria,Q,Quarterly,RHP,Real house price indices,IX,Index,2025-Q1,,122.499478618715,,A,Normal value,0,Units,S,"Seasonally adjusted, not calendar adjusted",1,One,2015,
DATAFLOW,OECD.ECO.MPD:DSD_AN_HOUSE_PRICES@DF_HOUSE_PRICES(1.0),Analytical house prices indicators,I,AUT,Austria,Q,Quarterly,RHP,Real house price indices,IX,Index,2025-Q2,,121.981772911695,,A,Normal value,0,Units,S,"Seasonally adjusted, not calendar adjusted",1,One,2015,
DATAFLOW,OECD.ECO.MPD:DSD_AN_HOUSE_PRICES@DF_HOUSE_PRICES(1.0),Analytical house prices indicators,I,AUT,Austria,Q,Quarterly,RHP,Real house price indices,IX,Index,2025-Q3,,121.288924205765,,A,Normal value,0,Units,S,"Seasonally adjusted, not calendar adjusted",1,One,2015,
DATAFLOW,OECD.ECO.MPD:DSD_AN_HOUSE_PRICES@DF_HOUSE_PRICES(1.0),Analytical house prices indicators,I,AUT,Austria,Q,Quarterly,RHP,Real house price indices,IX,Index,2025-Q4,,123.127817041608,,A,Normal value,0,Units,S,"Seasonally adjusted, not calendar adjusted",1,One,2015,
DATAFLOW,OECD.ECO.MPD:DSD_AN_HOUSE_PRICES@DF_HOUSE_PRICES(1.0),Analytical house prices indicators,I,AUT,Austria,Q,Quarterly,RHP,Real house price indices,IX,Index,2026-Q1,,123.580554818207,,A,Normal value,0,Units,S,"Seasonally adjusted, not calendar adjusted",1,One,2015,
DATAFLOW,OECD.ECO.MPD:DSD_AN_HOUSE_PRICES@DF_HOUSE_PRICES(1.0),Analytical house prices indicators,I,SVK,Slovak Republic,Q,Quarterly,RHP,Real house price indices,IX,Index,2021-Q3,,140.454715160254,,A,Normal value,0,Units,S,"Seasonally adjusted, not calendar adjusted",1,One,2015,
DATAFLOW,OECD.ECO.MPD:DSD_AN_HOUSE_PRICES@DF_HOUSE_PRICES(1.0),Analytical house prices indicators,I,SVK,Slovak Republic,Q,Quarterly,RHP,Real house price indices,IX,Index,2021-Q4,,141.892366872514,,A,Normal value,0,Units,S,"Seasonally adjusted, not calendar adjusted",1,One,2015,
DATAFLOW,OECD.ECO.MPD:DSD_AN_HOUSE_PRICES@DF_HOUSE_PRICES(1.0),Analytical house prices indicators,I,SVK,Slovak Republic,Q,Quarterly,RHP,Real house price indices,IX,Index,2022-Q1,,142.57917230438,,A,Normal value,0,Units,S,"Seasonally adjusted, not calendar adjusted",1,One,2015,
DATAFLOW,OECD.ECO.MPD:DSD_AN_HOUSE_PRICES@DF_HOUSE_PRICES(1.0),Analytical house prices indicators,I,SVK,Slovak Republic,Q,Quarterly,RHP,Real house price indices,IX,Index,2022-Q2,,144.181154564373,,A,Normal value,0,Units,S,"Seasonally adjusted, not calendar adjusted",1,One,2015,
DATAFLOW,OECD.ECO.MPD:DSD_AN_HOUSE_PRICES@DF_HOUSE_PRICES(1.0),Analytical house prices indicators,I,SVK,Slovak Republic,Q,Quarterly,RHP,Real house price indices,IX,Index,2022-Q3,,143.436128438678,,A,Normal value,0,Units,S,"Seasonally adjusted, not calendar adjusted",1,One,2015,
DATAFLOW,OECD.ECO.MPD:DSD_AN_HOUSE_PRICES@DF_HOUSE_PRICES(1.0),Analytical house prices indicators,I,SVK,Slovak Republic,Q,Quarterly,RHP,Real house price indices,IX,Index,2022-Q4,,138.343026297774,,A,Normal value,0,Units,S,"Seasonally adjusted, not calendar adjusted",1,One,2015,
DATAFLOW,OECD.ECO.MPD:DSD_AN_HOUSE_PRICES@DF_HOUSE_PRICES(1.0),Analytical house prices indicators,I,SVK,Slovak Republic,Q,Quarterly,RHP,Real house price indices,IX,Index,2023-Q1,,133.629131556875,,A,Normal value,0,Units,S,"Seasonally adjusted, not calendar adjusted",1,One,2015,
DATAFLOW,OECD.ECO.MPD:DSD_AN_HOUSE_PRICES@DF_HOUSE_PRICES(1.0),Analytical house prices indicators,I,SVK,Slovak Republic,Q,Quarterly,RHP,Real house price indices,IX,Index,2023-Q2,,126.96345553865,,A,Normal value,0,Units,S,"Seasonally adjusted, not calendar adjusted",1,One,2015,
DATAFLOW,OECD.ECO.MPD:DSD_AN_HOUSE_PRICES@DF_HOUSE_PRICES(1.0),Analytical house prices indicators,I,SVK,Slovak Republic,Q,Quarterly,RHP,Real house price indices,IX,Index,2023-Q3,,126.2761694017,,A,Normal value,0,Units,S,"Seasonally adjusted, not calendar adjusted",1,One,2015,
DATAFLOW,OECD.ECO.MPD:DSD_AN_HOUSE_PRICES@DF_HOUSE_PRICES(1.0),Analytical house prices indicators,I,SVK,Slovak Republic,Q,Quarterly,RHP,Real house price indices,IX,Index,2023-Q4,,128.677030389494,,A,Normal value,0,Units,S,"Seasonally adjusted, not calendar adjusted",1,One,2015,
DATAFLOW,OECD.ECO.MPD:DSD_AN_HOUSE_PRICES@DF_HOUSE_PRICES(1.0),Analytical house prices indicators,I,SVK,Slovak Republic,Q,Quarterly,RHP,Real house price indices,IX,Index,2024-Q1,,126.790943891317,,A,Normal value,0,Units,S,"Seasonally adjusted, not calendar adjusted",1,One,2015,
DATAFLOW,OECD.ECO.MPD:DSD_AN_HOUSE_PRICES@DF_HOUSE_PRICES(1.0),Analytical house prices indicators,I,SVK,Slovak Republic,Q,Quarterly,RHP,Real house price indices,IX,Index,2024-Q2,,129.244555261399,,A,Normal value,0,Units,S,"Seasonally adjusted, not calendar adjusted",1,One,2015,
DATAFLOW,OECD.ECO.MPD:DSD_AN_HOUSE_PRICES@DF_HOUSE_PRICES(1.0),Analytical house prices indicators,I,SVK,Slovak Republic,Q,Quarterly,RHP,Real house price indices,IX,Index,2024-Q3,,130.284062383097,,A,Normal value,0,Units,S,"Seasonally adjusted, not calendar adjusted",1,One,2015,
DATAFLOW,OECD.ECO.MPD:DSD_AN_HOUSE_PRICES@DF_HOUSE_PRICES(1.0),Analytical house prices indicators,I,SVK,Slovak Republic,Q,Quarterly,RHP,Real house price indices,IX,Index,2024-Q4,,132.93422272681,,A,Normal value,0,Units,S,"Seasonally adjusted, not calendar adjusted",1,One,2015,
DATAFLOW,OECD.ECO.MPD:DSD_AN_HOUSE_PRICES@DF_HOUSE_PRICES(1.0),Analytical house prices indicators,I,SVK,Slovak Republic,Q,Quarterly,RHP,Real house price indices,IX,Index,2025-Q1,,136.437144001758,,A,Normal value,0,Units,S,"Seasonally adjusted, not calendar adjusted",1,One,2015,
DATAFLOW,OECD.ECO.MPD:DSD_AN_HOUSE_PRICES@DF_HOUSE_PRICES(1.0),Analytical house prices indicators,I,SVK,Slovak Republic,Q,Quarterly,RHP,Real house price indices,IX,Index,2025-Q2,,137.893165420625,,A,Normal value,0,Units,S,"Seasonally adjusted, not calendar adjusted",1,One,2015,
DATAFLOW,OECD.ECO.MPD:DSD_AN_HOUSE_PRICES@DF_HOUSE_PRICES(1.0),Analytical house prices indicators,I,SVK,Slovak Republic,Q,Quarterly,RHP,Real house price indices,IX,Index,2025-Q3,,141.625061056761,,A,Normal value,0,Units,S,"Seasonally adjusted, not calendar adjusted",1,One,2015,
DATAFLOW,OECD.ECO.MPD:DSD_AN_HOUSE_PRICES@DF_HOUSE_PRICES(1.0),Analytical house prices indicators,I,SVK,Slovak Republic,Q,Quarterly,RHP,Real house price indices,IX,Index,2025-Q4,,144.352732308619,,A,Normal value,0,Units,S,"Seasonally adjusted, not calendar adjusted",1,One,2015,
DATAFLOW,OECD.ECO.MPD:DSD_AN_HOUSE_PRICES@DF_HOUSE_PRICES(1.0),Analytical house prices indicators,I,SVK,Slovak Republic,Q,Quarterly,RHP,Real house price indices,IX,Index,2026-Q1,,149.708320820769,,A,Normal value,0,Units,S,"Seasonally adjusted, not calendar adjusted",1,One,2015,
DATAFLOW,OECD.ECO.MPD:DSD_AN_HOUSE_PRICES@DF_HOUSE_PRICES(1.0),Analytical house prices indicators,I,POL,Poland,Q,Quarterly,RHP,Real house price indices,IX,Index,2021-Q3,,129.618797977267,,A,Normal value,0,Units,S,"Seasonally adjusted, not calendar adjusted",1,One,2015,
DATAFLOW,OECD.ECO.MPD:DSD_AN_HOUSE_PRICES@DF_HOUSE_PRICES(1.0),Analytical house prices indicators,I,POL,Poland,Q,Quarterly,RHP,Real house price indices,IX,Index,2021-Q4,,130.166976989398,,A,Normal value,0,Units,S,"Seasonally adjusted, not calendar adjusted",1,One,2015,
DATAFLOW,OECD.ECO.MPD:DSD_AN_HOUSE_PRICES@DF_HOUSE_PRICES(1.0),Analytical house prices indicators,I,POL,Poland,Q,Quarterly,RHP,Real house price indices,IX,Index,2022-Q1,,130.884138187413,,A,Normal value,0,Units,S,"Seasonally adjusted, not calendar adjusted",1,One,2015,
DATAFLOW,OECD.ECO.MPD:DSD_AN_HOUSE_PRICES@DF_HOUSE_PRICES(1.0),Analytical house prices indicators,I,POL,Poland,Q,Quarterly,RHP,Real house price indices,IX,Index,2022-Q2,,127.225740480856,,A,Normal value,0,Units,S,"Seasonally adjusted, not calendar adjusted",1,One,2015,
DATAFLOW,OECD.ECO.MPD:DSD_AN_HOUSE_PRICES@DF_HOUSE_PRICES(1.0),Analytical house prices indicators,I,POL,Poland,Q,Quarterly,RHP,Real house price indices,IX,Index,2022-Q3,,125.708979600042,,A,Normal value,0,Units,S,"Seasonally adjusted, not calendar adjusted",1,One,2015,
DATAFLOW,OECD.ECO.MPD:DSD_AN_HOUSE_PRICES@DF_HOUSE_PRICES(1.0),Analytical house prices indicators,I,POL,Poland,Q,Quarterly,RHP,Real house price indices,IX,Index,2022-Q4,,122.121098750358,,A,Normal value,0,Units,S,"Seasonally adjusted, not calendar adjusted",1,One,2015,
DATAFLOW,OECD.ECO.MPD:DSD_AN_HOUSE_PRICES@DF_HOUSE_PRICES(1.0),Analytical house prices indicators,I,POL,Poland,Q,Quarterly,RHP,Real house price indices,IX,Index,2023-Q1,,119.91682565168,,A,Normal value,0,Units,S,"Seasonally adjusted, not calendar adjusted",1,One,2015,
DATAFLOW,OECD.ECO.MPD:DSD_AN_HOUSE_PRICES@DF_HOUSE_PRICES(1.0),Analytical house prices indicators,I,POL,Poland,Q,Quarterly,RHP,Real house price indices,IX,Index,2023-Q2,,122.741169970764,,A,Normal value,0,Units,S,"Seasonally adjusted, not calendar adjusted",1,One,2015,
DATAFLOW,OECD.ECO.MPD:DSD_AN_HOUSE_PRICES@DF_HOUSE_PRICES(1.0),Analytical house prices indicators,I,POL,Poland,Q,Quarterly,RHP,Real house price indices,IX,Index,2023-Q3,,127.298084164247,,A,Normal value,0,Units,S,"Seasonally adjusted, not calendar adjusted",1,One,2015,
DATAFLOW,OECD.ECO.MPD:DSD_AN_HOUSE_PRICES@DF_HOUSE_PRICES(1.0),Analytical house prices indicators,I,POL,Poland,Q,Quarterly,RHP,Real house price indices,IX,Index,2023-Q4,,132.446130709958,,A,Normal value,0,Units,S,"Seasonally adjusted, not calendar adjusted",1,One,2015,
DATAFLOW,OECD.ECO.MPD:DSD_AN_HOUSE_PRICES@DF_HOUSE_PRICES(1.0),Analytical house prices indicators,I,POL,Poland,Q,Quarterly,RHP,Real house price indices,IX,Index,2024-Q1,,137.532582006591,,A,Normal value,0,Units,S,"Seasonally adjusted, not calendar adjusted",1,One,2015,
DATAFLOW,OECD.ECO.MPD:DSD_AN_HOUSE_PRICES@DF_HOUSE_PRICES(1.0),Analytical house prices indicators,I,POL,Poland,Q,Quarterly,RHP,Real house price indices,IX,Index,2024-Q2,,140.275436586967,,A,Normal value,0,Units,S,"Seasonally adjusted, not calendar adjusted",1,One,2015,
DATAFLOW,OECD.ECO.MPD:DSD_AN_HOUSE_PRICES@DF_HOUSE_PRICES(1.0),Analytical house prices indicators,I,POL,Poland,Q,Quarterly,RHP,Real house price indices,IX,Index,2024-Q3,,140.498423969643,,A,Normal value,0,Units,S,"Seasonally adjusted, not calendar adjusted",1,One,2015,
DATAFLOW,OECD.ECO.MPD:DSD_AN_HOUSE_PRICES@DF_HOUSE_PRICES(1.0),Analytical house prices indicators,I,POL,Poland,Q,Quarterly,RHP,Real house price indices,IX,Index,2024-Q4,,140.170202950099,,A,Normal value,0,Units,S,"Seasonally adjusted, not calendar adjusted",1,One,2015,
DATAFLOW,OECD.ECO.MPD:DSD_AN_HOUSE_PRICES@DF_HOUSE_PRICES(1.0),Analytical house prices indicators,I,POL,Poland,Q,Quarterly,RHP,Real house price indices,IX,Index,2025-Q1,,139.458929025331,,A,Normal value,0,Units,S,"Seasonally adjusted, not calendar adjusted",1,One,2015,
DATAFLOW,OECD.ECO.MPD:DSD_AN_HOUSE_PRICES@DF_HOUSE_PRICES(1.0),Analytical house prices indicators,I,POL,Poland,Q,Quarterly,RHP,Real house price indices,IX,Index,2025-Q2,,141.021941154859,,A,Normal value,0,Units,S,"Seasonally adjusted, not calendar adjusted",1,One,2015,
DATAFLOW,OECD.ECO.MPD:DSD_AN_HOUSE_PRICES@DF_HOUSE_PRICES(1.0),Analytical house prices indicators,I,POL,Poland,Q,Quarterly,RHP,Real house price indices,IX,Index,2025-Q3,,141.314772335389,,A,Normal value,0,Units,S,"Seasonally adjusted, not calendar adjusted",1,One,2015,
DATAFLOW,OECD.ECO.MPD:DSD_AN_HOUSE_PRICES@DF_HOUSE_PRICES(1.0),Analytical house prices indicators,I,POL,Poland,Q,Quarterly,RHP,Real house price indices,IX,Index,2025-Q4,,142.479539319085,,A,Normal value,0,Units,S,"Seasonally adjusted, not calendar adjusted",1,One,2015,
DATAFLOW,OECD.ECO.MPD:DSD_AN_HOUSE_PRICES@DF_HOUSE_PRICES(1.0),Analytical house prices indicators,I,POL,Poland,Q,Quarterly,RHP,Real house price indices,IX,Index,2026-Q1,,145.055036249135,,A,Normal value,0,Units,S,"Seasonally adjusted, not calendar adjusted",1,One,2015,
DATAFLOW,OECD.ECO.MPD:DSD_AN_HOUSE_PRICES@DF_HOUSE_PRICES(1.0),Analytical house prices indicators,I,FIN,Finland,Q,Quarterly,RHP,Real house price indices,IX,Index,2021-Q3,,103.944053440259,,A,Normal value,0,Units,S,"Seasonally adjusted, not calendar adjusted",1,One,2015,
DATAFLOW,OECD.ECO.MPD:DSD_AN_HOUSE_PRICES@DF_HOUSE_PRICES(1.0),Analytical house prices indicators,I,FIN,Finland,Q,Quarterly,RHP,Real house price indices,IX,Index,2021-Q4,,103.441285113331,,A,Normal value,0,Units,S,"Seasonally adjusted, not calendar adjusted",1,One,2015,
DATAFLOW,OECD.ECO.MPD:DSD_AN_HOUSE_PRICES@DF_HOUSE_PRICES(1.0),Analytical house prices indicators,I,ESP,Spain,Q,Quarterly,RHP,Real house price indices,IX,Index,2021-Q3,,124.700052331027,,A,Normal value,0,Units,S,"Seasonally adjusted, not calendar adjusted",1,One,2015,
DATAFLOW,OECD.ECO.MPD:DSD_AN_HOUSE_PRICES@DF_HOUSE_PRICES(1.0),Analytical house prices indicators,I,ESP,Spain,Q,Quarterly,RHP,Real house price indices,IX,Index,2021-Q4,,124.949030949643,,A,Normal value,0,Units,S,"Seasonally adjusted, not calendar adjusted",1,One,2015,
DATAFLOW,OECD.ECO.MPD:DSD_AN_HOUSE_PRICES@DF_HOUSE_PRICES(1.0),Analytical house prices indicators,I,ESP,Spain,Q,Quarterly,RHP,Real house price indices,IX,Index,2022-Q1,,126.129978017722,,A,Normal value,0,Units,S,"Seasonally adjusted, not calendar adjusted",1,One,2015,
DATAFLOW,OECD.ECO.MPD:DSD_AN_HOUSE_PRICES@DF_HOUSE_PRICES(1.0),Analytical house prices indicators,I,ESP,Spain,Q,Quarterly,RHP,Real house price indices,IX,Index,2022-Q2,,126.182303714792,,A,Normal value,0,Units,S,"Seasonally adjusted, not calendar adjusted",1,One,2015,
DATAFLOW,OECD.ECO.MPD:DSD_AN_HOUSE_PRICES@DF_HOUSE_PRICES(1.0),Analytical house prices indicators,I,ESP,Spain,Q,Quarterly,RHP,Real house price indices,IX,Index,2022-Q3,,124.390150009209,,A,Normal value,0,Units,S,"Seasonally adjusted, not calendar adjusted",1,One,2015,
DATAFLOW,OECD.ECO.MPD:DSD_AN_HOUSE_PRICES@DF_HOUSE_PRICES(1.0),Analytical house prices indicators,I,ESP,Spain,Q,Quarterly,RHP,Real house price indices,IX,Index,2022-Q4,,123.012831190654,,A,Normal value,0,Units,S,"Seasonally adjusted, not calendar adjusted",1,One,2015,
DATAFLOW,OECD.ECO.MPD:DSD_AN_HOUSE_PRICES@DF_HOUSE_PRICES(1.0),Analytical house prices indicators,I,ESP,Spain,Q,Quarterly,RHP,Real house price indices,IX,Index,2023-Q1,,122.894977138646,,A,Normal value,0,Units,S,"Seasonally adjusted, not calendar adjusted",1,One,2015,
DATAFLOW,OECD.ECO.MPD:DSD_AN_HOUSE_PRICES@DF_HOUSE_PRICES(1.0),Analytical house prices indicators,I,ESP,Spain,Q,Quarterly,RHP,Real house price indices,IX,Index,2023-Q2,,123.521053276726,,A,Normal value,0,Units,S,"Seasonally adjusted, not calendar adjusted",1,One,2015,
DATAFLOW,OECD.ECO.MPD:DSD_AN_HOUSE_PRICES@DF_HOUSE_PRICES(1.0),Analytical house prices indicators,I,ESP,Spain,Q,Quarterly,RHP,Real house price indices,IX,Index,2023-Q3,,124.892647963417,,A,Normal value,0,Units,S,"Seasonally adjusted, not calendar adjusted",1,One,2015,
DATAFLOW,OECD.ECO.MPD:DSD_AN_HOUSE_PRICES@DF_HOUSE_PRICES(1.0),Analytical house prices indicators,I,ESP,Spain,Q,Quarterly,RHP,Real house price indices,IX,Index,2023-Q4,,123.081633140915,,A,Normal value,0,Units,S,"Seasonally adjusted, not calendar adjusted",1,One,2015,
DATAFLOW,OECD.ECO.MPD:DSD_AN_HOUSE_PRICES@DF_HOUSE_PRICES(1.0),Analytical house prices indicators,I,ESP,Spain,Q,Quarterly,RHP,Real house price indices,IX,Index,2024-Q1,,125.057057129027,,A,Normal value,0,Units,S,"Seasonally adjusted, not calendar adjusted",1,One,2015,
DATAFLOW,OECD.ECO.MPD:DSD_AN_HOUSE_PRICES@DF_HOUSE_PRICES(1.0),Analytical house prices indicators,I,ESP,Spain,Q,Quarterly,RHP,Real house price indices,IX,Index,2024-Q2,,128.34559294561,,A,Normal value,0,Units,S,"Seasonally adjusted, not calendar adjusted",1,One,2015,
DATAFLOW,OECD.ECO.MPD:DSD_AN_HOUSE_PRICES@DF_HOUSE_PRICES(1.0),Analytical house prices indicators,I,ESP,Spain,Q,Quarterly,RHP,Real house price indices,IX,Index,2024-Q3,,132.089681008754,,A,Normal value,0,Units,S,"Seasonally adjusted, not calendar adjusted",1,One,2015,
DATAFLOW,OECD.ECO.MPD:DSD_AN_HOUSE_PRICES@DF_HOUSE_PRICES(1.0),Analytical house prices indicators,I,ESP,Spain,Q,Quarterly,RHP,Real house price indices,IX,Index,2024-Q4,,134.449476811355,,A,Normal value,0,Units,S,"Seasonally adjusted, not calendar adjusted",1,One,2015,
DATAFLOW,OECD.ECO.MPD:DSD_AN_HOUSE_PRICES@DF_HOUSE_PRICES(1.0),Analytical house prices indicators,I,BEL,Belgium,Q,Quarterly,RHP,Real house price indices,IX,Index,2021-Q3,,114.160555808905,,A,Normal value,0,Units,S,"Seasonally adjusted, not calendar adjusted",1,One,2015,
DATAFLOW,OECD.ECO.MPD:DSD_AN_HOUSE_PRICES@DF_HOUSE_PRICES(1.0),Analytical house prices indicators,I,BEL,Belgium,Q,Quarterly,RHP,Real house price indices,IX,Index,2021-Q4,,112.724316242298,,A,Normal value,0,Units,S,"Seasonally adjusted, not calendar adjusted",1,One,2015,
DATAFLOW,OECD.ECO.MPD:DSD_AN_HOUSE_PRICES@DF_HOUSE_PRICES(1.0),Analytical house prices indicators,I,BEL,Belgium,Q,Quarterly,RHP,Real house price indices,IX,Index,2022-Q1,,110.251989159711,,A,Normal value,0,Units,S,"Seasonally adjusted, not calendar adjusted",1,One,2015,
DATAFLOW,OECD.ECO.MPD:DSD_AN_HOUSE_PRICES@DF_HOUSE_PRICES(1.0),Analytical house prices indicators,I,BEL,Belgium,Q,Quarterly,RHP,Real house price indices,IX,Index,2022-Q2,,110.057687691697,,A,Normal value,0,Units,S,"Seasonally adjusted, not calendar adjusted",1,One,2015,
DATAFLOW,OECD.ECO.MPD:DSD_AN_HOUSE_PRICES@DF_HOUSE_PRICES(1.0),Analytical house prices indicators,I,BEL,Belgium,Q,Quarterly,RHP,Real house price indices,IX,Index,2022-Q3,,108.102358882973,,A,Normal value,0,Units,S,"Seasonally adjusted, not calendar adjusted",1,One,2015,
DATAFLOW,OECD.ECO.MPD:DSD_AN_HOUSE_PRICES@DF_HOUSE_PRICES(1.0),Analytical house prices indicators,I,BEL,Belgium,Q,Quarterly,RHP,Real house price indices,IX,Index,2022-Q4,,104.662466963387,,A,Normal value,0,Units,S,"Seasonally adjusted, not calendar adjusted",1,One,2015,
DATAFLOW,OECD.ECO.MPD:DSD_AN_HOUSE_PRICES@DF_HOUSE_PRICES(1.0),Analytical house prices indicators,I,BEL,Belgium,Q,Quarterly,RHP,Real house price indices,IX,Index,2023-Q1,,104.382522529584,,A,Normal value,0,Units,S,"Seasonally adjusted, not calendar adjusted",1,One,2015,
DATAFLOW,OECD.ECO.MPD:DSD_AN_HOUSE_PRICES@DF_HOUSE_PRICES(1.0),Analytical house prices indicators,I,BEL,Belgium,Q,Quarterly,RHP,Real house price indices,IX,Index,2023-Q2,,104.124562812038,,A,Normal value,0,Units,S,"Seasonally adjusted, not calendar adjusted",1,One,2015,
DATAFLOW,OECD.ECO.MPD:DSD_AN_HOUSE_PRICES@DF_HOUSE_PRICES(1.0),Analytical house prices indicators,I,BEL,Belgium,Q,Quarterly,RHP,Real house price indices,IX,Index,2023-Q3,,103.280584880959,,A,Normal value,0,Units,S,"Seasonally adjusted, not calendar adjusted",1,One,2015,
DATAFLOW,OECD.ECO.MPD:DSD_AN_HOUSE_PRICES@DF_HOUSE_PRICES(1.0),Analytical house prices indicators,I,BEL,Belgium,Q,Quarterly,RHP,Real house price indices,IX,Index,2023-Q4,,104.910660908361,,A,Normal value,0,Units,S,"Seasonally adjusted, not calendar adjusted",1,One,2015,
DATAFLOW,OECD.ECO.MPD:DSD_AN_HOUSE_PRICES@DF_HOUSE_PRICES(1.0),Analytical house prices indicators,I,BEL,Belgium,Q,Quarterly,RHP,Real house price indices,IX,Index,2024-Q1,,105.309422988019,,A,Normal value,0,Units,S,"Seasonally adjusted, not calendar adjusted",1,One,2015,
DATAFLOW,OECD.ECO.MPD:DSD_AN_HOUSE_PRICES@DF_HOUSE_PRICES(1.0),Analytical house prices indicators,I,BEL,Belgium,Q,Quarterly,RHP,Real house price indices,IX,Index,2024-Q2,,105.868891693122,,A,Normal value,0,Units,S,"Seasonally adjusted, not calendar adjusted",1,One,2015,
DATAFLOW,OECD.ECO.MPD:DSD_AN_HOUSE_PRICES@DF_HOUSE_PRICES(1.0),Analytical house prices indicators,I,BEL,Belgium,Q,Quarterly,RHP,Real house price indices,IX,Index,2024-Q3,,105.570430819917,,A,Normal value,0,Units,S,"Seasonally adjusted, not calendar adjusted",1,One,2015,
DATAFLOW,OECD.ECO.MPD:DSD_AN_HOUSE_PRICES@DF_HOUSE_PRICES(1.0),Analytical house prices indicators,I,BEL,Belgium,Q,Quarterly,RHP,Real house price indices,IX,Index,2024-Q4,,106.084995950615,,A,Normal value,0,Units,S,"Seasonally adjusted, not calendar adjusted",1,One,2015,
DATAFLOW,OECD.ECO.MPD:DSD_AN_HOUSE_PRICES@DF_HOUSE_PRICES(1.0),Analytical house prices indicators,I,BEL,Belgium,Q,Quarterly,RHP,Real house price indices,IX,Index,2025-Q1,,105.073010386568,,A,Normal value,0,Units,S,"Seasonally adjusted, not calendar adjusted",1,One,2015,
DATAFLOW,OECD.ECO.MPD:DSD_AN_HOUSE_PRICES@DF_HOUSE_PRICES(1.0),Analytical house prices indicators,I,BEL,Belgium,Q,Quarterly,RHP,Real house price indices,IX,Index,2025-Q2,,106.611628147094,,A,Normal value,0,Units,S,"Seasonally adjusted, not calendar adjusted",1,One,2015,
DATAFLOW,OECD.ECO.MPD:DSD_AN_HOUSE_PRICES@DF_HOUSE_PRICES(1.0),Analytical house prices indicators,I,BEL,Belgium,Q,Quarterly,RHP,Real house price indices,IX,Index,2025-Q3,,107.398558737685,,A,Normal value,0,Units,S,"Seasonally adjusted, not calendar adjusted",1,One,2015,
DATAFLOW,OECD.ECO.MPD:DSD_AN_HOUSE_PRICES@DF_HOUSE_PRICES(1.0),Analytical house prices indicators,I,BEL,Belgium,Q,Quarterly,RHP,Real house price indices,IX,Index,2025-Q4,,107.440426972966,,A,Normal value,0,Units,S,"Seasonally adjusted, not calendar adjusted",1,One,2015,
DATAFLOW,OECD.ECO.MPD:DSD_AN_HOUSE_PRICES@DF_HOUSE_PRICES(1.0),Analytical house prices indicators,I,BEL,Belgium,Q,Quarterly,RHP,Real house price indices,IX,Index,2026-Q1,,105.699163826253,,A,Normal value,0,Units,S,"Seasonally adjusted, not calendar adjusted",1,One,2015,
